pair_id,candidate_id,neighbor_id,context_smiles,candidate_frag,neighbor_frag,d_Hf,d_Q,d_OBgood,d_Pe,d_D,d_P,d_IS,d_nu
0,cand_061,cand_028,[*:1]/N=[N+](/[O-])c1nnn(N[N+](=O)[O-])n1,[*:1]c1nnn(N=[N+]=[N-])n1,[*:1]c1nnn(N[N+](=O)[O-])n1,-74.3066,-28.4938,8.47667,-0.0041,-0.00628501,-0.320522,-45.7328,
0,cand_028,cand_061,[*:1]/N=[N+](/[O-])c1nnn(N[N+](=O)[O-])n1,[*:1]c1nnn(N[N+](=O)[O-])n1,[*:1]c1nnn(N=[N+]=[N-])n1,74.3066,28.4938,-8.47667,0.0041,0.00628501,0.320522,45.7328,
48,cand_031,cand_015,[*:1]/N=[N+](/[O-])c1nnnn1N[N+](=O)[O-],[*:1]c1nnn(N=[N+]=[N-])n1,[*:1]c1nnn(N[N+](=O)[O-])n1,-72.7247,-23.8974,8.47667,-0.0006,0.10846,1.02532,-14.4795,
48,cand_015,cand_031,[*:1]/N=[N+](/[O-])c1nnnn1N[N+](=O)[O-],[*:1]c1nnn(N[N+](=O)[O-])n1,[*:1]c1nnn(N=[N+]=[N-])n1,72.7247,23.8974,-8.47667,0.0006,-0.10846,-1.02532,14.4795,
6,cand_029,cand_006,[*:1]/N=[N+](/[O-])c1nnnn1N=[N+]=[N-],[*:1]c1nnn(N=[N+]=[N-])n1,[*:1]c1nnnn1N=[N+]=[N-],3.42557,12.9693,0,0.0094,-0.00685105,-0.134503,-166.592,
6,cand_006,cand_029,[*:1]/N=[N+](/[O-])c1nnnn1N=[N+]=[N-],[*:1]c1nnnn1N=[N+]=[N-],[*:1]c1nnn(N=[N+]=[N-])n1,-3.42557,-12.9693,0,-0.0094,0.00685105,0.134503,166.592,
30,cand_031,cand_008,[*:1]/N=[N+](/[O-])c1nnnn1N[N+](=O)[O-],[*:1]c1nnn(N=[N+]=[N-])n1,[*:1]c1nnnn1N=[N+]=[N-],4.60466,16.2634,0,0.0119,0.143035,1.63086,-9.9517,
30,cand_008,cand_031,[*:1]/N=[N+](/[O-])c1nnnn1N[N+](=O)[O-],[*:1]c1nnnn1N=[N+]=[N-],[*:1]c1nnn(N=[N+]=[N-])n1,-4.60466,-16.2634,0,-0.0119,-0.143035,-1.63086,9.9517,
72,cand_030,cand_007,[*:1]/N=[N+](/[O-])c1nnnn1[N+](=O)[O-],[*:1]c1nnn(N=[N+]=[N-])n1,[*:1]c1nnnn1N=[N+]=[N-],4.46912,16.669,0,0.0119,0.104057,1.18257,20.113,
72,cand_007,cand_030,[*:1]/N=[N+](/[O-])c1nnnn1[N+](=O)[O-],[*:1]c1nnnn1N=[N+]=[N-],[*:1]c1nnn(N=[N+]=[N-])n1,-4.46912,-16.669,0,-0.0119,-0.104057,-1.18257,-20.113,
168,cand_058,cand_025,[*:1]/N=[N+](/[O-])n1nnc(N[N+](=O)[O-])n1,[*:1]c1nnn(N=[N+]=[N-])n1,[*:1]c1nnnn1N=[N+]=[N-],5.12424,18.0986,0,0.0132,0.177821,2.00931,15.0162,
168,cand_025,cand_058,[*:1]/N=[N+](/[O-])n1nnc(N[N+](=O)[O-])n1,[*:1]c1nnnn1N=[N+]=[N-],[*:1]c1nnn(N=[N+]=[N-])n1,-5.12424,-18.0986,0,-0.0132,-0.177821,-2.00931,-15.0162,
180,cand_057,cand_024,[*:1]/N=[N+](/[O-])n1nnc([N+](=O)[O-])n1,[*:1]c1nnn(N=[N+]=[N-])n1,[*:1]c1nnnn1N=[N+]=[N-],5.36897,20.0253,0,0.0142,0.0439163,0.431112,-28.3693,
180,cand_024,cand_057,[*:1]/N=[N+](/[O-])n1nnc([N+](=O)[O-])n1,[*:1]c1nnnn1N=[N+]=[N-],[*:1]c1nnn(N=[N+]=[N-])n1,-5.36897,-20.0253,0,-0.0142,-0.0439163,-0.431112,28.3693,
216,cand_056,cand_011,[*:1]/N=[N+](/[O-])n1nnnc1N[N+](=O)[O-],[*:1]c1nnn(N=[N+]=[N-])n1,[*:1]c1nnnn1N=[N+]=[N-],7.5389,26.627,0,0.0195,0.0208891,0.12582,2.7113,
216,cand_011,cand_056,[*:1]/N=[N+](/[O-])n1nnnc1N[N+](=O)[O-],[*:1]c1nnnn1N=[N+]=[N-],[*:1]c1nnn(N=[N+]=[N-])n1,-7.5389,-26.627,0,-0.0195,-0.0208891,-0.12582,-2.7113,
246,cand_021,cand_001,[*:1]/N=[N+](/[O-])n1nnnc1[N+](=O)[O-],[*:1]c1nnn(N=[N+]=[N-])n1,[*:1]c1nnnn1N=[N+]=[N-],4.7697,17.7901,0,0.0127,0.120509,1.34695,16.7843,
246,cand_001,cand_021,[*:1]/N=[N+](/[O-])n1nnnc1[N+](=O)[O-],[*:1]c1nnnn1N=[N+]=[N-],[*:1]c1nnn(N=[N+]=[N-])n1,-4.7697,-17.7901,0,-0.0127,-0.120509,-1.34695,-16.7843,
102329466,cand_027,cand_022,[*:1]NNc1nnn(N=[N+]=[N-])n1,[*:1]c1nnn(N=[N+]=[N-])n1,[*:1]c1nnnn1N=[N+]=[N-],3.88366,15.5259,0,0.0125,0.151282,1.59681,85.5172,
102329466,cand_022,cand_027,[*:1]NNc1nnn(N=[N+]=[N-])n1,[*:1]c1nnnn1N=[N+]=[N-],[*:1]c1nnn(N=[N+]=[N-])n1,-3.88366,-15.5259,0,-0.0125,-0.151282,-1.59681,-85.5172,
106865106,cand_022,cand_005,[*:1]NNc1nnnn1N=[N+]=[N-],[*:1]c1nnn(N=[N+]=[N-])n1,[*:1]c1nnnn1N=[N+]=[N-],2.2515,9.00098,0,0.0072,-0.0332365,-0.411259,-67.1116,
106865106,cand_005,cand_022,[*:1]NNc1nnnn1N=[N+]=[N-],[*:1]c1nnnn1N=[N+]=[N-],[*:1]c1nnn(N=[N+]=[N-])n1,-2.2515,-9.00098,0,-0.0072,0.0332365,0.411259,67.1116,
12,cand_029,cand_006,[*:1]/N=[N+](/[O-])c1nnnn1N=[N+]=[N-].[*:2]N=[N+]=[N-],[*:1]c1nnn([*:2])n1,[*:1]c1nnnn1[*:2],3.42557,12.9693,0,0.0094,-0.00685105,-0.134503,-166.592,
12,cand_006,cand_029,[*:1]/N=[N+](/[O-])c1nnnn1N=[N+]=[N-].[*:2]N=[N+]=[N-],[*:1]c1nnnn1[*:2],[*:1]c1nnn([*:2])n1,-3.42557,-12.9693,0,-0.0094,0.00685105,0.134503,166.592,
54,cand_031,cand_008,[*:1]/N=[N+](/[O-])c1nnnn1N[N+](=O)[O-].[*:2]N=[N+]=[N-],[*:1]c1nnn([*:2])n1,[*:1]c1nnnn1[*:2],4.60466,16.2634,0,0.0119,0.143035,1.63086,-9.9517,
54,cand_008,cand_031,[*:1]/N=[N+](/[O-])c1nnnn1N[N+](=O)[O-].[*:2]N=[N+]=[N-],[*:1]c1nnnn1[*:2],[*:1]c1nnn([*:2])n1,-4.60466,-16.2634,0,-0.0119,-0.143035,-1.63086,9.9517,
60,cand_015,cand_009,[*:1]/N=[N+](/[O-])c1nnnn1N[N+](=O)[O-].[*:2]N[N+](=O)[O-],[*:1]c1nnn([*:2])n1,[*:1]c1nnnn1[*:2],4.80735,15.9115,0,0.0118,0.0519458,0.547963,-0.0619,
60,cand_009,cand_015,[*:1]/N=[N+](/[O-])c1nnnn1N[N+](=O)[O-].[*:2]N[N+](=O)[O-],[*:1]c1nnnn1[*:2],[*:1]c1nnn([*:2])n1,-4.80735,-15.9115,0,-0.0118,-0.0519458,-0.547963,0.0619,
78,cand_030,cand_007,[*:1]/N=[N+](/[O-])c1nnnn1[N+](=O)[O-].[*:2]N=[N+]=[N-],[*:1]c1nnn([*:2])n1,[*:1]c1nnnn1[*:2],4.46912,16.669,0,0.0119,0.104057,1.18257,20.113,
78,cand_007,cand_030,[*:1]/N=[N+](/[O-])c1nnnn1[N+](=O)[O-].[*:2]N=[N+]=[N-],[*:1]c1nnnn1[*:2],[*:1]c1nnn([*:2])n1,-4.46912,-16.669,0,-0.0119,-0.104057,-1.18257,-20.113,
114,cand_047,cand_018,[*:2]/N=[N+](/[O-])n1cnnn1.[*:1][N+](=O)[O-],[*:1]c1nnn([*:2])n1,[*:1]c1nnnn1[*:2],3.33898,14.7027,0,0.0105,-0.0808454,-1.00935,-2.2272,
114,cand_018,cand_047,[*:2]/N=[N+](/[O-])n1cnnn1.[*:1][N+](=O)[O-],[*:1]c1nnnn1[*:2],[*:1]c1nnn([*:2])n1,-3.33898,-14.7027,0,-0.0105,0.0808454,1.00935,2.2272,
174,cand_058,cand_025,[*:1]/N=[N+](/[O-])n1nnc(N[N+](=O)[O-])n1.[*:2]N=[N+]=[N-],[*:1]c1nnn([*:2])n1,[*:1]c1nnnn1[*:2],5.12424,18.0986,0,0.0132,0.177821,2.00931,15.0162,
174,cand_025,cand_058,[*:1]/N=[N+](/[O-])n1nnc(N[N+](=O)[O-])n1.[*:2]N=[N+]=[N-],[*:1]c1nnnn1[*:2],[*:1]c1nnn([*:2])n1,-5.12424,-18.0986,0,-0.0132,-0.177821,-2.00931,-15.0162,
186,cand_057,cand_024,[*:1]/N=[N+](/[O-])n1nnc([N+](=O)[O-])n1.[*:2]N=[N+]=[N-],[*:1]c1nnn([*:2])n1,[*:1]c1nnnn1[*:2],5.36897,20.0253,0,0.0142,0.0439163,0.431112,-28.3693,
186,cand_024,cand_057,[*:1]/N=[N+](/[O-])n1nnc([N+](=O)[O-])n1.[*:2]N=[N+]=[N-],[*:1]c1nnnn1[*:2],[*:1]c1nnn([*:2])n1,-5.36897,-20.0253,0,-0.0142,-0.0439163,-0.431112,28.3693,
228,cand_056,cand_011,[*:1]/N=[N+](/[O-])n1nnnc1N[N+](=O)[O-].[*:2]N=[N+]=[N-],[*:1]c1nnn([*:2])n1,[*:1]c1nnnn1[*:2],7.5389,26.627,0,0.0195,0.0208891,0.12582,2.7113,
228,cand_011,cand_056,[*:1]/N=[N+](/[O-])n1nnnc1N[N+](=O)[O-].[*:2]N=[N+]=[N-],[*:1]c1nnnn1[*:2],[*:1]c1nnn([*:2])n1,-7.5389,-26.627,0,-0.0195,-0.0208891,-0.12582,-2.7113,
234,cand_017,cand_002,[*:2]/N=[N+](/[O-])n1nnnc1N[N+](=O)[O-].[*:1]N[N+](=O)[O-],[*:1]c1nnn([*:2])n1,[*:1]c1nnnn1[*:2],5.2146,17.2595,0,0.0128,0.199006,2.34804,1.3053,
234,cand_002,cand_017,[*:2]/N=[N+](/[O-])n1nnnc1N[N+](=O)[O-].[*:1]N[N+](=O)[O-],[*:1]c1nnnn1[*:2],[*:1]c1nnn([*:2])n1,-5.2146,-17.2595,0,-0.0128,-0.199006,-2.34804,-1.3053,
282,cand_021,cand_001,[*:1]/N=[N+](/[O-])n1nnnc1[N+](=O)[O-].[*:2]N=[N+]=[N-],[*:1]c1nnn([*:2])n1,[*:1]c1nnnn1[*:2],4.7697,17.7901,0,0.0127,0.120509,1.34695,16.7843,
282,cand_001,cand_021,[*:1]/N=[N+](/[O-])n1nnnc1[N+](=O)[O-].[*:2]N=[N+]=[N-],[*:1]c1nnnn1[*:2],[*:1]c1nnn([*:2])n1,-4.7697,-17.7901,0,-0.0127,-0.120509,-1.34695,-16.7843,
318,cand_040,cand_019,[*:1]/N=[N+](\[O-])n1nnc(N[N+](=O)[O-])n1.[*:2]N[N+](=O)[O-],[*:1]c1nnn([*:2])n1,[*:1]c1nnnn1[*:2],2.5502,8.44073,0,0.0062,0.0722824,0.827485,0.1486,
318,cand_019,cand_040,[*:1]/N=[N+](\[O-])n1nnc(N[N+](=O)[O-])n1.[*:2]N[N+](=O)[O-],[*:1]c1nnnn1[*:2],[*:1]c1nnn([*:2])n1,-2.5502,-8.44073,0,-0.0062,-0.0722824,-0.827485,-0.1486,
390,cand_026,cand_004,[*:1]/N=[N+](\[O-])n1nnnc1N[N+](=O)[O-].[*:2]N[N+](=O)[O-],[*:1]c1nnn([*:2])n1,[*:1]c1nnnn1[*:2],0.029493,0.0976169,0,0.0001,0.00284713,0.0343058,-0.808,
390,cand_004,cand_026,[*:1]/N=[N+](\[O-])n1nnnc1N[N+](=O)[O-].[*:2]N[N+](=O)[O-],[*:1]c1nnnn1[*:2],[*:1]c1nnn([*:2])n1,-0.029493,-0.0976169,0,-0.0001,-0.00284713,-0.0343058,0.808,
588,cand_061,cand_031,[*:1]/[N+]([O-])=N/c1nnn(N=[N+]=[N-])n1.[*:2]N[N+](=O)[O-],[*:1]c1nnn([*:2])n1,[*:1]c1nnnn1[*:2],2.87964,10.1707,0,0.0075,-0.165703,-2.02827,-31.626,
588,cand_031,cand_061,[*:1]/[N+]([O-])=N/c1nnn(N=[N+]=[N-])n1.[*:2]N[N+](=O)[O-],[*:1]c1nnnn1[*:2],[*:1]c1nnn([*:2])n1,-2.87964,-10.1707,0,-0.0075,0.165703,2.02827,31.626,
594,cand_058,cand_056,[*:2]/[N+]([O-])=N/c1nnn(N=[N+]=[N-])n1.[*:1]N[N+](=O)[O-],[*:1]c1nnn([*:2])n1,[*:1]c1nnnn1[*:2],1.17533,4.15119,0,0.003,0.152127,1.76797,8.9503,
594,cand_056,cand_058,[*:2]/[N+]([O-])=N/c1nnn(N=[N+]=[N-])n1.[*:1]N[N+](=O)[O-],[*:1]c1nnnn1[*:2],[*:1]c1nnn([*:2])n1,-1.17533,-4.15119,0,-0.003,-0.152127,-1.76797,-8.9503,
630,cand_057,cand_021,[*:2]/[N+]([O-])=N/c1nnn(N=[N+]=[N-])n1.[*:1][N+](=O)[O-],[*:1]c1nnn([*:2])n1,[*:1]c1nnnn1[*:2],5.04267,18.8082,0,0.0133,-0.046947,-0.636698,-25.255,
630,cand_021,cand_057,[*:2]/[N+]([O-])=N/c1nnn(N=[N+]=[N-])n1.[*:1][N+](=O)[O-],[*:1]c1nnnn1[*:2],[*:1]c1nnn([*:2])n1,-5.04267,-18.8082,0,-0.0133,0.046947,0.636698,25.255,
744,cand_028,cand_015,[*:1]/[N+]([O-])=N/c1nnn(N[N+](=O)[O-])n1.[*:2]N[N+](=O)[O-],[*:1]c1nnn([*:2])n1,[*:1]c1nnnn1[*:2],4.46159,14.7671,0,0.011,-0.0509584,-0.682426,-0.3727,
744,cand_015,cand_028,[*:1]/[N+]([O-])=N/c1nnn(N[N+](=O)[O-])n1.[*:2]N[N+](=O)[O-],[*:1]c1nnnn1[*:2],[*:1]c1nnn([*:2])n1,-4.46159,-14.7671,0,-0.011,0.0509584,0.682426,0.3727,
984,cand_025,cand_011,[*:2]/[N+]([O-])=N/c1nnnn1N=[N+]=[N-].[*:1]N[N+](=O)[O-],[*:1]c1nnn([*:2])n1,[*:1]c1nnnn1[*:2],3.58998,12.6796,0,0.0093,-0.00480488,-0.115526,-3.3546,
984,cand_011,cand_025,[*:2]/[N+]([O-])=N/c1nnnn1N=[N+]=[N-].[*:1]N[N+](=O)[O-],[*:1]c1nnnn1[*:2],[*:1]c1nnn([*:2])n1,-3.58998,-12.6796,0,-0.0093,0.00480488,0.115526,3.3546,
1008,cand_024,cand_001,[*:2]/[N+]([O-])=N/c1nnnn1N=[N+]=[N-].[*:1][N+](=O)[O-],[*:1]c1nnn([*:2])n1,[*:1]c1nnnn1[*:2],4.44339,16.573,0,0.0118,0.0296455,0.279145,19.8986,
1008,cand_001,cand_024,[*:2]/[N+]([O-])=N/c1nnnn1N=[N+]=[N-].[*:1][N+](=O)[O-],[*:1]c1nnnn1[*:2],[*:1]c1nnn([*:2])n1,-4.44339,-16.573,0,-0.0118,-0.0296455,-0.279145,-19.8986,
1104,cand_023,cand_017,[*:2]/[N+]([O-])=N/n1nnc(N[N+](=O)[O-])n1.[*:1]N[N+](=O)[O-],[*:1]c1nnn([*:2])n1,[*:1]c1nnnn1[*:2],-0.03012,-0.0996922,0,0,0.0241574,0.29089,-0.3843,
1104,cand_017,cand_023,[*:2]/[N+]([O-])=N/n1nnc(N[N+](=O)[O-])n1.[*:1]N[N+](=O)[O-],[*:1]c1nnnn1[*:2],[*:1]c1nnn([*:2])n1,0.03012,0.0996922,0,0,-0.0241574,-0.29089,0.3843,
1146,cand_040,cand_026,[*:2]/[N+]([O-])=N\c1nnn(N[N+](=O)[O-])n1.[*:1]N[N+](=O)[O-],[*:1]c1nnn([*:2])n1,[*:1]c1nnnn1[*:2],3.03213,10.0358,0,0.0074,0.153515,1.80596,1.036,
1146,cand_026,cand_040,[*:2]/[N+]([O-])=N\c1nnn(N[N+](=O)[O-])n1.[*:1]N[N+](=O)[O-],[*:1]c1nnnn1[*:2],[*:1]c1nnn([*:2])n1,-3.03213,-10.0358,0,-0.0074,-0.153515,-1.80596,-1.036,
1176,cand_019,cand_004,[*:2]/[N+]([O-])=N\c1nnnn1N[N+](=O)[O-].[*:1]N[N+](=O)[O-],[*:1]c1nnn([*:2])n1,[*:1]c1nnnn1[*:2],0.51142,1.69272,0,0.0013,0.08408,1.01278,0.0794,
1176,cand_004,cand_019,[*:2]/[N+]([O-])=N\c1nnnn1N[N+](=O)[O-].[*:1]N[N+](=O)[O-],[*:1]c1nnnn1[*:2],[*:1]c1nnn([*:2])n1,-0.51142,-1.69272,0,-0.0013,-0.08408,-1.01278,-0.0794,
20374416,cand_062,cand_059,[*:2]N.[*:1]NNc1nnnn1N=[N+]=[N-],[*:1]c1nnn([*:2])n1,[*:1]c1nnnn1[*:2],3.06852,13.6896,0,0.0123,0.0918315,0.943215,-83.8371,
20374416,cand_059,cand_062,[*:2]N.[*:1]NNc1nnnn1N=[N+]=[N-],[*:1]c1nnnn1[*:2],[*:1]c1nnn([*:2])n1,-3.06852,-13.6896,0,-0.0123,-0.0918315,-0.943215,83.8371,
70108800,cand_027,cand_022,[*:2]N=[N+]=[N-].[*:1]NNc1nnn(N=[N+]=[N-])n1,[*:1]c1nnn([*:2])n1,[*:1]c1nnnn1[*:2],3.88366,15.5259,0,0.0125,0.151282,1.59681,85.5172,
70108800,cand_022,cand_027,[*:2]N=[N+]=[N-].[*:1]NNc1nnn(N=[N+]=[N-])n1,[*:1]c1nnnn1[*:2],[*:1]c1nnn([*:2])n1,-3.88366,-15.5259,0,-0.0125,-0.151282,-1.59681,-85.5172,
70744044,cand_022,cand_005,[*:2]N=[N+]=[N-].[*:1]NNc1nnnn1N=[N+]=[N-],[*:1]c1nnn([*:2])n1,[*:1]c1nnnn1[*:2],2.2515,9.00098,0,0.0072,-0.0332365,-0.411259,-67.1116,
70744044,cand_005,cand_022,[*:2]N=[N+]=[N-].[*:1]NNc1nnnn1N=[N+]=[N-],[*:1]c1nnnn1[*:2],[*:1]c1nnn([*:2])n1,-2.2515,-9.00098,0,-0.0072,0.0332365,0.411259,67.1116,
71157744,cand_013,cand_003,[*:2]N=[N+]=[N-].[*:1]NNn1cnnn1,[*:1]c1nnn([*:2])n1,[*:1]c1nnnn1[*:2],3.68536,17.6224,0,0.0151,-0.000215165,-0.0870407,-33.3682,
71157744,cand_003,cand_013,[*:2]N=[N+]=[N-].[*:1]NNn1cnnn1,[*:1]c1nnnn1[*:2],[*:1]c1nnn([*:2])n1,-3.68536,-17.6224,0,-0.0151,0.000215165,0.0870407,33.3682,
71289282,cand_042,cand_012,[*:2]N=[N+]=[N-].[*:1]NNn1ncnn1,[*:1]c1nnn([*:2])n1,[*:1]c1nnnn1[*:2],4.01732,19.2097,0,0.0164,0.134681,1.36349,61.9375,
71289282,cand_012,cand_042,[*:2]N=[N+]=[N-].[*:1]NNn1ncnn1,[*:1]c1nnnn1[*:2],[*:1]c1nnn([*:2])n1,-4.01732,-19.2097,0,-0.0164,-0.134681,-1.36349,-61.9375,
18,cand_008,cand_009,[*:1]/N=[N+](/[O-])c1nnnn1N[N+](=O)[O-],[*:1]c1nnnn1N=[N+]=[N-],[*:1]c1nnnn1N[N+](=O)[O-],-72.522,-24.2493,8.47667,-0.0007,0.0173708,-0.0575769,-4.5897,
18,cand_009,cand_008,[*:1]/N=[N+](/[O-])c1nnnn1N[N+](=O)[O-],[*:1]c1nnnn1N[N+](=O)[O-],[*:1]c1nnnn1N=[N+]=[N-],72.522,24.2493,-8.47667,0.0007,-0.0173708,0.0575769,4.5897,
456,cand_029,cand_031,[*:1]/[N+]([O-])=N/c1nnn(N=[N+]=[N-])n1,[*:1]c1nnnn1N=[N+]=[N-],[*:1]c1nnnn1N[N+](=O)[O-],-73.6195,-30.7233,9.6962,-0.0025,0.207484,2.12299,-227.135,
456,cand_031,cand_029,[*:1]/[N+]([O-])=N/c1nnn(N=[N+]=[N-])n1,[*:1]c1nnnn1N[N+](=O)[O-],[*:1]c1nnnn1N=[N+]=[N-],73.6195,30.7233,-9.6962,0.0025,-0.207484,-2.12299,227.135,
810,cand_006,cand_008,[*:1]/[N+]([O-])=N/c1nnnn1N=[N+]=[N-],[*:1]c1nnnn1N=[N+]=[N-],[*:1]c1nnnn1N[N+](=O)[O-],-72.4404,-27.4292,9.6962,0,0.35737,3.88836,-70.4942,
810,cand_008,cand_006,[*:1]/[N+]([O-])=N/c1nnnn1N=[N+]=[N-],[*:1]c1nnnn1N[N+](=O)[O-],[*:1]c1nnnn1N=[N+]=[N-],72.4404,27.4292,-9.6962,0,-0.35737,-3.88836,70.4942,
119265744,cand_050,cand_037,[*:1]NNn1nnnc1[N+](=O)[O-],[*:1]c1nnnn1N=[N+]=[N-],[*:1]c1nnnn1N[N+](=O)[O-],-75.3225,-31.8524,10.1009,-0.0079,0.198264,2.03187,-18.5616,
119265744,cand_037,cand_050,[*:1]NNn1nnnc1[N+](=O)[O-],[*:1]c1nnnn1N[N+](=O)[O-],[*:1]c1nnnn1N=[N+]=[N-],75.3225,31.8524,-10.1009,0.0079,-0.198264,-2.03187,18.5616,
24,cand_015,cand_008,[*:1]/N=[N+](/[O-])c1nnnn1N[N+](=O)[O-],[*:1]c1nnn(N[N+](=O)[O-])n1,[*:1]c1nnnn1N=[N+]=[N-],77.3293,40.1608,-8.47667,0.0125,0.034575,0.60554,4.5278,
24,cand_008,cand_015,[*:1]/N=[N+](/[O-])c1nnnn1N[N+](=O)[O-],[*:1]c1nnnn1N=[N+]=[N-],[*:1]c1nnn(N[N+](=O)[O-])n1,-77.3293,-40.1608,8.47667,-0.0125,-0.034575,-0.60554,-4.5278,
480,cand_061,cand_029,[*:1]/[N+]([O-])=N/c1nnn(N=[N+]=[N-])n1,[*:1]c1nnn(N[N+](=O)[O-])n1,[*:1]c1nnnn1N=[N+]=[N-],76.4991,40.8941,-9.6962,0.01,-0.373187,-4.15127,195.509,
480,cand_029,cand_061,[*:1]/[N+]([O-])=N/c1nnn(N=[N+]=[N-])n1,[*:1]c1nnnn1N=[N+]=[N-],[*:1]c1nnn(N[N+](=O)[O-])n1,-76.4991,-40.8941,9.6962,-0.01,0.373187,4.15127,-195.509,
36,cand_015,cand_009,[*:1]/N=[N+](/[O-])c1nnnn1N[N+](=O)[O-],[*:1]c1nnn(N[N+](=O)[O-])n1,[*:1]c1nnnn1N[N+](=O)[O-],4.80735,15.9115,0,0.0118,0.0519458,0.547963,-0.0619,
36,cand_009,cand_015,[*:1]/N=[N+](/[O-])c1nnnn1N[N+](=O)[O-],[*:1]c1nnnn1N[N+](=O)[O-],[*:1]c1nnn(N[N+](=O)[O-])n1,-4.80735,-15.9115,0,-0.0118,-0.0519458,-0.547963,0.0619,
312,cand_040,cand_019,[*:1]/N=[N+](\[O-])n1nnc(N[N+](=O)[O-])n1,[*:1]c1nnn(N[N+](=O)[O-])n1,[*:1]c1nnnn1N[N+](=O)[O-],2.5502,8.44073,0,0.0062,0.0722824,0.827485,0.1486,
312,cand_019,cand_040,[*:1]/N=[N+](\[O-])n1nnc(N[N+](=O)[O-])n1,[*:1]c1nnnn1N[N+](=O)[O-],[*:1]c1nnn(N[N+](=O)[O-])n1,-2.5502,-8.44073,0,-0.0062,-0.0722824,-0.827485,-0.1486,
372,cand_026,cand_004,[*:1]/N=[N+](\[O-])n1nnnc1N[N+](=O)[O-],[*:1]c1nnn(N[N+](=O)[O-])n1,[*:1]c1nnnn1N[N+](=O)[O-],0.029493,0.0976169,0,0.0001,0.00284713,0.0343058,-0.808,
372,cand_004,cand_026,[*:1]/N=[N+](\[O-])n1nnnc1N[N+](=O)[O-],[*:1]c1nnnn1N[N+](=O)[O-],[*:1]c1nnn(N[N+](=O)[O-])n1,-0.029493,-0.0976169,0,-0.0001,-0.00284713,-0.0343058,0.808,
534,cand_061,cand_031,[*:1]/[N+]([O-])=N/c1nnn(N=[N+]=[N-])n1,[*:1]c1nnn(N[N+](=O)[O-])n1,[*:1]c1nnnn1N[N+](=O)[O-],2.87964,10.1707,0,0.0075,-0.165703,-2.02827,-31.626,
534,cand_031,cand_061,[*:1]/[N+]([O-])=N/c1nnn(N=[N+]=[N-])n1,[*:1]c1nnnn1N[N+](=O)[O-],[*:1]c1nnn(N[N+](=O)[O-])n1,-2.87964,-10.1707,0,-0.0075,0.165703,2.02827,31.626,
738,cand_028,cand_015,[*:1]/[N+]([O-])=N/c1nnn(N[N+](=O)[O-])n1,[*:1]c1nnn(N[N+](=O)[O-])n1,[*:1]c1nnnn1N[N+](=O)[O-],4.46159,14.7671,0,0.011,-0.0509584,-0.682426,-0.3727,
738,cand_015,cand_028,[*:1]/[N+]([O-])=N/c1nnn(N[N+](=O)[O-])n1,[*:1]c1nnnn1N[N+](=O)[O-],[*:1]c1nnn(N[N+](=O)[O-])n1,-4.46159,-14.7671,0,-0.011,0.0509584,0.682426,0.3727,
42,cand_031,cand_009,[*:1]/N=[N+](/[O-])c1nnnn1N[N+](=O)[O-],[*:1]c1nnn(N=[N+]=[N-])n1,[*:1]c1nnnn1N[N+](=O)[O-],-67.9173,-7.98589,8.47667,0.0112,0.160406,1.57329,-14.5414,
42,cand_009,cand_031,[*:1]/N=[N+](/[O-])c1nnnn1N[N+](=O)[O-],[*:1]c1nnnn1N[N+](=O)[O-],[*:1]c1nnn(N=[N+]=[N-])n1,67.9173,7.98589,-8.47667,-0.0112,-0.160406,-1.57329,14.5414,
66,cand_015,cand_009,[*:2]/N=[N+](/[O-])c1nnnn1N[N+](=O)[O-].[*:1][N+](=O)[O-],[*:1]Nn1nnc([*:2])n1,[*:1]Nn1nnnc1[*:2],4.80735,15.9115,0,0.0118,0.0519458,0.547963,-0.0619,
66,cand_009,cand_015,[*:2]/N=[N+](/[O-])c1nnnn1N[N+](=O)[O-].[*:1][N+](=O)[O-],[*:1]Nn1nnnc1[*:2],[*:1]Nn1nnc([*:2])n1,-4.80735,-15.9115,0,-0.0118,-0.0519458,-0.547963,0.0619,
324,cand_040,cand_019,[*:2]/N=[N+](\[O-])n1nnc(N[N+](=O)[O-])n1.[*:1][N+](=O)[O-],[*:1]Nn1nnc([*:2])n1,[*:1]Nn1nnnc1[*:2],2.5502,8.44073,0,0.0062,0.0722824,0.827485,0.1486,
324,cand_019,cand_040,[*:2]/N=[N+](\[O-])n1nnc(N[N+](=O)[O-])n1.[*:1][N+](=O)[O-],[*:1]Nn1nnnc1[*:2],[*:1]Nn1nnc([*:2])n1,-2.5502,-8.44073,0,-0.0062,-0.0722824,-0.827485,-0.1486,
396,cand_026,cand_004,[*:2]/N=[N+](\[O-])n1nnnc1N[N+](=O)[O-].[*:1][N+](=O)[O-],[*:1]Nn1nnc([*:2])n1,[*:1]Nn1nnnc1[*:2],0.029493,0.0976169,0,0.0001,0.00284713,0.0343058,-0.808,
396,cand_004,cand_026,[*:2]/N=[N+](\[O-])n1nnnc1N[N+](=O)[O-].[*:1][N+](=O)[O-],[*:1]Nn1nnnc1[*:2],[*:1]Nn1nnc([*:2])n1,-0.029493,-0.0976169,0,-0.0001,-0.00284713,-0.0343058,0.808,
696,cand_061,cand_031,[*:2]/[N+]([O-])=N/c1nnn(N=[N+]=[N-])n1.[*:1][N+](=O)[O-],[*:1]Nn1nnc([*:2])n1,[*:1]Nn1nnnc1[*:2],2.87964,10.1707,0,0.0075,-0.165703,-2.02827,-31.626,
696,cand_031,cand_061,[*:2]/[N+]([O-])=N/c1nnn(N=[N+]=[N-])n1.[*:1][N+](=O)[O-],[*:1]Nn1nnnc1[*:2],[*:1]Nn1nnc([*:2])n1,-2.87964,-10.1707,0,-0.0075,0.165703,2.02827,31.626,
750,cand_028,cand_015,[*:2]/[N+]([O-])=N/c1nnn(N[N+](=O)[O-])n1.[*:1][N+](=O)[O-],[*:1]Nn1nnc([*:2])n1,[*:1]Nn1nnnc1[*:2],4.46159,14.7671,0,0.011,-0.0509584,-0.682426,-0.3727,
750,cand_015,cand_028,[*:2]/[N+]([O-])=N/c1nnn(N[N+](=O)[O-])n1.[*:1][N+](=O)[O-],[*:1]Nn1nnnc1[*:2],[*:1]Nn1nnc([*:2])n1,-4.46159,-14.7671,0,-0.011,0.0509584,0.682426,0.3727,
84,cand_047,cand_018,[*:1]/N=[N+](/[O-])n1cnnn1,[*:1]n1nnc([N+](=O)[O-])n1,[*:1]n1nnnc1[N+](=O)[O-],3.33898,14.7027,0,0.0105,-0.0808454,-1.00935,-2.2272,
84,cand_018,cand_047,[*:1]/N=[N+](/[O-])n1cnnn1,[*:1]n1nnnc1[N+](=O)[O-],[*:1]n1nnc([N+](=O)[O-])n1,-3.33898,-14.7027,0,-0.0105,0.0808454,1.00935,2.2272,
432,cand_057,cand_021,[*:1]/[N+]([O-])=N/c1nnn(N=[N+]=[N-])n1,[*:1]n1nnc([N+](=O)[O-])n1,[*:1]n1nnnc1[N+](=O)[O-],5.04267,18.8082,0,0.0133,-0.046947,-0.636698,-25.255,
432,cand_021,cand_057,[*:1]/[N+]([O-])=N/c1nnn(N=[N+]=[N-])n1,[*:1]n1nnnc1[N+](=O)[O-],[*:1]n1nnc([N+](=O)[O-])n1,-5.04267,-18.8082,0,-0.0133,0.046947,0.636698,25.255,
780,cand_024,cand_001,[*:1]/[N+]([O-])=N/c1nnnn1N=[N+]=[N-],[*:1]n1nnc([N+](=O)[O-])n1,[*:1]n1nnnc1[N+](=O)[O-],4.44339,16.573,0,0.0118,0.0296455,0.279145,19.8986,
780,cand_001,cand_024,[*:1]/[N+]([O-])=N/c1nnnn1N=[N+]=[N-],[*:1]n1nnnc1[N+](=O)[O-],[*:1]n1nnc([N+](=O)[O-])n1,-4.44339,-16.573,0,-0.0118,-0.0296455,-0.279145,-19.8986,
90,cand_051,cand_018,[*:1]/N=[N+](/[O-])n1cnnn1,[*:1]c1nnnn1N=[N+]=[N-],[*:1]n1nnnc1[N+](=O)[O-],-79.5919,32.3215,14.5306,0.0002,0.225133,2.11386,-36.4288,
90,cand_018,cand_051,[*:1]/N=[N+](/[O-])n1cnnn1,[*:1]n1nnnc1[N+](=O)[O-],[*:1]c1nnnn1N=[N+]=[N-],79.5919,-32.3215,-14.5306,-0.0002,-0.225133,-2.11386,36.4288,
408,cand_029,cand_021,[*:1]/[N+]([O-])=N/c1nnn(N=[N+]=[N-])n1,[*:1]c1nnnn1N=[N+]=[N-],[*:1]n1nnnc1[N+](=O)[O-],-79.5618,27.0823,12.2052,-0.0002,0.175427,1.65198,-227.35,
408,cand_021,cand_029,[*:1]/[N+]([O-])=N/c1nnn(N=[N+]=[N-])n1,[*:1]n1nnnc1[N+](=O)[O-],[*:1]c1nnnn1N=[N+]=[N-],79.5618,-27.0823,-12.2052,0.0002,-0.175427,-1.65198,227.35,
756,cand_006,cand_001,[*:1]/[N+]([O-])=N/c1nnnn1N=[N+]=[N-],[*:1]c1nnnn1N=[N+]=[N-],[*:1]n1nnnc1[N+](=O)[O-],-78.2177,31.9031,12.2052,0.0031,0.302787,3.13344,-43.9735,
756,cand_001,cand_006,[*:1]/[N+]([O-])=N/c1nnnn1N=[N+]=[N-],[*:1]n1nnnc1[N+](=O)[O-],[*:1]c1nnnn1N=[N+]=[N-],78.2177,-31.9031,-12.2052,-0.0031,-0.302787,-3.13344,43.9735,
106865118,cand_005,cand_050,[*:1]NNc1nnnn1N=[N+]=[N-],[*:1]c1nnnn1N=[N+]=[N-],[*:1]n1nnnc1[N+](=O)[O-],-79.1546,75.076,13.0941,-0.0375,0.197753,2.23697,-129.057,
106865118,cand_050,cand_005,[*:1]NNc1nnnn1N=[N+]=[N-],[*:1]n1nnnc1[N+](=O)[O-],[*:1]c1nnnn1N=[N+]=[N-],79.1546,-75.076,-13.0941,0.0375,-0.197753,-2.23697,129.057,
119262582,cand_050,cand_016,[*:1]NNn1nnnc1[N+](=O)[O-],[*:1]c1nnnn1N=[N+]=[N-],[*:1]n1nnnc1[N+](=O)[O-],-81.9225,20.3667,12.6891,-0.0049,0.164626,1.5373,-18.4876,
119262582,cand_016,cand_050,[*:1]NNn1nnnc1[N+](=O)[O-],[*:1]n1nnnc1[N+](=O)[O-],[*:1]c1nnnn1N=[N+]=[N-],81.9225,-20.3667,-12.6891,0.0049,-0.164626,-1.5373,18.4876,
96,cand_051,cand_047,[*:1]/N=[N+](/[O-])n1cnnn1,[*:1]c1nnnn1N=[N+]=[N-],[*:1]n1nnc([N+](=O)[O-])n1,-82.9309,17.6188,14.5306,-0.0103,0.305978,3.12321,-34.2016,
96,cand_047,cand_051,[*:1]/N=[N+](/[O-])n1cnnn1,[*:1]n1nnc([N+](=O)[O-])n1,[*:1]c1nnnn1N=[N+]=[N-],82.9309,-17.6188,-14.5306,0.0103,-0.305978,-3.12321,34.2016,
144,cand_054,cand_049,[*:1]/N=[N+](/[O-])n1ncnn1,[*:1]c1nnnn1N=[N+]=[N-],[*:1]n1nnc([N+](=O)[O-])n1,-83.6293,14.59,14.5306,-0.0123,0.326375,3.36741,-219.29,
144,cand_049,cand_054,[*:1]/N=[N+](/[O-])n1ncnn1,[*:1]n1nnc([N+](=O)[O-])n1,[*:1]c1nnnn1N=[N+]=[N-],83.6293,-14.59,-14.5306,0.0123,-0.326375,-3.36741,219.29,
468,cand_029,cand_057,[*:1]/[N+]([O-])=N/c1nnn(N=[N+]=[N-])n1,[*:1]c1nnnn1N=[N+]=[N-],[*:1]n1nnc([N+](=O)[O-])n1,-84.6045,8.27406,12.2052,-0.0135,0.222374,2.28868,-202.095,
468,cand_057,cand_029,[*:1]/[N+]([O-])=N/c1nnn(N=[N+]=[N-])n1,[*:1]n1nnc([N+](=O)[O-])n1,[*:1]c1nnnn1N=[N+]=[N-],84.6045,-8.27406,-12.2052,0.0135,-0.222374,-2.28868,202.095,
822,cand_006,cand_024,[*:1]/[N+]([O-])=N/c1nnnn1N=[N+]=[N-],[*:1]c1nnnn1N=[N+]=[N-],[*:1]n1nnc([N+](=O)[O-])n1,-82.6611,15.33,12.2052,-0.0087,0.273141,2.8543,-63.8721,
822,cand_024,cand_006,[*:1]/[N+]([O-])=N/c1nnnn1N=[N+]=[N-],[*:1]n1nnc([N+](=O)[O-])n1,[*:1]c1nnnn1N=[N+]=[N-],82.6611,-15.33,-12.2052,0.0087,-0.273141,-2.8543,63.8721,
102,cand_052,cand_045,[*:1]/N=[N+](/[O-])n1cnnn1.[*:2]N[N+](=O)[O-],[*:1]c1nnnn1[*:2],[*:2]c1nnnn1[*:1],-0.799448,-3.30187,0,-0.0024,-0.0374319,-0.41754,0.026,
102,cand_045,cand_052,[*:1]/N=[N+](/[O-])n1cnnn1.[*:2]N[N+](=O)[O-],[*:2]c1nnnn1[*:1],[*:1]c1nnnn1[*:2],0.799448,3.30187,0,0.0024,0.0374319,0.41754,-0.026,
348,cand_053,cand_046,[*:1]/N=[N+](\[O-])n1nnnc1N=[N+]=[N-].[*:2]N[N+](=O)[O-],[*:1]c1nnnn1[*:2],[*:2]c1nnnn1[*:1],0.959462,3.38877,0,0.0025,-0.0892958,-1.05637,-4.6064,
348,cand_046,cand_053,[*:1]/N=[N+](\[O-])n1nnnc1N=[N+]=[N-].[*:2]N[N+](=O)[O-],[*:2]c1nnnn1[*:1],[*:1]c1nnnn1[*:2],-0.959462,-3.38877,0,-0.0025,0.0892958,1.05637,4.6064,
576,cand_031,cand_056,[*:1]/[N+]([O-])=N/c1nnn(N=[N+]=[N-])n1.[*:2]N[N+](=O)[O-],[*:1]c1nnnn1[*:2],[*:2]c1nnnn1[*:1],-3.02334,-10.6783,0,-0.0079,0.0403891,0.527422,-1.1293,
576,cand_056,cand_031,[*:1]/[N+]([O-])=N/c1nnn(N=[N+]=[N-])n1.[*:2]N[N+](=O)[O-],[*:2]c1nnnn1[*:1],[*:1]c1nnnn1[*:2],3.02334,10.6783,0,0.0079,-0.0403891,-0.527422,1.1293,
612,cand_030,cand_021,[*:1]/[N+]([O-])=N/c1nnn(N=[N+]=[N-])n1.[*:2][N+](=O)[O-],[*:1]c1nnnn1[*:2],[*:2]c1nnnn1[*:1],1.73506,6.47146,0,0.0046,-0.149957,-1.80855,-117.016,
612,cand_021,cand_030,[*:1]/[N+]([O-])=N/c1nnn(N=[N+]=[N-])n1.[*:2][N+](=O)[O-],[*:2]c1nnnn1[*:1],[*:1]c1nnnn1[*:2],-1.73506,-6.47146,0,-0.0046,0.149957,1.80855,117.016,
972,cand_008,cand_011,[*:1]/[N+]([O-])=N/c1nnnn1N=[N+]=[N-].[*:2]N[N+](=O)[O-],[*:1]c1nnnn1[*:2],[*:2]c1nnnn1[*:1],-0.089106,-0.314718,0,-0.0003,-0.0817569,-0.977623,11.5337,
972,cand_011,cand_008,[*:1]/[N+]([O-])=N/c1nnnn1N=[N+]=[N-].[*:2]N[N+](=O)[O-],[*:2]c1nnnn1[*:1],[*:1]c1nnnn1[*:2],0.089106,0.314718,0,0.0003,0.0817569,0.977623,-11.5337,
990,cand_007,cand_001,[*:1]/[N+]([O-])=N/c1nnnn1N=[N+]=[N-].[*:2][N+](=O)[O-],[*:1]c1nnnn1[*:2],[*:2]c1nnnn1[*:1],2.03564,7.59256,0,0.0054,-0.133505,-1.64416,-120.345,
990,cand_001,cand_007,[*:1]/[N+]([O-])=N/c1nnnn1N=[N+]=[N-].[*:2][N+](=O)[O-],[*:2]c1nnnn1[*:1],[*:1]c1nnnn1[*:2],-2.03564,-7.59256,0,-0.0054,0.133505,1.64416,120.345,
70744050,cand_036,cand_005,[*:1]N=[N+]=[N-].[*:2]NNc1nnnn1N=[N+]=[N-],[*:1]c1nnnn1[*:2],[*:2]c1nnnn1[*:1],1.52422,6.09347,0,0.0049,-0.127471,-1.45708,-46.9088,
70744050,cand_005,cand_036,[*:1]N=[N+]=[N-].[*:2]NNc1nnnn1N=[N+]=[N-],[*:2]c1nnnn1[*:1],[*:1]c1nnnn1[*:2],-1.52422,-6.09347,0,-0.0049,0.127471,1.45708,46.9088,
71157750,cand_044,cand_003,[*:1]N=[N+]=[N-].[*:2]NNn1cnnn1,[*:1]c1nnnn1[*:2],[*:2]c1nnnn1[*:1],9.77597,46.7459,0,0.0401,0.00828616,-0.135119,34.3249,
71157750,cand_003,cand_044,[*:1]N=[N+]=[N-].[*:2]NNn1cnnn1,[*:2]c1nnnn1[*:1],[*:1]c1nnnn1[*:2],-9.77597,-46.7459,0,-0.0401,-0.00828616,0.135119,-34.3249,
119474040,cand_037,cand_033,[*:1]NNn1nnnc1[N+](=O)[O-].[*:2]N[N+](=O)[O-],[*:1]c1nnnn1[*:2],[*:2]c1nnnn1[*:1],1.74322,6.38239,0,0.0048,0.0563975,0.635715,0.1244,
119474040,cand_033,cand_037,[*:1]NNn1nnnc1[N+](=O)[O-].[*:2]N[N+](=O)[O-],[*:2]c1nnnn1[*:1],[*:1]c1nnnn1[*:2],-1.74322,-6.38239,0,-0.0048,-0.0563975,-0.635715,-0.1244,
108,cand_045,cand_018,[*:2]/N=[N+](/[O-])n1cnnn1.[*:1][N+](=O)[O-],[*:1]Nc1nnnn1[*:2],[*:1]c1nnnn1[*:2],-4.0711,73.9464,2.64856,0.0091,0.0546894,0.493136,-0.3663,
108,cand_018,cand_045,[*:2]/N=[N+](/[O-])n1cnnn1.[*:1][N+](=O)[O-],[*:1]c1nnnn1[*:2],[*:1]Nc1nnnn1[*:2],4.0711,-73.9464,-2.64856,-0.0091,-0.0546894,-0.493136,0.3663,
354,cand_046,cand_034,[*:2]/N=[N+](\[O-])n1nnnc1N=[N+]=[N-].[*:1][N+](=O)[O-],[*:1]Nc1nnnn1[*:2],[*:1]c1nnnn1[*:2],-6.70602,54.2176,2.50897,0.0001,0.104894,1.14463,1.8215,
354,cand_034,cand_046,[*:2]/N=[N+](\[O-])n1nnnc1N=[N+]=[N-].[*:1][N+](=O)[O-],[*:1]c1nnnn1[*:2],[*:1]Nc1nnnn1[*:2],6.70602,-54.2176,-2.50897,-0.0001,-0.104894,-1.14463,-1.8215,
624,cand_056,cand_021,[*:2]/[N+]([O-])=N/c1nnn(N=[N+]=[N-])n1.[*:1][N+](=O)[O-],[*:1]Nc1nnnn1[*:2],[*:1]c1nnnn1[*:2],-2.919,68.4839,2.50897,0.0102,-0.072446,-0.99843,0.914,
624,cand_021,cand_056,[*:2]/[N+]([O-])=N/c1nnn(N=[N+]=[N-])n1.[*:1][N+](=O)[O-],[*:1]c1nnnn1[*:2],[*:1]Nc1nnnn1[*:2],2.919,-68.4839,-2.50897,-0.0102,0.072446,0.99843,-0.914,
1002,cand_011,cand_001,[*:2]/[N+]([O-])=N/c1nnnn1N=[N+]=[N-].[*:1][N+](=O)[O-],[*:1]Nc1nnnn1[*:2],[*:1]c1nnnn1[*:2],-5.6882,59.647,2.50897,0.0034,0.0271737,0.222704,14.987,
1002,cand_001,cand_011,[*:2]/[N+]([O-])=N/c1nnnn1N=[N+]=[N-].[*:1][N+](=O)[O-],[*:1]c1nnnn1[*:2],[*:1]Nc1nnnn1[*:2],5.6882,-59.647,-2.50897,-0.0034,-0.0271737,-0.222704,-14.987,
1188,cand_048,cand_010,[*:2]/[N+]([O-])=N\n1ncnn1.[*:1][N+](=O)[O-],[*:1]Nc1nnnn1[*:2],[*:1]c1nnnn1[*:2],-2.37808,81.5056,2.64856,0.0145,0.0257138,0.124287,0.7548,
1188,cand_010,cand_048,[*:2]/[N+]([O-])=N\n1ncnn1.[*:1][N+](=O)[O-],[*:1]c1nnnn1[*:2],[*:1]Nc1nnnn1[*:2],2.37808,-81.5056,-2.64856,-0.0145,-0.0257138,-0.124287,-0.7548,
119635752,cand_033,cand_016,[*:2]NNn1nnnc1[N+](=O)[O-].[*:1][N+](=O)[O-],[*:1]Nc1nnnn1[*:2],[*:1]c1nnnn1[*:2],-8.34319,45.8366,2.58812,-0.0018,-0.0900356,-1.13028,-0.0504,
119635752,cand_016,cand_033,[*:2]NNn1nnnc1[N+](=O)[O-].[*:1][N+](=O)[O-],[*:1]c1nnnn1[*:2],[*:1]Nc1nnnn1[*:2],8.34319,-45.8366,-2.58812,0.0018,0.0900356,1.13028,0.0504,
120,cand_052,cand_018,[*:2]/N=[N+](/[O-])n1cnnn1.[*:1][N+](=O)[O-],[*:1]Nn1nnnc1[*:2],[*:1]c1nnnn1[*:2],-4.87055,70.6446,2.64856,0.0067,0.0172576,0.0755964,-0.3403,
120,cand_018,cand_052,[*:2]/N=[N+](/[O-])n1cnnn1.[*:1][N+](=O)[O-],[*:1]c1nnnn1[*:2],[*:1]Nn1nnnc1[*:2],4.87055,-70.6446,-2.64856,-0.0067,-0.0172576,-0.0755964,0.3403,
360,cand_053,cand_034,[*:2]/N=[N+](\[O-])n1nnnc1N=[N+]=[N-].[*:1][N+](=O)[O-],[*:1]Nn1nnnc1[*:2],[*:1]c1nnnn1[*:2],-5.74655,57.6063,2.50897,0.0026,0.0155981,0.0882565,-2.7849,
360,cand_034,cand_053,[*:2]/N=[N+](\[O-])n1nnnc1N=[N+]=[N-].[*:1][N+](=O)[O-],[*:1]c1nnnn1[*:2],[*:1]Nn1nnnc1[*:2],5.74655,-57.6063,-2.50897,-0.0026,-0.0155981,-0.0882565,2.7849,
618,cand_031,cand_021,[*:2]/[N+]([O-])=N/c1nnn(N=[N+]=[N-])n1.[*:1][N+](=O)[O-],[*:1]Nn1nnnc1[*:2],[*:1]c1nnnn1[*:2],-5.94234,57.8056,2.50897,0.0023,-0.0320569,-0.471009,-0.2153,
618,cand_021,cand_031,[*:2]/[N+]([O-])=N/c1nnn(N=[N+]=[N-])n1.[*:1][N+](=O)[O-],[*:1]c1nnnn1[*:2],[*:1]Nn1nnnc1[*:2],5.94234,-57.8056,-2.50897,-0.0023,0.0320569,0.471009,0.2153,
996,cand_008,cand_001,[*:2]/[N+]([O-])=N/c1nnnn1N=[N+]=[N-].[*:1][N+](=O)[O-],[*:1]Nn1nnnc1[*:2],[*:1]c1nnnn1[*:2],-5.7773,59.3323,2.50897,0.0031,-0.0545832,-0.754919,26.5207,
996,cand_001,cand_008,[*:2]/[N+]([O-])=N/c1nnnn1N=[N+]=[N-].[*:1][N+](=O)[O-],[*:1]c1nnnn1[*:2],[*:1]Nn1nnnc1[*:2],5.7773,-59.3323,-2.50897,-0.0031,0.0545832,0.754919,-26.5207,
119635758,cand_037,cand_016,[*:2]NNn1nnnc1[N+](=O)[O-].[*:1][N+](=O)[O-],[*:1]Nn1nnnc1[*:2],[*:1]c1nnnn1[*:2],-6.59997,52.219,2.58812,0.003,-0.0336381,-0.494566,0.074,
119635758,cand_016,cand_037,[*:2]NNn1nnnc1[N+](=O)[O-].[*:1][N+](=O)[O-],[*:1]c1nnnn1[*:2],[*:1]Nn1nnnc1[*:2],6.59997,-52.219,-2.58812,-0.003,0.0336381,0.494566,-0.074,
126,cand_045,cand_047,[*:2]/N=[N+](/[O-])n1cnnn1.[*:1][N+](=O)[O-],[*:1]Nc1nnnn1[*:2],[*:1]c1nnn([*:2])n1,-7.41008,59.2438,2.64856,-0.0014,0.135535,1.50249,1.8609,
126,cand_047,cand_045,[*:2]/N=[N+](/[O-])n1cnnn1.[*:1][N+](=O)[O-],[*:1]c1nnn([*:2])n1,[*:1]Nc1nnnn1[*:2],7.41008,-59.2438,-2.64856,0.0014,-0.135535,-1.50249,-1.8609,
702,cand_056,cand_057,[*:2]/[N+]([O-])=N/c1nnn(N=[N+]=[N-])n1.[*:1][N+](=O)[O-],[*:1]Nc1nnnn1[*:2],[*:1]c1nnn([*:2])n1,-7.96166,49.6757,2.50897,-0.0031,-0.025499,-0.361733,26.169,
702,cand_057,cand_056,[*:2]/[N+]([O-])=N/c1nnn(N=[N+]=[N-])n1.[*:1][N+](=O)[O-],[*:1]c1nnn([*:2])n1,[*:1]Nc1nnnn1[*:2],7.96166,-49.6757,-2.50897,0.0031,0.025499,0.361733,-26.169,
1062,cand_011,cand_024,[*:2]/[N+]([O-])=N/c1nnnn1N=[N+]=[N-].[*:1][N+](=O)[O-],[*:1]Nc1nnnn1[*:2],[*:1]c1nnn([*:2])n1,-10.1316,43.0739,2.50897,-0.0084,-0.00247178,-0.0564409,-4.9116,
1062,cand_024,cand_011,[*:2]/[N+]([O-])=N/c1nnnn1N=[N+]=[N-].[*:1][N+](=O)[O-],[*:1]c1nnn([*:2])n1,[*:1]Nc1nnnn1[*:2],10.1316,-43.0739,-2.50897,0.0084,0.00247178,0.0564409,4.9116,
132,cand_045,cand_052,[*:2]/N=[N+](/[O-])n1cnnn1.[*:1][N+](=O)[O-],[*:1]Nc1nnnn1[*:2],[*:1]Nn1nnnc1[*:2],0.799448,3.30187,0,0.0024,0.0374319,0.41754,-0.026,
132,cand_052,cand_045,[*:2]/N=[N+](/[O-])n1cnnn1.[*:1][N+](=O)[O-],[*:1]Nn1nnnc1[*:2],[*:1]Nc1nnnn1[*:2],-0.799448,-3.30187,0,-0.0024,-0.0374319,-0.41754,0.026,
366,cand_046,cand_053,[*:2]/N=[N+](\[O-])n1nnnc1N=[N+]=[N-].[*:1][N+](=O)[O-],[*:1]Nc1nnnn1[*:2],[*:1]Nn1nnnc1[*:2],-0.959462,-3.38877,0,-0.0025,0.0892958,1.05637,4.6064,
366,cand_053,cand_046,[*:2]/N=[N+](\[O-])n1nnnc1N=[N+]=[N-].[*:1][N+](=O)[O-],[*:1]Nn1nnnc1[*:2],[*:1]Nc1nnnn1[*:2],0.959462,3.38877,0,0.0025,-0.0892958,-1.05637,-4.6064,
678,cand_056,cand_031,[*:2]/[N+]([O-])=N/c1nnn(N=[N+]=[N-])n1.[*:1][N+](=O)[O-],[*:1]Nc1nnnn1[*:2],[*:1]Nn1nnnc1[*:2],3.02334,10.6783,0,0.0079,-0.0403891,-0.527422,1.1293,
678,cand_031,cand_056,[*:2]/[N+]([O-])=N/c1nnn(N=[N+]=[N-])n1.[*:1][N+](=O)[O-],[*:1]Nn1nnnc1[*:2],[*:1]Nc1nnnn1[*:2],-3.02334,-10.6783,0,-0.0079,0.0403891,0.527422,-1.1293,
1044,cand_011,cand_008,[*:2]/[N+]([O-])=N/c1nnnn1N=[N+]=[N-].[*:1][N+](=O)[O-],[*:1]Nc1nnnn1[*:2],[*:1]Nn1nnnc1[*:2],0.089106,0.314718,0,0.0003,0.0817569,0.977623,-11.5337,
1044,cand_008,cand_011,[*:2]/[N+]([O-])=N/c1nnnn1N=[N+]=[N-].[*:1][N+](=O)[O-],[*:1]Nn1nnnc1[*:2],[*:1]Nc1nnnn1[*:2],-0.089106,-0.314718,0,-0.0003,-0.0817569,-0.977623,11.5337,
73388052,cand_005,cand_036,[*:2]N=[N+]=[N-].[*:1]Nc1nnnn1N=[N+]=[N-],[*:1]Nc1nnnn1[*:2],[*:1]Nn1nnnc1[*:2],-1.52422,-6.09347,0,-0.0049,0.127471,1.45708,46.9088,
73388052,cand_036,cand_005,[*:2]N=[N+]=[N-].[*:1]Nc1nnnn1N=[N+]=[N-],[*:1]Nn1nnnc1[*:2],[*:1]Nc1nnnn1[*:2],1.52422,6.09347,0,0.0049,-0.127471,-1.45708,-46.9088,
73729722,cand_003,cand_044,[*:2]N=[N+]=[N-].[*:1]Nn1cnnn1,[*:1]Nc1nnnn1[*:2],[*:1]Nn1nnnc1[*:2],-9.77597,-46.7459,0,-0.0401,-0.00828616,0.135119,-34.3249,
73729722,cand_044,cand_003,[*:2]N=[N+]=[N-].[*:1]Nn1cnnn1,[*:1]Nn1nnnc1[*:2],[*:1]Nc1nnnn1[*:2],9.77597,46.7459,0,0.0401,0.00828616,-0.135119,34.3249,
119637918,cand_033,cand_037,[*:2]NNn1nnnc1[N+](=O)[O-].[*:1][N+](=O)[O-],[*:1]Nc1nnnn1[*:2],[*:1]Nn1nnnc1[*:2],-1.74322,-6.38239,0,-0.0048,-0.0563975,-0.635715,-0.1244,
119637918,cand_037,cand_033,[*:2]NNn1nnnc1[N+](=O)[O-].[*:1][N+](=O)[O-],[*:1]Nn1nnnc1[*:2],[*:1]Nc1nnnn1[*:2],1.74322,6.38239,0,0.0048,0.0563975,0.635715,0.1244,
122503668,cand_037,cand_033,[*:2]N[N+](=O)[O-].[*:1]Nn1nnnc1[N+](=O)[O-],[*:1]Nc1nnnn1[*:2],[*:1]Nn1nnnc1[*:2],1.74322,6.38239,0,0.0048,0.0563975,0.635715,0.1244,
122503668,cand_033,cand_037,[*:2]N[N+](=O)[O-].[*:1]Nn1nnnc1[N+](=O)[O-],[*:1]Nn1nnnc1[*:2],[*:1]Nc1nnnn1[*:2],-1.74322,-6.38239,0,-0.0048,-0.0563975,-0.635715,-0.1244,
138,cand_052,cand_047,[*:2]/N=[N+](/[O-])n1cnnn1.[*:1][N+](=O)[O-],[*:1]Nn1nnnc1[*:2],[*:1]c1nnn([*:2])n1,-8.20953,55.9419,2.64856,-0.0038,0.098103,1.08495,1.8869,
138,cand_047,cand_052,[*:2]/N=[N+](/[O-])n1cnnn1.[*:1][N+](=O)[O-],[*:1]c1nnn([*:2])n1,[*:1]Nn1nnnc1[*:2],8.20953,-55.9419,-2.64856,0.0038,-0.098103,-1.08495,-1.8869,
150,cand_055,cand_049,[*:2]/N=[N+](/[O-])n1ncnn1.[*:1][N+](=O)[O-],[*:1]Nn1nnnc1[*:2],[*:1]c1nnn([*:2])n1,-8.74982,53.3576,2.64856,-0.0055,0.0831695,0.923225,28.639,
150,cand_049,cand_055,[*:2]/N=[N+](/[O-])n1ncnn1.[*:1][N+](=O)[O-],[*:1]c1nnn([*:2])n1,[*:1]Nn1nnnc1[*:2],8.74982,-53.3576,-2.64856,0.0055,-0.0831695,-0.923225,-28.639,
684,cand_031,cand_057,[*:2]/[N+]([O-])=N/c1nnn(N=[N+]=[N-])n1.[*:1][N+](=O)[O-],[*:1]Nn1nnnc1[*:2],[*:1]c1nnn([*:2])n1,-10.985,38.9974,2.50897,-0.011,0.0148901,0.165689,25.0397,
684,cand_057,cand_031,[*:2]/[N+]([O-])=N/c1nnn(N=[N+]=[N-])n1.[*:1][N+](=O)[O-],[*:1]c1nnn([*:2])n1,[*:1]Nn1nnnc1[*:2],10.985,-38.9974,-2.50897,0.011,-0.0148901,-0.165689,-25.0397,
1050,cand_008,cand_024,[*:2]/[N+]([O-])=N/c1nnnn1N=[N+]=[N-].[*:1][N+](=O)[O-],[*:1]Nn1nnnc1[*:2],[*:1]c1nnn([*:2])n1,-10.2207,42.7592,2.50897,-0.0087,-0.0842287,-1.03406,6.6221,
1050,cand_024,cand_008,[*:2]/[N+]([O-])=N/c1nnnn1N=[N+]=[N-].[*:1][N+](=O)[O-],[*:1]c1nnn([*:2])n1,[*:1]Nn1nnnc1[*:2],10.2207,-42.7592,-2.50897,0.0087,0.0842287,1.03406,-6.6221,
156,cand_025,cand_023,[*:1]/N=[N+](/[O-])n1nnc(N[N+](=O)[O-])n1,[*:1]c1nnnn1N=[N+]=[N-],[*:1]n1nnc(N[N+](=O)[O-])n1,-74.392,-29.6215,8.47667,-0.0048,0.0645827,0.534209,-18.8206,
156,cand_023,cand_025,[*:1]/N=[N+](/[O-])n1nnc(N[N+](=O)[O-])n1,[*:1]n1nnc(N[N+](=O)[O-])n1,[*:1]c1nnnn1N=[N+]=[N-],74.392,29.6215,-8.47667,0.0048,-0.0645827,-0.534209,18.8206,
210,cand_011,cand_017,[*:1]/N=[N+](/[O-])n1nnnc1N[N+](=O)[O-],[*:1]c1nnnn1N=[N+]=[N-],[*:1]n1nnc(N[N+](=O)[O-])n1,-78.0121,-42.4008,8.47667,-0.0141,0.093545,0.940625,-15.8503,
210,cand_017,cand_011,[*:1]/N=[N+](/[O-])n1nnnc1N[N+](=O)[O-],[*:1]n1nnc(N[N+](=O)[O-])n1,[*:1]c1nnnn1N=[N+]=[N-],78.0121,42.4008,-8.47667,0.0141,-0.093545,-0.940625,15.8503,
474,cand_029,cand_058,[*:1]/[N+]([O-])=N/c1nnn(N=[N+]=[N-])n1,[*:1]c1nnnn1N=[N+]=[N-],[*:1]n1nnc(N[N+](=O)[O-])n1,-77.8182,-45.5528,9.6962,-0.0134,0.0957454,0.88245,-237.215,
474,cand_058,cand_029,[*:1]/[N+]([O-])=N/c1nnn(N=[N+]=[N-])n1,[*:1]n1nnc(N[N+](=O)[O-])n1,[*:1]c1nnnn1N=[N+]=[N-],77.8182,45.5528,-9.6962,0.0134,-0.0957454,-0.88245,237.215,
828,cand_006,cand_025,[*:1]/[N+]([O-])=N/c1nnnn1N=[N+]=[N-],[*:1]c1nnnn1N=[N+]=[N-],[*:1]n1nnc(N[N+](=O)[O-])n1,-76.1195,-40.4235,9.6962,-0.0096,0.280418,3.02626,-55.6059,
828,cand_025,cand_006,[*:1]/[N+]([O-])=N/c1nnnn1N=[N+]=[N-],[*:1]n1nnc(N[N+](=O)[O-])n1,[*:1]c1nnnn1N=[N+]=[N-],76.1195,40.4235,-9.6962,0.0096,-0.280418,-3.02626,55.6059,
1134,cand_014,cand_040,[*:1]/[N+]([O-])=N\c1nnn(N[N+](=O)[O-])n1,[*:1]c1nnnn1N=[N+]=[N-],[*:1]n1nnc(N[N+](=O)[O-])n1,-77.6908,-40.7075,8.47667,-0.013,0.0374514,0.261243,-10.3808,
1134,cand_040,cand_014,[*:1]/[N+]([O-])=N\c1nnn(N[N+](=O)[O-])n1,[*:1]n1nnc(N[N+](=O)[O-])n1,[*:1]c1nnnn1N=[N+]=[N-],77.6908,40.7075,-8.47667,0.013,-0.0374514,-0.261243,10.3808,
162,cand_058,cand_023,[*:1]/N=[N+](/[O-])n1nnc(N[N+](=O)[O-])n1,[*:1]c1nnn(N=[N+]=[N-])n1,[*:1]n1nnc(N[N+](=O)[O-])n1,-69.2677,-11.5229,8.47667,0.0084,0.242404,2.54352,-3.8044,
162,cand_023,cand_058,[*:1]/N=[N+](/[O-])n1nnc(N[N+](=O)[O-])n1,[*:1]n1nnc(N[N+](=O)[O-])n1,[*:1]c1nnn(N=[N+]=[N-])n1,69.2677,11.5229,-8.47667,-0.0084,-0.242404,-2.54352,3.8044,
222,cand_056,cand_017,[*:1]/N=[N+](/[O-])n1nnnc1N[N+](=O)[O-],[*:1]c1nnn(N=[N+]=[N-])n1,[*:1]n1nnc(N[N+](=O)[O-])n1,-70.4732,-15.7738,8.47667,0.0054,0.114434,1.06645,-13.139,
222,cand_017,cand_056,[*:1]/N=[N+](/[O-])n1nnnc1N[N+](=O)[O-],[*:1]n1nnc(N[N+](=O)[O-])n1,[*:1]c1nnn(N=[N+]=[N-])n1,70.4732,15.7738,-8.47667,-0.0054,-0.114434,-1.06645,13.139,
192,cand_011,cand_002,[*:1]/N=[N+](/[O-])n1nnnc1N[N+](=O)[O-],[*:1]c1nnnn1N=[N+]=[N-],[*:1]n1nnnc1N[N+](=O)[O-],-72.7975,-25.1413,8.47667,-0.0013,0.292551,3.28866,-14.545,
192,cand_002,cand_011,[*:1]/N=[N+](/[O-])n1nnnc1N[N+](=O)[O-],[*:1]n1nnnc1N[N+](=O)[O-],[*:1]c1nnnn1N=[N+]=[N-],72.7975,25.1413,-8.47667,0.0013,-0.292551,-3.28866,14.545,
462,cand_029,cand_056,[*:1]/[N+]([O-])=N/c1nnn(N=[N+]=[N-])n1,[*:1]c1nnnn1N=[N+]=[N-],[*:1]n1nnnc1N[N+](=O)[O-],-76.6428,-41.4016,9.6962,-0.0104,0.247873,2.65041,-228.264,
462,cand_056,cand_029,[*:1]/[N+]([O-])=N/c1nnn(N=[N+]=[N-])n1,[*:1]n1nnnc1N[N+](=O)[O-],[*:1]c1nnnn1N=[N+]=[N-],76.6428,41.4016,-9.6962,0.0104,-0.247873,-2.65041,228.264,
816,cand_006,cand_011,[*:1]/[N+]([O-])=N/c1nnnn1N=[N+]=[N-],[*:1]c1nnnn1N=[N+]=[N-],[*:1]n1nnnc1N[N+](=O)[O-],-72.5295,-27.7439,9.6962,-0.0003,0.275613,2.91074,-58.9605,
816,cand_011,cand_006,[*:1]/[N+]([O-])=N/c1nnnn1N=[N+]=[N-],[*:1]n1nnnc1N[N+](=O)[O-],[*:1]c1nnnn1N=[N+]=[N-],72.5295,27.7439,-9.6962,0.0003,-0.275613,-2.91074,58.9605,
1128,cand_014,cand_026,[*:1]/[N+]([O-])=N\c1nnn(N[N+](=O)[O-])n1,[*:1]c1nnnn1N=[N+]=[N-],[*:1]n1nnnc1N[N+](=O)[O-],-74.6586,-30.6717,8.47667,-0.0056,0.190967,2.0672,-9.3448,
1128,cand_026,cand_014,[*:1]/[N+]([O-])=N\c1nnn(N[N+](=O)[O-])n1,[*:1]n1nnnc1N[N+](=O)[O-],[*:1]c1nnnn1N=[N+]=[N-],74.6586,30.6717,-8.47667,0.0056,-0.190967,-2.0672,9.3448,
119264166,cand_050,cand_033,[*:1]NNn1nnnc1[N+](=O)[O-],[*:1]c1nnnn1N=[N+]=[N-],[*:1]n1nnnc1N[N+](=O)[O-],-73.5793,-25.47,10.1009,-0.0031,0.254661,2.66758,-18.4372,
119264166,cand_033,cand_050,[*:1]NNn1nnnc1[N+](=O)[O-],[*:1]n1nnnc1N[N+](=O)[O-],[*:1]c1nnnn1N=[N+]=[N-],73.5793,25.47,-10.1009,0.0031,-0.254661,-2.66758,18.4372,
198,cand_017,cand_002,[*:1]/N=[N+](/[O-])n1nnnc1N[N+](=O)[O-],[*:1]n1nnc(N[N+](=O)[O-])n1,[*:1]n1nnnc1N[N+](=O)[O-],5.2146,17.2595,0,0.0128,0.199006,2.34804,1.3053,
198,cand_002,cand_017,[*:1]/N=[N+](/[O-])n1nnnc1N[N+](=O)[O-],[*:1]n1nnnc1N[N+](=O)[O-],[*:1]n1nnc(N[N+](=O)[O-])n1,-5.2146,-17.2595,0,-0.0128,-0.199006,-2.34804,-1.3053,
546,cand_058,cand_056,[*:1]/[N+]([O-])=N/c1nnn(N=[N+]=[N-])n1,[*:1]n1nnc(N[N+](=O)[O-])n1,[*:1]n1nnnc1N[N+](=O)[O-],1.17533,4.15119,0,0.003,0.152127,1.76797,8.9503,
546,cand_056,cand_058,[*:1]/[N+]([O-])=N/c1nnn(N=[N+]=[N-])n1,[*:1]n1nnnc1N[N+](=O)[O-],[*:1]n1nnc(N[N+](=O)[O-])n1,-1.17533,-4.15119,0,-0.003,-0.152127,-1.76797,-8.9503,
918,cand_025,cand_011,[*:1]/[N+]([O-])=N/c1nnnn1N=[N+]=[N-],[*:1]n1nnc(N[N+](=O)[O-])n1,[*:1]n1nnnc1N[N+](=O)[O-],3.58998,12.6796,0,0.0093,-0.00480488,-0.115526,-3.3546,
918,cand_011,cand_025,[*:1]/[N+]([O-])=N/c1nnnn1N=[N+]=[N-],[*:1]n1nnnc1N[N+](=O)[O-],[*:1]n1nnc(N[N+](=O)[O-])n1,-3.58998,-12.6796,0,-0.0093,0.00480488,0.115526,3.3546,
1098,cand_023,cand_017,[*:1]/[N+]([O-])=N/n1nnc(N[N+](=O)[O-])n1,[*:1]n1nnc(N[N+](=O)[O-])n1,[*:1]n1nnnc1N[N+](=O)[O-],-0.03012,-0.0996922,0,0,0.0241574,0.29089,-0.3843,
1098,cand_017,cand_023,[*:1]/[N+]([O-])=N/n1nnc(N[N+](=O)[O-])n1,[*:1]n1nnnc1N[N+](=O)[O-],[*:1]n1nnc(N[N+](=O)[O-])n1,0.03012,0.0996922,0,0,-0.0241574,-0.29089,0.3843,
1140,cand_040,cand_026,[*:1]/[N+]([O-])=N\c1nnn(N[N+](=O)[O-])n1,[*:1]n1nnc(N[N+](=O)[O-])n1,[*:1]n1nnnc1N[N+](=O)[O-],3.03213,10.0358,0,0.0074,0.153515,1.80596,1.036,
1140,cand_026,cand_040,[*:1]/[N+]([O-])=N\c1nnn(N[N+](=O)[O-])n1,[*:1]n1nnnc1N[N+](=O)[O-],[*:1]n1nnc(N[N+](=O)[O-])n1,-3.03213,-10.0358,0,-0.0074,-0.153515,-1.80596,-1.036,
1158,cand_019,cand_004,[*:1]/[N+]([O-])=N\c1nnnn1N[N+](=O)[O-],[*:1]n1nnc(N[N+](=O)[O-])n1,[*:1]n1nnnc1N[N+](=O)[O-],0.51142,1.69272,0,0.0013,0.08408,1.01278,0.0794,
1158,cand_004,cand_019,[*:1]/[N+]([O-])=N\c1nnnn1N[N+](=O)[O-],[*:1]n1nnnc1N[N+](=O)[O-],[*:1]n1nnc(N[N+](=O)[O-])n1,-0.51142,-1.69272,0,-0.0013,-0.08408,-1.01278,-0.0794,
204,cand_056,cand_002,[*:1]/N=[N+](/[O-])n1nnnc1N[N+](=O)[O-],[*:1]c1nnn(N=[N+]=[N-])n1,[*:1]n1nnnc1N[N+](=O)[O-],-65.2586,1.48568,8.47667,0.0182,0.31344,3.41448,-11.8337,
204,cand_002,cand_056,[*:1]/N=[N+](/[O-])n1nnnc1N[N+](=O)[O-],[*:1]n1nnnc1N[N+](=O)[O-],[*:1]c1nnn(N=[N+]=[N-])n1,65.2586,-1.48568,-8.47667,-0.0182,-0.31344,-3.41448,11.8337,
240,cand_017,cand_002,[*:2]/N=[N+](/[O-])n1nnnc1N[N+](=O)[O-].[*:1][N+](=O)[O-],[*:1]Nc1nnn([*:2])n1,[*:1]Nc1nnnn1[*:2],5.2146,17.2595,0,0.0128,0.199006,2.34804,1.3053,
240,cand_002,cand_017,[*:2]/N=[N+](/[O-])n1nnnc1N[N+](=O)[O-].[*:1][N+](=O)[O-],[*:1]Nc1nnnn1[*:2],[*:1]Nc1nnn([*:2])n1,-5.2146,-17.2595,0,-0.0128,-0.199006,-2.34804,-1.3053,
708,cand_058,cand_056,[*:2]/[N+]([O-])=N/c1nnn(N=[N+]=[N-])n1.[*:1][N+](=O)[O-],[*:1]Nc1nnn([*:2])n1,[*:1]Nc1nnnn1[*:2],1.17533,4.15119,0,0.003,0.152127,1.76797,8.9503,
708,cand_056,cand_058,[*:2]/[N+]([O-])=N/c1nnn(N=[N+]=[N-])n1.[*:1][N+](=O)[O-],[*:1]Nc1nnnn1[*:2],[*:1]Nc1nnn([*:2])n1,-1.17533,-4.15119,0,-0.003,-0.152127,-1.76797,-8.9503,
1068,cand_025,cand_011,[*:2]/[N+]([O-])=N/c1nnnn1N=[N+]=[N-].[*:1][N+](=O)[O-],[*:1]Nc1nnn([*:2])n1,[*:1]Nc1nnnn1[*:2],3.58998,12.6796,0,0.0093,-0.00480488,-0.115526,-3.3546,
1068,cand_011,cand_025,[*:2]/[N+]([O-])=N/c1nnnn1N=[N+]=[N-].[*:1][N+](=O)[O-],[*:1]Nc1nnnn1[*:2],[*:1]Nc1nnn([*:2])n1,-3.58998,-12.6796,0,-0.0093,0.00480488,0.115526,3.3546,
1110,cand_023,cand_017,[*:2]/[N+]([O-])=N/n1nnc(N[N+](=O)[O-])n1.[*:1][N+](=O)[O-],[*:1]Nc1nnn([*:2])n1,[*:1]Nc1nnnn1[*:2],-0.03012,-0.0996922,0,0,0.0241574,0.29089,-0.3843,
1110,cand_017,cand_023,[*:2]/[N+]([O-])=N/n1nnc(N[N+](=O)[O-])n1.[*:1][N+](=O)[O-],[*:1]Nc1nnnn1[*:2],[*:1]Nc1nnn([*:2])n1,0.03012,0.0996922,0,0,-0.0241574,-0.29089,0.3843,
1152,cand_040,cand_026,[*:2]/[N+]([O-])=N\c1nnn(N[N+](=O)[O-])n1.[*:1][N+](=O)[O-],[*:1]Nc1nnn([*:2])n1,[*:1]Nc1nnnn1[*:2],3.03213,10.0358,0,0.0074,0.153515,1.80596,1.036,
1152,cand_026,cand_040,[*:2]/[N+]([O-])=N\c1nnn(N[N+](=O)[O-])n1.[*:1][N+](=O)[O-],[*:1]Nc1nnnn1[*:2],[*:1]Nc1nnn([*:2])n1,-3.03213,-10.0358,0,-0.0074,-0.153515,-1.80596,-1.036,
1182,cand_019,cand_004,[*:2]/[N+]([O-])=N\c1nnnn1N[N+](=O)[O-].[*:1][N+](=O)[O-],[*:1]Nc1nnn([*:2])n1,[*:1]Nc1nnnn1[*:2],0.51142,1.69272,0,0.0013,0.08408,1.01278,0.0794,
1182,cand_004,cand_019,[*:2]/[N+]([O-])=N\c1nnnn1N[N+](=O)[O-].[*:1][N+](=O)[O-],[*:1]Nc1nnnn1[*:2],[*:1]Nc1nnn([*:2])n1,-0.51142,-1.69272,0,-0.0013,-0.08408,-1.01278,-0.0794,
22303308,cand_062,cand_059,[*:2]N.[*:1]Nc1nnnn1N=[N+]=[N-],[*:1]Nc1nnn([*:2])n1,[*:1]Nc1nnnn1[*:2],3.06852,13.6896,0,0.0123,0.0918315,0.943215,-83.8371,
22303308,cand_059,cand_062,[*:2]N.[*:1]Nc1nnnn1N=[N+]=[N-],[*:1]Nc1nnnn1[*:2],[*:1]Nc1nnn([*:2])n1,-3.06852,-13.6896,0,-0.0123,-0.0918315,-0.943215,83.8371,
72940488,cand_027,cand_022,[*:2]N=[N+]=[N-].[*:1]Nc1nnn(N=[N+]=[N-])n1,[*:1]Nc1nnn([*:2])n1,[*:1]Nc1nnnn1[*:2],3.88366,15.5259,0,0.0125,0.151282,1.59681,85.5172,
72940488,cand_022,cand_027,[*:2]N=[N+]=[N-].[*:1]Nc1nnn(N=[N+]=[N-])n1,[*:1]Nc1nnnn1[*:2],[*:1]Nc1nnn([*:2])n1,-3.88366,-15.5259,0,-0.0125,-0.151282,-1.59681,-85.5172,
73388046,cand_022,cand_005,[*:2]N=[N+]=[N-].[*:1]Nc1nnnn1N=[N+]=[N-],[*:1]Nc1nnn([*:2])n1,[*:1]Nc1nnnn1[*:2],2.2515,9.00098,0,0.0072,-0.0332365,-0.411259,-67.1116,
73388046,cand_005,cand_022,[*:2]N=[N+]=[N-].[*:1]Nc1nnnn1N=[N+]=[N-],[*:1]Nc1nnnn1[*:2],[*:1]Nc1nnn([*:2])n1,-2.2515,-9.00098,0,-0.0072,0.0332365,0.411259,67.1116,
73729716,cand_013,cand_003,[*:2]N=[N+]=[N-].[*:1]Nn1cnnn1,[*:1]Nc1nnn([*:2])n1,[*:1]Nc1nnnn1[*:2],3.68536,17.6224,0,0.0151,-0.000215165,-0.0870407,-33.3682,
73729716,cand_003,cand_013,[*:2]N=[N+]=[N-].[*:1]Nn1cnnn1,[*:1]Nc1nnnn1[*:2],[*:1]Nc1nnn([*:2])n1,-3.68536,-17.6224,0,-0.0151,0.000215165,0.0870407,33.3682,
73817928,cand_042,cand_012,[*:2]N=[N+]=[N-].[*:1]Nn1ncnn1,[*:1]Nc1nnn([*:2])n1,[*:1]Nc1nnnn1[*:2],4.01732,19.2097,0,0.0164,0.134681,1.36349,61.9375,
73817928,cand_012,cand_042,[*:2]N=[N+]=[N-].[*:1]Nn1ncnn1,[*:1]Nc1nnnn1[*:2],[*:1]Nc1nnn([*:2])n1,-4.01732,-19.2097,0,-0.0164,-0.134681,-1.36349,-61.9375,
252,cand_001,cand_035,[*:1]/N=[N+](/[O-])n1nnnc1[N+](=O)[O-],[*:1]c1nnnn1N=[N+]=[N-],[*:1]n1nnc(N=[N+]=[N-])n1,-8.26806,-30.8383,0,-0.022,-0.182657,-2.0152,-27.481,
252,cand_035,cand_001,[*:1]/N=[N+](/[O-])n1nnnc1[N+](=O)[O-],[*:1]n1nnc(N=[N+]=[N-])n1,[*:1]c1nnnn1N=[N+]=[N-],8.26806,30.8383,0,0.022,0.182657,2.0152,27.481,
258,cand_038,cand_001,[*:1]/N=[N+](/[O-])n1nnnc1[N+](=O)[O-],[*:1]c1nnnn1N,[*:1]c1nnnn1N=[N+]=[N-],87.1423,115.587,7.24889,0.0298,0.126382,1.07986,24.6229,
258,cand_001,cand_038,[*:1]/N=[N+](/[O-])n1nnnc1[N+](=O)[O-],[*:1]c1nnnn1N=[N+]=[N-],[*:1]c1nnnn1N,-87.1423,-115.587,-7.24889,-0.0298,-0.126382,-1.07986,-24.6229,
106865124,cand_059,cand_005,[*:1]NNc1nnnn1N=[N+]=[N-],[*:1]c1nnnn1N,[*:1]c1nnnn1N=[N+]=[N-],85.5346,190.032,10.8464,0.0165,0.00346025,-0.150794,91.6894,
106865124,cand_005,cand_059,[*:1]NNc1nnnn1N=[N+]=[N-],[*:1]c1nnnn1N=[N+]=[N-],[*:1]c1nnnn1N,-85.5346,-190.032,-10.8464,-0.0165,-0.00346025,0.150794,-91.6894,
264,cand_021,cand_035,[*:1]/N=[N+](/[O-])n1nnnc1[N+](=O)[O-],[*:1]c1nnn(N=[N+]=[N-])n1,[*:1]n1nnc(N=[N+]=[N-])n1,-3.49836,-13.0482,0,-0.0093,-0.0621485,-0.668243,-10.6967,
264,cand_035,cand_021,[*:1]/N=[N+](/[O-])n1nnnc1[N+](=O)[O-],[*:1]n1nnc(N=[N+]=[N-])n1,[*:1]c1nnn(N=[N+]=[N-])n1,3.49836,13.0482,0,0.0093,0.0621485,0.668243,10.6967,
270,cand_021,cand_038,[*:1]/N=[N+](/[O-])n1nnnc1[N+](=O)[O-],[*:1]c1nnn(N=[N+]=[N-])n1,[*:1]c1nnnn1N,-82.3726,-97.7967,-7.24889,-0.0171,-0.00587306,0.267093,-7.8386,
270,cand_038,cand_021,[*:1]/N=[N+](/[O-])n1nnnc1[N+](=O)[O-],[*:1]c1nnnn1N,[*:1]c1nnn(N=[N+]=[N-])n1,82.3726,97.7967,7.24889,0.0171,0.00587306,-0.267093,7.8386,
106868250,cand_022,cand_059,[*:1]NNc1nnnn1N=[N+]=[N-],[*:1]c1nnn(N=[N+]=[N-])n1,[*:1]c1nnnn1N,-83.2831,-181.031,-10.8464,-0.0093,-0.0366968,-0.260465,-158.801,
106868250,cand_059,cand_022,[*:1]NNc1nnnn1N=[N+]=[N-],[*:1]c1nnnn1N,[*:1]c1nnn(N=[N+]=[N-])n1,83.2831,181.031,10.8464,0.0093,0.0366968,0.260465,158.801,
276,cand_038,cand_035,[*:1]/N=[N+](/[O-])n1nnnc1[N+](=O)[O-],[*:1]c1nnnn1N,[*:1]n1nnc(N=[N+]=[N-])n1,78.8742,84.7485,7.24889,0.0078,-0.0562755,-0.935336,-2.8581,
276,cand_035,cand_038,[*:1]/N=[N+](/[O-])n1nnnc1[N+](=O)[O-],[*:1]n1nnc(N=[N+]=[N-])n1,[*:1]c1nnnn1N,-78.8742,-84.7485,-7.24889,-0.0078,0.0562755,0.935336,2.8581,
288,cand_035,cand_001,[*:2]/N=[N+](/[O-])n1nnnc1[N+](=O)[O-].[*:1]N=[N+]=[N-],[*:1]c1nnn([*:2])n1,[*:2]c1nnnn1[*:1],8.26806,30.8383,0,0.022,0.182657,2.0152,27.481,
288,cand_001,cand_035,[*:2]/N=[N+](/[O-])n1nnnc1[N+](=O)[O-].[*:1]N=[N+]=[N-],[*:2]c1nnnn1[*:1],[*:1]c1nnn([*:2])n1,-8.26806,-30.8383,0,-0.022,-0.182657,-2.0152,-27.481,
582,cand_058,cand_031,[*:2]/[N+]([O-])=N/c1nnn(N=[N+]=[N-])n1.[*:1]N[N+](=O)[O-],[*:1]c1nnn([*:2])n1,[*:2]c1nnnn1[*:1],4.19867,14.8295,0,0.0109,0.111738,1.24054,10.0796,
582,cand_031,cand_058,[*:2]/[N+]([O-])=N/c1nnn(N=[N+]=[N-])n1.[*:1]N[N+](=O)[O-],[*:2]c1nnnn1[*:1],[*:1]c1nnn([*:2])n1,-4.19867,-14.8295,0,-0.0109,-0.111738,-1.24054,-10.0796,
600,cand_061,cand_056,[*:1]/[N+]([O-])=N/c1nnn(N=[N+]=[N-])n1.[*:2]N[N+](=O)[O-],[*:1]c1nnn([*:2])n1,[*:2]c1nnnn1[*:1],-0.143699,-0.507537,0,-0.0004,-0.125314,-1.50085,-32.7553,
600,cand_056,cand_061,[*:1]/[N+]([O-])=N/c1nnn(N=[N+]=[N-])n1.[*:2]N[N+](=O)[O-],[*:2]c1nnnn1[*:1],[*:1]c1nnn([*:2])n1,0.143699,0.507537,0,0.0004,0.125314,1.50085,32.7553,
660,cand_057,cand_030,[*:2]/[N+]([O-])=N/c1nnn(N=[N+]=[N-])n1.[*:1][N+](=O)[O-],[*:1]c1nnn([*:2])n1,[*:2]c1nnnn1[*:1],3.3076,12.3367,0,0.0087,0.10301,1.17186,91.7608,
660,cand_030,cand_057,[*:2]/[N+]([O-])=N/c1nnn(N=[N+]=[N-])n1.[*:1][N+](=O)[O-],[*:2]c1nnnn1[*:1],[*:1]c1nnn([*:2])n1,-3.3076,-12.3367,0,-0.0087,-0.10301,-1.17186,-91.7608,
978,cand_025,cand_008,[*:2]/[N+]([O-])=N/c1nnnn1N=[N+]=[N-].[*:1]N[N+](=O)[O-],[*:1]c1nnn([*:2])n1,[*:2]c1nnnn1[*:1],3.67909,12.9943,0,0.0096,0.076952,0.862096,-14.8883,
978,cand_008,cand_025,[*:2]/[N+]([O-])=N/c1nnnn1N=[N+]=[N-].[*:1]N[N+](=O)[O-],[*:2]c1nnnn1[*:1],[*:1]c1nnn([*:2])n1,-3.67909,-12.9943,0,-0.0096,-0.076952,-0.862096,14.8883,
1032,cand_024,cand_007,[*:2]/[N+]([O-])=N/c1nnnn1N=[N+]=[N-].[*:1][N+](=O)[O-],[*:1]c1nnn([*:2])n1,[*:2]c1nnnn1[*:1],2.40775,8.98047,0,0.0064,0.16315,1.92331,140.243,
1032,cand_007,cand_024,[*:2]/[N+]([O-])=N/c1nnnn1N=[N+]=[N-].[*:1][N+](=O)[O-],[*:2]c1nnnn1[*:1],[*:1]c1nnn([*:2])n1,-2.40775,-8.98047,0,-0.0064,-0.16315,-1.92331,-140.243,
70745178,cand_022,cand_036,[*:2]N=[N+]=[N-].[*:1]NNc1nnnn1N=[N+]=[N-],[*:1]c1nnn([*:2])n1,[*:2]c1nnnn1[*:1],0.727283,2.9075,0,0.0023,0.0942349,1.04582,-20.2028,
70745178,cand_036,cand_022,[*:2]N=[N+]=[N-].[*:1]NNc1nnnn1N=[N+]=[N-],[*:2]c1nnnn1[*:1],[*:1]c1nnn([*:2])n1,-0.727283,-2.9075,0,-0.0023,-0.0942349,-1.04582,20.2028,
71158596,cand_013,cand_044,[*:2]N=[N+]=[N-].[*:1]NNn1cnnn1,[*:1]c1nnn([*:2])n1,[*:2]c1nnnn1[*:1],-6.09061,-29.1235,0,-0.025,-0.00850133,0.0480784,-67.6931,
71158596,cand_044,cand_013,[*:2]N=[N+]=[N-].[*:1]NNn1cnnn1,[*:2]c1nnnn1[*:1],[*:1]c1nnn([*:2])n1,6.09061,29.1235,0,0.025,0.00850133,-0.0480784,67.6931,
294,cand_021,cand_035,[*:1]/N=[N+](/[O-])n1nnnc1[N+](=O)[O-].[*:2]N=[N+]=[N-],[*:1]c1nnn([*:2])n1,[*:2]c1nnn([*:1])n1,-3.49836,-13.0482,0,-0.0093,-0.0621485,-0.668243,-10.6967,
294,cand_035,cand_021,[*:1]/N=[N+](/[O-])n1nnnc1[N+](=O)[O-].[*:2]N=[N+]=[N-],[*:2]c1nnn([*:1])n1,[*:1]c1nnn([*:2])n1,3.49836,13.0482,0,0.0093,0.0621485,0.668243,10.6967,
606,cand_061,cand_058,[*:1]/[N+]([O-])=N/c1nnn(N=[N+]=[N-])n1.[*:2]N[N+](=O)[O-],[*:1]c1nnn([*:2])n1,[*:2]c1nnn([*:1])n1,-1.31902,-4.65873,0,-0.0034,-0.277442,-3.26882,-41.7056,
606,cand_058,cand_061,[*:1]/[N+]([O-])=N/c1nnn(N=[N+]=[N-])n1.[*:2]N[N+](=O)[O-],[*:2]c1nnn([*:1])n1,[*:1]c1nnn([*:2])n1,1.31902,4.65873,0,0.0034,0.277442,3.26882,41.7056,
300,cand_014,cand_032,[*:1]/N=[N+](\[O-])c1nnnn1N=[N+]=[N-],[*:1]c1nnn(N[N+](=O)[O-])n1,[*:1]c1nnn([N+](=O)[O-])n1,-10.7754,40.1115,2.50897,-0.0103,-0.00604553,-0.0866628,18.3874,
300,cand_032,cand_014,[*:1]/N=[N+](\[O-])c1nnnn1N=[N+]=[N-],[*:1]c1nnn([N+](=O)[O-])n1,[*:1]c1nnn(N[N+](=O)[O-])n1,10.7754,-40.1115,-2.50897,0.0103,0.00604553,0.0866628,-18.3874,
306,cand_014,cand_032,[*:2]/N=[N+](\[O-])c1nnnn1N=[N+]=[N-].[*:1][N+](=O)[O-],[*:1]Nn1nnc([*:2])n1,[*:2]c1nnn([*:1])n1,-10.7754,40.1115,2.50897,-0.0103,-0.00604553,-0.0866628,18.3874,
306,cand_032,cand_014,[*:2]/N=[N+](\[O-])c1nnnn1N=[N+]=[N-].[*:1][N+](=O)[O-],[*:2]c1nnn([*:1])n1,[*:1]Nn1nnc([*:2])n1,10.7754,-40.1115,-2.50897,0.0103,0.00604553,0.0866628,-18.3874,
330,cand_046,cand_034,[*:1]/N=[N+](\[O-])n1nnnc1N=[N+]=[N-],[*:1]n1nnnc1N[N+](=O)[O-],[*:1]n1nnnc1[N+](=O)[O-],-6.70602,54.2176,2.50897,0.0001,0.104894,1.14463,1.8215,
330,cand_034,cand_046,[*:1]/N=[N+](\[O-])n1nnnc1N=[N+]=[N-],[*:1]n1nnnc1[N+](=O)[O-],[*:1]n1nnnc1N[N+](=O)[O-],6.70602,-54.2176,-2.50897,-0.0001,-0.104894,-1.14463,-1.8215,
426,cand_056,cand_021,[*:1]/[N+]([O-])=N/c1nnn(N=[N+]=[N-])n1,[*:1]n1nnnc1N[N+](=O)[O-],[*:1]n1nnnc1[N+](=O)[O-],-2.919,68.4839,2.50897,0.0102,-0.072446,-0.99843,0.914,
426,cand_021,cand_056,[*:1]/[N+]([O-])=N/c1nnn(N=[N+]=[N-])n1,[*:1]n1nnnc1[N+](=O)[O-],[*:1]n1nnnc1N[N+](=O)[O-],2.919,-68.4839,-2.50897,-0.0102,0.072446,0.99843,-0.914,
774,cand_011,cand_001,[*:1]/[N+]([O-])=N/c1nnnn1N=[N+]=[N-],[*:1]n1nnnc1N[N+](=O)[O-],[*:1]n1nnnc1[N+](=O)[O-],-5.6882,59.647,2.50897,0.0034,0.0271737,0.222704,14.987,
774,cand_001,cand_011,[*:1]/[N+]([O-])=N/c1nnnn1N=[N+]=[N-],[*:1]n1nnnc1[N+](=O)[O-],[*:1]n1nnnc1N[N+](=O)[O-],5.6882,-59.647,-2.50897,-0.0034,-0.0271737,-0.222704,-14.987,
119262570,cand_033,cand_016,[*:1]NNn1nnnc1[N+](=O)[O-],[*:1]n1nnnc1N[N+](=O)[O-],[*:1]n1nnnc1[N+](=O)[O-],-8.34319,45.8366,2.58812,-0.0018,-0.0900356,-1.13028,-0.0504,
119262570,cand_016,cand_033,[*:1]NNn1nnnc1[N+](=O)[O-],[*:1]n1nnnc1[N+](=O)[O-],[*:1]n1nnnc1N[N+](=O)[O-],8.34319,-45.8366,-2.58812,0.0018,0.0900356,1.13028,0.0504,
336,cand_053,cand_034,[*:1]/N=[N+](\[O-])n1nnnc1N=[N+]=[N-],[*:1]c1nnnn1N[N+](=O)[O-],[*:1]n1nnnc1[N+](=O)[O-],-5.74655,57.6063,2.50897,0.0026,0.0155981,0.0882565,-2.7849,
336,cand_034,cand_053,[*:1]/N=[N+](\[O-])n1nnnc1N=[N+]=[N-],[*:1]n1nnnc1[N+](=O)[O-],[*:1]c1nnnn1N[N+](=O)[O-],5.74655,-57.6063,-2.50897,-0.0026,-0.0155981,-0.0882565,2.7849,
420,cand_031,cand_021,[*:1]/[N+]([O-])=N/c1nnn(N=[N+]=[N-])n1,[*:1]c1nnnn1N[N+](=O)[O-],[*:1]n1nnnc1[N+](=O)[O-],-5.94234,57.8056,2.50897,0.0023,-0.0320569,-0.471009,-0.2153,
420,cand_021,cand_031,[*:1]/[N+]([O-])=N/c1nnn(N=[N+]=[N-])n1,[*:1]n1nnnc1[N+](=O)[O-],[*:1]c1nnnn1N[N+](=O)[O-],5.94234,-57.8056,-2.50897,-0.0023,0.0320569,0.471009,0.2153,
768,cand_008,cand_001,[*:1]/[N+]([O-])=N/c1nnnn1N=[N+]=[N-],[*:1]c1nnnn1N[N+](=O)[O-],[*:1]n1nnnc1[N+](=O)[O-],-5.7773,59.3323,2.50897,0.0031,-0.0545832,-0.754919,26.5207,
768,cand_001,cand_008,[*:1]/[N+]([O-])=N/c1nnnn1N=[N+]=[N-],[*:1]n1nnnc1[N+](=O)[O-],[*:1]c1nnnn1N[N+](=O)[O-],5.7773,-59.3323,-2.50897,-0.0031,0.0545832,0.754919,-26.5207,
119262576,cand_037,cand_016,[*:1]NNn1nnnc1[N+](=O)[O-],[*:1]c1nnnn1N[N+](=O)[O-],[*:1]n1nnnc1[N+](=O)[O-],-6.59997,52.219,2.58812,0.003,-0.0336381,-0.494566,0.074,
119262576,cand_016,cand_037,[*:1]NNn1nnnc1[N+](=O)[O-],[*:1]n1nnnc1[N+](=O)[O-],[*:1]c1nnnn1N[N+](=O)[O-],6.59997,-52.219,-2.58812,-0.003,0.0336381,0.494566,-0.074,
342,cand_053,cand_046,[*:1]/N=[N+](\[O-])n1nnnc1N=[N+]=[N-],[*:1]c1nnnn1N[N+](=O)[O-],[*:1]n1nnnc1N[N+](=O)[O-],0.959462,3.38877,0,0.0025,-0.0892958,-1.05637,-4.6064,
342,cand_046,cand_053,[*:1]/N=[N+](\[O-])n1nnnc1N=[N+]=[N-],[*:1]n1nnnc1N[N+](=O)[O-],[*:1]c1nnnn1N[N+](=O)[O-],-0.959462,-3.38877,0,-0.0025,0.0892958,1.05637,4.6064,
516,cand_031,cand_056,[*:1]/[N+]([O-])=N/c1nnn(N=[N+]=[N-])n1,[*:1]c1nnnn1N[N+](=O)[O-],[*:1]n1nnnc1N[N+](=O)[O-],-3.02334,-10.6783,0,-0.0079,0.0403891,0.527422,-1.1293,
516,cand_056,cand_031,[*:1]/[N+]([O-])=N/c1nnn(N=[N+]=[N-])n1,[*:1]n1nnnc1N[N+](=O)[O-],[*:1]c1nnnn1N[N+](=O)[O-],3.02334,10.6783,0,0.0079,-0.0403891,-0.527422,1.1293,
882,cand_008,cand_011,[*:1]/[N+]([O-])=N/c1nnnn1N=[N+]=[N-],[*:1]c1nnnn1N[N+](=O)[O-],[*:1]n1nnnc1N[N+](=O)[O-],-0.089106,-0.314718,0,-0.0003,-0.0817569,-0.977623,11.5337,
882,cand_011,cand_008,[*:1]/[N+]([O-])=N/c1nnnn1N=[N+]=[N-],[*:1]n1nnnc1N[N+](=O)[O-],[*:1]c1nnnn1N[N+](=O)[O-],0.089106,0.314718,0,0.0003,0.0817569,0.977623,-11.5337,
119264160,cand_037,cand_033,[*:1]NNn1nnnc1[N+](=O)[O-],[*:1]c1nnnn1N[N+](=O)[O-],[*:1]n1nnnc1N[N+](=O)[O-],1.74322,6.38239,0,0.0048,0.0563975,0.635715,0.1244,
119264160,cand_033,cand_037,[*:1]NNn1nnnc1[N+](=O)[O-],[*:1]n1nnnc1N[N+](=O)[O-],[*:1]c1nnnn1N[N+](=O)[O-],-1.74322,-6.38239,0,-0.0048,-0.0563975,-0.635715,-0.1244,
378,cand_004,cand_048,[*:1]/N=[N+](\[O-])n1nnnc1N[N+](=O)[O-],[*:1]c1nnnn1N[N+](=O)[O-],[*:1]n1ncnn1,-14.5906,-12.1494,-13.2166,-0.0112,-0.464875,-5.01377,-0.0168,
378,cand_048,cand_004,[*:1]/N=[N+](\[O-])n1nnnc1N[N+](=O)[O-],[*:1]n1ncnn1,[*:1]c1nnnn1N[N+](=O)[O-],14.5906,12.1494,13.2166,0.0112,0.464875,5.01377,0.0168,
906,cand_008,cand_054,[*:1]/[N+]([O-])=N/c1nnnn1N=[N+]=[N-],[*:1]c1nnnn1N[N+](=O)[O-],[*:1]n1ncnn1,-17.5983,-15.6624,-16.6219,-0.0186,-0.507313,-5.2597,247.749,
906,cand_054,cand_008,[*:1]/[N+]([O-])=N/c1nnnn1N=[N+]=[N-],[*:1]n1ncnn1,[*:1]c1nnnn1N[N+](=O)[O-],17.5983,15.6624,16.6219,0.0186,0.507313,5.2597,-247.749,
1086,cand_009,cand_055,[*:1]/[N+]([O-])=N/c1nnnn1N[N+](=O)[O-],[*:1]c1nnnn1N[N+](=O)[O-],[*:1]n1ncnn1,-19.9558,-30.1806,-13.2166,-0.0247,-0.281478,-2.75794,4.4094,
1086,cand_055,cand_009,[*:1]/[N+]([O-])=N/c1nnnn1N[N+](=O)[O-],[*:1]n1ncnn1,[*:1]c1nnnn1N[N+](=O)[O-],19.9558,30.1806,13.2166,0.0247,0.281478,2.75794,-4.4094,
384,cand_026,cand_048,[*:1]/N=[N+](\[O-])n1nnnc1N[N+](=O)[O-],[*:1]c1nnn(N[N+](=O)[O-])n1,[*:1]n1ncnn1,-14.5611,-12.0517,-13.2166,-0.0111,-0.462028,-4.97946,-0.8248,
384,cand_048,cand_026,[*:1]/N=[N+](\[O-])n1nnnc1N[N+](=O)[O-],[*:1]n1ncnn1,[*:1]c1nnn(N[N+](=O)[O-])n1,14.5611,12.0517,13.2166,0.0111,0.462028,4.97946,0.8248,
402,cand_039,cand_010,[*:1]/N=[N+](\[O-])n1nnnc1[N+](=O)[O-],[*:1]c1nnnn1O,[*:1]n1ncnn1,25.0708,30.1782,-7.2772,0.0234,-0.375079,-4.3456,-3.3539,
402,cand_010,cand_039,[*:1]/N=[N+](\[O-])n1nnnc1[N+](=O)[O-],[*:1]n1ncnn1,[*:1]c1nnnn1O,-25.0708,-30.1782,7.2772,-0.0234,0.375079,4.3456,3.3539,
414,cand_030,cand_021,[*:1]/[N+]([O-])=N/c1nnn(N=[N+]=[N-])n1,[*:1]c1nnnn1[N+](=O)[O-],[*:1]n1nnnc1[N+](=O)[O-],1.73506,6.47146,0,0.0046,-0.149957,-1.80855,-117.016,
414,cand_021,cand_030,[*:1]/[N+]([O-])=N/c1nnn(N=[N+]=[N-])n1,[*:1]n1nnnc1[N+](=O)[O-],[*:1]c1nnnn1[N+](=O)[O-],-1.73506,-6.47146,0,-0.0046,0.149957,1.80855,117.016,
762,cand_007,cand_001,[*:1]/[N+]([O-])=N/c1nnnn1N=[N+]=[N-],[*:1]c1nnnn1[N+](=O)[O-],[*:1]n1nnnc1[N+](=O)[O-],2.03564,7.59256,0,0.0054,-0.133505,-1.64416,-120.345,
762,cand_001,cand_007,[*:1]/[N+]([O-])=N/c1nnnn1N=[N+]=[N-],[*:1]n1nnnc1[N+](=O)[O-],[*:1]c1nnnn1[N+](=O)[O-],-2.03564,-7.59256,0,-0.0054,0.133505,1.64416,120.345,
438,cand_058,cand_021,[*:1]/[N+]([O-])=N/c1nnn(N=[N+]=[N-])n1,[*:1]n1nnc(N[N+](=O)[O-])n1,[*:1]n1nnnc1[N+](=O)[O-],-1.74367,72.6351,2.50897,0.0132,0.0796815,0.769535,9.8643,
438,cand_021,cand_058,[*:1]/[N+]([O-])=N/c1nnn(N=[N+]=[N-])n1,[*:1]n1nnnc1[N+](=O)[O-],[*:1]n1nnc(N[N+](=O)[O-])n1,1.74367,-72.6351,-2.50897,-0.0132,-0.0796815,-0.769535,-9.8643,
786,cand_025,cand_001,[*:1]/[N+]([O-])=N/c1nnnn1N=[N+]=[N-],[*:1]n1nnc(N[N+](=O)[O-])n1,[*:1]n1nnnc1[N+](=O)[O-],-2.09822,72.3266,2.50897,0.0127,0.0223688,0.107177,11.6324,
786,cand_001,cand_025,[*:1]/[N+]([O-])=N/c1nnnn1N=[N+]=[N-],[*:1]n1nnnc1[N+](=O)[O-],[*:1]n1nnc(N[N+](=O)[O-])n1,2.09822,-72.3266,-2.50897,-0.0127,-0.0223688,-0.107177,-11.6324,
444,cand_061,cand_021,[*:1]/[N+]([O-])=N/c1nnn(N=[N+]=[N-])n1,[*:1]c1nnn(N[N+](=O)[O-])n1,[*:1]n1nnnc1[N+](=O)[O-],-3.0627,67.9763,2.50897,0.0098,-0.19776,-2.49928,-31.8413,
444,cand_021,cand_061,[*:1]/[N+]([O-])=N/c1nnn(N=[N+]=[N-])n1,[*:1]n1nnnc1[N+](=O)[O-],[*:1]c1nnn(N[N+](=O)[O-])n1,3.0627,-67.9763,-2.50897,-0.0098,0.19776,2.49928,31.8413,
450,cand_029,cand_030,[*:1]/[N+]([O-])=N/c1nnn(N=[N+]=[N-])n1,[*:1]c1nnnn1N=[N+]=[N-],[*:1]c1nnnn1[N+](=O)[O-],-81.2969,20.6108,12.2052,-0.0048,0.325384,3.46054,-110.334,
450,cand_030,cand_029,[*:1]/[N+]([O-])=N/c1nnn(N=[N+]=[N-])n1,[*:1]c1nnnn1[N+](=O)[O-],[*:1]c1nnnn1N=[N+]=[N-],81.2969,-20.6108,-12.2052,0.0048,-0.325384,-3.46054,110.334,
804,cand_006,cand_007,[*:1]/[N+]([O-])=N/c1nnnn1N=[N+]=[N-],[*:1]c1nnnn1N=[N+]=[N-],[*:1]c1nnnn1[N+](=O)[O-],-80.2533,24.3105,12.2052,-0.0023,0.436292,4.77761,76.371,
804,cand_007,cand_006,[*:1]/[N+]([O-])=N/c1nnnn1N=[N+]=[N-],[*:1]c1nnnn1[N+](=O)[O-],[*:1]c1nnnn1N=[N+]=[N-],80.2533,-24.3105,-12.2052,0.0023,-0.436292,-4.77761,-76.371,
486,cand_031,cand_030,[*:1]/[N+]([O-])=N/c1nnn(N=[N+]=[N-])n1,[*:1]c1nnnn1N[N+](=O)[O-],[*:1]c1nnnn1[N+](=O)[O-],-7.6774,51.3341,2.50897,-0.0023,0.1179,1.33754,116.8,
486,cand_030,cand_031,[*:1]/[N+]([O-])=N/c1nnn(N=[N+]=[N-])n1,[*:1]c1nnnn1[N+](=O)[O-],[*:1]c1nnnn1N[N+](=O)[O-],7.6774,-51.3341,-2.50897,0.0023,-0.1179,-1.33754,-116.8,
846,cand_008,cand_007,[*:1]/[N+]([O-])=N/c1nnnn1N=[N+]=[N-],[*:1]c1nnnn1N[N+](=O)[O-],[*:1]c1nnnn1[N+](=O)[O-],-7.81294,51.7397,2.50897,-0.0023,0.0789216,0.889245,146.865,
846,cand_007,cand_008,[*:1]/[N+]([O-])=N/c1nnnn1N=[N+]=[N-],[*:1]c1nnnn1[N+](=O)[O-],[*:1]c1nnnn1N[N+](=O)[O-],7.81294,-51.7397,-2.50897,0.0023,-0.0789216,-0.889245,-146.865,
492,cand_030,cand_056,[*:1]/[N+]([O-])=N/c1nnn(N=[N+]=[N-])n1,[*:1]c1nnnn1[N+](=O)[O-],[*:1]n1nnnc1N[N+](=O)[O-],4.65406,-62.0124,-2.50897,-0.0056,-0.0775109,-0.810123,-117.93,
492,cand_056,cand_030,[*:1]/[N+]([O-])=N/c1nnn(N=[N+]=[N-])n1,[*:1]n1nnnc1N[N+](=O)[O-],[*:1]c1nnnn1[N+](=O)[O-],-4.65406,62.0124,2.50897,0.0056,0.0775109,0.810123,117.93,
852,cand_007,cand_011,[*:1]/[N+]([O-])=N/c1nnnn1N=[N+]=[N-],[*:1]c1nnnn1[N+](=O)[O-],[*:1]n1nnnc1N[N+](=O)[O-],7.72384,-52.0544,-2.50897,0.002,-0.160679,-1.86687,-135.332,
852,cand_011,cand_007,[*:1]/[N+]([O-])=N/c1nnnn1N=[N+]=[N-],[*:1]n1nnnc1N[N+](=O)[O-],[*:1]c1nnnn1[N+](=O)[O-],-7.72384,52.0544,2.50897,-0.002,0.160679,1.86687,135.332,
498,cand_030,cand_057,[*:1]/[N+]([O-])=N/c1nnn(N=[N+]=[N-])n1,[*:1]c1nnnn1[N+](=O)[O-],[*:1]n1nnc([N+](=O)[O-])n1,-3.3076,-12.3367,0,-0.0087,-0.10301,-1.17186,-91.7608,
498,cand_057,cand_030,[*:1]/[N+]([O-])=N/c1nnn(N=[N+]=[N-])n1,[*:1]n1nnc([N+](=O)[O-])n1,[*:1]c1nnnn1[N+](=O)[O-],3.3076,12.3367,0,0.0087,0.10301,1.17186,91.7608,
858,cand_007,cand_024,[*:1]/[N+]([O-])=N/c1nnnn1N=[N+]=[N-],[*:1]c1nnnn1[N+](=O)[O-],[*:1]n1nnc([N+](=O)[O-])n1,-2.40775,-8.98047,0,-0.0064,-0.16315,-1.92331,-140.243,
858,cand_024,cand_007,[*:1]/[N+]([O-])=N/c1nnnn1N=[N+]=[N-],[*:1]n1nnc([N+](=O)[O-])n1,[*:1]c1nnnn1[N+](=O)[O-],2.40775,8.98047,0,0.0064,0.16315,1.92331,140.243,
504,cand_030,cand_058,[*:1]/[N+]([O-])=N/c1nnn(N=[N+]=[N-])n1,[*:1]c1nnnn1[N+](=O)[O-],[*:1]n1nnc(N[N+](=O)[O-])n1,3.47874,-66.1636,-2.50897,-0.0086,-0.229638,-2.57809,-126.88,
504,cand_058,cand_030,[*:1]/[N+]([O-])=N/c1nnn(N=[N+]=[N-])n1,[*:1]n1nnc(N[N+](=O)[O-])n1,[*:1]c1nnnn1[N+](=O)[O-],-3.47874,66.1636,2.50897,0.0086,0.229638,2.57809,126.88,
864,cand_007,cand_025,[*:1]/[N+]([O-])=N/c1nnnn1N=[N+]=[N-],[*:1]c1nnnn1[N+](=O)[O-],[*:1]n1nnc(N[N+](=O)[O-])n1,4.13386,-64.734,-2.50897,-0.0073,-0.155874,-1.75134,-131.977,
864,cand_025,cand_007,[*:1]/[N+]([O-])=N/c1nnnn1N=[N+]=[N-],[*:1]n1nnc(N[N+](=O)[O-])n1,[*:1]c1nnnn1[N+](=O)[O-],-4.13386,64.734,2.50897,0.0073,0.155874,1.75134,131.977,
510,cand_061,cand_030,[*:1]/[N+]([O-])=N/c1nnn(N=[N+]=[N-])n1,[*:1]c1nnn(N[N+](=O)[O-])n1,[*:1]c1nnnn1[N+](=O)[O-],-4.79776,61.5049,2.50897,0.0052,-0.0478034,-0.690728,85.1745,
510,cand_030,cand_061,[*:1]/[N+]([O-])=N/c1nnn(N=[N+]=[N-])n1,[*:1]c1nnnn1[N+](=O)[O-],[*:1]c1nnn(N[N+](=O)[O-])n1,4.79776,-61.5049,-2.50897,-0.0052,0.0478034,0.690728,-85.1745,
522,cand_031,cand_057,[*:1]/[N+]([O-])=N/c1nnn(N=[N+]=[N-])n1,[*:1]c1nnnn1N[N+](=O)[O-],[*:1]n1nnc([N+](=O)[O-])n1,-10.985,38.9974,2.50897,-0.011,0.0148901,0.165689,25.0397,
522,cand_057,cand_031,[*:1]/[N+]([O-])=N/c1nnn(N=[N+]=[N-])n1,[*:1]n1nnc([N+](=O)[O-])n1,[*:1]c1nnnn1N[N+](=O)[O-],10.985,-38.9974,-2.50897,0.011,-0.0148901,-0.165689,-25.0397,
888,cand_008,cand_024,[*:1]/[N+]([O-])=N/c1nnnn1N=[N+]=[N-],[*:1]c1nnnn1N[N+](=O)[O-],[*:1]n1nnc([N+](=O)[O-])n1,-10.2207,42.7592,2.50897,-0.0087,-0.0842287,-1.03406,6.6221,
888,cand_024,cand_008,[*:1]/[N+]([O-])=N/c1nnnn1N=[N+]=[N-],[*:1]n1nnc([N+](=O)[O-])n1,[*:1]c1nnnn1N[N+](=O)[O-],10.2207,-42.7592,-2.50897,0.0087,0.0842287,1.03406,-6.6221,
528,cand_031,cand_058,[*:1]/[N+]([O-])=N/c1nnn(N=[N+]=[N-])n1,[*:1]c1nnnn1N[N+](=O)[O-],[*:1]n1nnc(N[N+](=O)[O-])n1,-4.19867,-14.8295,0,-0.0109,-0.111738,-1.24054,-10.0796,
528,cand_058,cand_031,[*:1]/[N+]([O-])=N/c1nnn(N=[N+]=[N-])n1,[*:1]n1nnc(N[N+](=O)[O-])n1,[*:1]c1nnnn1N[N+](=O)[O-],4.19867,14.8295,0,0.0109,0.111738,1.24054,10.0796,
894,cand_008,cand_025,[*:1]/[N+]([O-])=N/c1nnnn1N=[N+]=[N-],[*:1]c1nnnn1N[N+](=O)[O-],[*:1]n1nnc(N[N+](=O)[O-])n1,-3.67909,-12.9943,0,-0.0096,-0.076952,-0.862096,14.8883,
894,cand_025,cand_008,[*:1]/[N+]([O-])=N/c1nnnn1N=[N+]=[N-],[*:1]n1nnc(N[N+](=O)[O-])n1,[*:1]c1nnnn1N[N+](=O)[O-],3.67909,12.9943,0,0.0096,0.076952,0.862096,-14.8883,
540,cand_057,cand_056,[*:1]/[N+]([O-])=N/c1nnn(N=[N+]=[N-])n1,[*:1]n1nnc([N+](=O)[O-])n1,[*:1]n1nnnc1N[N+](=O)[O-],7.96166,-49.6757,-2.50897,0.0031,0.025499,0.361733,-26.169,
540,cand_056,cand_057,[*:1]/[N+]([O-])=N/c1nnn(N=[N+]=[N-])n1,[*:1]n1nnnc1N[N+](=O)[O-],[*:1]n1nnc([N+](=O)[O-])n1,-7.96166,49.6757,2.50897,-0.0031,-0.025499,-0.361733,26.169,
912,cand_024,cand_011,[*:1]/[N+]([O-])=N/c1nnnn1N=[N+]=[N-],[*:1]n1nnc([N+](=O)[O-])n1,[*:1]n1nnnc1N[N+](=O)[O-],10.1316,-43.0739,-2.50897,0.0084,0.00247178,0.0564409,4.9116,
912,cand_011,cand_024,[*:1]/[N+]([O-])=N/c1nnnn1N=[N+]=[N-],[*:1]n1nnnc1N[N+](=O)[O-],[*:1]n1nnc([N+](=O)[O-])n1,-10.1316,43.0739,2.50897,-0.0084,-0.00247178,-0.0564409,-4.9116,
552,cand_061,cand_056,[*:1]/[N+]([O-])=N/c1nnn(N=[N+]=[N-])n1,[*:1]c1nnn(N[N+](=O)[O-])n1,[*:1]n1nnnc1N[N+](=O)[O-],-0.143699,-0.507537,0,-0.0004,-0.125314,-1.50085,-32.7553,
552,cand_056,cand_061,[*:1]/[N+]([O-])=N/c1nnn(N=[N+]=[N-])n1,[*:1]n1nnnc1N[N+](=O)[O-],[*:1]c1nnn(N[N+](=O)[O-])n1,0.143699,0.507537,0,0.0004,0.125314,1.50085,32.7553,
558,cand_058,cand_057,[*:1]/[N+]([O-])=N/c1nnn(N=[N+]=[N-])n1,[*:1]n1nnc(N[N+](=O)[O-])n1,[*:1]n1nnc([N+](=O)[O-])n1,-6.78634,53.8269,2.50897,-0.0001,0.126628,1.40623,35.1193,
558,cand_057,cand_058,[*:1]/[N+]([O-])=N/c1nnn(N=[N+]=[N-])n1,[*:1]n1nnc([N+](=O)[O-])n1,[*:1]n1nnc(N[N+](=O)[O-])n1,6.78634,-53.8269,-2.50897,0.0001,-0.126628,-1.40623,-35.1193,
936,cand_025,cand_024,[*:1]/[N+]([O-])=N/c1nnnn1N=[N+]=[N-],[*:1]n1nnc(N[N+](=O)[O-])n1,[*:1]n1nnc([N+](=O)[O-])n1,-6.54161,55.7536,2.50897,0.0009,-0.00727666,-0.171967,-8.2662,
936,cand_024,cand_025,[*:1]/[N+]([O-])=N/c1nnnn1N=[N+]=[N-],[*:1]n1nnc([N+](=O)[O-])n1,[*:1]n1nnc(N[N+](=O)[O-])n1,6.54161,-55.7536,-2.50897,-0.0009,0.00727666,0.171967,8.2662,
564,cand_061,cand_057,[*:1]/[N+]([O-])=N/c1nnn(N=[N+]=[N-])n1,[*:1]c1nnn(N[N+](=O)[O-])n1,[*:1]n1nnc([N+](=O)[O-])n1,-8.10536,49.1681,2.50897,-0.0035,-0.150813,-1.86258,-6.5863,
564,cand_057,cand_061,[*:1]/[N+]([O-])=N/c1nnn(N=[N+]=[N-])n1,[*:1]n1nnc([N+](=O)[O-])n1,[*:1]c1nnn(N[N+](=O)[O-])n1,8.10536,-49.1681,-2.50897,0.0035,0.150813,1.86258,6.5863,
570,cand_061,cand_058,[*:1]/[N+]([O-])=N/c1nnn(N=[N+]=[N-])n1,[*:1]c1nnn(N[N+](=O)[O-])n1,[*:1]n1nnc(N[N+](=O)[O-])n1,-1.31902,-4.65873,0,-0.0034,-0.277442,-3.26882,-41.7056,
570,cand_058,cand_061,[*:1]/[N+]([O-])=N/c1nnn(N=[N+]=[N-])n1,[*:1]n1nnc(N[N+](=O)[O-])n1,[*:1]c1nnn(N[N+](=O)[O-])n1,1.31902,4.65873,0,0.0034,0.277442,3.26882,41.7056,
636,cand_058,cand_021,[*:2]/[N+]([O-])=N/c1nnn(N=[N+]=[N-])n1.[*:1][N+](=O)[O-],[*:1]Nc1nnn([*:2])n1,[*:1]c1nnnn1[*:2],-1.74367,72.6351,2.50897,0.0132,0.0796815,0.769535,9.8643,
636,cand_021,cand_058,[*:2]/[N+]([O-])=N/c1nnn(N=[N+]=[N-])n1.[*:1][N+](=O)[O-],[*:1]c1nnnn1[*:2],[*:1]Nc1nnn([*:2])n1,1.74367,-72.6351,-2.50897,-0.0132,-0.0796815,-0.769535,-9.8643,
1014,cand_025,cand_001,[*:2]/[N+]([O-])=N/c1nnnn1N=[N+]=[N-].[*:1][N+](=O)[O-],[*:1]Nc1nnn([*:2])n1,[*:1]c1nnnn1[*:2],-2.09822,72.3266,2.50897,0.0127,0.0223688,0.107177,11.6324,
1014,cand_001,cand_025,[*:2]/[N+]([O-])=N/c1nnnn1N=[N+]=[N-].[*:1][N+](=O)[O-],[*:1]c1nnnn1[*:2],[*:1]Nc1nnn([*:2])n1,2.09822,-72.3266,-2.50897,-0.0127,-0.0223688,-0.107177,-11.6324,
642,cand_061,cand_021,[*:2]/[N+]([O-])=N/c1nnn(N=[N+]=[N-])n1.[*:1][N+](=O)[O-],[*:1]Nn1nnc([*:2])n1,[*:1]c1nnnn1[*:2],-3.0627,67.9763,2.50897,0.0098,-0.19776,-2.49928,-31.8413,
642,cand_021,cand_061,[*:2]/[N+]([O-])=N/c1nnn(N=[N+]=[N-])n1.[*:1][N+](=O)[O-],[*:1]c1nnnn1[*:2],[*:1]Nn1nnc([*:2])n1,3.0627,-67.9763,-2.50897,-0.0098,0.19776,2.49928,31.8413,
648,cand_031,cand_030,[*:2]/[N+]([O-])=N/c1nnn(N=[N+]=[N-])n1.[*:1][N+](=O)[O-],[*:1]Nn1nnnc1[*:2],[*:2]c1nnnn1[*:1],-7.6774,51.3341,2.50897,-0.0023,0.1179,1.33754,116.8,
648,cand_030,cand_031,[*:2]/[N+]([O-])=N/c1nnn(N=[N+]=[N-])n1.[*:1][N+](=O)[O-],[*:2]c1nnnn1[*:1],[*:1]Nn1nnnc1[*:2],7.6774,-51.3341,-2.50897,0.0023,-0.1179,-1.33754,-116.8,
1020,cand_008,cand_007,[*:2]/[N+]([O-])=N/c1nnnn1N=[N+]=[N-].[*:1][N+](=O)[O-],[*:1]Nn1nnnc1[*:2],[*:2]c1nnnn1[*:1],-7.81294,51.7397,2.50897,-0.0023,0.0789216,0.889245,146.865,
1020,cand_007,cand_008,[*:2]/[N+]([O-])=N/c1nnnn1N=[N+]=[N-].[*:1][N+](=O)[O-],[*:2]c1nnnn1[*:1],[*:1]Nn1nnnc1[*:2],7.81294,-51.7397,-2.50897,0.0023,-0.0789216,-0.889245,-146.865,
654,cand_056,cand_030,[*:2]/[N+]([O-])=N/c1nnn(N=[N+]=[N-])n1.[*:1][N+](=O)[O-],[*:1]Nc1nnnn1[*:2],[*:2]c1nnnn1[*:1],-4.65406,62.0124,2.50897,0.0056,0.0775109,0.810123,117.93,
654,cand_030,cand_056,[*:2]/[N+]([O-])=N/c1nnn(N=[N+]=[N-])n1.[*:1][N+](=O)[O-],[*:2]c1nnnn1[*:1],[*:1]Nc1nnnn1[*:2],4.65406,-62.0124,-2.50897,-0.0056,-0.0775109,-0.810123,-117.93,
1026,cand_011,cand_007,[*:2]/[N+]([O-])=N/c1nnnn1N=[N+]=[N-].[*:1][N+](=O)[O-],[*:1]Nc1nnnn1[*:2],[*:2]c1nnnn1[*:1],-7.72384,52.0544,2.50897,-0.002,0.160679,1.86687,135.332,
1026,cand_007,cand_011,[*:2]/[N+]([O-])=N/c1nnnn1N=[N+]=[N-].[*:1][N+](=O)[O-],[*:2]c1nnnn1[*:1],[*:1]Nc1nnnn1[*:2],7.72384,-52.0544,-2.50897,0.002,-0.160679,-1.86687,-135.332,
666,cand_058,cand_030,[*:2]/[N+]([O-])=N/c1nnn(N=[N+]=[N-])n1.[*:1][N+](=O)[O-],[*:1]Nc1nnn([*:2])n1,[*:2]c1nnnn1[*:1],-3.47874,66.1636,2.50897,0.0086,0.229638,2.57809,126.88,
666,cand_030,cand_058,[*:2]/[N+]([O-])=N/c1nnn(N=[N+]=[N-])n1.[*:1][N+](=O)[O-],[*:2]c1nnnn1[*:1],[*:1]Nc1nnn([*:2])n1,3.47874,-66.1636,-2.50897,-0.0086,-0.229638,-2.57809,-126.88,
1038,cand_025,cand_007,[*:2]/[N+]([O-])=N/c1nnnn1N=[N+]=[N-].[*:1][N+](=O)[O-],[*:1]Nc1nnn([*:2])n1,[*:2]c1nnnn1[*:1],-4.13386,64.734,2.50897,0.0073,0.155874,1.75134,131.977,
1038,cand_007,cand_025,[*:2]/[N+]([O-])=N/c1nnnn1N=[N+]=[N-].[*:1][N+](=O)[O-],[*:2]c1nnnn1[*:1],[*:1]Nc1nnn([*:2])n1,4.13386,-64.734,-2.50897,-0.0073,-0.155874,-1.75134,-131.977,
672,cand_061,cand_030,[*:2]/[N+]([O-])=N/c1nnn(N=[N+]=[N-])n1.[*:1][N+](=O)[O-],[*:1]Nn1nnc([*:2])n1,[*:2]c1nnnn1[*:1],-4.79776,61.5049,2.50897,0.0052,-0.0478034,-0.690728,85.1745,
672,cand_030,cand_061,[*:2]/[N+]([O-])=N/c1nnn(N=[N+]=[N-])n1.[*:1][N+](=O)[O-],[*:2]c1nnnn1[*:1],[*:1]Nn1nnc([*:2])n1,4.79776,-61.5049,-2.50897,-0.0052,0.0478034,0.690728,-85.1745,
690,cand_058,cand_031,[*:2]/[N+]([O-])=N/c1nnn(N=[N+]=[N-])n1.[*:1][N+](=O)[O-],[*:1]Nc1nnn([*:2])n1,[*:1]Nn1nnnc1[*:2],4.19867,14.8295,0,0.0109,0.111738,1.24054,10.0796,
690,cand_031,cand_058,[*:2]/[N+]([O-])=N/c1nnn(N=[N+]=[N-])n1.[*:1][N+](=O)[O-],[*:1]Nn1nnnc1[*:2],[*:1]Nc1nnn([*:2])n1,-4.19867,-14.8295,0,-0.0109,-0.111738,-1.24054,-10.0796,
1056,cand_025,cand_008,[*:2]/[N+]([O-])=N/c1nnnn1N=[N+]=[N-].[*:1][N+](=O)[O-],[*:1]Nc1nnn([*:2])n1,[*:1]Nn1nnnc1[*:2],3.67909,12.9943,0,0.0096,0.076952,0.862096,-14.8883,
1056,cand_008,cand_025,[*:2]/[N+]([O-])=N/c1nnnn1N=[N+]=[N-].[*:1][N+](=O)[O-],[*:1]Nn1nnnc1[*:2],[*:1]Nc1nnn([*:2])n1,-3.67909,-12.9943,0,-0.0096,-0.076952,-0.862096,14.8883,
73389078,cand_022,cand_036,[*:2]N=[N+]=[N-].[*:1]Nc1nnnn1N=[N+]=[N-],[*:1]Nc1nnn([*:2])n1,[*:1]Nn1nnnc1[*:2],0.727283,2.9075,0,0.0023,0.0942349,1.04582,-20.2028,
73389078,cand_036,cand_022,[*:2]N=[N+]=[N-].[*:1]Nc1nnnn1N=[N+]=[N-],[*:1]Nn1nnnc1[*:2],[*:1]Nc1nnn([*:2])n1,-0.727283,-2.9075,0,-0.0023,-0.0942349,-1.04582,20.2028,
73730178,cand_013,cand_044,[*:2]N=[N+]=[N-].[*:1]Nn1cnnn1,[*:1]Nc1nnn([*:2])n1,[*:1]Nn1nnnc1[*:2],-6.09061,-29.1235,0,-0.025,-0.00850133,0.0480784,-67.6931,
73730178,cand_044,cand_013,[*:2]N=[N+]=[N-].[*:1]Nn1cnnn1,[*:1]Nn1nnnc1[*:2],[*:1]Nc1nnn([*:2])n1,6.09061,29.1235,0,0.025,0.00850133,-0.0480784,67.6931,
714,cand_056,cand_061,[*:2]/[N+]([O-])=N/c1nnn(N=[N+]=[N-])n1.[*:1][N+](=O)[O-],[*:1]Nc1nnnn1[*:2],[*:1]Nn1nnc([*:2])n1,0.143699,0.507537,0,0.0004,0.125314,1.50085,32.7553,
714,cand_061,cand_056,[*:2]/[N+]([O-])=N/c1nnn(N=[N+]=[N-])n1.[*:1][N+](=O)[O-],[*:1]Nn1nnc([*:2])n1,[*:1]Nc1nnnn1[*:2],-0.143699,-0.507537,0,-0.0004,-0.125314,-1.50085,-32.7553,
720,cand_058,cand_057,[*:2]/[N+]([O-])=N/c1nnn(N=[N+]=[N-])n1.[*:1][N+](=O)[O-],[*:1]Nc1nnn([*:2])n1,[*:1]c1nnn([*:2])n1,-6.78634,53.8269,2.50897,-0.0001,0.126628,1.40623,35.1193,
720,cand_057,cand_058,[*:2]/[N+]([O-])=N/c1nnn(N=[N+]=[N-])n1.[*:1][N+](=O)[O-],[*:1]c1nnn([*:2])n1,[*:1]Nc1nnn([*:2])n1,6.78634,-53.8269,-2.50897,0.0001,-0.126628,-1.40623,-35.1193,
1074,cand_025,cand_024,[*:2]/[N+]([O-])=N/c1nnnn1N=[N+]=[N-].[*:1][N+](=O)[O-],[*:1]Nc1nnn([*:2])n1,[*:1]c1nnn([*:2])n1,-6.54161,55.7536,2.50897,0.0009,-0.00727666,-0.171967,-8.2662,
1074,cand_024,cand_025,[*:2]/[N+]([O-])=N/c1nnnn1N=[N+]=[N-].[*:1][N+](=O)[O-],[*:1]c1nnn([*:2])n1,[*:1]Nc1nnn([*:2])n1,6.54161,-55.7536,-2.50897,-0.0009,0.00727666,0.171967,8.2662,
726,cand_061,cand_057,[*:2]/[N+]([O-])=N/c1nnn(N=[N+]=[N-])n1.[*:1][N+](=O)[O-],[*:1]Nn1nnc([*:2])n1,[*:1]c1nnn([*:2])n1,-8.10536,49.1681,2.50897,-0.0035,-0.150813,-1.86258,-6.5863,
726,cand_057,cand_061,[*:2]/[N+]([O-])=N/c1nnn(N=[N+]=[N-])n1.[*:1][N+](=O)[O-],[*:1]c1nnn([*:2])n1,[*:1]Nn1nnc([*:2])n1,8.10536,-49.1681,-2.50897,0.0035,0.150813,1.86258,6.5863,
732,cand_058,cand_061,[*:2]/[N+]([O-])=N/c1nnn(N=[N+]=[N-])n1.[*:1][N+](=O)[O-],[*:1]Nc1nnn([*:2])n1,[*:1]Nn1nnc([*:2])n1,1.31902,4.65873,0,0.0034,0.277442,3.26882,41.7056,
732,cand_061,cand_058,[*:2]/[N+]([O-])=N/c1nnn(N=[N+]=[N-])n1.[*:1][N+](=O)[O-],[*:1]Nn1nnc([*:2])n1,[*:1]Nc1nnn([*:2])n1,-1.31902,-4.65873,0,-0.0034,-0.277442,-3.26882,-41.7056,
792,cand_051,cand_001,[*:1]/[N+]([O-])=N/c1nnnn1N=[N+]=[N-],[*:1]n1cnnn1,[*:1]n1nnnc1[N+](=O)[O-],11.228,72.3369,19.1309,0.0197,0.433513,4.29998,-5.5,
792,cand_001,cand_051,[*:1]/[N+]([O-])=N/c1nnnn1N=[N+]=[N-],[*:1]n1nnnc1[N+](=O)[O-],[*:1]n1cnnn1,-11.228,-72.3369,-19.1309,-0.0197,-0.433513,-4.29998,5.5,
106863546,cand_003,cand_050,[*:1]NNc1nnnn1N=[N+]=[N-],[*:1]n1cnnn1,[*:1]n1nnnc1[N+](=O)[O-],6.53734,160.851,23.1911,-0.0482,0.261776,2.84477,-76.236,
106863546,cand_050,cand_003,[*:1]NNc1nnnn1N=[N+]=[N-],[*:1]n1nnnc1[N+](=O)[O-],[*:1]n1cnnn1,-6.53734,-160.851,-23.1911,0.0482,-0.261776,-2.84477,76.236,
798,cand_054,cand_001,[*:1]/[N+]([O-])=N/c1nnnn1N=[N+]=[N-],[*:1]n1ncnn1,[*:1]n1nnnc1[N+](=O)[O-],11.821,74.9946,19.1309,0.0217,0.452729,4.50478,-221.228,
798,cand_001,cand_054,[*:1]/[N+]([O-])=N/c1nnnn1N=[N+]=[N-],[*:1]n1nnnc1[N+](=O)[O-],[*:1]n1ncnn1,-11.821,-74.9946,-19.1309,-0.0217,-0.452729,-4.50478,221.228,
106866684,cand_012,cand_050,[*:1]NNc1nnnn1N=[N+]=[N-],[*:1]n1ncnn1,[*:1]n1nnnc1[N+](=O)[O-],10.01,177.456,23.1911,-0.0339,0.310497,3.29902,-153.829,
106866684,cand_050,cand_012,[*:1]NNc1nnnn1N=[N+]=[N-],[*:1]n1nnnc1[N+](=O)[O-],[*:1]n1ncnn1,-10.01,-177.456,-23.1911,0.0339,-0.310497,-3.29902,153.829,
834,cand_006,cand_051,[*:1]/[N+]([O-])=N/c1nnnn1N=[N+]=[N-],[*:1]c1nnnn1N=[N+]=[N-],[*:1]n1cnnn1,-89.4457,-40.4338,-6.92573,-0.0166,-0.130726,-1.16654,-38.4735,
834,cand_051,cand_006,[*:1]/[N+]([O-])=N/c1nnnn1N=[N+]=[N-],[*:1]n1cnnn1,[*:1]c1nnnn1N=[N+]=[N-],89.4457,40.4338,6.92573,0.0166,0.130726,1.16654,38.4735,
102327924,cand_022,cand_013,[*:1]NNc1nnn(N=[N+]=[N-])n1,[*:1]c1nnnn1N=[N+]=[N-],[*:1]n1cnnn1,-87.1258,-94.396,-10.097,0.0028,-0.0970441,-0.93202,-86.5642,
102327924,cand_013,cand_022,[*:1]NNc1nnn(N=[N+]=[N-])n1,[*:1]n1cnnn1,[*:1]c1nnnn1N=[N+]=[N-],87.1258,94.396,10.097,-0.0028,0.0970441,0.93202,86.5642,
106863522,cand_005,cand_003,[*:1]NNc1nnnn1N=[N+]=[N-],[*:1]c1nnnn1N=[N+]=[N-],[*:1]n1cnnn1,-85.6919,-85.7746,-10.097,0.0107,-0.0640227,-0.607802,-52.8208,
106863522,cand_003,cand_005,[*:1]NNc1nnnn1N=[N+]=[N-],[*:1]n1cnnn1,[*:1]c1nnnn1N=[N+]=[N-],85.6919,85.7746,10.097,-0.0107,0.0640227,0.607802,52.8208,
117251034,cand_036,cand_044,[*:1]NNn1nnnc1N=[N+]=[N-],[*:1]c1nnnn1N=[N+]=[N-],[*:1]n1cnnn1,-93.9437,-126.427,-10.097,-0.0245,-0.19978,-1.92976,-134.055,
117251034,cand_044,cand_036,[*:1]NNn1nnnc1N=[N+]=[N-],[*:1]n1cnnn1,[*:1]c1nnnn1N=[N+]=[N-],93.9437,126.427,10.097,0.0245,0.19978,1.92976,134.055,
840,cand_006,cand_054,[*:1]/[N+]([O-])=N/c1nnnn1N=[N+]=[N-],[*:1]c1nnnn1N=[N+]=[N-],[*:1]n1ncnn1,-90.0387,-43.0915,-6.92573,-0.0186,-0.149943,-1.37134,177.254,
840,cand_054,cand_006,[*:1]/[N+]([O-])=N/c1nnnn1N=[N+]=[N-],[*:1]n1ncnn1,[*:1]c1nnnn1N=[N+]=[N-],90.0387,43.0915,6.92573,0.0186,0.149943,1.37134,-177.254,
102329472,cand_022,cand_042,[*:1]NNc1nnn(N=[N+]=[N-])n1,[*:1]c1nnnn1N=[N+]=[N-],[*:1]n1ncnn1,-90.9304,-112.588,-10.097,-0.0128,-0.280661,-2.8368,-104.277,
102329472,cand_042,cand_022,[*:1]NNc1nnn(N=[N+]=[N-])n1,[*:1]n1ncnn1,[*:1]c1nnnn1N=[N+]=[N-],90.9304,112.588,10.097,0.0128,0.280661,2.8368,104.277,
106865100,cand_005,cand_012,[*:1]NNc1nnnn1N=[N+]=[N-],[*:1]c1nnnn1N=[N+]=[N-],[*:1]n1ncnn1,-89.1646,-102.38,-10.097,-0.0036,-0.112743,-1.06205,24.772,
106865100,cand_012,cand_005,[*:1]NNc1nnnn1N=[N+]=[N-],[*:1]n1ncnn1,[*:1]c1nnnn1N=[N+]=[N-],89.1646,102.38,10.097,0.0036,0.112743,1.06205,-24.772,
870,cand_007,cand_051,[*:1]/[N+]([O-])=N/c1nnnn1N=[N+]=[N-],[*:1]c1nnnn1[N+](=O)[O-],[*:1]n1cnnn1,-9.19233,-64.7443,-19.1309,-0.0143,-0.567018,-5.94414,-114.845,
870,cand_051,cand_007,[*:1]/[N+]([O-])=N/c1nnnn1N=[N+]=[N-],[*:1]n1cnnn1,[*:1]c1nnnn1[N+](=O)[O-],9.19233,64.7443,19.1309,0.0143,0.567018,5.94414,114.845,
876,cand_007,cand_054,[*:1]/[N+]([O-])=N/c1nnnn1N=[N+]=[N-],[*:1]c1nnnn1[N+](=O)[O-],[*:1]n1ncnn1,-9.78533,-67.402,-19.1309,-0.0163,-0.586234,-6.14894,100.883,
876,cand_054,cand_007,[*:1]/[N+]([O-])=N/c1nnnn1N=[N+]=[N-],[*:1]n1ncnn1,[*:1]c1nnnn1[N+](=O)[O-],9.78533,67.402,19.1309,0.0163,0.586234,6.14894,-100.883,
900,cand_008,cand_051,[*:1]/[N+]([O-])=N/c1nnnn1N=[N+]=[N-],[*:1]c1nnnn1N[N+](=O)[O-],[*:1]n1cnnn1,-17.0053,-13.0046,-16.6219,-0.0166,-0.488096,-5.0549,32.0207,
900,cand_051,cand_008,[*:1]/[N+]([O-])=N/c1nnnn1N=[N+]=[N-],[*:1]n1cnnn1,[*:1]c1nnnn1N[N+](=O)[O-],17.0053,13.0046,16.6219,0.0166,0.488096,5.0549,-32.0207,
1080,cand_009,cand_052,[*:1]/[N+]([O-])=N/c1nnnn1N[N+](=O)[O-],[*:1]c1nnnn1N[N+](=O)[O-],[*:1]n1cnnn1,-19.2047,-27.0783,-13.2166,-0.0224,-0.297591,-2.95906,0.5219,
1080,cand_052,cand_009,[*:1]/[N+]([O-])=N/c1nnnn1N[N+](=O)[O-],[*:1]n1cnnn1,[*:1]c1nnnn1N[N+](=O)[O-],19.2047,27.0783,13.2166,0.0224,0.297591,2.95906,-0.5219,
924,cand_051,cand_011,[*:1]/[N+]([O-])=N/c1nnnn1N=[N+]=[N-],[*:1]n1cnnn1,[*:1]n1nnnc1N[N+](=O)[O-],16.9162,12.6899,16.6219,0.0163,0.406339,4.07728,-20.487,
924,cand_011,cand_051,[*:1]/[N+]([O-])=N/c1nnnn1N=[N+]=[N-],[*:1]n1nnnc1N[N+](=O)[O-],[*:1]n1cnnn1,-16.9162,-12.6899,-16.6219,-0.0163,-0.406339,-4.07728,20.487,
1122,cand_045,cand_002,[*:1]/[N+]([O-])=N/n1nnnc1N[N+](=O)[O-],[*:1]n1cnnn1,[*:1]n1nnnc1N[N+](=O)[O-],19.6396,29.1735,13.2166,0.0239,0.528446,5.74521,1.0305,
1122,cand_002,cand_045,[*:1]/[N+]([O-])=N/n1nnnc1N[N+](=O)[O-],[*:1]n1nnnc1N[N+](=O)[O-],[*:1]n1cnnn1,-19.6396,-29.1735,-13.2166,-0.0239,-0.528446,-5.74521,-1.0305,
930,cand_054,cand_011,[*:1]/[N+]([O-])=N/c1nnnn1N=[N+]=[N-],[*:1]n1ncnn1,[*:1]n1nnnc1N[N+](=O)[O-],17.5092,15.3476,16.6219,0.0183,0.425556,4.28207,-236.215,
930,cand_011,cand_054,[*:1]/[N+]([O-])=N/c1nnnn1N=[N+]=[N-],[*:1]n1nnnc1N[N+](=O)[O-],[*:1]n1ncnn1,-17.5092,-15.3476,-16.6219,-0.0183,-0.425556,-4.28207,236.215,
942,cand_051,cand_024,[*:1]/[N+]([O-])=N/c1nnnn1N=[N+]=[N-],[*:1]n1cnnn1,[*:1]n1nnc([N+](=O)[O-])n1,6.78458,55.7638,19.1309,0.0079,0.403867,4.02084,-25.3986,
942,cand_024,cand_051,[*:1]/[N+]([O-])=N/c1nnnn1N=[N+]=[N-],[*:1]n1nnc([N+](=O)[O-])n1,[*:1]n1cnnn1,-6.78458,-55.7638,-19.1309,-0.0079,-0.403867,-4.02084,25.3986,
948,cand_054,cand_024,[*:1]/[N+]([O-])=N/c1nnnn1N=[N+]=[N-],[*:1]n1ncnn1,[*:1]n1nnc([N+](=O)[O-])n1,7.37758,58.4216,19.1309,0.0099,0.423084,4.22563,-241.127,
948,cand_024,cand_054,[*:1]/[N+]([O-])=N/c1nnnn1N=[N+]=[N-],[*:1]n1nnc([N+](=O)[O-])n1,[*:1]n1ncnn1,-7.37758,-58.4216,-19.1309,-0.0099,-0.423084,-4.22563,241.127,
954,cand_051,cand_025,[*:1]/[N+]([O-])=N/c1nnnn1N=[N+]=[N-],[*:1]n1cnnn1,[*:1]n1nnc(N[N+](=O)[O-])n1,13.3262,0.01026,16.6219,0.007,0.411144,4.1928,-17.1324,
954,cand_025,cand_051,[*:1]/[N+]([O-])=N/c1nnnn1N=[N+]=[N-],[*:1]n1nnc(N[N+](=O)[O-])n1,[*:1]n1cnnn1,-13.3262,-0.01026,-16.6219,-0.007,-0.411144,-4.1928,17.1324,
960,cand_054,cand_025,[*:1]/[N+]([O-])=N/c1nnnn1N=[N+]=[N-],[*:1]n1ncnn1,[*:1]n1nnc(N[N+](=O)[O-])n1,13.9192,2.66801,16.6219,0.009,0.430361,4.3976,-232.86,
960,cand_025,cand_054,[*:1]/[N+]([O-])=N/c1nnnn1N=[N+]=[N-],[*:1]n1nnc(N[N+](=O)[O-])n1,[*:1]n1ncnn1,-13.9192,-2.66801,-16.6219,-0.009,-0.430361,-4.3976,232.86,
966,cand_051,cand_054,[*:1]/[N+]([O-])=N/c1nnnn1N=[N+]=[N-],[*:1]n1cnnn1,[*:1]n1ncnn1,-0.592997,-2.65775,0,-0.002,-0.0192168,-0.204798,215.728,
966,cand_054,cand_051,[*:1]/[N+]([O-])=N/c1nnnn1N=[N+]=[N-],[*:1]n1ncnn1,[*:1]n1cnnn1,0.592997,2.65775,0,0.002,0.0192168,0.204798,-215.728,
1092,cand_052,cand_055,[*:1]/[N+]([O-])=N/c1nnnn1N[N+](=O)[O-],[*:1]n1cnnn1,[*:1]n1ncnn1,-0.751129,-3.1023,0,-0.0023,0.0161135,0.201118,3.8875,
1092,cand_055,cand_052,[*:1]/[N+]([O-])=N/c1nnnn1N[N+](=O)[O-],[*:1]n1ncnn1,[*:1]n1cnnn1,0.751129,3.1023,0,0.0023,-0.0161135,-0.201118,-3.8875,
1116,cand_047,cand_049,[*:1]/[N+]([O-])=N/n1nnc([N+](=O)[O-])n1,[*:1]n1cnnn1,[*:1]n1ncnn1,-1.29142,-5.68655,0,-0.004,0.00117996,0.0393973,30.6396,
1116,cand_049,cand_047,[*:1]/[N+]([O-])=N/n1nnc([N+](=O)[O-])n1,[*:1]n1ncnn1,[*:1]n1cnnn1,1.29142,5.68655,0,0.004,-0.00117996,-0.0393973,-30.6396,
102327936,cand_013,cand_042,[*:1]NNc1nnn(N=[N+]=[N-])n1,[*:1]n1cnnn1,[*:1]n1ncnn1,-3.80459,-18.1925,0,-0.0156,-0.183617,-1.90478,-17.7129,
102327936,cand_042,cand_013,[*:1]NNc1nnn(N=[N+]=[N-])n1,[*:1]n1ncnn1,[*:1]n1cnnn1,3.80459,18.1925,0,0.0156,0.183617,1.90478,17.7129,
106863528,cand_003,cand_012,[*:1]NNc1nnnn1N=[N+]=[N-],[*:1]n1cnnn1,[*:1]n1ncnn1,-3.47264,-16.6052,0,-0.0143,-0.0487204,-0.454248,77.5928,
106863528,cand_012,cand_003,[*:1]NNc1nnnn1N=[N+]=[N-],[*:1]n1ncnn1,[*:1]n1cnnn1,3.47264,16.6052,0,0.0143,0.0487204,0.454248,-77.5928,
110161818,cand_020,cand_043,[*:1]NNn1cnnn1,[*:1]n1cnnn1,[*:1]n1ncnn1,-4.76468,-28.3409,0,-0.0264,0.0162305,0.315281,28.6501,
110161818,cand_043,cand_020,[*:1]NNn1cnnn1,[*:1]n1ncnn1,[*:1]n1cnnn1,4.76468,28.3409,0,0.0264,-0.0162305,-0.315281,-28.6501,
1164,cand_053,cand_004,[*:1]/[N+]([O-])=N\c1nnnn1N[N+](=O)[O-],[*:1]n1nnnc1N=[N+]=[N-],[*:1]n1nnnc1N[N+](=O)[O-],-68.2518,-8.04952,8.47667,0.011,0.292925,3.16967,-5.5082,
1164,cand_004,cand_053,[*:1]/[N+]([O-])=N\c1nnnn1N[N+](=O)[O-],[*:1]n1nnnc1N[N+](=O)[O-],[*:1]n1nnnc1N=[N+]=[N-],68.2518,8.04952,-8.47667,-0.011,-0.292925,-3.16967,5.5082,
1170,cand_019,cand_053,[*:1]/[N+]([O-])=N\c1nnnn1N[N+](=O)[O-],[*:1]n1nnc(N[N+](=O)[O-])n1,[*:1]n1nnnc1N=[N+]=[N-],68.7632,9.74223,-8.47667,-0.0097,-0.208845,-2.15689,5.5876,
1170,cand_053,cand_019,[*:1]/[N+]([O-])=N\c1nnnn1N[N+](=O)[O-],[*:1]n1nnnc1N=[N+]=[N-],[*:1]n1nnc(N[N+](=O)[O-])n1,-68.7632,-9.74223,8.47667,0.0097,0.208845,2.15689,-5.5876,
27711942,cand_062,cand_059,[*:2]N.[*:1]c1nnnn1N=[N+]=[N-],[*:1]NNc1nnn([*:2])n1,[*:1]NNc1nnnn1[*:2],3.06852,13.6896,0,0.0123,0.0918315,0.943215,-83.8371,
27711942,cand_059,cand_062,[*:2]N.[*:1]c1nnnn1N=[N+]=[N-],[*:1]NNc1nnnn1[*:2],[*:1]NNc1nnn([*:2])n1,-3.06852,-13.6896,0,-0.0123,-0.0918315,-0.943215,83.8371,
80039244,cand_027,cand_022,[*:2]N=[N+]=[N-].[*:1]c1nnn(N=[N+]=[N-])n1,[*:1]NNc1nnn([*:2])n1,[*:1]NNc1nnnn1[*:2],3.88366,15.5259,0,0.0125,0.151282,1.59681,85.5172,
80039244,cand_022,cand_027,[*:2]N=[N+]=[N-].[*:1]c1nnn(N=[N+]=[N-])n1,[*:1]NNc1nnnn1[*:2],[*:1]NNc1nnn([*:2])n1,-3.88366,-15.5259,0,-0.0125,-0.151282,-1.59681,-85.5172,
84009096,cand_022,cand_005,[*:2]N=[N+]=[N-].[*:1]c1nnnn1N=[N+]=[N-],[*:1]NNc1nnn([*:2])n1,[*:1]NNc1nnnn1[*:2],2.2515,9.00098,0,0.0072,-0.0332365,-0.411259,-67.1116,
84009096,cand_005,cand_022,[*:2]N=[N+]=[N-].[*:1]c1nnnn1N=[N+]=[N-],[*:1]NNc1nnnn1[*:2],[*:1]NNc1nnn([*:2])n1,-2.2515,-9.00098,0,-0.0072,0.0332365,0.411259,67.1116,
87736230,cand_013,cand_003,[*:2]N=[N+]=[N-].[*:1]n1cnnn1,[*:1]NNc1nnn([*:2])n1,[*:1]NNc1nnnn1[*:2],3.68536,17.6224,0,0.0151,-0.000215165,-0.0870407,-33.3682,
87736230,cand_003,cand_013,[*:2]N=[N+]=[N-].[*:1]n1cnnn1,[*:1]NNc1nnnn1[*:2],[*:1]NNc1nnn([*:2])n1,-3.68536,-17.6224,0,-0.0151,0.000215165,0.0870407,33.3682,
88833528,cand_042,cand_012,[*:2]N=[N+]=[N-].[*:1]n1ncnn1,[*:1]NNc1nnn([*:2])n1,[*:1]NNc1nnnn1[*:2],4.01732,19.2097,0,0.0164,0.134681,1.36349,61.9375,
88833528,cand_012,cand_042,[*:2]N=[N+]=[N-].[*:1]n1ncnn1,[*:1]NNc1nnnn1[*:2],[*:1]NNc1nnn([*:2])n1,-4.01732,-19.2097,0,-0.0164,-0.134681,-1.36349,-61.9375,
84018912,cand_022,cand_036,[*:2]N=[N+]=[N-].[*:1]c1nnnn1N=[N+]=[N-],[*:1]NNc1nnn([*:2])n1,[*:1]NNn1nnnc1[*:2],0.727283,2.9075,0,0.0023,0.0942349,1.04582,-20.2028,
84018912,cand_036,cand_022,[*:2]N=[N+]=[N-].[*:1]c1nnnn1N=[N+]=[N-],[*:1]NNn1nnnc1[*:2],[*:1]NNc1nnn([*:2])n1,-0.727283,-2.9075,0,-0.0023,-0.0942349,-1.04582,20.2028,
87737178,cand_013,cand_044,[*:2]N=[N+]=[N-].[*:1]n1cnnn1,[*:1]NNc1nnn([*:2])n1,[*:1]NNn1nnnc1[*:2],-6.09061,-29.1235,0,-0.025,-0.00850133,0.0480784,-67.6931,
87737178,cand_044,cand_013,[*:2]N=[N+]=[N-].[*:1]n1cnnn1,[*:1]NNn1nnnc1[*:2],[*:1]NNc1nnn([*:2])n1,6.09061,29.1235,0,0.025,0.00850133,-0.0480784,67.6931,
84009108,cand_005,cand_036,[*:2]N=[N+]=[N-].[*:1]c1nnnn1N=[N+]=[N-],[*:1]NNc1nnnn1[*:2],[*:1]NNn1nnnc1[*:2],-1.52422,-6.09347,0,-0.0049,0.127471,1.45708,46.9088,
84009108,cand_036,cand_005,[*:2]N=[N+]=[N-].[*:1]c1nnnn1N=[N+]=[N-],[*:1]NNn1nnnc1[*:2],[*:1]NNc1nnnn1[*:2],1.52422,6.09347,0,0.0049,-0.127471,-1.45708,-46.9088,
87736236,cand_003,cand_044,[*:2]N=[N+]=[N-].[*:1]n1cnnn1,[*:1]NNc1nnnn1[*:2],[*:1]NNn1nnnc1[*:2],-9.77597,-46.7459,0,-0.0401,-0.00828616,0.135119,-34.3249,
87736236,cand_044,cand_003,[*:2]N=[N+]=[N-].[*:1]n1cnnn1,[*:1]NNn1nnnc1[*:2],[*:1]NNc1nnnn1[*:2],9.77597,46.7459,0,0.0401,0.00828616,-0.135119,34.3249,
150024900,cand_037,cand_033,[*:2]N[N+](=O)[O-].[*:1]n1nnnc1[N+](=O)[O-],[*:1]NNc1nnnn1[*:2],[*:1]NNn1nnnc1[*:2],1.74322,6.38239,0,0.0048,0.0563975,0.635715,0.1244,
150024900,cand_033,cand_037,[*:2]N[N+](=O)[O-].[*:1]n1nnnc1[N+](=O)[O-],[*:1]NNn1nnnc1[*:2],[*:1]NNc1nnnn1[*:2],-1.74322,-6.38239,0,-0.0048,-0.0563975,-0.635715,-0.1244,
27711936,cand_060,cand_059,[*:2]N.[*:1]c1nnnn1N=[N+]=[N-],[*:1]/N=N\c1nnnn1[*:2],[*:1]NNc1nnnn1[*:2],-36.4055,-177.189,-6.81352,-0.0075,-0.04203,-0.433303,-43.0665,
27711936,cand_059,cand_060,[*:2]N.[*:1]c1nnnn1N=[N+]=[N-],[*:1]NNc1nnnn1[*:2],[*:1]/N=N\c1nnnn1[*:2],36.4055,177.189,6.81352,0.0075,0.04203,0.433303,43.0665,
27713874,cand_060,cand_062,[*:2]N.[*:1]c1nnnn1N=[N+]=[N-],[*:1]/N=N\c1nnnn1[*:2],[*:1]NNc1nnn([*:2])n1,-39.474,-190.878,-6.81352,-0.0198,-0.133861,-1.37652,40.7706,
27713874,cand_062,cand_060,[*:2]N.[*:1]c1nnnn1N=[N+]=[N-],[*:1]NNc1nnn([*:2])n1,[*:1]/N=N\c1nnnn1[*:2],39.474,190.878,6.81352,0.0198,0.133861,1.37652,-40.7706,
102327930,cand_027,cand_013,[*:1]NNc1nnn(N=[N+]=[N-])n1,[*:1]c1nnn(N=[N+]=[N-])n1,[*:1]n1cnnn1,-83.2421,-78.87,-10.097,0.0153,0.0542375,0.664786,-1.047,
102327930,cand_013,cand_027,[*:1]NNc1nnn(N=[N+]=[N-])n1,[*:1]n1cnnn1,[*:1]c1nnn(N=[N+]=[N-])n1,83.2421,78.87,10.097,-0.0153,-0.0542375,-0.664786,1.047,
106863534,cand_022,cand_003,[*:1]NNc1nnnn1N=[N+]=[N-],[*:1]c1nnn(N=[N+]=[N-])n1,[*:1]n1cnnn1,-83.4404,-76.7736,-10.097,0.0179,-0.0972592,-1.01906,-119.932,
106863534,cand_003,cand_022,[*:1]NNc1nnnn1N=[N+]=[N-],[*:1]n1cnnn1,[*:1]c1nnn(N=[N+]=[N-])n1,83.4404,76.7736,10.097,-0.0179,0.0972592,1.01906,119.932,
106871358,cand_062,cand_050,[*:1]NNc1nnnn1N=[N+]=[N-],[*:1]c1nnn(N)n1,[*:1]n1nnnc1[N+](=O)[O-],9.44853,278.798,23.9405,-0.0087,0.293045,3.02939,-121.204,
106871358,cand_050,cand_062,[*:1]NNc1nnnn1N=[N+]=[N-],[*:1]n1nnnc1[N+](=O)[O-],[*:1]c1nnn(N)n1,-9.44853,-278.798,-23.9405,0.0087,-0.293045,-3.02939,121.204,
106865130,cand_062,cand_005,[*:1]NNc1nnnn1N=[N+]=[N-],[*:1]c1nnn(N)n1,[*:1]c1nnnn1N=[N+]=[N-],88.6031,203.722,10.8464,0.0288,0.0952918,0.792421,7.8523,
106865130,cand_005,cand_062,[*:1]NNc1nnnn1N=[N+]=[N-],[*:1]c1nnnn1N=[N+]=[N-],[*:1]c1nnn(N)n1,-88.6031,-203.722,-10.8464,-0.0288,-0.0952918,-0.792421,-7.8523,
106866690,cand_059,cand_012,[*:1]NNc1nnnn1N=[N+]=[N-],[*:1]c1nnnn1N,[*:1]n1ncnn1,-3.62997,87.6524,0.749374,0.0129,-0.109283,-1.21284,116.461,
106866690,cand_012,cand_059,[*:1]NNc1nnnn1N=[N+]=[N-],[*:1]n1ncnn1,[*:1]c1nnnn1N,3.62997,-87.6524,-0.749374,-0.0129,0.109283,1.21284,-116.461,
102331002,cand_027,cand_042,[*:1]NNc1nnn(N=[N+]=[N-])n1,[*:1]c1nnn(N=[N+]=[N-])n1,[*:1]n1ncnn1,-87.0467,-97.0625,-10.097,-0.0003,-0.129379,-1.23999,-18.7599,
102331002,cand_042,cand_027,[*:1]NNc1nnn(N=[N+]=[N-])n1,[*:1]n1ncnn1,[*:1]c1nnn(N=[N+]=[N-])n1,87.0467,97.0625,10.097,0.0003,0.129379,1.23999,18.7599,
106866672,cand_022,cand_012,[*:1]NNc1nnnn1N=[N+]=[N-],[*:1]c1nnn(N=[N+]=[N-])n1,[*:1]n1ncnn1,-86.913,-93.3788,-10.097,0.0036,-0.14598,-1.47331,-42.3396,
106866672,cand_012,cand_022,[*:1]NNc1nnnn1N=[N+]=[N-],[*:1]n1ncnn1,[*:1]c1nnn(N=[N+]=[N-])n1,86.913,93.3788,10.097,-0.0036,0.14598,1.47331,42.3396,
106863540,cand_003,cand_036,[*:1]NNc1nnnn1N=[N+]=[N-],[*:1]n1cnnn1,[*:1]n1nnnc1N=[N+]=[N-],84.1677,79.6811,10.097,-0.0156,0.191494,2.06488,99.7296,
106863540,cand_036,cand_003,[*:1]NNc1nnnn1N=[N+]=[N-],[*:1]n1nnnc1N=[N+]=[N-],[*:1]n1cnnn1,-84.1677,-79.6811,-10.097,0.0156,-0.191494,-2.06488,-99.7296,
106865112,cand_005,cand_036,[*:1]NNc1nnnn1N=[N+]=[N-],[*:1]c1nnnn1N=[N+]=[N-],[*:1]n1nnnc1N=[N+]=[N-],-1.52422,-6.09347,0,-0.0049,0.127471,1.45708,46.9088,
106865112,cand_036,cand_005,[*:1]NNc1nnnn1N=[N+]=[N-],[*:1]n1nnnc1N=[N+]=[N-],[*:1]c1nnnn1N=[N+]=[N-],1.52422,6.09347,0,0.0049,-0.127471,-1.45708,-46.9088,
106869810,cand_062,cand_036,[*:1]NNc1nnnn1N=[N+]=[N-],[*:1]c1nnn(N)n1,[*:1]n1nnnc1N=[N+]=[N-],87.0789,197.628,10.8464,0.0239,0.222763,2.2495,54.7611,
106869810,cand_036,cand_062,[*:1]NNc1nnnn1N=[N+]=[N-],[*:1]n1nnnc1N=[N+]=[N-],[*:1]c1nnn(N)n1,-87.0789,-197.628,-10.8464,-0.0239,-0.222763,-2.2495,-54.7611,
106868238,cand_022,cand_036,[*:1]NNc1nnnn1N=[N+]=[N-],[*:1]c1nnn(N=[N+]=[N-])n1,[*:1]n1nnnc1N=[N+]=[N-],0.727283,2.9075,0,0.0023,0.0942349,1.04582,-20.2028,
106868238,cand_036,cand_022,[*:1]NNc1nnnn1N=[N+]=[N-],[*:1]n1nnnc1N=[N+]=[N-],[*:1]c1nnn(N=[N+]=[N-])n1,-0.727283,-2.9075,0,-0.0023,-0.0942349,-1.04582,20.2028,
106868256,cand_062,cand_022,[*:1]NNc1nnnn1N=[N+]=[N-],[*:1]c1nnn(N)n1,[*:1]c1nnn(N=[N+]=[N-])n1,86.3516,194.721,10.8464,0.0216,0.128528,1.20368,74.9639,
106868256,cand_022,cand_062,[*:1]NNc1nnnn1N=[N+]=[N-],[*:1]c1nnn(N=[N+]=[N-])n1,[*:1]c1nnn(N)n1,-86.3516,-194.721,-10.8464,-0.0216,-0.128528,-1.20368,-74.9639,
106863552,cand_059,cand_003,[*:1]NNc1nnnn1N=[N+]=[N-],[*:1]c1nnnn1N,[*:1]n1cnnn1,-0.157328,104.258,0.749374,0.0272,-0.0605625,-0.758595,38.8686,
106863552,cand_003,cand_059,[*:1]NNc1nnnn1N=[N+]=[N-],[*:1]n1cnnn1,[*:1]c1nnnn1N,0.157328,-104.258,-0.749374,-0.0272,0.0605625,0.758595,-38.8686,
106866696,cand_062,cand_012,[*:1]NNc1nnnn1N=[N+]=[N-],[*:1]c1nnn(N)n1,[*:1]n1ncnn1,-0.561444,101.342,0.749374,0.0252,-0.0174514,-0.269628,32.6243,
106866696,cand_012,cand_062,[*:1]NNc1nnnn1N=[N+]=[N-],[*:1]n1ncnn1,[*:1]c1nnn(N)n1,0.561444,-101.342,-0.749374,-0.0252,0.0174514,0.269628,-32.6243,
106869798,cand_036,cand_050,[*:1]NNc1nnnn1N=[N+]=[N-],[*:1]n1nnnc1N=[N+]=[N-],[*:1]n1nnnc1[N+](=O)[O-],-77.6304,81.1695,13.0941,-0.0326,0.0702819,0.779892,-175.966,
106869798,cand_050,cand_036,[*:1]NNc1nnnn1N=[N+]=[N-],[*:1]n1nnnc1[N+](=O)[O-],[*:1]n1nnnc1N=[N+]=[N-],77.6304,-81.1695,-13.0941,0.0326,-0.0702819,-0.779892,175.966,
106869804,cand_059,cand_036,[*:1]NNc1nnnn1N=[N+]=[N-],[*:1]c1nnnn1N,[*:1]n1nnnc1N=[N+]=[N-],84.0104,183.939,10.8464,0.0116,0.130932,1.30628,138.598,
106869804,cand_036,cand_059,[*:1]NNc1nnnn1N=[N+]=[N-],[*:1]n1nnnc1N=[N+]=[N-],[*:1]c1nnnn1N,-84.0104,-183.939,-10.8464,-0.0116,-0.130932,-1.30628,-138.598,
106871352,cand_059,cand_050,[*:1]NNc1nnnn1N=[N+]=[N-],[*:1]c1nnnn1N,[*:1]n1nnnc1[N+](=O)[O-],6.38001,265.108,23.9405,-0.021,0.201214,2.08618,-37.3674,
106871352,cand_050,cand_059,[*:1]NNc1nnnn1N=[N+]=[N-],[*:1]n1nnnc1[N+](=O)[O-],[*:1]c1nnnn1N,-6.38001,-265.108,-23.9405,0.021,-0.201214,-2.08618,37.3674,
106868244,cand_022,cand_050,[*:1]NNc1nnnn1N=[N+]=[N-],[*:1]c1nnn(N=[N+]=[N-])n1,[*:1]n1nnnc1[N+](=O)[O-],-76.9031,84.077,13.0941,-0.0303,0.164517,1.82571,-196.168,
106868244,cand_050,cand_022,[*:1]NNc1nnnn1N=[N+]=[N-],[*:1]n1nnnc1[N+](=O)[O-],[*:1]c1nnn(N=[N+]=[N-])n1,76.9031,-84.077,-13.0941,0.0303,-0.164517,-1.82571,196.168,
106866678,cand_012,cand_036,[*:1]NNc1nnnn1N=[N+]=[N-],[*:1]n1ncnn1,[*:1]n1nnnc1N=[N+]=[N-],87.6403,96.2863,10.097,-0.0013,0.240215,2.51913,22.1368,
106866678,cand_036,cand_012,[*:1]NNc1nnnn1N=[N+]=[N-],[*:1]n1nnnc1N=[N+]=[N-],[*:1]n1ncnn1,-87.6403,-96.2863,-10.097,0.0013,-0.240215,-2.51913,-22.1368,
106863558,cand_062,cand_003,[*:1]NNc1nnnn1N=[N+]=[N-],[*:1]c1nnn(N)n1,[*:1]n1cnnn1,2.91119,117.947,0.749374,0.0395,0.0312691,0.18462,-44.9685,
106863558,cand_003,cand_062,[*:1]NNc1nnnn1N=[N+]=[N-],[*:1]n1cnnn1,[*:1]c1nnn(N)n1,-2.91119,-117.947,-0.749374,-0.0395,-0.0312691,-0.18462,44.9685,
106872900,cand_062,cand_059,[*:1]NNc1nnnn1N=[N+]=[N-],[*:1]c1nnn(N)n1,[*:1]c1nnnn1N,3.06852,13.6896,0,0.0123,0.0918315,0.943215,-83.8371,
106872900,cand_059,cand_062,[*:1]NNc1nnnn1N=[N+]=[N-],[*:1]c1nnnn1N,[*:1]c1nnn(N)n1,-3.06852,-13.6896,0,-0.0123,-0.0918315,-0.943215,83.8371,
80039250,cand_029,cand_022,[*:2]N=[N+]=[N-].[*:1]c1nnn(N=[N+]=[N-])n1,[*:1]/N=[N+](/[O-])c1nnnn1[*:2],[*:1]NNc1nnnn1[*:2],-21.8273,-173.652,-13.8092,0.0147,-0.187086,-1.9679,-26.9005,
80039250,cand_022,cand_029,[*:2]N=[N+]=[N-].[*:1]c1nnn(N=[N+]=[N-])n1,[*:1]NNc1nnnn1[*:2],[*:1]/N=[N+](/[O-])c1nnnn1[*:2],21.8273,173.652,13.8092,-0.0147,0.187086,1.9679,26.9005,
84009084,cand_006,cand_005,[*:2]N=[N+]=[N-].[*:1]c1nnnn1N=[N+]=[N-],[*:1]/N=[N+](/[O-])c1nnnn1[*:2],[*:1]NNc1nnnn1[*:2],-23.0014,-177.62,-13.8092,0.0125,-0.213471,-2.24465,72.5803,
84009084,cand_005,cand_006,[*:2]N=[N+]=[N-].[*:1]c1nnnn1N=[N+]=[N-],[*:1]NNc1nnnn1[*:2],[*:1]/N=[N+](/[O-])c1nnnn1[*:2],23.0014,177.62,13.8092,-0.0125,0.213471,2.24465,-72.5803,
80042436,cand_029,cand_027,[*:2]N=[N+]=[N-].[*:1]c1nnn(N=[N+]=[N-])n1,[*:1]/N=[N+](/[O-])c1nnnn1[*:2],[*:1]NNc1nnn([*:2])n1,-25.7109,-189.178,-13.8092,0.0022,-0.338367,-3.5647,-112.418,
80042436,cand_027,cand_029,[*:2]N=[N+]=[N-].[*:1]c1nnn(N=[N+]=[N-])n1,[*:1]NNc1nnn([*:2])n1,[*:1]/N=[N+](/[O-])c1nnnn1[*:2],25.7109,189.178,13.8092,-0.0022,0.338367,3.5647,112.418,
84012366,cand_006,cand_022,[*:2]N=[N+]=[N-].[*:1]c1nnnn1N=[N+]=[N-],[*:1]/N=[N+](/[O-])c1nnnn1[*:2],[*:1]NNc1nnn([*:2])n1,-25.2529,-186.621,-13.8092,0.0053,-0.180235,-1.83339,139.692,
84012366,cand_022,cand_006,[*:2]N=[N+]=[N-].[*:1]c1nnnn1N=[N+]=[N-],[*:1]NNc1nnn([*:2])n1,[*:1]/N=[N+](/[O-])c1nnnn1[*:2],25.2529,186.621,13.8092,-0.0053,0.180235,1.83339,-139.692,
80994384,cand_014,cand_061,[*:2]N=[N+]=[N-].[*:1]c1nnn(N[N+](=O)[O-])n1,[*:1]/N=[N+](\[O-])c1nnnn1[*:2],[*:2]n1nnc(/N=[N+](/[*:1])[O-])n1,-4.55948,-16.1039,0,-0.0118,0.107697,1.36798,35.6136,
80994384,cand_061,cand_014,[*:2]N=[N+]=[N-].[*:1]c1nnn(N[N+](=O)[O-])n1,[*:2]n1nnc(/N=[N+](/[*:1])[O-])n1,[*:1]/N=[N+](\[O-])c1nnnn1[*:2],4.55948,16.1039,0,0.0118,-0.107697,-1.36798,-35.6136,
83725500,cand_060,cand_059,[*:2]N=[N+]=[N-].[*:1]c1nnnn1N,[*:1]/N=N/c1nnnn1[*:2],[*:1]NNc1nnnn1[*:2],-36.4055,-177.189,-6.81352,-0.0075,-0.04203,-0.433303,-43.0665,
83725500,cand_059,cand_060,[*:2]N=[N+]=[N-].[*:1]c1nnnn1N,[*:1]NNc1nnnn1[*:2],[*:1]/N=N/c1nnnn1[*:2],36.4055,177.189,6.81352,0.0075,0.04203,0.433303,43.0665,
84009090,cand_005,cand_006,[*:2]N=[N+]=[N-].[*:1]c1nnnn1N=[N+]=[N-],[*:1]NNc1nnnn1[*:2],[*:2]n1nnnc1/N=[N+](/[*:1])[O-],23.0014,177.62,13.8092,-0.0125,0.213471,2.24465,-72.5803,
84009090,cand_006,cand_005,[*:2]N=[N+]=[N-].[*:1]c1nnnn1N=[N+]=[N-],[*:2]n1nnnc1/N=[N+](/[*:1])[O-],[*:1]NNc1nnnn1[*:2],-23.0014,-177.62,-13.8092,0.0125,-0.213471,-2.24465,72.5803,
87736242,cand_003,cand_051,[*:2]N=[N+]=[N-].[*:1]n1cnnn1,[*:1]NNc1nnnn1[*:2],[*:2]n1nnnc1/N=[N+](/[*:1])[O-],19.2476,222.961,16.9805,-0.0398,0.146768,1.68592,-58.233,
87736242,cand_051,cand_003,[*:2]N=[N+]=[N-].[*:1]n1cnnn1,[*:2]n1nnnc1/N=[N+](/[*:1])[O-],[*:1]NNc1nnnn1[*:2],-19.2476,-222.961,-16.9805,0.0398,-0.146768,-1.68592,58.233,
88833534,cand_012,cand_054,[*:2]N=[N+]=[N-].[*:1]n1ncnn1,[*:1]NNc1nnnn1[*:2],[*:2]n1nnnc1/N=[N+](/[*:1])[O-],22.1272,236.909,16.9805,-0.0275,0.176272,1.93536,79.9022,
88833534,cand_054,cand_012,[*:2]N=[N+]=[N-].[*:1]n1ncnn1,[*:2]n1nnnc1/N=[N+](/[*:1])[O-],[*:1]NNc1nnnn1[*:2],-22.1272,-236.909,-16.9805,0.0275,-0.176272,-1.93536,-79.9022,
96022278,cand_050,cand_001,[*:2]N=[N+]=[N-].[*:1]n1nnnc1[N+](=O)[O-],[*:1]NNc1nnnn1[*:2],[*:2]n1nnnc1/N=[N+](/[*:1])[O-],23.9382,134.447,12.9203,0.0281,0.318505,3.14112,12.503,
96022278,cand_001,cand_050,[*:2]N=[N+]=[N-].[*:1]n1nnnc1[N+](=O)[O-],[*:2]n1nnnc1/N=[N+](/[*:1])[O-],[*:1]NNc1nnnn1[*:2],-23.9382,-134.447,-12.9203,-0.0281,-0.318505,-3.14112,-12.503,
84009102,cand_005,cand_029,[*:2]N=[N+]=[N-].[*:1]c1nnnn1N=[N+]=[N-],[*:1]NNc1nnnn1[*:2],[*:2]n1nnc(/N=[N+](/[*:1])[O-])n1,19.5758,164.651,13.8092,-0.0219,0.220322,2.37916,94.0121,
84009102,cand_029,cand_005,[*:2]N=[N+]=[N-].[*:1]c1nnnn1N=[N+]=[N-],[*:2]n1nnc(/N=[N+](/[*:1])[O-])n1,[*:1]NNc1nnnn1[*:2],-19.5758,-164.651,-13.8092,0.0219,-0.220322,-2.37916,-94.0121,
96025422,cand_050,cand_021,[*:2]N=[N+]=[N-].[*:1]n1nnnc1[N+](=O)[O-],[*:1]NNc1nnnn1[*:2],[*:2]n1nnc(/N=[N+](/[*:1])[O-])n1,19.1685,116.657,12.9203,0.0154,0.197996,1.79417,-4.2813,
96025422,cand_021,cand_050,[*:2]N=[N+]=[N-].[*:1]n1nnnc1[N+](=O)[O-],[*:2]n1nnc(/N=[N+](/[*:1])[O-])n1,[*:1]NNc1nnnn1[*:2],-19.1685,-116.657,-12.9203,-0.0154,-0.197996,-1.79417,4.2813,
84012372,cand_006,cand_029,[*:2]N=[N+]=[N-].[*:1]c1nnnn1N=[N+]=[N-],[*:1]/N=[N+](/[O-])c1nnnn1[*:2],[*:2]n1nnc(/N=[N+](/[*:1])[O-])n1,-3.42557,-12.9693,0,-0.0094,0.00685105,0.134503,166.592,
84012372,cand_029,cand_006,[*:2]N=[N+]=[N-].[*:1]c1nnnn1N=[N+]=[N-],[*:2]n1nnc(/N=[N+](/[*:1])[O-])n1,[*:1]/N=[N+](/[O-])c1nnnn1[*:2],3.42557,12.9693,0,0.0094,-0.00685105,-0.134503,-166.592,
130033182,cand_015,cand_028,[*:2]N[N+](=O)[O-].[*:1]c1nnn(N[N+](=O)[O-])n1,[*:1]/N=[N+](/[O-])c1nnnn1[*:2],[*:2]n1nnc(/N=[N+](/[*:1])[O-])n1,-4.46159,-14.7671,0,-0.011,0.0509584,0.682426,0.3727,
130033182,cand_028,cand_015,[*:2]N[N+](=O)[O-].[*:1]c1nnn(N[N+](=O)[O-])n1,[*:2]n1nnc(/N=[N+](/[*:1])[O-])n1,[*:1]/N=[N+](/[O-])c1nnnn1[*:2],4.46159,14.7671,0,0.011,-0.0509584,-0.682426,-0.3727,
135717018,cand_009,cand_015,[*:2]N[N+](=O)[O-].[*:1]c1nnnn1N[N+](=O)[O-],[*:1]/N=[N+](/[O-])c1nnnn1[*:2],[*:2]n1nnc(/N=[N+](/[*:1])[O-])n1,-4.80735,-15.9115,0,-0.0118,-0.0519458,-0.547963,0.0619,
135717018,cand_015,cand_009,[*:2]N[N+](=O)[O-].[*:1]c1nnnn1N[N+](=O)[O-],[*:2]n1nnc(/N=[N+](/[*:1])[O-])n1,[*:1]/N=[N+](/[O-])c1nnnn1[*:2],4.80735,15.9115,0,0.0118,0.0519458,0.547963,-0.0619,
84012378,cand_006,cand_036,[*:2]N=[N+]=[N-].[*:1]c1nnnn1N=[N+]=[N-],[*:1]/N=[N+](/[O-])c1nnnn1[*:2],[*:1]NNn1nnnc1[*:2],-24.5256,-183.714,-13.8092,0.0076,-0.086,-0.787575,119.489,
84012378,cand_036,cand_006,[*:2]N=[N+]=[N-].[*:1]c1nnnn1N=[N+]=[N-],[*:1]NNn1nnnc1[*:2],[*:1]/N=[N+](/[O-])c1nnnn1[*:2],24.5256,183.714,13.8092,-0.0076,0.086,0.787575,-119.489,
198557112,cand_007,cand_050,[*:2][N+](=O)[O-].[*:1]c1nnnn1N=[N+]=[N-],[*:1]/N=[N+](/[O-])c1nnnn1[*:2],[*:1]NNn1nnnc1[*:2],-21.9026,-126.855,-12.9203,-0.0227,-0.45201,-4.78529,-132.847,
198557112,cand_050,cand_007,[*:2][N+](=O)[O-].[*:1]c1nnnn1N=[N+]=[N-],[*:1]NNn1nnnc1[*:2],[*:1]/N=[N+](/[O-])c1nnnn1[*:2],21.9026,126.855,12.9203,0.0227,0.45201,4.78529,132.847,
84015636,cand_022,cand_006,[*:2]N=[N+]=[N-].[*:1]c1nnnn1N=[N+]=[N-],[*:1]NNc1nnn([*:2])n1,[*:2]n1nnnc1/N=[N+](/[*:1])[O-],25.2529,186.621,13.8092,-0.0053,0.180235,1.83339,-139.692,
84015636,cand_006,cand_022,[*:2]N=[N+]=[N-].[*:1]c1nnnn1N=[N+]=[N-],[*:2]n1nnnc1/N=[N+](/[*:1])[O-],[*:1]NNc1nnn([*:2])n1,-25.2529,-186.621,-13.8092,0.0053,-0.180235,-1.83339,139.692,
87737184,cand_013,cand_051,[*:2]N=[N+]=[N-].[*:1]n1cnnn1,[*:1]NNc1nnn([*:2])n1,[*:2]n1nnnc1/N=[N+](/[*:1])[O-],22.933,240.584,16.9805,-0.0247,0.146553,1.59887,-91.6012,
87737184,cand_051,cand_013,[*:2]N=[N+]=[N-].[*:1]n1cnnn1,[*:2]n1nnnc1/N=[N+](/[*:1])[O-],[*:1]NNc1nnn([*:2])n1,-22.933,-240.584,-16.9805,0.0247,-0.146553,-1.59887,91.6012,
88834500,cand_042,cand_054,[*:2]N=[N+]=[N-].[*:1]n1ncnn1,[*:1]NNc1nnn([*:2])n1,[*:2]n1nnnc1/N=[N+](/[*:1])[O-],26.1446,256.118,16.9805,-0.0111,0.310953,3.29885,141.84,
88834500,cand_054,cand_042,[*:2]N=[N+]=[N-].[*:1]n1ncnn1,[*:2]n1nnnc1/N=[N+](/[*:1])[O-],[*:1]NNc1nnn([*:2])n1,-26.1446,-256.118,-16.9805,0.0111,-0.310953,-3.29885,-141.84,
84015642,cand_029,cand_006,[*:1]N=[N+]=[N-].[*:2]c1nnnn1N=[N+]=[N-],[*:1]n1nnc(/N=[N+](/[*:2])[O-])n1,[*:1]n1nnnc1/N=[N+](/[*:2])[O-],3.42557,12.9693,0,0.0094,-0.00685105,-0.134503,-166.592,
84015642,cand_006,cand_029,[*:1]N=[N+]=[N-].[*:2]c1nnnn1N=[N+]=[N-],[*:1]n1nnnc1/N=[N+](/[*:2])[O-],[*:1]n1nnc(/N=[N+](/[*:2])[O-])n1,-3.42557,-12.9693,0,-0.0094,0.00685105,0.134503,166.592,
84907974,cand_031,cand_008,[*:1]N=[N+]=[N-].[*:2]c1nnnn1N[N+](=O)[O-],[*:1]n1nnc(/N=[N+](/[*:2])[O-])n1,[*:1]n1nnnc1/N=[N+](/[*:2])[O-],4.60466,16.2634,0,0.0119,0.143035,1.63086,-9.9517,
84907974,cand_008,cand_031,[*:1]N=[N+]=[N-].[*:2]c1nnnn1N[N+](=O)[O-],[*:1]n1nnnc1/N=[N+](/[*:2])[O-],[*:1]n1nnc(/N=[N+](/[*:2])[O-])n1,-4.60466,-16.2634,0,-0.0119,-0.143035,-1.63086,9.9517,
86304822,cand_030,cand_007,[*:1]N=[N+]=[N-].[*:2]c1nnnn1[N+](=O)[O-],[*:1]n1nnc(/N=[N+](/[*:2])[O-])n1,[*:1]n1nnnc1/N=[N+](/[*:2])[O-],4.46912,16.669,0,0.0119,0.104057,1.18257,20.113,
86304822,cand_007,cand_030,[*:1]N=[N+]=[N-].[*:2]c1nnnn1[N+](=O)[O-],[*:1]n1nnnc1/N=[N+](/[*:2])[O-],[*:1]n1nnc(/N=[N+](/[*:2])[O-])n1,-4.46912,-16.669,0,-0.0119,-0.104057,-1.18257,-20.113,
90593946,cand_058,cand_025,[*:1]N=[N+]=[N-].[*:2]n1nnc(N[N+](=O)[O-])n1,[*:1]n1nnc(/N=[N+](/[*:2])[O-])n1,[*:1]n1nnnc1/N=[N+](/[*:2])[O-],5.12424,18.0986,0,0.0132,0.177821,2.00931,15.0162,
90593946,cand_025,cand_058,[*:1]N=[N+]=[N-].[*:2]n1nnc(N[N+](=O)[O-])n1,[*:1]n1nnnc1/N=[N+](/[*:2])[O-],[*:1]n1nnc(/N=[N+](/[*:2])[O-])n1,-5.12424,-18.0986,0,-0.0132,-0.177821,-2.00931,-15.0162,
92198418,cand_057,cand_024,[*:1]N=[N+]=[N-].[*:2]n1nnc([N+](=O)[O-])n1,[*:1]n1nnc(/N=[N+](/[*:2])[O-])n1,[*:1]n1nnnc1/N=[N+](/[*:2])[O-],5.36897,20.0253,0,0.0142,0.0439163,0.431112,-28.3693,
92198418,cand_024,cand_057,[*:1]N=[N+]=[N-].[*:2]n1nnc([N+](=O)[O-])n1,[*:1]n1nnnc1/N=[N+](/[*:2])[O-],[*:1]n1nnc(/N=[N+](/[*:2])[O-])n1,-5.36897,-20.0253,0,-0.0142,-0.0439163,-0.431112,28.3693,
94491750,cand_056,cand_011,[*:1]N=[N+]=[N-].[*:2]n1nnnc1N[N+](=O)[O-],[*:1]n1nnc(/N=[N+](/[*:2])[O-])n1,[*:1]n1nnnc1/N=[N+](/[*:2])[O-],7.5389,26.627,0,0.0195,0.0208891,0.12582,2.7113,
94491750,cand_011,cand_056,[*:1]N=[N+]=[N-].[*:2]n1nnnc1N[N+](=O)[O-],[*:1]n1nnnc1/N=[N+](/[*:2])[O-],[*:1]n1nnc(/N=[N+](/[*:2])[O-])n1,-7.5389,-26.627,0,-0.0195,-0.0208891,-0.12582,-2.7113,
96022260,cand_021,cand_001,[*:1]N=[N+]=[N-].[*:2]n1nnnc1[N+](=O)[O-],[*:1]n1nnc(/N=[N+](/[*:2])[O-])n1,[*:1]n1nnnc1/N=[N+](/[*:2])[O-],4.7697,17.7901,0,0.0127,0.120509,1.34695,16.7843,
96022260,cand_001,cand_021,[*:1]N=[N+]=[N-].[*:2]n1nnnc1[N+](=O)[O-],[*:1]n1nnnc1/N=[N+](/[*:2])[O-],[*:1]n1nnc(/N=[N+](/[*:2])[O-])n1,-4.7697,-17.7901,0,-0.0127,-0.120509,-1.34695,-16.7843,
135720660,cand_015,cand_009,[*:1]N[N+](=O)[O-].[*:2]c1nnnn1N[N+](=O)[O-],[*:1]n1nnc(/N=[N+](/[*:2])[O-])n1,[*:1]n1nnnc1/N=[N+](/[*:2])[O-],4.80735,15.9115,0,0.0118,0.0519458,0.547963,-0.0619,
135720660,cand_009,cand_015,[*:1]N[N+](=O)[O-].[*:2]c1nnnn1N[N+](=O)[O-],[*:1]n1nnnc1/N=[N+](/[*:2])[O-],[*:1]n1nnc(/N=[N+](/[*:2])[O-])n1,-4.80735,-15.9115,0,-0.0118,-0.0519458,-0.547963,0.0619,
84015648,cand_036,cand_006,[*:2]N=[N+]=[N-].[*:1]c1nnnn1N=[N+]=[N-],[*:1]NNn1nnnc1[*:2],[*:2]n1nnnc1/N=[N+](/[*:1])[O-],24.5256,183.714,13.8092,-0.0076,0.086,0.787575,-119.489,
84015648,cand_006,cand_036,[*:2]N=[N+]=[N-].[*:1]c1nnnn1N=[N+]=[N-],[*:2]n1nnnc1/N=[N+](/[*:1])[O-],[*:1]NNn1nnnc1[*:2],-24.5256,-183.714,-13.8092,0.0076,-0.086,-0.787575,119.489,
87738120,cand_044,cand_051,[*:2]N=[N+]=[N-].[*:1]n1cnnn1,[*:1]NNn1nnnc1[*:2],[*:2]n1nnnc1/N=[N+](/[*:1])[O-],29.0236,269.707,16.9805,0.0003,0.155054,1.5508,-23.9081,
87738120,cand_051,cand_044,[*:2]N=[N+]=[N-].[*:1]n1cnnn1,[*:2]n1nnnc1/N=[N+](/[*:1])[O-],[*:1]NNn1nnnc1[*:2],-29.0236,-269.707,-16.9805,-0.0003,-0.155054,-1.5508,23.9081,
84018906,cand_022,cand_029,[*:2]N=[N+]=[N-].[*:1]c1nnnn1N=[N+]=[N-],[*:1]NNc1nnn([*:2])n1,[*:2]n1nnc(/N=[N+](/[*:1])[O-])n1,21.8273,173.652,13.8092,-0.0147,0.187086,1.9679,26.9005,
84018906,cand_029,cand_022,[*:2]N=[N+]=[N-].[*:1]c1nnnn1N=[N+]=[N-],[*:2]n1nnc(/N=[N+](/[*:1])[O-])n1,[*:1]NNc1nnn([*:2])n1,-21.8273,-173.652,-13.8092,0.0147,-0.187086,-1.9679,-26.9005,
84022170,cand_036,cand_029,[*:2]N=[N+]=[N-].[*:1]c1nnnn1N=[N+]=[N-],[*:1]NNn1nnnc1[*:2],[*:2]n1nnc(/N=[N+](/[*:1])[O-])n1,21.1,170.745,13.8092,-0.017,0.092851,0.922078,47.1033,
84022170,cand_029,cand_036,[*:2]N=[N+]=[N-].[*:1]c1nnnn1N=[N+]=[N-],[*:2]n1nnc(/N=[N+](/[*:1])[O-])n1,[*:1]NNn1nnnc1[*:2],-21.1,-170.745,-13.8092,0.017,-0.092851,-0.922078,-47.1033,
84907980,cand_053,cand_008,[*:2]N=[N+]=[N-].[*:1]c1nnnn1N[N+](=O)[O-],[*:1]/N=[N+](\[O-])n1nnnc1[*:2],[*:2]n1nnnc1/N=[N+](/[*:1])[O-],9.3022,32.8549,0,0.0241,0.18414,2.03874,-1.3195,
84907980,cand_008,cand_053,[*:2]N=[N+]=[N-].[*:1]c1nnnn1N[N+](=O)[O-],[*:2]n1nnnc1/N=[N+](/[*:1])[O-],[*:1]/N=[N+](\[O-])n1nnnc1[*:2],-9.3022,-32.8549,0,-0.0241,-0.18414,-2.03874,1.3195,
94491744,cand_046,cand_011,[*:2]N=[N+]=[N-].[*:1]n1nnnc1N[N+](=O)[O-],[*:1]/N=[N+](\[O-])n1nnnc1[*:2],[*:2]n1nnnc1/N=[N+](/[*:1])[O-],8.25363,29.1514,0,0.0213,0.191679,2.11749,14.8206,
94491744,cand_011,cand_046,[*:2]N=[N+]=[N-].[*:1]n1nnnc1N[N+](=O)[O-],[*:2]n1nnnc1/N=[N+](/[*:1])[O-],[*:1]/N=[N+](\[O-])n1nnnc1[*:2],-8.25363,-29.1514,0,-0.0213,-0.191679,-2.11749,-14.8206,
96022266,cand_034,cand_001,[*:2]N=[N+]=[N-].[*:1]n1nnnc1[N+](=O)[O-],[*:1]/N=[N+](\[O-])n1nnnc1[*:2],[*:2]n1nnnc1/N=[N+](/[*:1])[O-],9.27145,34.5808,0,0.0246,0.113959,1.19556,27.9861,
96022266,cand_001,cand_034,[*:2]N=[N+]=[N-].[*:1]n1nnnc1[N+](=O)[O-],[*:2]n1nnnc1/N=[N+](/[*:1])[O-],[*:1]/N=[N+](\[O-])n1nnnc1[*:2],-9.27145,-34.5808,0,-0.0246,-0.113959,-1.19556,-27.9861,
135713370,cand_004,cand_009,[*:2]N[N+](=O)[O-].[*:1]c1nnnn1N[N+](=O)[O-],[*:1]/N=[N+](\[O-])n1nnnc1[*:2],[*:2]n1nnnc1/N=[N+](/[*:1])[O-],5.032,16.6551,0,0.0124,-0.0914139,-1.18851,-0.401,
135713370,cand_009,cand_004,[*:2]N[N+](=O)[O-].[*:1]c1nnnn1N[N+](=O)[O-],[*:2]n1nnnc1/N=[N+](/[*:1])[O-],[*:1]/N=[N+](\[O-])n1nnnc1[*:2],-5.032,-16.6551,0,-0.0124,0.0914139,1.18851,0.401,
140466720,cand_048,cand_055,[*:2]N[N+](=O)[O-].[*:1]n1ncnn1,[*:1]/N=[N+](\[O-])n1nnnc1[*:2],[*:2]n1nnnc1/N=[N+](/[*:1])[O-],-0.333207,-1.37621,0,-0.0011,0.0919834,1.06732,4.0252,
140466720,cand_055,cand_048,[*:2]N[N+](=O)[O-].[*:1]n1ncnn1,[*:2]n1nnnc1/N=[N+](/[*:1])[O-],[*:1]/N=[N+](\[O-])n1nnnc1[*:2],0.333207,1.37621,0,0.0011,-0.0919834,-1.06732,-4.0252,
84911682,cand_053,cand_031,[*:2]N=[N+]=[N-].[*:1]c1nnnn1N[N+](=O)[O-],[*:1]/N=[N+](\[O-])n1nnnc1[*:2],[*:2]n1nnc(/N=[N+](/[*:1])[O-])n1,4.69754,16.5914,0,0.0122,0.0411049,0.407876,8.6322,
84911682,cand_031,cand_053,[*:2]N=[N+]=[N-].[*:1]c1nnnn1N[N+](=O)[O-],[*:2]n1nnc(/N=[N+](/[*:1])[O-])n1,[*:1]/N=[N+](\[O-])n1nnnc1[*:2],-4.69754,-16.5914,0,-0.0122,-0.0411049,-0.407876,-8.6322,
94495638,cand_046,cand_056,[*:2]N=[N+]=[N-].[*:1]n1nnnc1N[N+](=O)[O-],[*:1]/N=[N+](\[O-])n1nnnc1[*:2],[*:2]n1nnc(/N=[N+](/[*:1])[O-])n1,0.714734,2.5244,0,0.0018,0.17079,1.99167,12.1093,
94495638,cand_056,cand_046,[*:2]N=[N+]=[N-].[*:1]n1nnnc1N[N+](=O)[O-],[*:2]n1nnc(/N=[N+](/[*:1])[O-])n1,[*:1]/N=[N+](\[O-])n1nnnc1[*:2],-0.714734,-2.5244,0,-0.0018,-0.17079,-1.99167,-12.1093,
96025410,cand_034,cand_021,[*:2]N=[N+]=[N-].[*:1]n1nnnc1[N+](=O)[O-],[*:1]/N=[N+](\[O-])n1nnnc1[*:2],[*:2]n1nnc(/N=[N+](/[*:1])[O-])n1,4.50175,16.7907,0,0.0119,-0.00655007,-0.15139,11.2018,
96025410,cand_021,cand_034,[*:2]N=[N+]=[N-].[*:1]n1nnnc1[N+](=O)[O-],[*:2]n1nnc(/N=[N+](/[*:1])[O-])n1,[*:1]/N=[N+](\[O-])n1nnnc1[*:2],-4.50175,-16.7907,0,-0.0119,0.00655007,0.15139,-11.2018,
130036956,cand_026,cand_028,[*:2]N[N+](=O)[O-].[*:1]c1nnn(N[N+](=O)[O-])n1,[*:1]/N=[N+](\[O-])n1nnnc1[*:2],[*:2]n1nnc(/N=[N+](/[*:1])[O-])n1,-4.20745,-13.926,0,-0.0103,-0.0895542,-1.01974,-0.7744,
130036956,cand_028,cand_026,[*:2]N[N+](=O)[O-].[*:1]c1nnn(N[N+](=O)[O-])n1,[*:2]n1nnc(/N=[N+](/[*:1])[O-])n1,[*:1]/N=[N+](\[O-])n1nnnc1[*:2],4.20745,13.926,0,0.0103,0.0895542,1.01974,0.7744,
135713376,cand_004,cand_015,[*:2]N[N+](=O)[O-].[*:1]c1nnnn1N[N+](=O)[O-],[*:1]/N=[N+](\[O-])n1nnnc1[*:2],[*:2]n1nnc(/N=[N+](/[*:1])[O-])n1,0.224648,0.743547,0,0.0006,-0.14336,-1.73647,-0.3391,
135713376,cand_015,cand_004,[*:2]N[N+](=O)[O-].[*:1]c1nnnn1N[N+](=O)[O-],[*:2]n1nnc(/N=[N+](/[*:1])[O-])n1,[*:1]/N=[N+](\[O-])n1nnnc1[*:2],-0.224648,-0.743547,0,-0.0006,0.14336,1.73647,0.3391,
96022272,cand_035,cand_001,[*:1]N=[N+]=[N-].[*:2]n1nnnc1[N+](=O)[O-],[*:1]c1nnn(/N=[N+](/[*:2])[O-])n1,[*:1]n1nnnc1/N=[N+](/[*:2])[O-],8.26806,30.8383,0,0.022,0.182657,2.0152,27.481,
96022272,cand_001,cand_035,[*:1]N=[N+]=[N-].[*:2]n1nnnc1[N+](=O)[O-],[*:1]n1nnnc1/N=[N+](/[*:2])[O-],[*:1]c1nnn(/N=[N+](/[*:2])[O-])n1,-8.26806,-30.8383,0,-0.022,-0.182657,-2.0152,-27.481,
96025416,cand_035,cand_021,[*:1]N=[N+]=[N-].[*:2]n1nnnc1[N+](=O)[O-],[*:1]c1nnn(/N=[N+](/[*:2])[O-])n1,[*:1]n1nnc(/N=[N+](/[*:2])[O-])n1,3.49836,13.0482,0,0.0093,0.0621485,0.668243,10.6967,
96025416,cand_021,cand_035,[*:1]N=[N+]=[N-].[*:2]n1nnnc1[N+](=O)[O-],[*:1]n1nnc(/N=[N+](/[*:2])[O-])n1,[*:1]c1nnn(/N=[N+](/[*:2])[O-])n1,-3.49836,-13.0482,0,-0.0093,-0.0621485,-0.668243,-10.6967,
96028554,cand_034,cand_035,[*:2]N=[N+]=[N-].[*:1]n1nnnc1[N+](=O)[O-],[*:1]/N=[N+](\[O-])n1nnnc1[*:2],[*:2]c1nnn(/N=[N+](/[*:1])[O-])n1,1.00339,3.74245,0,0.0026,-0.0686986,-0.819633,0.5051,
96028554,cand_035,cand_034,[*:2]N=[N+]=[N-].[*:1]n1nnnc1[N+](=O)[O-],[*:2]c1nnn(/N=[N+](/[*:1])[O-])n1,[*:1]/N=[N+](\[O-])n1nnnc1[*:2],-1.00339,-3.74245,0,-0.0026,0.0686986,0.819633,-0.5051,
214357296,cand_010,cand_049,[*:2][N+](=O)[O-].[*:1]n1ncnn1,[*:1]/N=[N+](\[O-])n1nnnc1[*:2],[*:2]c1nnn(/N=[N+](/[*:1])[O-])n1,-6.70494,-29.5242,0,-0.0211,0.149439,1.86626,31.9094,
214357296,cand_049,cand_010,[*:2][N+](=O)[O-].[*:1]n1ncnn1,[*:2]c1nnn(/N=[N+](/[*:1])[O-])n1,[*:1]/N=[N+](\[O-])n1nnnc1[*:2],6.70494,29.5242,0,0.0211,-0.149439,-1.86626,-31.9094,
96028560,cand_034,cand_050,[*:2]N=[N+]=[N-].[*:1]n1nnnc1[N+](=O)[O-],[*:1]/N=[N+](\[O-])n1nnnc1[*:2],[*:1]NNc1nnnn1[*:2],-14.6668,-99.8667,-12.9203,-0.0035,-0.204546,-1.94556,15.4831,
96028560,cand_050,cand_034,[*:2]N=[N+]=[N-].[*:1]n1nnnc1[N+](=O)[O-],[*:1]NNc1nnnn1[*:2],[*:1]/N=[N+](\[O-])n1nnnc1[*:2],14.6668,99.8667,12.9203,0.0035,0.204546,1.94556,-15.4831,
96031692,cand_050,cand_035,[*:2]N=[N+]=[N-].[*:1]n1nnnc1[N+](=O)[O-],[*:1]NNc1nnnn1[*:2],[*:2]c1nnn(/N=[N+](/[*:1])[O-])n1,15.6702,103.609,12.9203,0.0061,0.135847,1.12593,-14.978,
96031692,cand_035,cand_050,[*:2]N=[N+]=[N-].[*:1]n1nnnc1[N+](=O)[O-],[*:2]c1nnn(/N=[N+](/[*:1])[O-])n1,[*:1]NNc1nnnn1[*:2],-15.6702,-103.609,-12.9203,-0.0061,-0.135847,-1.12593,14.978,
128729334,cand_031,cand_056,[*:2]N[N+](=O)[O-].[*:1]c1nnn(N=[N+]=[N-])n1,[*:1]/N=[N+](/[O-])c1nnnn1[*:2],[*:1]/N=[N+](/[O-])n1nnnc1[*:2],-3.02334,-10.6783,0,-0.0079,0.0403891,0.527422,-1.1293,
128729334,cand_056,cand_031,[*:2]N[N+](=O)[O-].[*:1]c1nnn(N=[N+]=[N-])n1,[*:1]/N=[N+](/[O-])n1nnnc1[*:2],[*:1]/N=[N+](/[O-])c1nnnn1[*:2],3.02334,10.6783,0,0.0079,-0.0403891,-0.527422,1.1293,
134471454,cand_008,cand_011,[*:2]N[N+](=O)[O-].[*:1]c1nnnn1N=[N+]=[N-],[*:1]/N=[N+](/[O-])c1nnnn1[*:2],[*:1]/N=[N+](/[O-])n1nnnc1[*:2],-0.089106,-0.314718,0,-0.0003,-0.0817569,-0.977623,11.5337,
134471454,cand_011,cand_008,[*:2]N[N+](=O)[O-].[*:1]c1nnnn1N=[N+]=[N-],[*:1]/N=[N+](/[O-])n1nnnc1[*:2],[*:1]/N=[N+](/[O-])c1nnnn1[*:2],0.089106,0.314718,0,0.0003,0.0817569,0.977623,-11.5337,
185909232,cand_030,cand_021,[*:2][N+](=O)[O-].[*:1]c1nnn(N=[N+]=[N-])n1,[*:1]/N=[N+](/[O-])c1nnnn1[*:2],[*:1]/N=[N+](/[O-])n1nnnc1[*:2],1.73506,6.47146,0,0.0046,-0.149957,-1.80855,-117.016,
185909232,cand_021,cand_030,[*:2][N+](=O)[O-].[*:1]c1nnn(N=[N+]=[N-])n1,[*:1]/N=[N+](/[O-])n1nnnc1[*:2],[*:1]/N=[N+](/[O-])c1nnnn1[*:2],-1.73506,-6.47146,0,-0.0046,0.149957,1.80855,117.016,
198551574,cand_007,cand_001,[*:2][N+](=O)[O-].[*:1]c1nnnn1N=[N+]=[N-],[*:1]/N=[N+](/[O-])c1nnnn1[*:2],[*:1]/N=[N+](/[O-])n1nnnc1[*:2],2.03564,7.59256,0,0.0054,-0.133505,-1.64416,-120.345,
198551574,cand_001,cand_007,[*:2][N+](=O)[O-].[*:1]c1nnnn1N=[N+]=[N-],[*:1]/N=[N+](/[O-])n1nnnc1[*:2],[*:1]/N=[N+](/[O-])c1nnnn1[*:2],-2.03564,-7.59256,0,-0.0054,0.133505,1.64416,120.345,
128729340,cand_031,cand_058,[*:2]N[N+](=O)[O-].[*:1]c1nnn(N=[N+]=[N-])n1,[*:1]/N=[N+](/[O-])c1nnnn1[*:2],[*:1]/N=[N+](/[O-])n1nnc([*:2])n1,-4.19867,-14.8295,0,-0.0109,-0.111738,-1.24054,-10.0796,
128729340,cand_058,cand_031,[*:2]N[N+](=O)[O-].[*:1]c1nnn(N=[N+]=[N-])n1,[*:1]/N=[N+](/[O-])n1nnc([*:2])n1,[*:1]/N=[N+](/[O-])c1nnnn1[*:2],4.19867,14.8295,0,0.0109,0.111738,1.24054,10.0796,
134471466,cand_008,cand_025,[*:2]N[N+](=O)[O-].[*:1]c1nnnn1N=[N+]=[N-],[*:1]/N=[N+](/[O-])c1nnnn1[*:2],[*:1]/N=[N+](/[O-])n1nnc([*:2])n1,-3.67909,-12.9943,0,-0.0096,-0.076952,-0.862096,14.8883,
134471466,cand_025,cand_008,[*:2]N[N+](=O)[O-].[*:1]c1nnnn1N=[N+]=[N-],[*:1]/N=[N+](/[O-])n1nnc([*:2])n1,[*:1]/N=[N+](/[O-])c1nnnn1[*:2],3.67909,12.9943,0,0.0096,0.076952,0.862096,-14.8883,
185914848,cand_030,cand_057,[*:2][N+](=O)[O-].[*:1]c1nnn(N=[N+]=[N-])n1,[*:1]/N=[N+](/[O-])c1nnnn1[*:2],[*:1]/N=[N+](/[O-])n1nnc([*:2])n1,-3.3076,-12.3367,0,-0.0087,-0.10301,-1.17186,-91.7608,
185914848,cand_057,cand_030,[*:2][N+](=O)[O-].[*:1]c1nnn(N=[N+]=[N-])n1,[*:1]/N=[N+](/[O-])n1nnc([*:2])n1,[*:1]/N=[N+](/[O-])c1nnnn1[*:2],3.3076,12.3367,0,0.0087,0.10301,1.17186,91.7608,
198557094,cand_007,cand_024,[*:2][N+](=O)[O-].[*:1]c1nnnn1N=[N+]=[N-],[*:1]/N=[N+](/[O-])c1nnnn1[*:2],[*:1]/N=[N+](/[O-])n1nnc([*:2])n1,-2.40775,-8.98047,0,-0.0064,-0.16315,-1.92331,-140.243,
198557094,cand_024,cand_007,[*:2][N+](=O)[O-].[*:1]c1nnnn1N=[N+]=[N-],[*:1]/N=[N+](/[O-])n1nnc([*:2])n1,[*:1]/N=[N+](/[O-])c1nnnn1[*:2],2.40775,8.98047,0,0.0064,0.16315,1.92331,140.243,
128729346,cand_061,cand_031,[*:2]N[N+](=O)[O-].[*:1]c1nnn(N=[N+]=[N-])n1,[*:1]/N=[N+](/[O-])c1nnn([*:2])n1,[*:1]/N=[N+](/[O-])c1nnnn1[*:2],2.87964,10.1707,0,0.0075,-0.165703,-2.02827,-31.626,
128729346,cand_031,cand_061,[*:2]N[N+](=O)[O-].[*:1]c1nnn(N=[N+]=[N-])n1,[*:1]/N=[N+](/[O-])c1nnnn1[*:2],[*:1]/N=[N+](/[O-])c1nnn([*:2])n1,-2.87964,-10.1707,0,-0.0075,0.165703,2.02827,31.626,
130033176,cand_028,cand_015,[*:2]N[N+](=O)[O-].[*:1]c1nnn(N[N+](=O)[O-])n1,[*:1]/N=[N+](/[O-])c1nnn([*:2])n1,[*:1]/N=[N+](/[O-])c1nnnn1[*:2],4.46159,14.7671,0,0.011,-0.0509584,-0.682426,-0.3727,
130033176,cand_015,cand_028,[*:2]N[N+](=O)[O-].[*:1]c1nnn(N[N+](=O)[O-])n1,[*:1]/N=[N+](/[O-])c1nnnn1[*:2],[*:1]/N=[N+](/[O-])c1nnn([*:2])n1,-4.46159,-14.7671,0,-0.011,0.0509584,0.682426,0.3727,
128733138,cand_058,cand_056,[*:2]N[N+](=O)[O-].[*:1]c1nnn(N=[N+]=[N-])n1,[*:1]/N=[N+](/[O-])n1nnc([*:2])n1,[*:1]/N=[N+](/[O-])n1nnnc1[*:2],1.17533,4.15119,0,0.003,0.152127,1.76797,8.9503,
128733138,cand_056,cand_058,[*:2]N[N+](=O)[O-].[*:1]c1nnn(N=[N+]=[N-])n1,[*:1]/N=[N+](/[O-])n1nnnc1[*:2],[*:1]/N=[N+](/[O-])n1nnc([*:2])n1,-1.17533,-4.15119,0,-0.003,-0.152127,-1.76797,-8.9503,
134475318,cand_025,cand_011,[*:2]N[N+](=O)[O-].[*:1]c1nnnn1N=[N+]=[N-],[*:1]/N=[N+](/[O-])n1nnc([*:2])n1,[*:1]/N=[N+](/[O-])n1nnnc1[*:2],3.58998,12.6796,0,0.0093,-0.00480488,-0.115526,-3.3546,
134475318,cand_011,cand_025,[*:2]N[N+](=O)[O-].[*:1]c1nnnn1N=[N+]=[N-],[*:1]/N=[N+](/[O-])n1nnnc1[*:2],[*:1]/N=[N+](/[O-])n1nnc([*:2])n1,-3.58998,-12.6796,0,-0.0093,0.00480488,0.115526,3.3546,
143166690,cand_023,cand_017,[*:2]N[N+](=O)[O-].[*:1]n1nnc(N[N+](=O)[O-])n1,[*:1]/N=[N+](/[O-])n1nnc([*:2])n1,[*:1]/N=[N+](/[O-])n1nnnc1[*:2],-0.03012,-0.0996922,0,0,0.0241574,0.29089,-0.3843,
143166690,cand_017,cand_023,[*:2]N[N+](=O)[O-].[*:1]n1nnc(N[N+](=O)[O-])n1,[*:1]/N=[N+](/[O-])n1nnnc1[*:2],[*:1]/N=[N+](/[O-])n1nnc([*:2])n1,0.03012,0.0996922,0,0,-0.0241574,-0.29089,0.3843,
185909250,cand_057,cand_021,[*:2][N+](=O)[O-].[*:1]c1nnn(N=[N+]=[N-])n1,[*:1]/N=[N+](/[O-])n1nnc([*:2])n1,[*:1]/N=[N+](/[O-])n1nnnc1[*:2],5.04267,18.8082,0,0.0133,-0.046947,-0.636698,-25.255,
185909250,cand_021,cand_057,[*:2][N+](=O)[O-].[*:1]c1nnn(N=[N+]=[N-])n1,[*:1]/N=[N+](/[O-])n1nnnc1[*:2],[*:1]/N=[N+](/[O-])n1nnc([*:2])n1,-5.04267,-18.8082,0,-0.0133,0.046947,0.636698,25.255,
198551598,cand_024,cand_001,[*:2][N+](=O)[O-].[*:1]c1nnnn1N=[N+]=[N-],[*:1]/N=[N+](/[O-])n1nnc([*:2])n1,[*:1]/N=[N+](/[O-])n1nnnc1[*:2],4.44339,16.573,0,0.0118,0.0296455,0.279145,19.8986,
198551598,cand_001,cand_024,[*:2][N+](=O)[O-].[*:1]c1nnnn1N=[N+]=[N-],[*:1]/N=[N+](/[O-])n1nnnc1[*:2],[*:1]/N=[N+](/[O-])n1nnc([*:2])n1,-4.44339,-16.573,0,-0.0118,-0.0296455,-0.279145,-19.8986,
128733144,cand_061,cand_056,[*:2]N[N+](=O)[O-].[*:1]c1nnn(N=[N+]=[N-])n1,[*:1]/N=[N+](/[O-])c1nnn([*:2])n1,[*:1]/N=[N+](/[O-])n1nnnc1[*:2],-0.143699,-0.507537,0,-0.0004,-0.125314,-1.50085,-32.7553,
128733144,cand_056,cand_061,[*:2]N[N+](=O)[O-].[*:1]c1nnn(N=[N+]=[N-])n1,[*:1]/N=[N+](/[O-])n1nnnc1[*:2],[*:1]/N=[N+](/[O-])c1nnn([*:2])n1,0.143699,0.507537,0,0.0004,0.125314,1.50085,32.7553,
128736936,cand_061,cand_058,[*:2]N[N+](=O)[O-].[*:1]c1nnn(N=[N+]=[N-])n1,[*:1]/N=[N+](/[O-])c1nnn([*:2])n1,[*:1]/N=[N+](/[O-])n1nnc([*:2])n1,-1.31902,-4.65873,0,-0.0034,-0.277442,-3.26882,-41.7056,
128736936,cand_058,cand_061,[*:2]N[N+](=O)[O-].[*:1]c1nnn(N=[N+]=[N-])n1,[*:1]/N=[N+](/[O-])n1nnc([*:2])n1,[*:1]/N=[N+](/[O-])c1nnn([*:2])n1,1.31902,4.65873,0,0.0034,0.277442,3.26882,41.7056,
130033170,cand_015,cand_026,[*:2]N[N+](=O)[O-].[*:1]c1nnn(N[N+](=O)[O-])n1,[*:1]/N=[N+](/[O-])c1nnnn1[*:2],[*:1]/N=[N+](\[O-])n1nnnc1[*:2],-0.254141,-0.841164,0,-0.0007,0.140513,1.70216,1.1471,
130033170,cand_026,cand_015,[*:2]N[N+](=O)[O-].[*:1]c1nnn(N[N+](=O)[O-])n1,[*:1]/N=[N+](\[O-])n1nnnc1[*:2],[*:1]/N=[N+](/[O-])c1nnnn1[*:2],0.254141,0.841164,0,0.0007,-0.140513,-1.70216,-1.1471,
135713364,cand_009,cand_004,[*:2]N[N+](=O)[O-].[*:1]c1nnnn1N[N+](=O)[O-],[*:1]/N=[N+](/[O-])c1nnnn1[*:2],[*:1]/N=[N+](\[O-])n1nnnc1[*:2],-5.032,-16.6551,0,-0.0124,0.0914139,1.18851,0.401,
135713364,cand_004,cand_009,[*:2]N[N+](=O)[O-].[*:1]c1nnnn1N[N+](=O)[O-],[*:1]/N=[N+](\[O-])n1nnnc1[*:2],[*:1]/N=[N+](/[O-])c1nnnn1[*:2],5.032,16.6551,0,0.0124,-0.0914139,-1.18851,-0.401,
130033188,cand_015,cand_040,[*:2]N[N+](=O)[O-].[*:1]c1nnn(N[N+](=O)[O-])n1,[*:1]/N=[N+](/[O-])c1nnnn1[*:2],[*:1]/N=[N+](\[O-])n1nnc([*:2])n1,-3.28627,-10.877,0,-0.0081,-0.0130027,-0.103794,0.1111,
130033188,cand_040,cand_015,[*:2]N[N+](=O)[O-].[*:1]c1nnn(N[N+](=O)[O-])n1,[*:1]/N=[N+](\[O-])n1nnc([*:2])n1,[*:1]/N=[N+](/[O-])c1nnnn1[*:2],3.28627,10.877,0,0.0081,0.0130027,0.103794,-0.1111,
135717024,cand_009,cand_019,[*:2]N[N+](=O)[O-].[*:1]c1nnnn1N[N+](=O)[O-],[*:1]/N=[N+](/[O-])c1nnnn1[*:2],[*:1]/N=[N+](\[O-])n1nnc([*:2])n1,-5.54342,-18.3478,0,-0.0137,0.00733394,0.175727,0.3216,
135717024,cand_019,cand_009,[*:2]N[N+](=O)[O-].[*:1]c1nnnn1N[N+](=O)[O-],[*:1]/N=[N+](\[O-])n1nnc([*:2])n1,[*:1]/N=[N+](/[O-])c1nnnn1[*:2],5.54342,18.3478,0,0.0137,-0.00733394,-0.175727,-0.3216,
130036950,cand_028,cand_026,[*:2]N[N+](=O)[O-].[*:1]c1nnn(N[N+](=O)[O-])n1,[*:1]/N=[N+](/[O-])c1nnn([*:2])n1,[*:1]/N=[N+](\[O-])n1nnnc1[*:2],4.20745,13.926,0,0.0103,0.0895542,1.01974,0.7744,
130036950,cand_026,cand_028,[*:2]N[N+](=O)[O-].[*:1]c1nnn(N[N+](=O)[O-])n1,[*:1]/N=[N+](\[O-])n1nnnc1[*:2],[*:1]/N=[N+](/[O-])c1nnn([*:2])n1,-4.20745,-13.926,0,-0.0103,-0.0895542,-1.01974,-0.7744,
130036962,cand_040,cand_026,[*:2]N[N+](=O)[O-].[*:1]c1nnn(N[N+](=O)[O-])n1,[*:1]/N=[N+](\[O-])n1nnc([*:2])n1,[*:1]/N=[N+](\[O-])n1nnnc1[*:2],3.03213,10.0358,0,0.0074,0.153515,1.80596,1.036,
130036962,cand_026,cand_040,[*:2]N[N+](=O)[O-].[*:1]c1nnn(N[N+](=O)[O-])n1,[*:1]/N=[N+](\[O-])n1nnnc1[*:2],[*:1]/N=[N+](\[O-])n1nnc([*:2])n1,-3.03213,-10.0358,0,-0.0074,-0.153515,-1.80596,-1.036,
135713382,cand_019,cand_004,[*:2]N[N+](=O)[O-].[*:1]c1nnnn1N[N+](=O)[O-],[*:1]/N=[N+](\[O-])n1nnc([*:2])n1,[*:1]/N=[N+](\[O-])n1nnnc1[*:2],0.51142,1.69272,0,0.0013,0.08408,1.01278,0.0794,
135713382,cand_004,cand_019,[*:2]N[N+](=O)[O-].[*:1]c1nnnn1N[N+](=O)[O-],[*:1]/N=[N+](\[O-])n1nnnc1[*:2],[*:1]/N=[N+](\[O-])n1nnc([*:2])n1,-0.51142,-1.69272,0,-0.0013,-0.08408,-1.01278,-0.0794,
130040724,cand_028,cand_040,[*:2]N[N+](=O)[O-].[*:1]c1nnn(N[N+](=O)[O-])n1,[*:1]/N=[N+](/[O-])c1nnn([*:2])n1,[*:1]/N=[N+](\[O-])n1nnc([*:2])n1,1.17532,3.89013,0,0.0029,-0.0639611,-0.78622,-0.2616,
130040724,cand_040,cand_028,[*:2]N[N+](=O)[O-].[*:1]c1nnn(N[N+](=O)[O-])n1,[*:1]/N=[N+](\[O-])n1nnc([*:2])n1,[*:1]/N=[N+](/[O-])c1nnn([*:2])n1,-1.17532,-3.89013,0,-0.0029,0.0639611,0.78622,0.2616,
130044486,cand_040,cand_028,[*:2]N[N+](=O)[O-].[*:1]c1nnn(N[N+](=O)[O-])n1,[*:1]/N=[N+](\[O-])n1nnc([*:2])n1,[*:2]n1nnc(/N=[N+](/[*:1])[O-])n1,-1.17532,-3.89013,0,-0.0029,0.0639611,0.78622,0.2616,
130044486,cand_028,cand_040,[*:2]N[N+](=O)[O-].[*:1]c1nnn(N[N+](=O)[O-])n1,[*:2]n1nnc(/N=[N+](/[*:1])[O-])n1,[*:1]/N=[N+](\[O-])n1nnc([*:2])n1,1.17532,3.89013,0,0.0029,-0.0639611,-0.78622,-0.2616,
135724302,cand_019,cand_015,[*:2]N[N+](=O)[O-].[*:1]c1nnnn1N[N+](=O)[O-],[*:1]/N=[N+](\[O-])n1nnc([*:2])n1,[*:2]n1nnc(/N=[N+](/[*:1])[O-])n1,0.736068,2.43626,0,0.0019,-0.0592797,-0.72369,-0.2597,
135724302,cand_015,cand_019,[*:2]N[N+](=O)[O-].[*:1]c1nnnn1N[N+](=O)[O-],[*:2]n1nnc(/N=[N+](/[*:1])[O-])n1,[*:1]/N=[N+](\[O-])n1nnc([*:2])n1,-0.736068,-2.43626,0,-0.0019,0.0592797,0.72369,0.2597,
134471460,cand_008,cand_014,[*:2]N[N+](=O)[O-].[*:1]c1nnnn1N=[N+]=[N-],[*:1]/N=[N+](/[O-])c1nnnn1[*:2],[*:2]n1nnc(/N=[N+](\[*:1])[O-])n1,-2.92482,-10.3303,0,-0.0076,-0.0850291,-0.970577,5.9641,
134471460,cand_014,cand_008,[*:2]N[N+](=O)[O-].[*:1]c1nnnn1N=[N+]=[N-],[*:2]n1nnc(/N=[N+](\[*:1])[O-])n1,[*:1]/N=[N+](/[O-])c1nnnn1[*:2],2.92482,10.3303,0,0.0076,0.0850291,0.970577,-5.9641,
198557106,cand_007,cand_032,[*:2][N+](=O)[O-].[*:1]c1nnnn1N=[N+]=[N-],[*:1]/N=[N+](/[O-])c1nnnn1[*:2],[*:2]n1nnc(/N=[N+](\[*:1])[O-])n1,-5.88729,-21.9585,0,-0.0156,-0.169996,-1.94649,-122.514,
198557106,cand_032,cand_007,[*:2][N+](=O)[O-].[*:1]c1nnnn1N=[N+]=[N-],[*:2]n1nnc(/N=[N+](\[*:1])[O-])n1,[*:1]/N=[N+](/[O-])c1nnnn1[*:2],5.88729,21.9585,0,0.0156,0.169996,1.94649,122.514,
134475312,cand_011,cand_014,[*:2]N[N+](=O)[O-].[*:1]c1nnnn1N=[N+]=[N-],[*:1]/N=[N+](/[O-])n1nnnc1[*:2],[*:2]n1nnc(/N=[N+](\[*:1])[O-])n1,-2.83572,-10.0156,0,-0.0073,-0.00327222,0.00704547,-5.5696,
134475312,cand_014,cand_011,[*:2]N[N+](=O)[O-].[*:1]c1nnnn1N=[N+]=[N-],[*:2]n1nnc(/N=[N+](\[*:1])[O-])n1,[*:1]/N=[N+](/[O-])n1nnnc1[*:2],2.83572,10.0156,0,0.0073,0.00327222,-0.00704547,5.5696,
143166702,cand_017,cand_040,[*:2]N[N+](=O)[O-].[*:1]n1nnc(N[N+](=O)[O-])n1,[*:1]/N=[N+](/[O-])n1nnnc1[*:2],[*:2]n1nnc(/N=[N+](\[*:1])[O-])n1,-2.51443,-8.32235,0,-0.0062,-0.0593658,-0.672337,-0.1001,
143166702,cand_040,cand_017,[*:2]N[N+](=O)[O-].[*:1]n1nnc(N[N+](=O)[O-])n1,[*:2]n1nnc(/N=[N+](\[*:1])[O-])n1,[*:1]/N=[N+](/[O-])n1nnnc1[*:2],2.51443,8.32235,0,0.0062,0.0593658,0.672337,0.1001,
148515162,cand_002,cand_026,[*:2]N[N+](=O)[O-].[*:1]n1nnnc1N[N+](=O)[O-],[*:1]/N=[N+](/[O-])n1nnnc1[*:2],[*:2]n1nnc(/N=[N+](\[*:1])[O-])n1,-4.69691,-15.546,0,-0.0116,-0.104856,-1.21441,-0.3694,
148515162,cand_026,cand_002,[*:2]N[N+](=O)[O-].[*:1]n1nnnc1N[N+](=O)[O-],[*:2]n1nnc(/N=[N+](\[*:1])[O-])n1,[*:1]/N=[N+](/[O-])n1nnnc1[*:2],4.69691,15.546,0,0.0116,0.104856,1.21441,0.3694,
198551610,cand_001,cand_032,[*:2][N+](=O)[O-].[*:1]c1nnnn1N=[N+]=[N-],[*:1]/N=[N+](/[O-])n1nnnc1[*:2],[*:2]n1nnc(/N=[N+](\[*:1])[O-])n1,-7.92293,-29.5511,0,-0.021,-0.0364915,-0.302321,-2.1692,
198551610,cand_032,cand_001,[*:2][N+](=O)[O-].[*:1]c1nnnn1N=[N+]=[N-],[*:2]n1nnc(/N=[N+](\[*:1])[O-])n1,[*:1]/N=[N+](/[O-])n1nnnc1[*:2],7.92293,29.5511,0,0.021,0.0364915,0.302321,2.1692,
134479164,cand_025,cand_014,[*:2]N[N+](=O)[O-].[*:1]c1nnnn1N=[N+]=[N-],[*:1]/N=[N+](/[O-])n1nnc([*:2])n1,[*:2]n1nnc(/N=[N+](\[*:1])[O-])n1,0.754266,2.66403,0,0.002,-0.0080771,-0.108481,-8.9242,
134479164,cand_014,cand_025,[*:2]N[N+](=O)[O-].[*:1]c1nnnn1N=[N+]=[N-],[*:2]n1nnc(/N=[N+](\[*:1])[O-])n1,[*:1]/N=[N+](/[O-])n1nnc([*:2])n1,-0.754266,-2.66403,0,-0.002,0.0080771,0.108481,8.9242,
143174286,cand_023,cand_040,[*:2]N[N+](=O)[O-].[*:1]n1nnc(N[N+](=O)[O-])n1,[*:1]/N=[N+](/[O-])n1nnc([*:2])n1,[*:2]n1nnc(/N=[N+](\[*:1])[O-])n1,-2.54455,-8.42204,0,-0.0062,-0.0352084,-0.381447,-0.4844,
143174286,cand_040,cand_023,[*:2]N[N+](=O)[O-].[*:1]n1nnc(N[N+](=O)[O-])n1,[*:2]n1nnc(/N=[N+](\[*:1])[O-])n1,[*:1]/N=[N+](/[O-])n1nnc([*:2])n1,2.54455,8.42204,0,0.0062,0.0352084,0.381447,0.4844,
198579030,cand_024,cand_032,[*:2][N+](=O)[O-].[*:1]c1nnnn1N=[N+]=[N-],[*:1]/N=[N+](/[O-])n1nnc([*:2])n1,[*:2]n1nnc(/N=[N+](\[*:1])[O-])n1,-3.47954,-12.978,0,-0.0092,-0.00684598,-0.0231765,17.7294,
198579030,cand_032,cand_024,[*:2][N+](=O)[O-].[*:1]c1nnnn1N=[N+]=[N-],[*:2]n1nnc(/N=[N+](\[*:1])[O-])n1,[*:1]/N=[N+](/[O-])n1nnc([*:2])n1,3.47954,12.978,0,0.0092,0.00684598,0.0231765,-17.7294,
135713388,cand_041,cand_004,[*:2]N[N+](=O)[O-].[*:1]c1nnnn1N[N+](=O)[O-],[*:1]/N=N/c1nnnn1[*:2],[*:1]/N=[N+](\[O-])n1nnnc1[*:2],-14.2958,15.8961,5.59186,0.0077,0.326369,3.6713,0.4706,
135713388,cand_004,cand_041,[*:2]N[N+](=O)[O-].[*:1]c1nnnn1N[N+](=O)[O-],[*:1]/N=[N+](\[O-])n1nnnc1[*:2],[*:1]/N=N/c1nnnn1[*:2],14.2958,-15.8961,-5.59186,-0.0077,-0.326369,-3.6713,-0.4706,
135713394,cand_041,cand_004,[*:2]N[N+](=O)[O-].[*:1]c1nnnn1N[N+](=O)[O-],[*:1]/N=N\c1nnnn1[*:2],[*:1]/N=[N+](\[O-])n1nnnc1[*:2],-14.2958,15.8961,5.59186,0.0077,0.326369,3.6713,0.4706,
135713394,cand_004,cand_041,[*:2]N[N+](=O)[O-].[*:1]c1nnnn1N[N+](=O)[O-],[*:1]/N=[N+](\[O-])n1nnnc1[*:2],[*:1]/N=N\c1nnnn1[*:2],14.2958,-15.8961,-5.59186,-0.0077,-0.326369,-3.6713,-0.4706,
135717030,cand_041,cand_009,[*:2]N[N+](=O)[O-].[*:1]c1nnnn1N[N+](=O)[O-],[*:1]/N=N/c1nnnn1[*:2],[*:1]/N=[N+](/[O-])c1nnnn1[*:2],-9.2638,32.5512,5.59186,0.0201,0.234955,2.4828,0.0696,
135717030,cand_009,cand_041,[*:2]N[N+](=O)[O-].[*:1]c1nnnn1N[N+](=O)[O-],[*:1]/N=[N+](/[O-])c1nnnn1[*:2],[*:1]/N=N/c1nnnn1[*:2],9.2638,-32.5512,-5.59186,-0.0201,-0.234955,-2.4828,-0.0696,
135717036,cand_041,cand_009,[*:2]N[N+](=O)[O-].[*:1]c1nnnn1N[N+](=O)[O-],[*:1]/N=N\c1nnnn1[*:2],[*:1]/N=[N+](/[O-])c1nnnn1[*:2],-9.2638,32.5512,5.59186,0.0201,0.234955,2.4828,0.0696,
135717036,cand_009,cand_041,[*:2]N[N+](=O)[O-].[*:1]c1nnnn1N[N+](=O)[O-],[*:1]/N=[N+](/[O-])c1nnnn1[*:2],[*:1]/N=N\c1nnnn1[*:2],9.2638,-32.5512,-5.59186,-0.0201,-0.234955,-2.4828,-0.0696,
135720666,cand_019,cand_009,[*:2]N[N+](=O)[O-].[*:1]c1nnnn1N[N+](=O)[O-],[*:1]/N=[N+](\[O-])n1nnc([*:2])n1,[*:2]n1nnnc1/N=[N+](/[*:1])[O-],5.54342,18.3478,0,0.0137,-0.00733394,-0.175727,-0.3216,
135720666,cand_009,cand_019,[*:2]N[N+](=O)[O-].[*:1]c1nnnn1N[N+](=O)[O-],[*:2]n1nnnc1/N=[N+](/[*:1])[O-],[*:1]/N=[N+](\[O-])n1nnc([*:2])n1,-5.54342,-18.3478,0,-0.0137,0.00733394,0.175727,0.3216,
135720672,cand_041,cand_009,[*:2]N[N+](=O)[O-].[*:1]c1nnnn1N[N+](=O)[O-],[*:1]/N=N/c1nnnn1[*:2],[*:2]n1nnnc1/N=[N+](/[*:1])[O-],-9.2638,32.5512,5.59186,0.0201,0.234955,2.4828,0.0696,
135720672,cand_009,cand_041,[*:2]N[N+](=O)[O-].[*:1]c1nnnn1N[N+](=O)[O-],[*:2]n1nnnc1/N=[N+](/[*:1])[O-],[*:1]/N=N/c1nnnn1[*:2],9.2638,-32.5512,-5.59186,-0.0201,-0.234955,-2.4828,-0.0696,
135720678,cand_041,cand_009,[*:2]N[N+](=O)[O-].[*:1]c1nnnn1N[N+](=O)[O-],[*:1]/N=N\c1nnnn1[*:2],[*:2]n1nnnc1/N=[N+](/[*:1])[O-],-9.2638,32.5512,5.59186,0.0201,0.234955,2.4828,0.0696,
135720678,cand_009,cand_041,[*:2]N[N+](=O)[O-].[*:1]c1nnnn1N[N+](=O)[O-],[*:2]n1nnnc1/N=[N+](/[*:1])[O-],[*:1]/N=N\c1nnnn1[*:2],9.2638,-32.5512,-5.59186,-0.0201,-0.234955,-2.4828,-0.0696,
135724308,cand_041,cand_015,[*:2]N[N+](=O)[O-].[*:1]c1nnnn1N[N+](=O)[O-],[*:1]/N=N/c1nnnn1[*:2],[*:2]n1nnc(/N=[N+](/[*:1])[O-])n1,-14.0711,16.6396,5.59186,0.0083,0.18301,1.93483,0.1315,
135724308,cand_015,cand_041,[*:2]N[N+](=O)[O-].[*:1]c1nnnn1N[N+](=O)[O-],[*:2]n1nnc(/N=[N+](/[*:1])[O-])n1,[*:1]/N=N/c1nnnn1[*:2],14.0711,-16.6396,-5.59186,-0.0083,-0.18301,-1.93483,-0.1315,
135724314,cand_041,cand_015,[*:2]N[N+](=O)[O-].[*:1]c1nnnn1N[N+](=O)[O-],[*:1]/N=N\c1nnnn1[*:2],[*:2]n1nnc(/N=[N+](/[*:1])[O-])n1,-14.0711,16.6396,5.59186,0.0083,0.18301,1.93483,0.1315,
135724314,cand_015,cand_041,[*:2]N[N+](=O)[O-].[*:1]c1nnnn1N[N+](=O)[O-],[*:2]n1nnc(/N=[N+](/[*:1])[O-])n1,[*:1]/N=N\c1nnnn1[*:2],14.0711,-16.6396,-5.59186,-0.0083,-0.18301,-1.93483,-0.1315,
135727938,cand_041,cand_019,[*:2]N[N+](=O)[O-].[*:1]c1nnnn1N[N+](=O)[O-],[*:1]/N=N/c1nnnn1[*:2],[*:1]/N=[N+](\[O-])n1nnc([*:2])n1,-14.8072,14.2034,5.59186,0.0064,0.242289,2.65852,0.3912,
135727938,cand_019,cand_041,[*:2]N[N+](=O)[O-].[*:1]c1nnnn1N[N+](=O)[O-],[*:1]/N=[N+](\[O-])n1nnc([*:2])n1,[*:1]/N=N/c1nnnn1[*:2],14.8072,-14.2034,-5.59186,-0.0064,-0.242289,-2.65852,-0.3912,
135727944,cand_041,cand_019,[*:2]N[N+](=O)[O-].[*:1]c1nnnn1N[N+](=O)[O-],[*:1]/N=N\c1nnnn1[*:2],[*:1]/N=[N+](\[O-])n1nnc([*:2])n1,-14.8072,14.2034,5.59186,0.0064,0.242289,2.65852,0.3912,
135727944,cand_019,cand_041,[*:2]N[N+](=O)[O-].[*:1]c1nnnn1N[N+](=O)[O-],[*:1]/N=[N+](\[O-])n1nnc([*:2])n1,[*:1]/N=N\c1nnnn1[*:2],14.8072,-14.2034,-5.59186,-0.0064,-0.242289,-2.65852,-0.3912,
139111428,cand_045,cand_052,[*:1]N[N+](=O)[O-].[*:2]n1cnnn1,[*:1]c1nnnn1/N=[N+](/[*:2])[O-],[*:1]n1nnnc1/N=[N+](/[*:2])[O-],0.799448,3.30187,0,0.0024,0.0374319,0.41754,-0.026,
139111428,cand_052,cand_045,[*:1]N[N+](=O)[O-].[*:2]n1cnnn1,[*:1]n1nnnc1/N=[N+](/[*:2])[O-],[*:1]c1nnnn1/N=[N+](/[*:2])[O-],-0.799448,-3.30187,0,-0.0024,-0.0374319,-0.41754,0.026,
143166684,cand_017,cand_019,[*:2]N[N+](=O)[O-].[*:1]n1nnc(N[N+](=O)[O-])n1,[*:1]/N=[N+](/[O-])n1nnnc1[*:2],[*:2]n1nnnc1/N=[N+](\[*:1])[O-],0.035768,0.118386,0,0,0.0129166,0.155148,0.0485,
143166684,cand_019,cand_017,[*:2]N[N+](=O)[O-].[*:1]n1nnc(N[N+](=O)[O-])n1,[*:2]n1nnnc1/N=[N+](\[*:1])[O-],[*:1]/N=[N+](/[O-])n1nnnc1[*:2],-0.035768,-0.118386,0,0,-0.0129166,-0.155148,-0.0485,
148515150,cand_002,cand_004,[*:2]N[N+](=O)[O-].[*:1]n1nnnc1N[N+](=O)[O-],[*:1]/N=[N+](/[O-])n1nnnc1[*:2],[*:2]n1nnnc1/N=[N+](\[*:1])[O-],-4.66742,-15.4484,0,-0.0115,-0.102009,-1.18011,-1.1774,
148515150,cand_004,cand_002,[*:2]N[N+](=O)[O-].[*:1]n1nnnc1N[N+](=O)[O-],[*:2]n1nnnc1/N=[N+](\[*:1])[O-],[*:1]/N=[N+](/[O-])n1nnnc1[*:2],4.66742,15.4484,0,0.0115,0.102009,1.18011,1.1774,
143166696,cand_017,cand_023,[*:2]N[N+](=O)[O-].[*:1]n1nnc(N[N+](=O)[O-])n1,[*:1]/N=[N+](/[O-])n1nnnc1[*:2],[*:2]c1nnn(/N=[N+](/[*:1])[O-])n1,0.03012,0.0996922,0,0,-0.0241574,-0.29089,0.3843,
143166696,cand_023,cand_017,[*:2]N[N+](=O)[O-].[*:1]n1nnc(N[N+](=O)[O-])n1,[*:2]c1nnn(/N=[N+](/[*:1])[O-])n1,[*:1]/N=[N+](/[O-])n1nnnc1[*:2],-0.03012,-0.0996922,0,0,0.0241574,0.29089,-0.3843,
148515156,cand_002,cand_017,[*:2]N[N+](=O)[O-].[*:1]n1nnnc1N[N+](=O)[O-],[*:1]/N=[N+](/[O-])n1nnnc1[*:2],[*:2]c1nnn(/N=[N+](/[*:1])[O-])n1,-5.2146,-17.2595,0,-0.0128,-0.199006,-2.34804,-1.3053,
148515156,cand_017,cand_002,[*:2]N[N+](=O)[O-].[*:1]n1nnnc1N[N+](=O)[O-],[*:2]c1nnn(/N=[N+](/[*:1])[O-])n1,[*:1]/N=[N+](/[O-])n1nnnc1[*:2],5.2146,17.2595,0,0.0128,0.199006,2.34804,1.3053,
143170488,cand_023,cand_019,[*:2]N[N+](=O)[O-].[*:1]n1nnc(N[N+](=O)[O-])n1,[*:1]/N=[N+](/[O-])n1nnc([*:2])n1,[*:2]n1nnnc1/N=[N+](\[*:1])[O-],0.005648,0.0186939,0,0,0.037074,0.446038,-0.3358,
143170488,cand_019,cand_023,[*:2]N[N+](=O)[O-].[*:1]n1nnc(N[N+](=O)[O-])n1,[*:2]n1nnnc1/N=[N+](\[*:1])[O-],[*:1]/N=[N+](/[O-])n1nnc([*:2])n1,-0.005648,-0.0186939,0,0,-0.037074,-0.446038,0.3358,
143170494,cand_023,cand_019,[*:1]N[N+](=O)[O-].[*:2]n1nnc(N[N+](=O)[O-])n1,[*:1]c1nnn(/N=[N+](/[*:2])[O-])n1,[*:1]n1nnnc1/N=[N+](\[*:2])[O-],0.005648,0.0186939,0,0,0.037074,0.446038,-0.3358,
143170494,cand_019,cand_023,[*:1]N[N+](=O)[O-].[*:2]n1nnc(N[N+](=O)[O-])n1,[*:1]n1nnnc1/N=[N+](\[*:2])[O-],[*:1]c1nnn(/N=[N+](/[*:2])[O-])n1,-0.005648,-0.0186939,0,0,-0.037074,-0.446038,0.3358,
148522422,cand_017,cand_004,[*:1]N[N+](=O)[O-].[*:2]n1nnnc1N[N+](=O)[O-],[*:1]c1nnn(/N=[N+](/[*:2])[O-])n1,[*:1]n1nnnc1/N=[N+](\[*:2])[O-],0.547188,1.8111,0,0.0013,0.0969966,1.16793,0.1279,
148522422,cand_004,cand_017,[*:1]N[N+](=O)[O-].[*:2]n1nnnc1N[N+](=O)[O-],[*:1]n1nnnc1/N=[N+](\[*:2])[O-],[*:1]c1nnn(/N=[N+](/[*:2])[O-])n1,-0.547188,-1.8111,0,-0.0013,-0.0969966,-1.16793,-0.1279,
143170500,cand_040,cand_019,[*:1]N[N+](=O)[O-].[*:2]n1nnc(N[N+](=O)[O-])n1,[*:1]n1nnc(/N=[N+](\[*:2])[O-])n1,[*:1]n1nnnc1/N=[N+](\[*:2])[O-],2.5502,8.44073,0,0.0062,0.0722824,0.827485,0.1486,
143170500,cand_019,cand_040,[*:1]N[N+](=O)[O-].[*:2]n1nnc(N[N+](=O)[O-])n1,[*:1]n1nnnc1/N=[N+](\[*:2])[O-],[*:1]n1nnc(/N=[N+](\[*:2])[O-])n1,-2.5502,-8.44073,0,-0.0062,-0.0722824,-0.827485,-0.1486,
148522428,cand_026,cand_004,[*:1]N[N+](=O)[O-].[*:2]n1nnnc1N[N+](=O)[O-],[*:1]n1nnc(/N=[N+](\[*:2])[O-])n1,[*:1]n1nnnc1/N=[N+](\[*:2])[O-],0.029493,0.0976169,0,0.0001,0.00284713,0.0343058,-0.808,
148522428,cand_004,cand_026,[*:1]N[N+](=O)[O-].[*:2]n1nnnc1N[N+](=O)[O-],[*:1]n1nnnc1/N=[N+](\[*:2])[O-],[*:1]n1nnc(/N=[N+](\[*:2])[O-])n1,-0.029493,-0.0976169,0,-0.0001,-0.00284713,-0.0343058,0.808,
143178072,cand_023,cand_040,[*:1]N[N+](=O)[O-].[*:2]n1nnc(N[N+](=O)[O-])n1,[*:1]c1nnn(/N=[N+](/[*:2])[O-])n1,[*:1]n1nnc(/N=[N+](\[*:2])[O-])n1,-2.54455,-8.42204,0,-0.0062,-0.0352084,-0.381447,-0.4844,
143178072,cand_040,cand_023,[*:1]N[N+](=O)[O-].[*:2]n1nnc(N[N+](=O)[O-])n1,[*:1]n1nnc(/N=[N+](\[*:2])[O-])n1,[*:1]c1nnn(/N=[N+](/[*:2])[O-])n1,2.54455,8.42204,0,0.0062,0.0352084,0.381447,0.4844,
148526052,cand_017,cand_026,[*:1]N[N+](=O)[O-].[*:2]n1nnnc1N[N+](=O)[O-],[*:1]c1nnn(/N=[N+](/[*:2])[O-])n1,[*:1]n1nnc(/N=[N+](\[*:2])[O-])n1,0.517695,1.71348,0,0.0012,0.0941494,1.13362,0.9359,
148526052,cand_026,cand_017,[*:1]N[N+](=O)[O-].[*:2]n1nnnc1N[N+](=O)[O-],[*:1]n1nnc(/N=[N+](\[*:2])[O-])n1,[*:1]c1nnn(/N=[N+](/[*:2])[O-])n1,-0.517695,-1.71348,0,-0.0012,-0.0941494,-1.13362,-0.9359,
147300054,cand_046,cand_053,[*:1]N[N+](=O)[O-].[*:2]n1nnnc1N=[N+]=[N-],[*:1]c1nnnn1/N=[N+](\[*:2])[O-],[*:1]n1nnnc1/N=[N+](\[*:2])[O-],-0.959462,-3.38877,0,-0.0025,0.0892958,1.05637,4.6064,
147300054,cand_053,cand_046,[*:1]N[N+](=O)[O-].[*:2]n1nnnc1N=[N+]=[N-],[*:1]n1nnnc1/N=[N+](\[*:2])[O-],[*:1]c1nnnn1/N=[N+](\[*:2])[O-],0.959462,3.38877,0,0.0025,-0.0892958,-1.05637,-4.6064,
148518786,cand_002,cand_004,[*:1]N[N+](=O)[O-].[*:2]n1nnnc1N[N+](=O)[O-],[*:1]c1nnnn1/N=[N+](/[*:2])[O-],[*:1]n1nnnc1/N=[N+](\[*:2])[O-],-4.66742,-15.4484,0,-0.0115,-0.102009,-1.18011,-1.1774,
148518786,cand_004,cand_002,[*:1]N[N+](=O)[O-].[*:2]n1nnnc1N[N+](=O)[O-],[*:1]n1nnnc1/N=[N+](\[*:2])[O-],[*:1]c1nnnn1/N=[N+](/[*:2])[O-],4.66742,15.4484,0,0.0115,0.102009,1.18011,1.1774,
148518792,cand_017,cand_002,[*:1]N[N+](=O)[O-].[*:2]n1nnnc1N[N+](=O)[O-],[*:1]c1nnn(/N=[N+](/[*:2])[O-])n1,[*:1]c1nnnn1/N=[N+](/[*:2])[O-],5.2146,17.2595,0,0.0128,0.199006,2.34804,1.3053,
148518792,cand_002,cand_017,[*:1]N[N+](=O)[O-].[*:2]n1nnnc1N[N+](=O)[O-],[*:1]c1nnnn1/N=[N+](/[*:2])[O-],[*:1]c1nnn(/N=[N+](/[*:2])[O-])n1,-5.2146,-17.2595,0,-0.0128,-0.199006,-2.34804,-1.3053,
210409500,cand_047,cand_018,[*:1][N+](=O)[O-].[*:2]n1cnnn1,[*:1]c1nnn(/N=[N+](/[*:2])[O-])n1,[*:1]c1nnnn1/N=[N+](/[*:2])[O-],3.33898,14.7027,0,0.0105,-0.0808454,-1.00935,-2.2272,
210409500,cand_018,cand_047,[*:1][N+](=O)[O-].[*:2]n1cnnn1,[*:1]c1nnnn1/N=[N+](/[*:2])[O-],[*:1]c1nnn(/N=[N+](/[*:2])[O-])n1,-3.33898,-14.7027,0,-0.0105,0.0808454,1.00935,2.2272,
148518798,cand_002,cand_026,[*:1]N[N+](=O)[O-].[*:2]n1nnnc1N[N+](=O)[O-],[*:1]c1nnnn1/N=[N+](/[*:2])[O-],[*:1]n1nnc(/N=[N+](\[*:2])[O-])n1,-4.69691,-15.546,0,-0.0116,-0.104856,-1.21441,-0.3694,
148518798,cand_026,cand_002,[*:1]N[N+](=O)[O-].[*:2]n1nnnc1N[N+](=O)[O-],[*:1]n1nnc(/N=[N+](\[*:2])[O-])n1,[*:1]c1nnnn1/N=[N+](/[*:2])[O-],4.69691,15.546,0,0.0116,0.104856,1.21441,0.3694,
253902684,cand_024,cand_054,[*:1]c1nnn(/[N+]([O-])=N/c2nnnn2N=[N+]=[N-])n1,[*:1][N+](=O)[O-],[*:1][H],-7.37758,-58.4216,-19.1309,-0.0099,-0.423084,-4.22563,241.127,
253902684,cand_054,cand_024,[*:1]c1nnn(/[N+]([O-])=N/c2nnnn2N=[N+]=[N-])n1,[*:1][H],[*:1][N+](=O)[O-],7.37758,58.4216,19.1309,0.0099,0.423084,4.22563,-241.127,
256429020,cand_001,cand_051,[*:1]c1nnnn1/[N+]([O-])=N/c1nnnn1N=[N+]=[N-],[*:1][N+](=O)[O-],[*:1][H],-11.228,-72.3369,-19.1309,-0.0197,-0.433513,-4.29998,5.5,
256429020,cand_051,cand_001,[*:1]c1nnnn1/[N+]([O-])=N/c1nnnn1N=[N+]=[N-],[*:1][H],[*:1][N+](=O)[O-],11.228,72.3369,19.1309,0.0197,0.433513,4.29998,-5.5,
256503900,cand_050,cand_003,[*:1]c1nnnn1NNc1nnnn1N=[N+]=[N-],[*:1][N+](=O)[O-],[*:1][H],-6.53734,-160.851,-23.1911,0.0482,-0.261776,-2.84477,76.236,
256503900,cand_003,cand_050,[*:1]c1nnnn1NNc1nnnn1N=[N+]=[N-],[*:1][H],[*:1][N+](=O)[O-],6.53734,160.851,23.1911,-0.0482,0.261776,2.84477,-76.236,
156512730,cand_062,cand_003,[*:1]Nc1nnnn1N=[N+]=[N-],[*:1]Nc1nnn(N)n1,[*:1]Nn1cnnn1,2.91119,117.947,0.749374,0.0395,0.0312691,0.18462,-44.9685,
156512730,cand_003,cand_062,[*:1]Nc1nnnn1N=[N+]=[N-],[*:1]Nn1cnnn1,[*:1]Nc1nnn(N)n1,-2.91119,-117.947,-0.749374,-0.0395,-0.0312691,-0.18462,44.9685,
156514794,cand_022,cand_059,[*:1]Nc1nnnn1N=[N+]=[N-],[*:1]Nc1nnn(N=[N+]=[N-])n1,[*:1]Nc1nnnn1N,-83.2831,-181.031,-10.8464,-0.0093,-0.0366968,-0.260465,-158.801,
156514794,cand_059,cand_022,[*:1]Nc1nnnn1N=[N+]=[N-],[*:1]Nc1nnnn1N,[*:1]Nc1nnn(N=[N+]=[N-])n1,83.2831,181.031,10.8464,0.0093,0.0366968,0.260465,158.801,
156512724,cand_059,cand_003,[*:1]Nc1nnnn1N=[N+]=[N-],[*:1]Nc1nnnn1N,[*:1]Nn1cnnn1,-0.157328,104.258,0.749374,0.0272,-0.0605625,-0.758595,38.8686,
156512724,cand_003,cand_059,[*:1]Nc1nnnn1N=[N+]=[N-],[*:1]Nn1cnnn1,[*:1]Nc1nnnn1N,0.157328,-104.258,-0.749374,-0.0272,0.0605625,0.758595,-38.8686,
156515466,cand_036,cand_050,[*:1]Nc1nnnn1N=[N+]=[N-],[*:1]Nn1nnnc1N=[N+]=[N-],[*:1]Nn1nnnc1[N+](=O)[O-],-77.6304,81.1695,13.0941,-0.0326,0.0702819,0.779892,-175.966,
156515466,cand_050,cand_036,[*:1]Nc1nnnn1N=[N+]=[N-],[*:1]Nn1nnnc1[N+](=O)[O-],[*:1]Nn1nnnc1N=[N+]=[N-],77.6304,-81.1695,-13.0941,0.0326,-0.0702819,-0.779892,175.966,
156513408,cand_005,cand_036,[*:1]Nc1nnnn1N=[N+]=[N-],[*:1]Nc1nnnn1N=[N+]=[N-],[*:1]Nn1nnnc1N=[N+]=[N-],-1.52422,-6.09347,0,-0.0049,0.127471,1.45708,46.9088,
156513408,cand_036,cand_005,[*:1]Nc1nnnn1N=[N+]=[N-],[*:1]Nn1nnnc1N=[N+]=[N-],[*:1]Nc1nnnn1N=[N+]=[N-],1.52422,6.09347,0,0.0049,-0.127471,-1.45708,-46.9088,
156513414,cand_005,cand_050,[*:1]Nc1nnnn1N=[N+]=[N-],[*:1]Nc1nnnn1N=[N+]=[N-],[*:1]Nn1nnnc1[N+](=O)[O-],-79.1546,75.076,13.0941,-0.0375,0.197753,2.23697,-129.057,
156513414,cand_050,cand_005,[*:1]Nc1nnnn1N=[N+]=[N-],[*:1]Nn1nnnc1[N+](=O)[O-],[*:1]Nc1nnnn1N=[N+]=[N-],79.1546,-75.076,-13.0941,0.0375,-0.197753,-2.23697,129.057,
162423654,cand_050,cand_016,[*:1]Nn1nnnc1[N+](=O)[O-],[*:1]Nc1nnnn1N=[N+]=[N-],[*:1]Nn1nnnc1[N+](=O)[O-],-81.9225,20.3667,12.6891,-0.0049,0.164626,1.5373,-18.4876,
162423654,cand_016,cand_050,[*:1]Nn1nnnc1[N+](=O)[O-],[*:1]Nn1nnnc1[N+](=O)[O-],[*:1]Nc1nnnn1N=[N+]=[N-],81.9225,-20.3667,-12.6891,0.0049,-0.164626,-1.5373,18.4876,
154426206,cand_022,cand_042,[*:1]Nc1nnn(N=[N+]=[N-])n1,[*:1]Nc1nnnn1N=[N+]=[N-],[*:1]Nn1ncnn1,-90.9304,-112.588,-10.097,-0.0128,-0.280661,-2.8368,-104.277,
154426206,cand_042,cand_022,[*:1]Nc1nnn(N=[N+]=[N-])n1,[*:1]Nn1ncnn1,[*:1]Nc1nnnn1N=[N+]=[N-],90.9304,112.588,10.097,0.0128,0.280661,2.8368,104.277,
156513396,cand_005,cand_012,[*:1]Nc1nnnn1N=[N+]=[N-],[*:1]Nc1nnnn1N=[N+]=[N-],[*:1]Nn1ncnn1,-89.1646,-102.38,-10.097,-0.0036,-0.112743,-1.06205,24.772,
156513396,cand_012,cand_005,[*:1]Nc1nnnn1N=[N+]=[N-],[*:1]Nn1ncnn1,[*:1]Nc1nnnn1N=[N+]=[N-],89.1646,102.38,10.097,0.0036,0.112743,1.06205,-24.772,
156516144,cand_059,cand_050,[*:1]Nc1nnnn1N=[N+]=[N-],[*:1]Nc1nnnn1N,[*:1]Nn1nnnc1[N+](=O)[O-],6.38001,265.108,23.9405,-0.021,0.201214,2.08618,-37.3674,
156516144,cand_050,cand_059,[*:1]Nc1nnnn1N=[N+]=[N-],[*:1]Nn1nnnc1[N+](=O)[O-],[*:1]Nc1nnnn1N,-6.38001,-265.108,-23.9405,0.021,-0.201214,-2.08618,37.3674,
156516150,cand_062,cand_050,[*:1]Nc1nnnn1N=[N+]=[N-],[*:1]Nc1nnn(N)n1,[*:1]Nn1nnnc1[N+](=O)[O-],9.44853,278.798,23.9405,-0.0087,0.293045,3.02939,-121.204,
156516150,cand_050,cand_062,[*:1]Nc1nnnn1N=[N+]=[N-],[*:1]Nn1nnnc1[N+](=O)[O-],[*:1]Nc1nnn(N)n1,-9.44853,-278.798,-23.9405,0.0087,-0.293045,-3.02939,121.204,
154425552,cand_013,cand_042,[*:1]Nc1nnn(N=[N+]=[N-])n1,[*:1]Nn1cnnn1,[*:1]Nn1ncnn1,-3.80459,-18.1925,0,-0.0156,-0.183617,-1.90478,-17.7129,
154425552,cand_042,cand_013,[*:1]Nc1nnn(N=[N+]=[N-])n1,[*:1]Nn1ncnn1,[*:1]Nn1cnnn1,3.80459,18.1925,0,0.0156,0.183617,1.90478,17.7129,
156512700,cand_003,cand_012,[*:1]Nc1nnnn1N=[N+]=[N-],[*:1]Nn1cnnn1,[*:1]Nn1ncnn1,-3.47264,-16.6052,0,-0.0143,-0.0487204,-0.454248,77.5928,
156512700,cand_012,cand_003,[*:1]Nc1nnnn1N=[N+]=[N-],[*:1]Nn1ncnn1,[*:1]Nn1cnnn1,3.47264,16.6052,0,0.0143,0.0487204,0.454248,-77.5928,
158200788,cand_020,cand_043,[*:1]Nn1cnnn1,[*:1]Nn1cnnn1,[*:1]Nn1ncnn1,-4.76468,-28.3409,0,-0.0264,0.0162305,0.315281,28.6501,
158200788,cand_043,cand_020,[*:1]Nn1cnnn1,[*:1]Nn1ncnn1,[*:1]Nn1cnnn1,4.76468,28.3409,0,0.0264,-0.0162305,-0.315281,-28.6501,
156514116,cand_062,cand_012,[*:1]Nc1nnnn1N=[N+]=[N-],[*:1]Nc1nnn(N)n1,[*:1]Nn1ncnn1,-0.561444,101.342,0.749374,0.0252,-0.0174514,-0.269628,32.6243,
156514116,cand_012,cand_062,[*:1]Nc1nnnn1N=[N+]=[N-],[*:1]Nn1ncnn1,[*:1]Nc1nnn(N)n1,0.561444,-101.342,-0.749374,-0.0252,0.0174514,0.269628,-32.6243,
154426854,cand_027,cand_042,[*:1]Nc1nnn(N=[N+]=[N-])n1,[*:1]Nc1nnn(N=[N+]=[N-])n1,[*:1]Nn1ncnn1,-87.0467,-97.0625,-10.097,-0.0003,-0.129379,-1.23999,-18.7599,
154426854,cand_042,cand_027,[*:1]Nc1nnn(N=[N+]=[N-])n1,[*:1]Nn1ncnn1,[*:1]Nc1nnn(N=[N+]=[N-])n1,87.0467,97.0625,10.097,0.0003,0.129379,1.23999,18.7599,
156514092,cand_022,cand_012,[*:1]Nc1nnnn1N=[N+]=[N-],[*:1]Nc1nnn(N=[N+]=[N-])n1,[*:1]Nn1ncnn1,-86.913,-93.3788,-10.097,0.0036,-0.14598,-1.47331,-42.3396,
156514092,cand_012,cand_022,[*:1]Nc1nnnn1N=[N+]=[N-],[*:1]Nn1ncnn1,[*:1]Nc1nnn(N=[N+]=[N-])n1,86.913,93.3788,10.097,-0.0036,0.14598,1.47331,42.3396,
162481494,cand_037,cand_033,[*:1]Nn1nnnc1[N+](=O)[O-].[*:2][N+](=O)[O-],[*:1]Nc1nnnn1N[*:2],[*:2]Nc1nnnn1N[*:1],1.74322,6.38239,0,0.0048,0.0563975,0.635715,0.1244,
162481494,cand_033,cand_037,[*:1]Nn1nnnc1[N+](=O)[O-].[*:2][N+](=O)[O-],[*:2]Nc1nnnn1N[*:1],[*:1]Nc1nnnn1N[*:2],-1.74322,-6.38239,0,-0.0048,-0.0563975,-0.635715,-0.1244,
156514110,cand_059,cand_012,[*:1]Nc1nnnn1N=[N+]=[N-],[*:1]Nc1nnnn1N,[*:1]Nn1ncnn1,-3.62997,87.6524,0.749374,0.0129,-0.109283,-1.21284,116.461,
156514110,cand_012,cand_059,[*:1]Nc1nnnn1N=[N+]=[N-],[*:1]Nn1ncnn1,[*:1]Nc1nnnn1N,3.62997,-87.6524,-0.749374,-0.0129,0.109283,1.21284,-116.461,
156515478,cand_062,cand_036,[*:1]Nc1nnnn1N=[N+]=[N-],[*:1]Nc1nnn(N)n1,[*:1]Nn1nnnc1N=[N+]=[N-],87.0789,197.628,10.8464,0.0239,0.222763,2.2495,54.7611,
156515478,cand_036,cand_062,[*:1]Nc1nnnn1N=[N+]=[N-],[*:1]Nn1nnnc1N=[N+]=[N-],[*:1]Nc1nnn(N)n1,-87.0789,-197.628,-10.8464,-0.0239,-0.222763,-2.2495,-54.7611,
156512718,cand_003,cand_050,[*:1]Nc1nnnn1N=[N+]=[N-],[*:1]Nn1cnnn1,[*:1]Nn1nnnc1[N+](=O)[O-],6.53734,160.851,23.1911,-0.0482,0.261776,2.84477,-76.236,
156512718,cand_050,cand_003,[*:1]Nc1nnnn1N=[N+]=[N-],[*:1]Nn1nnnc1[N+](=O)[O-],[*:1]Nn1cnnn1,-6.53734,-160.851,-23.1911,0.0482,-0.261776,-2.84477,76.236,
156514098,cand_012,cand_036,[*:1]Nc1nnnn1N=[N+]=[N-],[*:1]Nn1ncnn1,[*:1]Nn1nnnc1N=[N+]=[N-],87.6403,96.2863,10.097,-0.0013,0.240215,2.51913,22.1368,
156514098,cand_036,cand_012,[*:1]Nc1nnnn1N=[N+]=[N-],[*:1]Nn1nnnc1N=[N+]=[N-],[*:1]Nn1ncnn1,-87.6403,-96.2863,-10.097,0.0013,-0.240215,-2.51913,-22.1368,
156514782,cand_022,cand_036,[*:1]Nc1nnnn1N=[N+]=[N-],[*:1]Nc1nnn(N=[N+]=[N-])n1,[*:1]Nn1nnnc1N=[N+]=[N-],0.727283,2.9075,0,0.0023,0.0942349,1.04582,-20.2028,
156514782,cand_036,cand_022,[*:1]Nc1nnnn1N=[N+]=[N-],[*:1]Nn1nnnc1N=[N+]=[N-],[*:1]Nc1nnn(N=[N+]=[N-])n1,-0.727283,-2.9075,0,-0.0023,-0.0942349,-1.04582,20.2028,
154426200,cand_027,cand_022,[*:1]Nc1nnn(N=[N+]=[N-])n1,[*:1]Nc1nnn(N=[N+]=[N-])n1,[*:1]Nc1nnnn1N=[N+]=[N-],3.88366,15.5259,0,0.0125,0.151282,1.59681,85.5172,
154426200,cand_022,cand_027,[*:1]Nc1nnn(N=[N+]=[N-])n1,[*:1]Nc1nnnn1N=[N+]=[N-],[*:1]Nc1nnn(N=[N+]=[N-])n1,-3.88366,-15.5259,0,-0.0125,-0.151282,-1.59681,-85.5172,
156513402,cand_022,cand_005,[*:1]Nc1nnnn1N=[N+]=[N-],[*:1]Nc1nnn(N=[N+]=[N-])n1,[*:1]Nc1nnnn1N=[N+]=[N-],2.2515,9.00098,0,0.0072,-0.0332365,-0.411259,-67.1116,
156513402,cand_005,cand_022,[*:1]Nc1nnnn1N=[N+]=[N-],[*:1]Nc1nnnn1N=[N+]=[N-],[*:1]Nc1nnn(N=[N+]=[N-])n1,-2.2515,-9.00098,0,-0.0072,0.0332365,0.411259,67.1116,
156514788,cand_022,cand_050,[*:1]Nc1nnnn1N=[N+]=[N-],[*:1]Nc1nnn(N=[N+]=[N-])n1,[*:1]Nn1nnnc1[N+](=O)[O-],-76.9031,84.077,13.0941,-0.0303,0.164517,1.82571,-196.168,
156514788,cand_050,cand_022,[*:1]Nc1nnnn1N=[N+]=[N-],[*:1]Nn1nnnc1[N+](=O)[O-],[*:1]Nc1nnn(N=[N+]=[N-])n1,76.9031,-84.077,-13.0941,0.0303,-0.164517,-1.82571,196.168,
156514104,cand_012,cand_050,[*:1]Nc1nnnn1N=[N+]=[N-],[*:1]Nn1ncnn1,[*:1]Nn1nnnc1[N+](=O)[O-],10.01,177.456,23.1911,-0.0339,0.310497,3.29902,-153.829,
156514104,cand_050,cand_012,[*:1]Nc1nnnn1N=[N+]=[N-],[*:1]Nn1nnnc1[N+](=O)[O-],[*:1]Nn1ncnn1,-10.01,-177.456,-23.1911,0.0339,-0.310497,-3.29902,153.829,
154425546,cand_027,cand_013,[*:1]Nc1nnn(N=[N+]=[N-])n1,[*:1]Nc1nnn(N=[N+]=[N-])n1,[*:1]Nn1cnnn1,-83.2421,-78.87,-10.097,0.0153,0.0542375,0.664786,-1.047,
154425546,cand_013,cand_027,[*:1]Nc1nnn(N=[N+]=[N-])n1,[*:1]Nn1cnnn1,[*:1]Nc1nnn(N=[N+]=[N-])n1,83.2421,78.87,10.097,-0.0153,-0.0542375,-0.664786,1.047,
156512706,cand_022,cand_003,[*:1]Nc1nnnn1N=[N+]=[N-],[*:1]Nc1nnn(N=[N+]=[N-])n1,[*:1]Nn1cnnn1,-83.4404,-76.7736,-10.097,0.0179,-0.0972592,-1.01906,-119.932,
156512706,cand_003,cand_022,[*:1]Nc1nnnn1N=[N+]=[N-],[*:1]Nn1cnnn1,[*:1]Nc1nnn(N=[N+]=[N-])n1,83.4404,76.7736,10.097,-0.0179,0.0972592,1.01906,119.932,
162479478,cand_037,cand_016,[*:1]Nn1nnnc1[N+](=O)[O-].[*:2][N+](=O)[O-],[*:1]Nc1nnnn1N[*:2],[*:1]Nn1nnnc1[*:2],-6.59997,52.219,2.58812,0.003,-0.0336381,-0.494566,0.074,
162479478,cand_016,cand_037,[*:1]Nn1nnnc1[N+](=O)[O-].[*:2][N+](=O)[O-],[*:1]Nn1nnnc1[*:2],[*:1]Nc1nnnn1N[*:2],6.59997,-52.219,-2.58812,-0.003,0.0336381,0.494566,-0.074,
156516816,cand_062,cand_059,[*:1]Nc1nnnn1N=[N+]=[N-],[*:1]Nc1nnn(N)n1,[*:1]Nc1nnnn1N,3.06852,13.6896,0,0.0123,0.0918315,0.943215,-83.8371,
156516816,cand_059,cand_062,[*:1]Nc1nnnn1N=[N+]=[N-],[*:1]Nc1nnnn1N,[*:1]Nc1nnn(N)n1,-3.06852,-13.6896,0,-0.0123,-0.0918315,-0.943215,83.8371,
162479472,cand_033,cand_016,[*:2]Nn1nnnc1[N+](=O)[O-].[*:1][N+](=O)[O-],[*:1]Nc1nnnn1N[*:2],[*:2]Nn1nnnc1[*:1],-8.34319,45.8366,2.58812,-0.0018,-0.0900356,-1.13028,-0.0504,
162479472,cand_016,cand_033,[*:2]Nn1nnnc1[N+](=O)[O-].[*:1][N+](=O)[O-],[*:2]Nn1nnnc1[*:1],[*:1]Nc1nnnn1N[*:2],8.34319,-45.8366,-2.58812,0.0018,0.0900356,1.13028,0.0504,
156515472,cand_059,cand_036,[*:1]Nc1nnnn1N=[N+]=[N-],[*:1]Nc1nnnn1N,[*:1]Nn1nnnc1N=[N+]=[N-],84.0104,183.939,10.8464,0.0116,0.130932,1.30628,138.598,
156515472,cand_036,cand_059,[*:1]Nc1nnnn1N=[N+]=[N-],[*:1]Nn1nnnc1N=[N+]=[N-],[*:1]Nc1nnnn1N,-84.0104,-183.939,-10.8464,-0.0116,-0.130932,-1.30628,-138.598,
154425540,cand_022,cand_013,[*:1]Nc1nnn(N=[N+]=[N-])n1,[*:1]Nc1nnnn1N=[N+]=[N-],[*:1]Nn1cnnn1,-87.1258,-94.396,-10.097,0.0028,-0.0970441,-0.93202,-86.5642,
154425540,cand_013,cand_022,[*:1]Nc1nnn(N=[N+]=[N-])n1,[*:1]Nn1cnnn1,[*:1]Nc1nnnn1N=[N+]=[N-],87.1258,94.396,10.097,-0.0028,0.0970441,0.93202,86.5642,
156512694,cand_005,cand_003,[*:1]Nc1nnnn1N=[N+]=[N-],[*:1]Nc1nnnn1N=[N+]=[N-],[*:1]Nn1cnnn1,-85.6919,-85.7746,-10.097,0.0107,-0.0640227,-0.607802,-52.8208,
156512694,cand_003,cand_005,[*:1]Nc1nnnn1N=[N+]=[N-],[*:1]Nn1cnnn1,[*:1]Nc1nnnn1N=[N+]=[N-],85.6919,85.7746,10.097,-0.0107,0.0640227,0.607802,52.8208,
161459718,cand_036,cand_044,[*:1]Nn1nnnc1N=[N+]=[N-],[*:1]Nc1nnnn1N=[N+]=[N-],[*:1]Nn1cnnn1,-93.9437,-126.427,-10.097,-0.0245,-0.19978,-1.92976,-134.055,
161459718,cand_044,cand_036,[*:1]Nn1nnnc1N=[N+]=[N-],[*:1]Nn1cnnn1,[*:1]Nc1nnnn1N=[N+]=[N-],93.9437,126.427,10.097,0.0245,0.19978,1.92976,134.055,
156513426,cand_062,cand_005,[*:1]Nc1nnnn1N=[N+]=[N-],[*:1]Nc1nnn(N)n1,[*:1]Nc1nnnn1N=[N+]=[N-],88.6031,203.722,10.8464,0.0288,0.0952918,0.792421,7.8523,
156513426,cand_005,cand_062,[*:1]Nc1nnnn1N=[N+]=[N-],[*:1]Nc1nnnn1N=[N+]=[N-],[*:1]Nc1nnn(N)n1,-88.6031,-203.722,-10.8464,-0.0288,-0.0952918,-0.792421,-7.8523,
156514800,cand_062,cand_022,[*:1]Nc1nnnn1N=[N+]=[N-],[*:1]Nc1nnn(N)n1,[*:1]Nc1nnn(N=[N+]=[N-])n1,86.3516,194.721,10.8464,0.0216,0.128528,1.20368,74.9639,
156514800,cand_022,cand_062,[*:1]Nc1nnnn1N=[N+]=[N-],[*:1]Nc1nnn(N=[N+]=[N-])n1,[*:1]Nc1nnn(N)n1,-86.3516,-194.721,-10.8464,-0.0216,-0.128528,-1.20368,-74.9639,
156513420,cand_059,cand_005,[*:1]Nc1nnnn1N=[N+]=[N-],[*:1]Nc1nnnn1N,[*:1]Nc1nnnn1N=[N+]=[N-],85.5346,190.032,10.8464,0.0165,0.00346025,-0.150794,91.6894,
156513420,cand_005,cand_059,[*:1]Nc1nnnn1N=[N+]=[N-],[*:1]Nc1nnnn1N=[N+]=[N-],[*:1]Nc1nnnn1N,-85.5346,-190.032,-10.8464,-0.0165,-0.00346025,0.150794,-91.6894,
156512712,cand_003,cand_036,[*:1]Nc1nnnn1N=[N+]=[N-],[*:1]Nn1cnnn1,[*:1]Nn1nnnc1N=[N+]=[N-],84.1677,79.6811,10.097,-0.0156,0.191494,2.06488,99.7296,
156512712,cand_036,cand_003,[*:1]Nc1nnnn1N=[N+]=[N-],[*:1]Nn1nnnc1N=[N+]=[N-],[*:1]Nn1cnnn1,-84.1677,-79.6811,-10.097,0.0156,-0.191494,-2.06488,-99.7296,
236268978,cand_037,cand_033,[*:2][N+](=O)[O-].[*:1]n1nnnc1[N+](=O)[O-],[*:1]NNc1nnnn1N[*:2],[*:1]NNn1nnnc1N[*:2],1.74322,6.38239,0,0.0048,0.0563975,0.635715,0.1244,
236268978,cand_033,cand_037,[*:2][N+](=O)[O-].[*:1]n1nnnc1[N+](=O)[O-],[*:1]NNn1nnnc1N[*:2],[*:1]NNc1nnnn1N[*:2],-1.74322,-6.38239,0,-0.0048,-0.0563975,-0.635715,-0.1244,
236263392,cand_037,cand_016,[*:2][N+](=O)[O-].[*:1]n1nnnc1[N+](=O)[O-],[*:1]NNc1nnnn1N[*:2],[*:1]NNn1nnnc1[*:2],-6.59997,52.219,2.58812,0.003,-0.0336381,-0.494566,0.074,
236263392,cand_016,cand_037,[*:2][N+](=O)[O-].[*:1]n1nnnc1[N+](=O)[O-],[*:1]NNn1nnnc1[*:2],[*:1]NNc1nnnn1N[*:2],6.59997,-52.219,-2.58812,-0.003,0.0336381,0.494566,-0.074,
236263386,cand_016,cand_033,[*:2][N+](=O)[O-].[*:1]n1nnnc1[N+](=O)[O-],[*:1]NNn1nnnc1[*:2],[*:1]NNn1nnnc1N[*:2],8.34319,-45.8366,-2.58812,0.0018,0.0900356,1.13028,0.0504,
236263386,cand_033,cand_016,[*:2][N+](=O)[O-].[*:1]n1nnnc1[N+](=O)[O-],[*:1]NNn1nnnc1N[*:2],[*:1]NNn1nnnc1[*:2],-8.34319,45.8366,2.58812,-0.0018,-0.0900356,-1.13028,-0.0504,
185909238,cand_031,cand_021,[*:2][N+](=O)[O-].[*:1]c1nnn(N=[N+]=[N-])n1,[*:1]/N=[N+](/[O-])c1nnnn1N[*:2],[*:1]/N=[N+](/[O-])n1nnnc1[*:2],-5.94234,57.8056,2.50897,0.0023,-0.0320569,-0.471009,-0.2153,
185909238,cand_021,cand_031,[*:2][N+](=O)[O-].[*:1]c1nnn(N=[N+]=[N-])n1,[*:1]/N=[N+](/[O-])n1nnnc1[*:2],[*:1]/N=[N+](/[O-])c1nnnn1N[*:2],5.94234,-57.8056,-2.50897,-0.0023,0.0320569,0.471009,0.2153,
198551580,cand_008,cand_001,[*:2][N+](=O)[O-].[*:1]c1nnnn1N=[N+]=[N-],[*:1]/N=[N+](/[O-])c1nnnn1N[*:2],[*:1]/N=[N+](/[O-])n1nnnc1[*:2],-5.7773,59.3323,2.50897,0.0031,-0.0545832,-0.754919,26.5207,
198551580,cand_001,cand_008,[*:2][N+](=O)[O-].[*:1]c1nnnn1N=[N+]=[N-],[*:1]/N=[N+](/[O-])n1nnnc1[*:2],[*:1]/N=[N+](/[O-])c1nnnn1N[*:2],5.7773,-59.3323,-2.50897,-0.0031,0.0545832,0.754919,-26.5207,
185909244,cand_021,cand_056,[*:2][N+](=O)[O-].[*:1]c1nnn(N=[N+]=[N-])n1,[*:1]/N=[N+](/[O-])n1nnnc1[*:2],[*:1]/N=[N+](/[O-])n1nnnc1N[*:2],2.919,-68.4839,-2.50897,-0.0102,0.072446,0.99843,-0.914,
185909244,cand_056,cand_021,[*:2][N+](=O)[O-].[*:1]c1nnn(N=[N+]=[N-])n1,[*:1]/N=[N+](/[O-])n1nnnc1N[*:2],[*:1]/N=[N+](/[O-])n1nnnc1[*:2],-2.919,68.4839,2.50897,0.0102,-0.072446,-0.99843,0.914,
198551586,cand_001,cand_011,[*:2][N+](=O)[O-].[*:1]c1nnnn1N=[N+]=[N-],[*:1]/N=[N+](/[O-])n1nnnc1[*:2],[*:1]/N=[N+](/[O-])n1nnnc1N[*:2],5.6882,-59.647,-2.50897,-0.0034,-0.0271737,-0.222704,-14.987,
198551586,cand_011,cand_001,[*:2][N+](=O)[O-].[*:1]c1nnnn1N=[N+]=[N-],[*:1]/N=[N+](/[O-])n1nnnc1N[*:2],[*:1]/N=[N+](/[O-])n1nnnc1[*:2],-5.6882,59.647,2.50897,0.0034,0.0271737,0.222704,14.987,
185909256,cand_058,cand_021,[*:2][N+](=O)[O-].[*:1]c1nnn(N=[N+]=[N-])n1,[*:1]/N=[N+](/[O-])n1nnc(N[*:2])n1,[*:1]/N=[N+](/[O-])n1nnnc1[*:2],-1.74367,72.6351,2.50897,0.0132,0.0796815,0.769535,9.8643,
185909256,cand_021,cand_058,[*:2][N+](=O)[O-].[*:1]c1nnn(N=[N+]=[N-])n1,[*:1]/N=[N+](/[O-])n1nnnc1[*:2],[*:1]/N=[N+](/[O-])n1nnc(N[*:2])n1,1.74367,-72.6351,-2.50897,-0.0132,-0.0796815,-0.769535,-9.8643,
198551604,cand_025,cand_001,[*:2][N+](=O)[O-].[*:1]c1nnnn1N=[N+]=[N-],[*:1]/N=[N+](/[O-])n1nnc(N[*:2])n1,[*:1]/N=[N+](/[O-])n1nnnc1[*:2],-2.09822,72.3266,2.50897,0.0127,0.0223688,0.107177,11.6324,
198551604,cand_001,cand_025,[*:2][N+](=O)[O-].[*:1]c1nnnn1N=[N+]=[N-],[*:1]/N=[N+](/[O-])n1nnnc1[*:2],[*:1]/N=[N+](/[O-])n1nnc(N[*:2])n1,2.09822,-72.3266,-2.50897,-0.0127,-0.0223688,-0.107177,-11.6324,
185909262,cand_061,cand_021,[*:2][N+](=O)[O-].[*:1]c1nnn(N=[N+]=[N-])n1,[*:1]/N=[N+](/[O-])c1nnn(N[*:2])n1,[*:1]/N=[N+](/[O-])n1nnnc1[*:2],-3.0627,67.9763,2.50897,0.0098,-0.19776,-2.49928,-31.8413,
185909262,cand_021,cand_061,[*:2][N+](=O)[O-].[*:1]c1nnn(N=[N+]=[N-])n1,[*:1]/N=[N+](/[O-])n1nnnc1[*:2],[*:1]/N=[N+](/[O-])c1nnn(N[*:2])n1,3.0627,-67.9763,-2.50897,-0.0098,0.19776,2.49928,31.8413,
185914836,cand_030,cand_031,[*:2][N+](=O)[O-].[*:1]c1nnn(N=[N+]=[N-])n1,[*:1]/N=[N+](/[O-])c1nnnn1[*:2],[*:1]/N=[N+](/[O-])c1nnnn1N[*:2],7.6774,-51.3341,-2.50897,0.0023,-0.1179,-1.33754,-116.8,
185914836,cand_031,cand_030,[*:2][N+](=O)[O-].[*:1]c1nnn(N=[N+]=[N-])n1,[*:1]/N=[N+](/[O-])c1nnnn1N[*:2],[*:1]/N=[N+](/[O-])c1nnnn1[*:2],-7.6774,51.3341,2.50897,-0.0023,0.1179,1.33754,116.8,
198557076,cand_007,cand_008,[*:2][N+](=O)[O-].[*:1]c1nnnn1N=[N+]=[N-],[*:1]/N=[N+](/[O-])c1nnnn1[*:2],[*:1]/N=[N+](/[O-])c1nnnn1N[*:2],7.81294,-51.7397,-2.50897,0.0023,-0.0789216,-0.889245,-146.865,
198557076,cand_008,cand_007,[*:2][N+](=O)[O-].[*:1]c1nnnn1N=[N+]=[N-],[*:1]/N=[N+](/[O-])c1nnnn1N[*:2],[*:1]/N=[N+](/[O-])c1nnnn1[*:2],-7.81294,51.7397,2.50897,-0.0023,0.0789216,0.889245,146.865,
185914842,cand_030,cand_056,[*:2][N+](=O)[O-].[*:1]c1nnn(N=[N+]=[N-])n1,[*:1]/N=[N+](/[O-])c1nnnn1[*:2],[*:1]/N=[N+](/[O-])n1nnnc1N[*:2],4.65406,-62.0124,-2.50897,-0.0056,-0.0775109,-0.810123,-117.93,
185914842,cand_056,cand_030,[*:2][N+](=O)[O-].[*:1]c1nnn(N=[N+]=[N-])n1,[*:1]/N=[N+](/[O-])n1nnnc1N[*:2],[*:1]/N=[N+](/[O-])c1nnnn1[*:2],-4.65406,62.0124,2.50897,0.0056,0.0775109,0.810123,117.93,
198557082,cand_007,cand_011,[*:2][N+](=O)[O-].[*:1]c1nnnn1N=[N+]=[N-],[*:1]/N=[N+](/[O-])c1nnnn1[*:2],[*:1]/N=[N+](/[O-])n1nnnc1N[*:2],7.72384,-52.0544,-2.50897,0.002,-0.160679,-1.86687,-135.332,
198557082,cand_011,cand_007,[*:2][N+](=O)[O-].[*:1]c1nnnn1N=[N+]=[N-],[*:1]/N=[N+](/[O-])n1nnnc1N[*:2],[*:1]/N=[N+](/[O-])c1nnnn1[*:2],-7.72384,52.0544,2.50897,-0.002,0.160679,1.86687,135.332,
185914854,cand_030,cand_058,[*:2][N+](=O)[O-].[*:1]c1nnn(N=[N+]=[N-])n1,[*:1]/N=[N+](/[O-])c1nnnn1[*:2],[*:1]/N=[N+](/[O-])n1nnc(N[*:2])n1,3.47874,-66.1636,-2.50897,-0.0086,-0.229638,-2.57809,-126.88,
185914854,cand_058,cand_030,[*:2][N+](=O)[O-].[*:1]c1nnn(N=[N+]=[N-])n1,[*:1]/N=[N+](/[O-])n1nnc(N[*:2])n1,[*:1]/N=[N+](/[O-])c1nnnn1[*:2],-3.47874,66.1636,2.50897,0.0086,0.229638,2.57809,126.88,
198557100,cand_007,cand_025,[*:2][N+](=O)[O-].[*:1]c1nnnn1N=[N+]=[N-],[*:1]/N=[N+](/[O-])c1nnnn1[*:2],[*:1]/N=[N+](/[O-])n1nnc(N[*:2])n1,4.13386,-64.734,-2.50897,-0.0073,-0.155874,-1.75134,-131.977,
198557100,cand_025,cand_007,[*:2][N+](=O)[O-].[*:1]c1nnnn1N=[N+]=[N-],[*:1]/N=[N+](/[O-])n1nnc(N[*:2])n1,[*:1]/N=[N+](/[O-])c1nnnn1[*:2],-4.13386,64.734,2.50897,0.0073,0.155874,1.75134,131.977,
185914860,cand_061,cand_030,[*:2][N+](=O)[O-].[*:1]c1nnn(N=[N+]=[N-])n1,[*:1]/N=[N+](/[O-])c1nnn(N[*:2])n1,[*:1]/N=[N+](/[O-])c1nnnn1[*:2],-4.79776,61.5049,2.50897,0.0052,-0.0478034,-0.690728,85.1745,
185914860,cand_030,cand_061,[*:2][N+](=O)[O-].[*:1]c1nnn(N=[N+]=[N-])n1,[*:1]/N=[N+](/[O-])c1nnnn1[*:2],[*:1]/N=[N+](/[O-])c1nnn(N[*:2])n1,4.79776,-61.5049,-2.50897,-0.0052,0.0478034,0.690728,-85.1745,
185920434,cand_031,cand_056,[*:2][N+](=O)[O-].[*:1]c1nnn(N=[N+]=[N-])n1,[*:1]/N=[N+](/[O-])c1nnnn1N[*:2],[*:1]/N=[N+](/[O-])n1nnnc1N[*:2],-3.02334,-10.6783,0,-0.0079,0.0403891,0.527422,-1.1293,
185920434,cand_056,cand_031,[*:2][N+](=O)[O-].[*:1]c1nnn(N=[N+]=[N-])n1,[*:1]/N=[N+](/[O-])n1nnnc1N[*:2],[*:1]/N=[N+](/[O-])c1nnnn1N[*:2],3.02334,10.6783,0,0.0079,-0.0403891,-0.527422,1.1293,
198562572,cand_008,cand_011,[*:2][N+](=O)[O-].[*:1]c1nnnn1N=[N+]=[N-],[*:1]/N=[N+](/[O-])c1nnnn1N[*:2],[*:1]/N=[N+](/[O-])n1nnnc1N[*:2],-0.089106,-0.314718,0,-0.0003,-0.0817569,-0.977623,11.5337,
198562572,cand_011,cand_008,[*:2][N+](=O)[O-].[*:1]c1nnnn1N=[N+]=[N-],[*:1]/N=[N+](/[O-])n1nnnc1N[*:2],[*:1]/N=[N+](/[O-])c1nnnn1N[*:2],0.089106,0.314718,0,0.0003,0.0817569,0.977623,-11.5337,
185920440,cand_031,cand_057,[*:2][N+](=O)[O-].[*:1]c1nnn(N=[N+]=[N-])n1,[*:1]/N=[N+](/[O-])c1nnnn1N[*:2],[*:1]/N=[N+](/[O-])n1nnc([*:2])n1,-10.985,38.9974,2.50897,-0.011,0.0148901,0.165689,25.0397,
185920440,cand_057,cand_031,[*:2][N+](=O)[O-].[*:1]c1nnn(N=[N+]=[N-])n1,[*:1]/N=[N+](/[O-])n1nnc([*:2])n1,[*:1]/N=[N+](/[O-])c1nnnn1N[*:2],10.985,-38.9974,-2.50897,0.011,-0.0148901,-0.165689,-25.0397,
198562584,cand_008,cand_024,[*:2][N+](=O)[O-].[*:1]c1nnnn1N=[N+]=[N-],[*:1]/N=[N+](/[O-])c1nnnn1N[*:2],[*:1]/N=[N+](/[O-])n1nnc([*:2])n1,-10.2207,42.7592,2.50897,-0.0087,-0.0842287,-1.03406,6.6221,
198562584,cand_024,cand_008,[*:2][N+](=O)[O-].[*:1]c1nnnn1N=[N+]=[N-],[*:1]/N=[N+](/[O-])n1nnc([*:2])n1,[*:1]/N=[N+](/[O-])c1nnnn1N[*:2],10.2207,-42.7592,-2.50897,0.0087,0.0842287,1.03406,-6.6221,
185920446,cand_031,cand_058,[*:2][N+](=O)[O-].[*:1]c1nnn(N=[N+]=[N-])n1,[*:1]/N=[N+](/[O-])c1nnnn1N[*:2],[*:1]/N=[N+](/[O-])n1nnc(N[*:2])n1,-4.19867,-14.8295,0,-0.0109,-0.111738,-1.24054,-10.0796,
185920446,cand_058,cand_031,[*:2][N+](=O)[O-].[*:1]c1nnn(N=[N+]=[N-])n1,[*:1]/N=[N+](/[O-])n1nnc(N[*:2])n1,[*:1]/N=[N+](/[O-])c1nnnn1N[*:2],4.19867,14.8295,0,0.0109,0.111738,1.24054,10.0796,
198562590,cand_008,cand_025,[*:2][N+](=O)[O-].[*:1]c1nnnn1N=[N+]=[N-],[*:1]/N=[N+](/[O-])c1nnnn1N[*:2],[*:1]/N=[N+](/[O-])n1nnc(N[*:2])n1,-3.67909,-12.9943,0,-0.0096,-0.076952,-0.862096,14.8883,
198562590,cand_025,cand_008,[*:2][N+](=O)[O-].[*:1]c1nnnn1N=[N+]=[N-],[*:1]/N=[N+](/[O-])n1nnc(N[*:2])n1,[*:1]/N=[N+](/[O-])c1nnnn1N[*:2],3.67909,12.9943,0,0.0096,0.076952,0.862096,-14.8883,
185920452,cand_061,cand_031,[*:2][N+](=O)[O-].[*:1]c1nnn(N=[N+]=[N-])n1,[*:1]/N=[N+](/[O-])c1nnn(N[*:2])n1,[*:1]/N=[N+](/[O-])c1nnnn1N[*:2],2.87964,10.1707,0,0.0075,-0.165703,-2.02827,-31.626,
185920452,cand_031,cand_061,[*:2][N+](=O)[O-].[*:1]c1nnn(N=[N+]=[N-])n1,[*:1]/N=[N+](/[O-])c1nnnn1N[*:2],[*:1]/N=[N+](/[O-])c1nnn(N[*:2])n1,-2.87964,-10.1707,0,-0.0075,0.165703,2.02827,31.626,
188911062,cand_028,cand_015,[*:2][N+](=O)[O-].[*:1]c1nnn(N[N+](=O)[O-])n1,[*:1]/N=[N+](/[O-])c1nnn(N[*:2])n1,[*:1]/N=[N+](/[O-])c1nnnn1N[*:2],4.46159,14.7671,0,0.011,-0.0509584,-0.682426,-0.3727,
188911062,cand_015,cand_028,[*:2][N+](=O)[O-].[*:1]c1nnn(N[N+](=O)[O-])n1,[*:1]/N=[N+](/[O-])c1nnnn1N[*:2],[*:1]/N=[N+](/[O-])c1nnn(N[*:2])n1,-4.46159,-14.7671,0,-0.011,0.0509584,0.682426,0.3727,
185926026,cand_057,cand_056,[*:2][N+](=O)[O-].[*:1]c1nnn(N=[N+]=[N-])n1,[*:1]/N=[N+](/[O-])n1nnc([*:2])n1,[*:1]/N=[N+](/[O-])n1nnnc1N[*:2],7.96166,-49.6757,-2.50897,0.0031,0.025499,0.361733,-26.169,
185926026,cand_056,cand_057,[*:2][N+](=O)[O-].[*:1]c1nnn(N=[N+]=[N-])n1,[*:1]/N=[N+](/[O-])n1nnnc1N[*:2],[*:1]/N=[N+](/[O-])n1nnc([*:2])n1,-7.96166,49.6757,2.50897,-0.0031,-0.025499,-0.361733,26.169,
198568068,cand_024,cand_011,[*:2][N+](=O)[O-].[*:1]c1nnnn1N=[N+]=[N-],[*:1]/N=[N+](/[O-])n1nnc([*:2])n1,[*:1]/N=[N+](/[O-])n1nnnc1N[*:2],10.1316,-43.0739,-2.50897,0.0084,0.00247178,0.0564409,4.9116,
198568068,cand_011,cand_024,[*:2][N+](=O)[O-].[*:1]c1nnnn1N=[N+]=[N-],[*:1]/N=[N+](/[O-])n1nnnc1N[*:2],[*:1]/N=[N+](/[O-])n1nnc([*:2])n1,-10.1316,43.0739,2.50897,-0.0084,-0.00247178,-0.0564409,-4.9116,
185926032,cand_058,cand_056,[*:2][N+](=O)[O-].[*:1]c1nnn(N=[N+]=[N-])n1,[*:1]/N=[N+](/[O-])n1nnc(N[*:2])n1,[*:1]/N=[N+](/[O-])n1nnnc1N[*:2],1.17533,4.15119,0,0.003,0.152127,1.76797,8.9503,
185926032,cand_056,cand_058,[*:2][N+](=O)[O-].[*:1]c1nnn(N=[N+]=[N-])n1,[*:1]/N=[N+](/[O-])n1nnnc1N[*:2],[*:1]/N=[N+](/[O-])n1nnc(N[*:2])n1,-1.17533,-4.15119,0,-0.003,-0.152127,-1.76797,-8.9503,
198568074,cand_025,cand_011,[*:2][N+](=O)[O-].[*:1]c1nnnn1N=[N+]=[N-],[*:1]/N=[N+](/[O-])n1nnc(N[*:2])n1,[*:1]/N=[N+](/[O-])n1nnnc1N[*:2],3.58998,12.6796,0,0.0093,-0.00480488,-0.115526,-3.3546,
198568074,cand_011,cand_025,[*:2][N+](=O)[O-].[*:1]c1nnnn1N=[N+]=[N-],[*:1]/N=[N+](/[O-])n1nnnc1N[*:2],[*:1]/N=[N+](/[O-])n1nnc(N[*:2])n1,-3.58998,-12.6796,0,-0.0093,0.00480488,0.115526,3.3546,
219748710,cand_023,cand_017,[*:2][N+](=O)[O-].[*:1]n1nnc(N[N+](=O)[O-])n1,[*:1]/N=[N+](/[O-])n1nnc(N[*:2])n1,[*:1]/N=[N+](/[O-])n1nnnc1N[*:2],-0.03012,-0.0996922,0,0,0.0241574,0.29089,-0.3843,
219748710,cand_017,cand_023,[*:2][N+](=O)[O-].[*:1]n1nnc(N[N+](=O)[O-])n1,[*:1]/N=[N+](/[O-])n1nnnc1N[*:2],[*:1]/N=[N+](/[O-])n1nnc(N[*:2])n1,0.03012,0.0996922,0,0,-0.0241574,-0.29089,0.3843,
185926038,cand_061,cand_056,[*:2][N+](=O)[O-].[*:1]c1nnn(N=[N+]=[N-])n1,[*:1]/N=[N+](/[O-])c1nnn(N[*:2])n1,[*:1]/N=[N+](/[O-])n1nnnc1N[*:2],-0.143699,-0.507537,0,-0.0004,-0.125314,-1.50085,-32.7553,
185926038,cand_056,cand_061,[*:2][N+](=O)[O-].[*:1]c1nnn(N=[N+]=[N-])n1,[*:1]/N=[N+](/[O-])n1nnnc1N[*:2],[*:1]/N=[N+](/[O-])c1nnn(N[*:2])n1,0.143699,0.507537,0,0.0004,0.125314,1.50085,32.7553,
185931612,cand_057,cand_058,[*:2][N+](=O)[O-].[*:1]c1nnn(N=[N+]=[N-])n1,[*:1]/N=[N+](/[O-])n1nnc([*:2])n1,[*:1]/N=[N+](/[O-])n1nnc(N[*:2])n1,6.78634,-53.8269,-2.50897,0.0001,-0.126628,-1.40623,-35.1193,
185931612,cand_058,cand_057,[*:2][N+](=O)[O-].[*:1]c1nnn(N=[N+]=[N-])n1,[*:1]/N=[N+](/[O-])n1nnc(N[*:2])n1,[*:1]/N=[N+](/[O-])n1nnc([*:2])n1,-6.78634,53.8269,2.50897,-0.0001,0.126628,1.40623,35.1193,
198579024,cand_024,cand_025,[*:2][N+](=O)[O-].[*:1]c1nnnn1N=[N+]=[N-],[*:1]/N=[N+](/[O-])n1nnc([*:2])n1,[*:1]/N=[N+](/[O-])n1nnc(N[*:2])n1,6.54161,-55.7536,-2.50897,-0.0009,0.00727666,0.171967,8.2662,
198579024,cand_025,cand_024,[*:2][N+](=O)[O-].[*:1]c1nnnn1N=[N+]=[N-],[*:1]/N=[N+](/[O-])n1nnc(N[*:2])n1,[*:1]/N=[N+](/[O-])n1nnc([*:2])n1,-6.54161,55.7536,2.50897,0.0009,-0.00727666,-0.171967,-8.2662,
185931618,cand_061,cand_057,[*:2][N+](=O)[O-].[*:1]c1nnn(N=[N+]=[N-])n1,[*:1]/N=[N+](/[O-])c1nnn(N[*:2])n1,[*:1]/N=[N+](/[O-])n1nnc([*:2])n1,-8.10536,49.1681,2.50897,-0.0035,-0.150813,-1.86258,-6.5863,
185931618,cand_057,cand_061,[*:2][N+](=O)[O-].[*:1]c1nnn(N=[N+]=[N-])n1,[*:1]/N=[N+](/[O-])n1nnc([*:2])n1,[*:1]/N=[N+](/[O-])c1nnn(N[*:2])n1,8.10536,-49.1681,-2.50897,0.0035,0.150813,1.86258,6.5863,
185937192,cand_061,cand_058,[*:2][N+](=O)[O-].[*:1]c1nnn(N=[N+]=[N-])n1,[*:1]/N=[N+](/[O-])c1nnn(N[*:2])n1,[*:1]/N=[N+](/[O-])n1nnc(N[*:2])n1,-1.31902,-4.65873,0,-0.0034,-0.277442,-3.26882,-41.7056,
185937192,cand_058,cand_061,[*:2][N+](=O)[O-].[*:1]c1nnn(N=[N+]=[N-])n1,[*:1]/N=[N+](/[O-])n1nnc(N[*:2])n1,[*:1]/N=[N+](/[O-])c1nnn(N[*:2])n1,1.31902,4.65873,0,0.0034,0.277442,3.26882,41.7056,
188911056,cand_015,cand_026,[*:2][N+](=O)[O-].[*:1]c1nnn(N[N+](=O)[O-])n1,[*:1]/N=[N+](/[O-])c1nnnn1N[*:2],[*:1]/N=[N+](\[O-])n1nnnc1N[*:2],-0.254141,-0.841164,0,-0.0007,0.140513,1.70216,1.1471,
188911056,cand_026,cand_015,[*:2][N+](=O)[O-].[*:1]c1nnn(N[N+](=O)[O-])n1,[*:1]/N=[N+](\[O-])n1nnnc1N[*:2],[*:1]/N=[N+](/[O-])c1nnnn1N[*:2],0.254141,0.841164,0,0.0007,-0.140513,-1.70216,-1.1471,
201076290,cand_009,cand_004,[*:2][N+](=O)[O-].[*:1]c1nnnn1N[N+](=O)[O-],[*:1]/N=[N+](/[O-])c1nnnn1N[*:2],[*:1]/N=[N+](\[O-])n1nnnc1N[*:2],-5.032,-16.6551,0,-0.0124,0.0914139,1.18851,0.401,
201076290,cand_004,cand_009,[*:2][N+](=O)[O-].[*:1]c1nnnn1N[N+](=O)[O-],[*:1]/N=[N+](\[O-])n1nnnc1N[*:2],[*:1]/N=[N+](/[O-])c1nnnn1N[*:2],5.032,16.6551,0,0.0124,-0.0914139,-1.18851,-0.401,
188911068,cand_015,cand_028,[*:2][N+](=O)[O-].[*:1]c1nnn(N[N+](=O)[O-])n1,[*:1]/N=[N+](/[O-])c1nnnn1N[*:2],[*:2]Nn1nnc(/N=[N+](/[*:1])[O-])n1,-4.46159,-14.7671,0,-0.011,0.0509584,0.682426,0.3727,
188911068,cand_028,cand_015,[*:2][N+](=O)[O-].[*:1]c1nnn(N[N+](=O)[O-])n1,[*:2]Nn1nnc(/N=[N+](/[*:1])[O-])n1,[*:1]/N=[N+](/[O-])c1nnnn1N[*:2],4.46159,14.7671,0,0.011,-0.0509584,-0.682426,-0.3727,
201083358,cand_009,cand_015,[*:2][N+](=O)[O-].[*:1]c1nnnn1N[N+](=O)[O-],[*:1]/N=[N+](/[O-])c1nnnn1N[*:2],[*:2]Nn1nnc(/N=[N+](/[*:1])[O-])n1,-4.80735,-15.9115,0,-0.0118,-0.0519458,-0.547963,0.0619,
201083358,cand_015,cand_009,[*:2][N+](=O)[O-].[*:1]c1nnnn1N[N+](=O)[O-],[*:2]Nn1nnc(/N=[N+](/[*:1])[O-])n1,[*:1]/N=[N+](/[O-])c1nnnn1N[*:2],4.80735,15.9115,0,0.0118,0.0519458,0.547963,-0.0619,
188911074,cand_015,cand_040,[*:2][N+](=O)[O-].[*:1]c1nnn(N[N+](=O)[O-])n1,[*:1]/N=[N+](/[O-])c1nnnn1N[*:2],[*:1]/N=[N+](\[O-])n1nnc(N[*:2])n1,-3.28627,-10.877,0,-0.0081,-0.0130027,-0.103794,0.1111,
188911074,cand_040,cand_015,[*:2][N+](=O)[O-].[*:1]c1nnn(N[N+](=O)[O-])n1,[*:1]/N=[N+](\[O-])n1nnc(N[*:2])n1,[*:1]/N=[N+](/[O-])c1nnnn1N[*:2],3.28627,10.877,0,0.0081,0.0130027,0.103794,-0.1111,
201083364,cand_009,cand_019,[*:2][N+](=O)[O-].[*:1]c1nnnn1N[N+](=O)[O-],[*:1]/N=[N+](/[O-])c1nnnn1N[*:2],[*:1]/N=[N+](\[O-])n1nnc(N[*:2])n1,-5.54342,-18.3478,0,-0.0137,0.00733394,0.175727,0.3216,
201083364,cand_019,cand_009,[*:2][N+](=O)[O-].[*:1]c1nnnn1N[N+](=O)[O-],[*:1]/N=[N+](\[O-])n1nnc(N[*:2])n1,[*:1]/N=[N+](/[O-])c1nnnn1N[*:2],5.54342,18.3478,0,0.0137,-0.00733394,-0.175727,-0.3216,
188918232,cand_028,cand_026,[*:2][N+](=O)[O-].[*:1]c1nnn(N[N+](=O)[O-])n1,[*:1]/N=[N+](/[O-])c1nnn(N[*:2])n1,[*:1]/N=[N+](\[O-])n1nnnc1N[*:2],4.20745,13.926,0,0.0103,0.0895542,1.01974,0.7744,
188918232,cand_026,cand_028,[*:2][N+](=O)[O-].[*:1]c1nnn(N[N+](=O)[O-])n1,[*:1]/N=[N+](\[O-])n1nnnc1N[*:2],[*:1]/N=[N+](/[O-])c1nnn(N[*:2])n1,-4.20745,-13.926,0,-0.0103,-0.0895542,-1.01974,-0.7744,
188918238,cand_026,cand_028,[*:2][N+](=O)[O-].[*:1]c1nnn(N[N+](=O)[O-])n1,[*:1]/N=[N+](\[O-])n1nnnc1N[*:2],[*:2]Nn1nnc(/N=[N+](/[*:1])[O-])n1,-4.20745,-13.926,0,-0.0103,-0.0895542,-1.01974,-0.7744,
188918238,cand_028,cand_026,[*:2][N+](=O)[O-].[*:1]c1nnn(N[N+](=O)[O-])n1,[*:2]Nn1nnc(/N=[N+](/[*:1])[O-])n1,[*:1]/N=[N+](\[O-])n1nnnc1N[*:2],4.20745,13.926,0,0.0103,0.0895542,1.01974,0.7744,
201076302,cand_004,cand_015,[*:2][N+](=O)[O-].[*:1]c1nnnn1N[N+](=O)[O-],[*:1]/N=[N+](\[O-])n1nnnc1N[*:2],[*:2]Nn1nnc(/N=[N+](/[*:1])[O-])n1,0.224648,0.743547,0,0.0006,-0.14336,-1.73647,-0.3391,
201076302,cand_015,cand_004,[*:2][N+](=O)[O-].[*:1]c1nnnn1N[N+](=O)[O-],[*:2]Nn1nnc(/N=[N+](/[*:1])[O-])n1,[*:1]/N=[N+](\[O-])n1nnnc1N[*:2],-0.224648,-0.743547,0,-0.0006,0.14336,1.73647,0.3391,
188918244,cand_040,cand_026,[*:2][N+](=O)[O-].[*:1]c1nnn(N[N+](=O)[O-])n1,[*:1]/N=[N+](\[O-])n1nnc(N[*:2])n1,[*:1]/N=[N+](\[O-])n1nnnc1N[*:2],3.03213,10.0358,0,0.0074,0.153515,1.80596,1.036,
188918244,cand_026,cand_040,[*:2][N+](=O)[O-].[*:1]c1nnn(N[N+](=O)[O-])n1,[*:1]/N=[N+](\[O-])n1nnnc1N[*:2],[*:1]/N=[N+](\[O-])n1nnc(N[*:2])n1,-3.03213,-10.0358,0,-0.0074,-0.153515,-1.80596,-1.036,
201076308,cand_019,cand_004,[*:2][N+](=O)[O-].[*:1]c1nnnn1N[N+](=O)[O-],[*:1]/N=[N+](\[O-])n1nnc(N[*:2])n1,[*:1]/N=[N+](\[O-])n1nnnc1N[*:2],0.51142,1.69272,0,0.0013,0.08408,1.01278,0.0794,
201076308,cand_004,cand_019,[*:2][N+](=O)[O-].[*:1]c1nnnn1N[N+](=O)[O-],[*:1]/N=[N+](\[O-])n1nnnc1N[*:2],[*:1]/N=[N+](\[O-])n1nnc(N[*:2])n1,-0.51142,-1.69272,0,-0.0013,-0.08408,-1.01278,-0.0794,
188925402,cand_028,cand_040,[*:2][N+](=O)[O-].[*:1]c1nnn(N[N+](=O)[O-])n1,[*:1]/N=[N+](/[O-])c1nnn(N[*:2])n1,[*:1]/N=[N+](\[O-])n1nnc(N[*:2])n1,1.17532,3.89013,0,0.0029,-0.0639611,-0.78622,-0.2616,
188925402,cand_040,cand_028,[*:2][N+](=O)[O-].[*:1]c1nnn(N[N+](=O)[O-])n1,[*:1]/N=[N+](\[O-])n1nnc(N[*:2])n1,[*:1]/N=[N+](/[O-])c1nnn(N[*:2])n1,-1.17532,-3.89013,0,-0.0029,0.0639611,0.78622,0.2616,
188932560,cand_040,cand_028,[*:2][N+](=O)[O-].[*:1]c1nnn(N[N+](=O)[O-])n1,[*:1]/N=[N+](\[O-])n1nnc(N[*:2])n1,[*:2]Nn1nnc(/N=[N+](/[*:1])[O-])n1,-1.17532,-3.89013,0,-0.0029,0.0639611,0.78622,0.2616,
188932560,cand_028,cand_040,[*:2][N+](=O)[O-].[*:1]c1nnn(N[N+](=O)[O-])n1,[*:2]Nn1nnc(/N=[N+](/[*:1])[O-])n1,[*:1]/N=[N+](\[O-])n1nnc(N[*:2])n1,1.17532,3.89013,0,0.0029,-0.0639611,-0.78622,-0.2616,
201097470,cand_019,cand_015,[*:2][N+](=O)[O-].[*:1]c1nnnn1N[N+](=O)[O-],[*:1]/N=[N+](\[O-])n1nnc(N[*:2])n1,[*:2]Nn1nnc(/N=[N+](/[*:1])[O-])n1,0.736068,2.43626,0,0.0019,-0.0592797,-0.72369,-0.2597,
201097470,cand_015,cand_019,[*:2][N+](=O)[O-].[*:1]c1nnnn1N[N+](=O)[O-],[*:2]Nn1nnc(/N=[N+](/[*:1])[O-])n1,[*:1]/N=[N+](\[O-])n1nnc(N[*:2])n1,-0.736068,-2.43626,0,-0.0019,0.0592797,0.72369,0.2597,
198551592,cand_001,cand_014,[*:2][N+](=O)[O-].[*:1]c1nnnn1N=[N+]=[N-],[*:1]/N=[N+](/[O-])n1nnnc1[*:2],[*:2]Nn1nnc(/N=[N+](\[*:1])[O-])n1,2.85248,-69.6626,-2.50897,-0.0107,-0.0304459,-0.215658,-20.5566,
198551592,cand_014,cand_001,[*:2][N+](=O)[O-].[*:1]c1nnnn1N=[N+]=[N-],[*:2]Nn1nnc(/N=[N+](\[*:1])[O-])n1,[*:1]/N=[N+](/[O-])n1nnnc1[*:2],-2.85248,69.6626,2.50897,0.0107,0.0304459,0.215658,20.5566,
198551616,cand_001,cand_050,[*:2][N+](=O)[O-].[*:1]c1nnnn1N=[N+]=[N-],[*:1]/N=[N+](/[O-])n1nnnc1[*:2],[*:1]NNn1nnnc1[*:2],-23.9382,-134.447,-12.9203,-0.0281,-0.318505,-3.14112,-12.503,
198551616,cand_050,cand_001,[*:2][N+](=O)[O-].[*:1]c1nnnn1N=[N+]=[N-],[*:1]NNn1nnnc1[*:2],[*:1]/N=[N+](/[O-])n1nnnc1[*:2],23.9382,134.447,12.9203,0.0281,0.318505,3.14112,12.503,
198557088,cand_007,cand_014,[*:2][N+](=O)[O-].[*:1]c1nnnn1N=[N+]=[N-],[*:1]/N=[N+](/[O-])c1nnnn1[*:2],[*:2]Nn1nnc(/N=[N+](\[*:1])[O-])n1,4.88812,-62.07,-2.50897,-0.0053,-0.163951,-1.85982,-140.901,
198557088,cand_014,cand_007,[*:2][N+](=O)[O-].[*:1]c1nnnn1N=[N+]=[N-],[*:2]Nn1nnc(/N=[N+](\[*:1])[O-])n1,[*:1]/N=[N+](/[O-])c1nnnn1[*:2],-4.88812,62.07,2.50897,0.0053,0.163951,1.85982,140.901,
198562578,cand_008,cand_014,[*:2][N+](=O)[O-].[*:1]c1nnnn1N=[N+]=[N-],[*:1]/N=[N+](/[O-])c1nnnn1N[*:2],[*:2]Nn1nnc(/N=[N+](\[*:1])[O-])n1,-2.92482,-10.3303,0,-0.0076,-0.0850291,-0.970577,5.9641,
198562578,cand_014,cand_008,[*:2][N+](=O)[O-].[*:1]c1nnnn1N=[N+]=[N-],[*:2]Nn1nnc(/N=[N+](\[*:1])[O-])n1,[*:1]/N=[N+](/[O-])c1nnnn1N[*:2],2.92482,10.3303,0,0.0076,0.0850291,0.970577,-5.9641,
198562596,cand_008,cand_032,[*:2][N+](=O)[O-].[*:1]c1nnnn1N=[N+]=[N-],[*:1]/N=[N+](/[O-])c1nnnn1N[*:2],[*:2]n1nnc(/N=[N+](\[*:1])[O-])n1,-13.7002,29.7812,2.50897,-0.0179,-0.0910746,-1.05724,24.3515,
198562596,cand_032,cand_008,[*:2][N+](=O)[O-].[*:1]c1nnnn1N=[N+]=[N-],[*:2]n1nnc(/N=[N+](\[*:1])[O-])n1,[*:1]/N=[N+](/[O-])c1nnnn1N[*:2],13.7002,-29.7812,-2.50897,0.0179,0.0910746,1.05724,-24.3515,
198562602,cand_008,cand_050,[*:2][N+](=O)[O-].[*:1]c1nnnn1N=[N+]=[N-],[*:1]/N=[N+](/[O-])c1nnnn1N[*:2],[*:1]NNn1nnnc1[*:2],-29.7155,-75.1152,-10.4113,-0.025,-0.373088,-3.89604,14.0177,
198562602,cand_050,cand_008,[*:2][N+](=O)[O-].[*:1]c1nnnn1N=[N+]=[N-],[*:1]NNn1nnnc1[*:2],[*:1]/N=[N+](/[O-])c1nnnn1N[*:2],29.7155,75.1152,10.4113,0.025,0.373088,3.89604,-14.0177,
201083370,cand_009,cand_037,[*:2][N+](=O)[O-].[*:1]c1nnnn1N[N+](=O)[O-],[*:1]/N=[N+](/[O-])c1nnnn1N[*:2],[*:1]NNn1nnnc1[*:2],-32.5161,-82.7182,-8.78702,-0.0322,-0.192195,-1.8066,0.0458,
201083370,cand_037,cand_009,[*:2][N+](=O)[O-].[*:1]c1nnnn1N[N+](=O)[O-],[*:1]NNn1nnnc1[*:2],[*:1]/N=[N+](/[O-])c1nnnn1N[*:2],32.5161,82.7182,8.78702,0.0322,0.192195,1.8066,-0.0458,
198568062,cand_011,cand_014,[*:2][N+](=O)[O-].[*:1]c1nnnn1N=[N+]=[N-],[*:1]/N=[N+](/[O-])n1nnnc1N[*:2],[*:2]Nn1nnc(/N=[N+](\[*:1])[O-])n1,-2.83572,-10.0156,0,-0.0073,-0.00327222,0.00704547,-5.5696,
198568062,cand_014,cand_011,[*:2][N+](=O)[O-].[*:1]c1nnnn1N=[N+]=[N-],[*:2]Nn1nnc(/N=[N+](\[*:1])[O-])n1,[*:1]/N=[N+](/[O-])n1nnnc1N[*:2],2.83572,10.0156,0,0.0073,0.00327222,-0.00704547,5.5696,
219748722,cand_017,cand_040,[*:2][N+](=O)[O-].[*:1]n1nnc(N[N+](=O)[O-])n1,[*:1]/N=[N+](/[O-])n1nnnc1N[*:2],[*:2]Nn1nnc(/N=[N+](\[*:1])[O-])n1,-2.51443,-8.32235,0,-0.0062,-0.0593658,-0.672337,-0.1001,
219748722,cand_040,cand_017,[*:2][N+](=O)[O-].[*:1]n1nnc(N[N+](=O)[O-])n1,[*:2]Nn1nnc(/N=[N+](\[*:1])[O-])n1,[*:1]/N=[N+](/[O-])n1nnnc1N[*:2],2.51443,8.32235,0,0.0062,0.0593658,0.672337,0.1001,
231693126,cand_002,cand_026,[*:2][N+](=O)[O-].[*:1]n1nnnc1N[N+](=O)[O-],[*:1]/N=[N+](/[O-])n1nnnc1N[*:2],[*:2]Nn1nnc(/N=[N+](\[*:1])[O-])n1,-4.69691,-15.546,0,-0.0116,-0.104856,-1.21441,-0.3694,
231693126,cand_026,cand_002,[*:2][N+](=O)[O-].[*:1]n1nnnc1N[N+](=O)[O-],[*:2]Nn1nnc(/N=[N+](\[*:1])[O-])n1,[*:1]/N=[N+](/[O-])n1nnnc1N[*:2],4.69691,15.546,0,0.0116,0.104856,1.21441,0.3694,
198568080,cand_011,cand_032,[*:2][N+](=O)[O-].[*:1]c1nnnn1N=[N+]=[N-],[*:1]/N=[N+](/[O-])n1nnnc1N[*:2],[*:2]n1nnc(/N=[N+](\[*:1])[O-])n1,-13.6111,30.0959,2.50897,-0.0176,-0.00931775,-0.0796173,12.8178,
198568080,cand_032,cand_011,[*:2][N+](=O)[O-].[*:1]c1nnnn1N=[N+]=[N-],[*:2]n1nnc(/N=[N+](\[*:1])[O-])n1,[*:1]/N=[N+](/[O-])n1nnnc1N[*:2],13.6111,-30.0959,-2.50897,0.0176,0.00931775,0.0796173,-12.8178,
198568086,cand_011,cand_050,[*:2][N+](=O)[O-].[*:1]c1nnnn1N=[N+]=[N-],[*:1]/N=[N+](/[O-])n1nnnc1N[*:2],[*:1]NNn1nnnc1[*:2],-29.6264,-74.8005,-10.4113,-0.0247,-0.291331,-2.91842,2.484,
198568086,cand_050,cand_011,[*:2][N+](=O)[O-].[*:1]c1nnnn1N=[N+]=[N-],[*:1]NNn1nnnc1[*:2],[*:1]/N=[N+](/[O-])n1nnnc1N[*:2],29.6264,74.8005,10.4113,0.0247,0.291331,2.91842,-2.484,
231693132,cand_002,cand_033,[*:2][N+](=O)[O-].[*:1]n1nnnc1N[N+](=O)[O-],[*:1]/N=[N+](/[O-])n1nnnc1N[*:2],[*:1]NNn1nnnc1[*:2],-30.4083,-75.1291,-8.78702,-0.0265,-0.32922,-3.5395,-1.4082,
231693132,cand_033,cand_002,[*:2][N+](=O)[O-].[*:1]n1nnnc1N[N+](=O)[O-],[*:1]NNn1nnnc1[*:2],[*:1]/N=[N+](/[O-])n1nnnc1N[*:2],30.4083,75.1291,8.78702,0.0265,0.32922,3.5395,1.4082,
198573546,cand_024,cand_014,[*:2][N+](=O)[O-].[*:1]c1nnnn1N=[N+]=[N-],[*:1]/N=[N+](/[O-])n1nnc([*:2])n1,[*:2]Nn1nnc(/N=[N+](\[*:1])[O-])n1,7.29588,-53.0895,-2.50897,0.0011,-0.000800444,0.0634864,-0.658,
198573546,cand_014,cand_024,[*:2][N+](=O)[O-].[*:1]c1nnnn1N=[N+]=[N-],[*:2]Nn1nnc(/N=[N+](\[*:1])[O-])n1,[*:1]/N=[N+](/[O-])n1nnc([*:2])n1,-7.29588,53.0895,2.50897,-0.0011,0.000800444,-0.0634864,0.658,
198573552,cand_025,cand_014,[*:2][N+](=O)[O-].[*:1]c1nnnn1N=[N+]=[N-],[*:1]/N=[N+](/[O-])n1nnc(N[*:2])n1,[*:2]Nn1nnc(/N=[N+](\[*:1])[O-])n1,0.754266,2.66403,0,0.002,-0.0080771,-0.108481,-8.9242,
198573552,cand_014,cand_025,[*:2][N+](=O)[O-].[*:1]c1nnnn1N=[N+]=[N-],[*:2]Nn1nnc(/N=[N+](\[*:1])[O-])n1,[*:1]/N=[N+](/[O-])n1nnc(N[*:2])n1,-0.754266,-2.66403,0,-0.002,0.0080771,0.108481,8.9242,
219762570,cand_023,cand_040,[*:2][N+](=O)[O-].[*:1]n1nnc(N[N+](=O)[O-])n1,[*:1]/N=[N+](/[O-])n1nnc(N[*:2])n1,[*:2]Nn1nnc(/N=[N+](\[*:1])[O-])n1,-2.54455,-8.42204,0,-0.0062,-0.0352084,-0.381447,-0.4844,
219762570,cand_040,cand_023,[*:2][N+](=O)[O-].[*:1]n1nnc(N[N+](=O)[O-])n1,[*:2]Nn1nnc(/N=[N+](\[*:1])[O-])n1,[*:1]/N=[N+](/[O-])n1nnc(N[*:2])n1,2.54455,8.42204,0,0.0062,0.0352084,0.381447,0.4844,
198573558,cand_014,cand_032,[*:1][N+](=O)[O-].[*:2]c1nnnn1N=[N+]=[N-],[*:1]Nn1nnc(/N=[N+](\[*:2])[O-])n1,[*:1]n1nnc(/N=[N+](\[*:2])[O-])n1,-10.7754,40.1115,2.50897,-0.0103,-0.00604553,-0.0866628,18.3874,
198573558,cand_032,cand_014,[*:1][N+](=O)[O-].[*:2]c1nnnn1N=[N+]=[N-],[*:1]n1nnc(/N=[N+](\[*:2])[O-])n1,[*:1]Nn1nnc(/N=[N+](\[*:2])[O-])n1,10.7754,-40.1115,-2.50897,0.0103,0.00604553,0.0866628,-18.3874,
198573564,cand_050,cand_014,[*:2][N+](=O)[O-].[*:1]c1nnnn1N=[N+]=[N-],[*:1]NNn1nnnc1[*:2],[*:2]Nn1nnc(/N=[N+](\[*:1])[O-])n1,26.7907,64.7849,10.4113,0.0174,0.288059,2.92547,-8.0536,
198573564,cand_014,cand_050,[*:2][N+](=O)[O-].[*:1]c1nnnn1N=[N+]=[N-],[*:2]Nn1nnc(/N=[N+](\[*:1])[O-])n1,[*:1]NNn1nnnc1[*:2],-26.7907,-64.7849,-10.4113,-0.0174,-0.288059,-2.92547,8.0536,
231720480,cand_033,cand_026,[*:2][N+](=O)[O-].[*:1]n1nnnc1N[N+](=O)[O-],[*:1]NNn1nnnc1[*:2],[*:2]Nn1nnc(/N=[N+](\[*:1])[O-])n1,25.7114,59.5831,8.78702,0.0149,0.224364,2.32508,1.0388,
231720480,cand_026,cand_033,[*:2][N+](=O)[O-].[*:1]n1nnnc1N[N+](=O)[O-],[*:2]Nn1nnc(/N=[N+](\[*:1])[O-])n1,[*:1]NNn1nnnc1[*:2],-25.7114,-59.5831,-8.78702,-0.0149,-0.224364,-2.32508,-1.0388,
198579036,cand_024,cand_050,[*:2][N+](=O)[O-].[*:1]c1nnnn1N=[N+]=[N-],[*:1]/N=[N+](/[O-])n1nnc([*:2])n1,[*:1]NNn1nnnc1[*:2],-19.4948,-117.874,-12.9203,-0.0163,-0.288859,-2.86198,7.3956,
198579036,cand_050,cand_024,[*:2][N+](=O)[O-].[*:1]c1nnnn1N=[N+]=[N-],[*:1]NNn1nnnc1[*:2],[*:1]/N=[N+](/[O-])n1nnc([*:2])n1,19.4948,117.874,12.9203,0.0163,0.288859,2.86198,-7.3956,
198584496,cand_025,cand_032,[*:2][N+](=O)[O-].[*:1]c1nnnn1N=[N+]=[N-],[*:1]/N=[N+](/[O-])n1nnc(N[*:2])n1,[*:2]n1nnc(/N=[N+](\[*:1])[O-])n1,-10.0211,42.7755,2.50897,-0.0083,-0.0141226,-0.195144,9.4632,
198584496,cand_032,cand_025,[*:2][N+](=O)[O-].[*:1]c1nnnn1N=[N+]=[N-],[*:2]n1nnc(/N=[N+](\[*:1])[O-])n1,[*:1]/N=[N+](/[O-])n1nnc(N[*:2])n1,10.0211,-42.7755,-2.50897,0.0083,0.0141226,0.195144,-9.4632,
198584502,cand_025,cand_050,[*:2][N+](=O)[O-].[*:1]c1nnnn1N=[N+]=[N-],[*:1]/N=[N+](/[O-])n1nnc(N[*:2])n1,[*:1]NNn1nnnc1[*:2],-26.0364,-62.1208,-10.4113,-0.0154,-0.296136,-3.03395,-0.8706,
198584502,cand_050,cand_025,[*:2][N+](=O)[O-].[*:1]c1nnnn1N=[N+]=[N-],[*:1]NNn1nnnc1[*:2],[*:1]/N=[N+](/[O-])n1nnc(N[*:2])n1,26.0364,62.1208,10.4113,0.0154,0.296136,3.03395,0.8706,
198589962,cand_050,cand_032,[*:2][N+](=O)[O-].[*:1]c1nnnn1N=[N+]=[N-],[*:1]NNn1nnnc1[*:2],[*:2]n1nnc(/N=[N+](\[*:1])[O-])n1,16.0153,104.896,12.9203,0.0071,0.282013,2.8388,10.3338,
198589962,cand_032,cand_050,[*:2][N+](=O)[O-].[*:1]c1nnnn1N=[N+]=[N-],[*:2]n1nnc(/N=[N+](\[*:1])[O-])n1,[*:1]NNn1nnnc1[*:2],-16.0153,-104.896,-12.9203,-0.0071,-0.282013,-2.8388,-10.3338,
201076296,cand_004,cand_009,[*:2][N+](=O)[O-].[*:1]c1nnnn1N[N+](=O)[O-],[*:1]/N=[N+](\[O-])n1nnnc1N[*:2],[*:2]Nn1nnnc1/N=[N+](/[*:1])[O-],5.032,16.6551,0,0.0124,-0.0914139,-1.18851,-0.401,
201076296,cand_009,cand_004,[*:2][N+](=O)[O-].[*:1]c1nnnn1N[N+](=O)[O-],[*:2]Nn1nnnc1/N=[N+](/[*:1])[O-],[*:1]/N=[N+](\[O-])n1nnnc1N[*:2],-5.032,-16.6551,0,-0.0124,0.0914139,1.18851,0.401,
201076314,cand_004,cand_037,[*:2][N+](=O)[O-].[*:1]c1nnnn1N[N+](=O)[O-],[*:1]/N=[N+](\[O-])n1nnnc1N[*:2],[*:1]NNn1nnnc1[*:2],-27.4841,-66.0631,-8.78702,-0.0198,-0.283609,-2.99511,-0.3552,
201076314,cand_037,cand_004,[*:2][N+](=O)[O-].[*:1]c1nnnn1N[N+](=O)[O-],[*:1]NNn1nnnc1[*:2],[*:1]/N=[N+](\[O-])n1nnnc1N[*:2],27.4841,66.0631,8.78702,0.0198,0.283609,2.99511,0.3552,
201076320,cand_041,cand_004,[*:2][N+](=O)[O-].[*:1]c1nnnn1N[N+](=O)[O-],[*:1]/N=N/c1nnnn1N[*:2],[*:1]/N=[N+](\[O-])n1nnnc1N[*:2],-14.2958,15.8961,5.59186,0.0077,0.326369,3.6713,0.4706,
201076320,cand_004,cand_041,[*:2][N+](=O)[O-].[*:1]c1nnnn1N[N+](=O)[O-],[*:1]/N=[N+](\[O-])n1nnnc1N[*:2],[*:1]/N=N/c1nnnn1N[*:2],14.2958,-15.8961,-5.59186,-0.0077,-0.326369,-3.6713,-0.4706,
201076326,cand_041,cand_004,[*:2][N+](=O)[O-].[*:1]c1nnnn1N[N+](=O)[O-],[*:1]/N=N\c1nnnn1N[*:2],[*:1]/N=[N+](\[O-])n1nnnc1N[*:2],-14.2958,15.8961,5.59186,0.0077,0.326369,3.6713,0.4706,
201076326,cand_004,cand_041,[*:2][N+](=O)[O-].[*:1]c1nnnn1N[N+](=O)[O-],[*:1]/N=[N+](\[O-])n1nnnc1N[*:2],[*:1]/N=N\c1nnnn1N[*:2],14.2958,-15.8961,-5.59186,-0.0077,-0.326369,-3.6713,-0.4706,
201083376,cand_041,cand_009,[*:2][N+](=O)[O-].[*:1]c1nnnn1N[N+](=O)[O-],[*:1]/N=N/c1nnnn1N[*:2],[*:1]/N=[N+](/[O-])c1nnnn1N[*:2],-9.2638,32.5512,5.59186,0.0201,0.234955,2.4828,0.0696,
201083376,cand_009,cand_041,[*:2][N+](=O)[O-].[*:1]c1nnnn1N[N+](=O)[O-],[*:1]/N=[N+](/[O-])c1nnnn1N[*:2],[*:1]/N=N/c1nnnn1N[*:2],9.2638,-32.5512,-5.59186,-0.0201,-0.234955,-2.4828,-0.0696,
201083382,cand_041,cand_009,[*:2][N+](=O)[O-].[*:1]c1nnnn1N[N+](=O)[O-],[*:1]/N=N\c1nnnn1N[*:2],[*:1]/N=[N+](/[O-])c1nnnn1N[*:2],-9.2638,32.5512,5.59186,0.0201,0.234955,2.4828,0.0696,
201083382,cand_009,cand_041,[*:2][N+](=O)[O-].[*:1]c1nnnn1N[N+](=O)[O-],[*:1]/N=[N+](/[O-])c1nnnn1N[*:2],[*:1]/N=N\c1nnnn1N[*:2],9.2638,-32.5512,-5.59186,-0.0201,-0.234955,-2.4828,-0.0696,
201090414,cand_015,cand_009,[*:1][N+](=O)[O-].[*:2]c1nnnn1N[N+](=O)[O-],[*:1]Nn1nnc(/N=[N+](/[*:2])[O-])n1,[*:1]Nn1nnnc1/N=[N+](/[*:2])[O-],4.80735,15.9115,0,0.0118,0.0519458,0.547963,-0.0619,
201090414,cand_009,cand_015,[*:1][N+](=O)[O-].[*:2]c1nnnn1N[N+](=O)[O-],[*:1]Nn1nnnc1/N=[N+](/[*:2])[O-],[*:1]Nn1nnc(/N=[N+](/[*:2])[O-])n1,-4.80735,-15.9115,0,-0.0118,-0.0519458,-0.547963,0.0619,
201090420,cand_019,cand_009,[*:2][N+](=O)[O-].[*:1]c1nnnn1N[N+](=O)[O-],[*:1]/N=[N+](\[O-])n1nnc(N[*:2])n1,[*:2]Nn1nnnc1/N=[N+](/[*:1])[O-],5.54342,18.3478,0,0.0137,-0.00733394,-0.175727,-0.3216,
201090420,cand_009,cand_019,[*:2][N+](=O)[O-].[*:1]c1nnnn1N[N+](=O)[O-],[*:2]Nn1nnnc1/N=[N+](/[*:1])[O-],[*:1]/N=[N+](\[O-])n1nnc(N[*:2])n1,-5.54342,-18.3478,0,-0.0137,0.00733394,0.175727,0.3216,
201090426,cand_037,cand_009,[*:2][N+](=O)[O-].[*:1]c1nnnn1N[N+](=O)[O-],[*:1]NNn1nnnc1[*:2],[*:2]Nn1nnnc1/N=[N+](/[*:1])[O-],32.5161,82.7182,8.78702,0.0322,0.192195,1.8066,-0.0458,
201090426,cand_009,cand_037,[*:2][N+](=O)[O-].[*:1]c1nnnn1N[N+](=O)[O-],[*:2]Nn1nnnc1/N=[N+](/[*:1])[O-],[*:1]NNn1nnnc1[*:2],-32.5161,-82.7182,-8.78702,-0.0322,-0.192195,-1.8066,0.0458,
201090432,cand_041,cand_009,[*:2][N+](=O)[O-].[*:1]c1nnnn1N[N+](=O)[O-],[*:1]/N=N/c1nnnn1N[*:2],[*:2]Nn1nnnc1/N=[N+](/[*:1])[O-],-9.2638,32.5512,5.59186,0.0201,0.234955,2.4828,0.0696,
201090432,cand_009,cand_041,[*:2][N+](=O)[O-].[*:1]c1nnnn1N[N+](=O)[O-],[*:2]Nn1nnnc1/N=[N+](/[*:1])[O-],[*:1]/N=N/c1nnnn1N[*:2],9.2638,-32.5512,-5.59186,-0.0201,-0.234955,-2.4828,-0.0696,
201090438,cand_041,cand_009,[*:2][N+](=O)[O-].[*:1]c1nnnn1N[N+](=O)[O-],[*:1]/N=N\c1nnnn1N[*:2],[*:2]Nn1nnnc1/N=[N+](/[*:1])[O-],-9.2638,32.5512,5.59186,0.0201,0.234955,2.4828,0.0696,
201090438,cand_009,cand_041,[*:2][N+](=O)[O-].[*:1]c1nnnn1N[N+](=O)[O-],[*:2]Nn1nnnc1/N=[N+](/[*:1])[O-],[*:1]/N=N\c1nnnn1N[*:2],9.2638,-32.5512,-5.59186,-0.0201,-0.234955,-2.4828,-0.0696,
201097476,cand_037,cand_015,[*:2][N+](=O)[O-].[*:1]c1nnnn1N[N+](=O)[O-],[*:1]NNn1nnnc1[*:2],[*:2]Nn1nnc(/N=[N+](/[*:1])[O-])n1,27.7088,66.8067,8.78702,0.0204,0.140249,1.25864,0.0161,
201097476,cand_015,cand_037,[*:2][N+](=O)[O-].[*:1]c1nnnn1N[N+](=O)[O-],[*:2]Nn1nnc(/N=[N+](/[*:1])[O-])n1,[*:1]NNn1nnnc1[*:2],-27.7088,-66.8067,-8.78702,-0.0204,-0.140249,-1.25864,-0.0161,
201097482,cand_041,cand_015,[*:2][N+](=O)[O-].[*:1]c1nnnn1N[N+](=O)[O-],[*:1]/N=N/c1nnnn1N[*:2],[*:2]Nn1nnc(/N=[N+](/[*:1])[O-])n1,-14.0711,16.6396,5.59186,0.0083,0.18301,1.93483,0.1315,
201097482,cand_015,cand_041,[*:2][N+](=O)[O-].[*:1]c1nnnn1N[N+](=O)[O-],[*:2]Nn1nnc(/N=[N+](/[*:1])[O-])n1,[*:1]/N=N/c1nnnn1N[*:2],14.0711,-16.6396,-5.59186,-0.0083,-0.18301,-1.93483,-0.1315,
201097488,cand_041,cand_015,[*:2][N+](=O)[O-].[*:1]c1nnnn1N[N+](=O)[O-],[*:1]/N=N\c1nnnn1N[*:2],[*:2]Nn1nnc(/N=[N+](/[*:1])[O-])n1,-14.0711,16.6396,5.59186,0.0083,0.18301,1.93483,0.1315,
201097488,cand_015,cand_041,[*:2][N+](=O)[O-].[*:1]c1nnnn1N[N+](=O)[O-],[*:2]Nn1nnc(/N=[N+](/[*:1])[O-])n1,[*:1]/N=N\c1nnnn1N[*:2],14.0711,-16.6396,-5.59186,-0.0083,-0.18301,-1.93483,-0.1315,
201104520,cand_019,cand_037,[*:2][N+](=O)[O-].[*:1]c1nnnn1N[N+](=O)[O-],[*:1]/N=[N+](\[O-])n1nnc(N[*:2])n1,[*:1]NNn1nnnc1[*:2],-26.9727,-64.3704,-8.78702,-0.0185,-0.199529,-1.98233,-0.2758,
201104520,cand_037,cand_019,[*:2][N+](=O)[O-].[*:1]c1nnnn1N[N+](=O)[O-],[*:1]NNn1nnnc1[*:2],[*:1]/N=[N+](\[O-])n1nnc(N[*:2])n1,26.9727,64.3704,8.78702,0.0185,0.199529,1.98233,0.2758,
201104526,cand_041,cand_019,[*:2][N+](=O)[O-].[*:1]c1nnnn1N[N+](=O)[O-],[*:1]/N=N/c1nnnn1N[*:2],[*:1]/N=[N+](\[O-])n1nnc(N[*:2])n1,-14.8072,14.2034,5.59186,0.0064,0.242289,2.65852,0.3912,
201104526,cand_019,cand_041,[*:2][N+](=O)[O-].[*:1]c1nnnn1N[N+](=O)[O-],[*:1]/N=[N+](\[O-])n1nnc(N[*:2])n1,[*:1]/N=N/c1nnnn1N[*:2],14.8072,-14.2034,-5.59186,-0.0064,-0.242289,-2.65852,-0.3912,
201104532,cand_041,cand_019,[*:2][N+](=O)[O-].[*:1]c1nnnn1N[N+](=O)[O-],[*:1]/N=N\c1nnnn1N[*:2],[*:1]/N=[N+](\[O-])n1nnc(N[*:2])n1,-14.8072,14.2034,5.59186,0.0064,0.242289,2.65852,0.3912,
201104532,cand_019,cand_041,[*:2][N+](=O)[O-].[*:1]c1nnnn1N[N+](=O)[O-],[*:1]/N=[N+](\[O-])n1nnc(N[*:2])n1,[*:1]/N=N\c1nnnn1N[*:2],14.8072,-14.2034,-5.59186,-0.0064,-0.242289,-2.65852,-0.3912,
201111564,cand_041,cand_037,[*:2][N+](=O)[O-].[*:1]c1nnnn1N[N+](=O)[O-],[*:1]/N=N/c1nnnn1N[*:2],[*:1]NNn1nnnc1[*:2],-41.7799,-50.1671,-3.19516,-0.0121,0.0427606,0.676197,0.1154,
201111564,cand_037,cand_041,[*:2][N+](=O)[O-].[*:1]c1nnnn1N[N+](=O)[O-],[*:1]NNn1nnnc1[*:2],[*:1]/N=N/c1nnnn1N[*:2],41.7799,50.1671,3.19516,0.0121,-0.0427606,-0.676197,-0.1154,
201111570,cand_041,cand_037,[*:2][N+](=O)[O-].[*:1]c1nnnn1N[N+](=O)[O-],[*:1]/N=N\c1nnnn1N[*:2],[*:1]NNn1nnnc1[*:2],-41.7799,-50.1671,-3.19516,-0.0121,0.0427606,0.676197,0.1154,
201111570,cand_037,cand_041,[*:2][N+](=O)[O-].[*:1]c1nnnn1N[N+](=O)[O-],[*:1]NNn1nnnc1[*:2],[*:1]/N=N\c1nnnn1N[*:2],41.7799,50.1671,3.19516,0.0121,-0.0427606,-0.676197,-0.1154,
219748704,cand_017,cand_019,[*:2][N+](=O)[O-].[*:1]n1nnc(N[N+](=O)[O-])n1,[*:1]/N=[N+](/[O-])n1nnnc1N[*:2],[*:2]Nn1nnnc1/N=[N+](\[*:1])[O-],0.035768,0.118386,0,0,0.0129166,0.155148,0.0485,
219748704,cand_019,cand_017,[*:2][N+](=O)[O-].[*:1]n1nnc(N[N+](=O)[O-])n1,[*:2]Nn1nnnc1/N=[N+](\[*:1])[O-],[*:1]/N=[N+](/[O-])n1nnnc1N[*:2],-0.035768,-0.118386,0,0,-0.0129166,-0.155148,-0.0485,
231693114,cand_002,cand_004,[*:2][N+](=O)[O-].[*:1]n1nnnc1N[N+](=O)[O-],[*:1]/N=[N+](/[O-])n1nnnc1N[*:2],[*:2]Nn1nnnc1/N=[N+](\[*:1])[O-],-4.66742,-15.4484,0,-0.0115,-0.102009,-1.18011,-1.1774,
231693114,cand_004,cand_002,[*:2][N+](=O)[O-].[*:1]n1nnnc1N[N+](=O)[O-],[*:2]Nn1nnnc1/N=[N+](\[*:1])[O-],[*:1]/N=[N+](/[O-])n1nnnc1N[*:2],4.66742,15.4484,0,0.0115,0.102009,1.18011,1.1774,
219748716,cand_017,cand_023,[*:2][N+](=O)[O-].[*:1]n1nnc(N[N+](=O)[O-])n1,[*:1]/N=[N+](/[O-])n1nnnc1N[*:2],[*:2]Nc1nnn(/N=[N+](/[*:1])[O-])n1,0.03012,0.0996922,0,0,-0.0241574,-0.29089,0.3843,
219748716,cand_023,cand_017,[*:2][N+](=O)[O-].[*:1]n1nnc(N[N+](=O)[O-])n1,[*:2]Nc1nnn(/N=[N+](/[*:1])[O-])n1,[*:1]/N=[N+](/[O-])n1nnnc1N[*:2],-0.03012,-0.0996922,0,0,0.0241574,0.29089,-0.3843,
231693120,cand_002,cand_017,[*:2][N+](=O)[O-].[*:1]n1nnnc1N[N+](=O)[O-],[*:1]/N=[N+](/[O-])n1nnnc1N[*:2],[*:2]Nc1nnn(/N=[N+](/[*:1])[O-])n1,-5.2146,-17.2595,0,-0.0128,-0.199006,-2.34804,-1.3053,
231693120,cand_017,cand_002,[*:2][N+](=O)[O-].[*:1]n1nnnc1N[N+](=O)[O-],[*:2]Nc1nnn(/N=[N+](/[*:1])[O-])n1,[*:1]/N=[N+](/[O-])n1nnnc1N[*:2],5.2146,17.2595,0,0.0128,0.199006,2.34804,1.3053,
219755640,cand_023,cand_019,[*:2][N+](=O)[O-].[*:1]n1nnc(N[N+](=O)[O-])n1,[*:1]/N=[N+](/[O-])n1nnc(N[*:2])n1,[*:2]Nn1nnnc1/N=[N+](\[*:1])[O-],0.005648,0.0186939,0,0,0.037074,0.446038,-0.3358,
219755640,cand_019,cand_023,[*:2][N+](=O)[O-].[*:1]n1nnc(N[N+](=O)[O-])n1,[*:2]Nn1nnnc1/N=[N+](\[*:1])[O-],[*:1]/N=[N+](/[O-])n1nnc(N[*:2])n1,-0.005648,-0.0186939,0,0,-0.037074,-0.446038,0.3358,
219755646,cand_023,cand_019,[*:1][N+](=O)[O-].[*:2]n1nnc(N[N+](=O)[O-])n1,[*:1]Nc1nnn(/N=[N+](/[*:2])[O-])n1,[*:1]Nn1nnnc1/N=[N+](\[*:2])[O-],0.005648,0.0186939,0,0,0.037074,0.446038,-0.3358,
219755646,cand_019,cand_023,[*:1][N+](=O)[O-].[*:2]n1nnc(N[N+](=O)[O-])n1,[*:1]Nn1nnnc1/N=[N+](\[*:2])[O-],[*:1]Nc1nnn(/N=[N+](/[*:2])[O-])n1,-0.005648,-0.0186939,0,0,-0.037074,-0.446038,0.3358,
231706806,cand_017,cand_004,[*:1][N+](=O)[O-].[*:2]n1nnnc1N[N+](=O)[O-],[*:1]Nc1nnn(/N=[N+](/[*:2])[O-])n1,[*:1]Nn1nnnc1/N=[N+](\[*:2])[O-],0.547188,1.8111,0,0.0013,0.0969966,1.16793,0.1279,
231706806,cand_004,cand_017,[*:1][N+](=O)[O-].[*:2]n1nnnc1N[N+](=O)[O-],[*:1]Nn1nnnc1/N=[N+](\[*:2])[O-],[*:1]Nc1nnn(/N=[N+](/[*:2])[O-])n1,-0.547188,-1.8111,0,-0.0013,-0.0969966,-1.16793,-0.1279,
219755652,cand_040,cand_019,[*:1][N+](=O)[O-].[*:2]n1nnc(N[N+](=O)[O-])n1,[*:1]Nn1nnc(/N=[N+](\[*:2])[O-])n1,[*:1]Nn1nnnc1/N=[N+](\[*:2])[O-],2.5502,8.44073,0,0.0062,0.0722824,0.827485,0.1486,
219755652,cand_019,cand_040,[*:1][N+](=O)[O-].[*:2]n1nnc(N[N+](=O)[O-])n1,[*:1]Nn1nnnc1/N=[N+](\[*:2])[O-],[*:1]Nn1nnc(/N=[N+](\[*:2])[O-])n1,-2.5502,-8.44073,0,-0.0062,-0.0722824,-0.827485,-0.1486,
231706812,cand_026,cand_004,[*:1][N+](=O)[O-].[*:2]n1nnnc1N[N+](=O)[O-],[*:1]Nn1nnc(/N=[N+](\[*:2])[O-])n1,[*:1]Nn1nnnc1/N=[N+](\[*:2])[O-],0.029493,0.0976169,0,0.0001,0.00284713,0.0343058,-0.808,
231706812,cand_004,cand_026,[*:1][N+](=O)[O-].[*:2]n1nnnc1N[N+](=O)[O-],[*:1]Nn1nnnc1/N=[N+](\[*:2])[O-],[*:1]Nn1nnc(/N=[N+](\[*:2])[O-])n1,-0.029493,-0.0976169,0,-0.0001,-0.00284713,-0.0343058,0.808,
219769488,cand_023,cand_040,[*:1][N+](=O)[O-].[*:2]n1nnc(N[N+](=O)[O-])n1,[*:1]Nc1nnn(/N=[N+](/[*:2])[O-])n1,[*:1]Nn1nnc(/N=[N+](\[*:2])[O-])n1,-2.54455,-8.42204,0,-0.0062,-0.0352084,-0.381447,-0.4844,
219769488,cand_040,cand_023,[*:1][N+](=O)[O-].[*:2]n1nnc(N[N+](=O)[O-])n1,[*:1]Nn1nnc(/N=[N+](\[*:2])[O-])n1,[*:1]Nc1nnn(/N=[N+](/[*:2])[O-])n1,2.54455,8.42204,0,0.0062,0.0352084,0.381447,0.4844,
231713646,cand_017,cand_026,[*:1][N+](=O)[O-].[*:2]n1nnnc1N[N+](=O)[O-],[*:1]Nc1nnn(/N=[N+](/[*:2])[O-])n1,[*:1]Nn1nnc(/N=[N+](\[*:2])[O-])n1,0.517695,1.71348,0,0.0012,0.0941494,1.13362,0.9359,
231713646,cand_026,cand_017,[*:1][N+](=O)[O-].[*:2]n1nnnc1N[N+](=O)[O-],[*:1]Nn1nnc(/N=[N+](\[*:2])[O-])n1,[*:1]Nc1nnn(/N=[N+](/[*:2])[O-])n1,-0.517695,-1.71348,0,-0.0012,-0.0941494,-1.13362,-0.9359,
229140888,cand_046,cand_034,[*:1][N+](=O)[O-].[*:2]n1nnnc1N=[N+]=[N-],[*:1]Nc1nnnn1/N=[N+](\[*:2])[O-],[*:1]c1nnnn1/N=[N+](\[*:2])[O-],-6.70602,54.2176,2.50897,0.0001,0.104894,1.14463,1.8215,
229140888,cand_034,cand_046,[*:1][N+](=O)[O-].[*:2]n1nnnc1N=[N+]=[N-],[*:1]c1nnnn1/N=[N+](\[*:2])[O-],[*:1]Nc1nnnn1/N=[N+](\[*:2])[O-],6.70602,-54.2176,-2.50897,-0.0001,-0.104894,-1.14463,-1.8215,
229140894,cand_053,cand_034,[*:1][N+](=O)[O-].[*:2]n1nnnc1N=[N+]=[N-],[*:1]Nn1nnnc1/N=[N+](\[*:2])[O-],[*:1]c1nnnn1/N=[N+](\[*:2])[O-],-5.74655,57.6063,2.50897,0.0026,0.0155981,0.0882565,-2.7849,
229140894,cand_034,cand_053,[*:1][N+](=O)[O-].[*:2]n1nnnc1N=[N+]=[N-],[*:1]c1nnnn1/N=[N+](\[*:2])[O-],[*:1]Nn1nnnc1/N=[N+](\[*:2])[O-],5.74655,-57.6063,-2.50897,-0.0026,-0.0155981,-0.0882565,2.7849,
229146420,cand_046,cand_053,[*:1][N+](=O)[O-].[*:2]n1nnnc1N=[N+]=[N-],[*:1]Nc1nnnn1/N=[N+](\[*:2])[O-],[*:1]Nn1nnnc1/N=[N+](\[*:2])[O-],-0.959462,-3.38877,0,-0.0025,0.0892958,1.05637,4.6064,
229146420,cand_053,cand_046,[*:1][N+](=O)[O-].[*:2]n1nnnc1N=[N+]=[N-],[*:1]Nn1nnnc1/N=[N+](\[*:2])[O-],[*:1]Nc1nnnn1/N=[N+](\[*:2])[O-],0.959462,3.38877,0,0.0025,-0.0892958,-1.05637,-4.6064,
231699960,cand_002,cand_004,[*:1][N+](=O)[O-].[*:2]n1nnnc1N[N+](=O)[O-],[*:1]Nc1nnnn1/N=[N+](/[*:2])[O-],[*:1]Nn1nnnc1/N=[N+](\[*:2])[O-],-4.66742,-15.4484,0,-0.0115,-0.102009,-1.18011,-1.1774,
231699960,cand_004,cand_002,[*:1][N+](=O)[O-].[*:2]n1nnnc1N[N+](=O)[O-],[*:1]Nn1nnnc1/N=[N+](\[*:2])[O-],[*:1]Nc1nnnn1/N=[N+](/[*:2])[O-],4.66742,15.4484,0,0.0115,0.102009,1.18011,1.1774,
231699966,cand_017,cand_002,[*:1][N+](=O)[O-].[*:2]n1nnnc1N[N+](=O)[O-],[*:1]Nc1nnn(/N=[N+](/[*:2])[O-])n1,[*:1]Nc1nnnn1/N=[N+](/[*:2])[O-],5.2146,17.2595,0,0.0128,0.199006,2.34804,1.3053,
231699966,cand_002,cand_017,[*:1][N+](=O)[O-].[*:2]n1nnnc1N[N+](=O)[O-],[*:1]Nc1nnnn1/N=[N+](/[*:2])[O-],[*:1]Nc1nnn(/N=[N+](/[*:2])[O-])n1,-5.2146,-17.2595,0,-0.0128,-0.199006,-2.34804,-1.3053,
231699972,cand_002,cand_026,[*:1][N+](=O)[O-].[*:2]n1nnnc1N[N+](=O)[O-],[*:1]Nc1nnnn1/N=[N+](/[*:2])[O-],[*:1]Nn1nnc(/N=[N+](\[*:2])[O-])n1,-4.69691,-15.546,0,-0.0116,-0.104856,-1.21441,-0.3694,
231699972,cand_026,cand_002,[*:1][N+](=O)[O-].[*:2]n1nnnc1N[N+](=O)[O-],[*:1]Nn1nnc(/N=[N+](\[*:2])[O-])n1,[*:1]Nc1nnnn1/N=[N+](/[*:2])[O-],4.69691,15.546,0,0.0116,0.104856,1.21441,0.3694,
231699978,cand_033,cand_002,[*:2][N+](=O)[O-].[*:1]n1nnnc1N[N+](=O)[O-],[*:1]NNn1nnnc1[*:2],[*:2]Nc1nnnn1/N=[N+](/[*:1])[O-],30.4083,75.1291,8.78702,0.0265,0.32922,3.5395,1.4082,
231699978,cand_002,cand_033,[*:2][N+](=O)[O-].[*:1]n1nnnc1N[N+](=O)[O-],[*:2]Nc1nnnn1/N=[N+](/[*:1])[O-],[*:1]NNn1nnnc1[*:2],-30.4083,-75.1291,-8.78702,-0.0265,-0.32922,-3.5395,-1.4082,
231706818,cand_033,cand_004,[*:2][N+](=O)[O-].[*:1]n1nnnc1N[N+](=O)[O-],[*:1]NNn1nnnc1[*:2],[*:2]Nn1nnnc1/N=[N+](\[*:1])[O-],25.7409,59.6808,8.78702,0.015,0.227211,2.35939,0.2308,
231706818,cand_004,cand_033,[*:2][N+](=O)[O-].[*:1]n1nnnc1N[N+](=O)[O-],[*:2]Nn1nnnc1/N=[N+](\[*:1])[O-],[*:1]NNn1nnnc1[*:2],-25.7409,-59.6808,-8.78702,-0.015,-0.227211,-2.35939,-0.2308,
231713652,cand_033,cand_017,[*:2][N+](=O)[O-].[*:1]n1nnnc1N[N+](=O)[O-],[*:1]NNn1nnnc1[*:2],[*:2]Nc1nnn(/N=[N+](/[*:1])[O-])n1,25.1937,57.8697,8.78702,0.0137,0.130215,1.19146,0.1029,
231713652,cand_017,cand_033,[*:2][N+](=O)[O-].[*:1]n1nnnc1N[N+](=O)[O-],[*:2]Nc1nnn(/N=[N+](/[*:1])[O-])n1,[*:1]NNn1nnnc1[*:2],-25.1937,-57.8697,-8.78702,-0.0137,-0.130215,-1.19146,-0.1029,
262583466,cand_062,cand_022,[*:1]n1nnc(NNc2nnnn2N=[N+]=[N-])n1,[*:1]N,[*:1]N=[N+]=[N-],86.3516,194.721,10.8464,0.0216,0.128528,1.20368,74.9639,
262583466,cand_022,cand_062,[*:1]n1nnc(NNc2nnnn2N=[N+]=[N-])n1,[*:1]N=[N+]=[N-],[*:1]N,-86.3516,-194.721,-10.8464,-0.0216,-0.128528,-1.20368,-74.9639,
264276180,cand_038,cand_001,[*:1]n1nnnc1/N=[N+](\[O-])n1nnnc1[N+](=O)[O-],[*:1]N,[*:1]N=[N+]=[N-],87.1423,115.587,7.24889,0.0298,0.126382,1.07986,24.6229,
264276180,cand_001,cand_038,[*:1]n1nnnc1/N=[N+](\[O-])n1nnnc1[N+](=O)[O-],[*:1]N=[N+]=[N-],[*:1]N,-87.1423,-115.587,-7.24889,-0.0298,-0.126382,-1.07986,-24.6229,
264350952,cand_059,cand_005,[*:1]n1nnnc1NNc1nnnn1N=[N+]=[N-],[*:1]N,[*:1]N=[N+]=[N-],85.5346,190.032,10.8464,0.0165,0.00346025,-0.150794,91.6894,
264350952,cand_005,cand_059,[*:1]n1nnnc1NNc1nnnn1N=[N+]=[N-],[*:1]N=[N+]=[N-],[*:1]N,-85.5346,-190.032,-10.8464,-0.0165,-0.00346025,0.150794,-91.6894,
256429032,cand_053,cand_004,[*:1]c1nnnn1/[N+]([O-])=N/c1nnnn1N[N+](=O)[O-],[*:1]N=[N+]=[N-],[*:1]N[N+](=O)[O-],-68.2518,-8.04952,8.47667,0.011,0.292925,3.16967,-5.5082,
256429032,cand_004,cand_053,[*:1]c1nnnn1/[N+]([O-])=N/c1nnnn1N[N+](=O)[O-],[*:1]N[N+](=O)[O-],[*:1]N=[N+]=[N-],68.2518,8.04952,-8.47667,-0.011,-0.292925,-3.16967,5.5082,
256429056,cand_046,cand_002,[*:1]c1nnnn1/[N+]([O-])=N/n1nnnc1N[N+](=O)[O-],[*:1]N=[N+]=[N-],[*:1]N[N+](=O)[O-],-64.5438,4.01008,8.47667,0.02,0.48423,5.40615,0.2756,
256429056,cand_002,cand_046,[*:1]c1nnnn1/[N+]([O-])=N/n1nnnc1N[N+](=O)[O-],[*:1]N[N+](=O)[O-],[*:1]N=[N+]=[N-],64.5438,-4.01008,-8.47667,-0.02,-0.48423,-5.40615,-0.2756,
261774954,cand_061,cand_028,[*:1]n1nnc(/N=[N+](\[O-])c2nnn(N[N+](=O)[O-])n2)n1,[*:1]N=[N+]=[N-],[*:1]N[N+](=O)[O-],-74.3066,-28.4938,8.47667,-0.0041,-0.00628501,-0.320522,-45.7328,
261774954,cand_028,cand_061,[*:1]n1nnc(/N=[N+](\[O-])c2nnn(N[N+](=O)[O-])n2)n1,[*:1]N[N+](=O)[O-],[*:1]N=[N+]=[N-],74.3066,28.4938,-8.47667,0.0041,0.00628501,0.320522,45.7328,
261774960,cand_029,cand_014,[*:1]n1nnc(/N=[N+](\[O-])c2nnnn2N=[N+]=[N-])n1,[*:1]N=[N+]=[N-],[*:1]N[N+](=O)[O-],-71.9396,-24.7902,9.6962,0.0018,0.26549,2.78328,-231.123,
261774960,cand_014,cand_029,[*:1]n1nnc(/N=[N+](\[O-])c2nnnn2N=[N+]=[N-])n1,[*:1]N[N+](=O)[O-],[*:1]N=[N+]=[N-],71.9396,24.7902,-9.6962,-0.0018,-0.26549,-2.78328,231.123,
261774978,cand_031,cand_015,[*:1]n1nnc(/N=[N+](\[O-])c2nnnn2N[N+](=O)[O-])n1,[*:1]N=[N+]=[N-],[*:1]N[N+](=O)[O-],-72.7247,-23.8974,8.47667,-0.0006,0.10846,1.02532,-14.4795,
261774978,cand_015,cand_031,[*:1]n1nnc(/N=[N+](\[O-])c2nnnn2N[N+](=O)[O-])n1,[*:1]N[N+](=O)[O-],[*:1]N=[N+]=[N-],72.7247,23.8974,-8.47667,0.0006,-0.10846,-1.02532,14.4795,
261774984,cand_058,cand_040,[*:1]n1nnc(/N=[N+](\[O-])n2nnc(N[N+](=O)[O-])n2)n1,[*:1]N=[N+]=[N-],[*:1]N[N+](=O)[O-],-71.8123,-19.945,8.47667,0.0022,0.207196,2.16207,-4.2888,
261774984,cand_040,cand_058,[*:1]n1nnc(/N=[N+](\[O-])n2nnc(N[N+](=O)[O-])n2)n1,[*:1]N[N+](=O)[O-],[*:1]N=[N+]=[N-],71.8123,19.945,-8.47667,-0.0022,-0.207196,-2.16207,4.2888,
261774990,cand_056,cand_026,[*:1]n1nnc(/N=[N+](\[O-])n2nnnc2N[N+](=O)[O-])n1,[*:1]N=[N+]=[N-],[*:1]N[N+](=O)[O-],-69.9555,-14.0603,8.47667,0.0066,0.208584,2.20007,-12.2031,
261774990,cand_026,cand_056,[*:1]n1nnc(/N=[N+](\[O-])n2nnnc2N[N+](=O)[O-])n1,[*:1]N[N+](=O)[O-],[*:1]N=[N+]=[N-],69.9555,14.0603,-8.47667,-0.0066,-0.208584,-2.20007,12.2031,
264276150,cand_008,cand_009,[*:1]n1nnnc1/N=[N+](\[O-])c1nnnn1N[N+](=O)[O-],[*:1]N=[N+]=[N-],[*:1]N[N+](=O)[O-],-72.522,-24.2493,8.47667,-0.0007,0.0173708,-0.0575769,-4.5897,
264276150,cand_009,cand_008,[*:1]n1nnnc1/N=[N+](\[O-])c1nnnn1N[N+](=O)[O-],[*:1]N[N+](=O)[O-],[*:1]N=[N+]=[N-],72.522,24.2493,-8.47667,0.0007,-0.0173708,0.0575769,4.5897,
264276156,cand_051,cand_052,[*:1]n1nnnc1/N=[N+](\[O-])n1cnnn1,[*:1]N=[N+]=[N-],[*:1]N[N+](=O)[O-],-74.7214,-38.3231,11.882,-0.0065,0.207875,2.03826,-36.0885,
264276156,cand_052,cand_051,[*:1]n1nnnc1/N=[N+](\[O-])n1cnnn1,[*:1]N[N+](=O)[O-],[*:1]N=[N+]=[N-],74.7214,38.3231,-11.882,0.0065,-0.207875,-2.03826,36.0885,
264276162,cand_054,cand_055,[*:1]n1nnnc1/N=[N+](\[O-])n1ncnn1,[*:1]N=[N+]=[N-],[*:1]N[N+](=O)[O-],-74.8795,-38.7676,11.882,-0.0068,0.243206,2.44418,-247.929,
264276162,cand_055,cand_054,[*:1]n1nnnc1/N=[N+](\[O-])n1ncnn1,[*:1]N[N+](=O)[O-],[*:1]N=[N+]=[N-],74.8795,38.7676,-11.882,0.0068,-0.243206,-2.44418,247.929,
264276168,cand_025,cand_019,[*:1]n1nnnc1/N=[N+](\[O-])n1nnc(N[N+](=O)[O-])n1,[*:1]N=[N+]=[N-],[*:1]N[N+](=O)[O-],-74.3863,-29.6028,8.47667,-0.0048,0.101657,0.980247,-19.1564,
264276168,cand_019,cand_025,[*:1]n1nnnc1/N=[N+](\[O-])n1nnc(N[N+](=O)[O-])n1,[*:1]N[N+](=O)[O-],[*:1]N=[N+]=[N-],74.3863,29.6028,-8.47667,0.0048,-0.101657,-0.980247,19.1564,
264276174,cand_011,cand_004,[*:1]n1nnnc1/N=[N+](\[O-])n1nnnc1N[N+](=O)[O-],[*:1]N=[N+]=[N-],[*:1]N[N+](=O)[O-],-77.4649,-40.5897,8.47667,-0.0128,0.190542,2.10855,-15.7224,
264276174,cand_004,cand_011,[*:1]n1nnnc1/N=[N+](\[O-])n1nnnc1N[N+](=O)[O-],[*:1]N[N+](=O)[O-],[*:1]N=[N+]=[N-],77.4649,40.5897,-8.47667,0.0128,-0.190542,-2.10855,15.7224,
264276192,cand_029,cand_031,[*:1]n1nnnc1/[N+]([O-])=N/c1nnn(N=[N+]=[N-])n1,[*:1]N=[N+]=[N-],[*:1]N[N+](=O)[O-],-73.6195,-30.7233,9.6962,-0.0025,0.207484,2.12299,-227.135,
264276192,cand_031,cand_029,[*:1]n1nnnc1/[N+]([O-])=N/c1nnn(N=[N+]=[N-])n1,[*:1]N[N+](=O)[O-],[*:1]N=[N+]=[N-],73.6195,30.7233,-9.6962,0.0025,-0.207484,-2.12299,227.135,
264276204,cand_014,cand_015,[*:1]n1nnnc1/[N+]([O-])=N/c1nnn(N[N+](=O)[O-])n1,[*:1]N=[N+]=[N-],[*:1]N[N+](=O)[O-],-74.4045,-29.8305,8.47667,-0.0049,0.0504541,0.365037,-10.4919,
264276204,cand_015,cand_014,[*:1]n1nnnc1/[N+]([O-])=N/c1nnn(N[N+](=O)[O-])n1,[*:1]N[N+](=O)[O-],[*:1]N=[N+]=[N-],74.4045,29.8305,-8.47667,0.0049,-0.0504541,-0.365037,10.4919,
264276216,cand_006,cand_008,[*:1]n1nnnc1/[N+]([O-])=N/c1nnnn1N=[N+]=[N-],[*:1]N=[N+]=[N-],[*:1]N[N+](=O)[O-],-72.4404,-27.4292,9.6962,0,0.35737,3.88836,-70.4942,
264276216,cand_008,cand_006,[*:1]n1nnnc1/[N+]([O-])=N/c1nnnn1N=[N+]=[N-],[*:1]N[N+](=O)[O-],[*:1]N=[N+]=[N-],72.4404,27.4292,-9.6962,0,-0.35737,-3.88836,70.4942,
264350982,cand_050,cand_037,[*:1]n1nnnc1NNn1nnnc1[N+](=O)[O-],[*:1]N=[N+]=[N-],[*:1]N[N+](=O)[O-],-75.3225,-31.8524,10.1009,-0.0079,0.198264,2.03187,-18.5616,
264350982,cand_037,cand_050,[*:1]n1nnnc1NNn1nnnc1[N+](=O)[O-],[*:1]N[N+](=O)[O-],[*:1]N=[N+]=[N-],75.3225,31.8524,-10.1009,0.0079,-0.198264,-2.03187,18.5616,
253902660,cand_017,cand_048,[*:1]c1nnn(/N=[N+](\[O-])n2nnnc2N[N+](=O)[O-])n1,[*:1]N[N+](=O)[O-],[*:1][H],-14.0434,-10.3383,-13.2166,-0.0099,-0.367879,-3.84584,0.1111,
253902660,cand_048,cand_017,[*:1]c1nnn(/N=[N+](\[O-])n2nnnc2N[N+](=O)[O-])n1,[*:1][H],[*:1]N[N+](=O)[O-],14.0434,10.3383,13.2166,0.0099,0.367879,3.84584,-0.1111,
253902690,cand_025,cand_054,[*:1]c1nnn(/[N+]([O-])=N/c2nnnn2N=[N+]=[N-])n1,[*:1]N[N+](=O)[O-],[*:1][H],-13.9192,-2.66801,-16.6219,-0.009,-0.430361,-4.3976,232.86,
253902690,cand_054,cand_025,[*:1]c1nnn(/[N+]([O-])=N/c2nnnn2N=[N+]=[N-])n1,[*:1][H],[*:1]N[N+](=O)[O-],13.9192,2.66801,16.6219,0.009,0.430361,4.3976,-232.86,
253902696,cand_019,cand_055,[*:1]c1nnn(/[N+]([O-])=N/c2nnnn2N[N+](=O)[O-])n1,[*:1]N[N+](=O)[O-],[*:1][H],-14.4124,-11.8329,-13.2166,-0.011,-0.288812,-2.93367,4.0878,
253902696,cand_055,cand_019,[*:1]c1nnn(/[N+]([O-])=N/c2nnnn2N[N+](=O)[O-])n1,[*:1][H],[*:1]N[N+](=O)[O-],14.4124,11.8329,13.2166,0.011,0.288812,2.93367,-4.0878,
256429026,cand_011,cand_051,[*:1]c1nnnn1/[N+]([O-])=N/c1nnnn1N=[N+]=[N-],[*:1]N[N+](=O)[O-],[*:1][H],-16.9162,-12.6899,-16.6219,-0.0163,-0.406339,-4.07728,20.487,
256429026,cand_051,cand_011,[*:1]c1nnnn1/[N+]([O-])=N/c1nnnn1N=[N+]=[N-],[*:1][H],[*:1]N[N+](=O)[O-],16.9162,12.6899,16.6219,0.0163,0.406339,4.07728,-20.487,
256429038,cand_004,cand_052,[*:1]c1nnnn1/[N+]([O-])=N/c1nnnn1N[N+](=O)[O-],[*:1]N[N+](=O)[O-],[*:1][H],-14.1727,-10.4233,-13.2166,-0.01,-0.389005,-4.14757,0.1209,
256429038,cand_052,cand_004,[*:1]c1nnnn1/[N+]([O-])=N/c1nnnn1N[N+](=O)[O-],[*:1][H],[*:1]N[N+](=O)[O-],14.1727,10.4233,13.2166,0.01,0.389005,4.14757,-0.1209,
256429062,cand_002,cand_045,[*:1]c1nnnn1/[N+]([O-])=N/n1nnnc1N[N+](=O)[O-],[*:1]N[N+](=O)[O-],[*:1][H],-19.6396,-29.1735,-13.2166,-0.0239,-0.528446,-5.74521,-1.0305,
256429062,cand_045,cand_002,[*:1]c1nnnn1/[N+]([O-])=N/n1nnnc1N[N+](=O)[O-],[*:1][H],[*:1]N[N+](=O)[O-],19.6396,29.1735,13.2166,0.0239,0.528446,5.74521,1.0305,
253902672,cand_058,cand_057,[*:1]c1nnn(/[N+]([O-])=N/c2nnn(N=[N+]=[N-])n2)n1,[*:1]N[N+](=O)[O-],[*:1][N+](=O)[O-],-6.78634,53.8269,2.50897,-0.0001,0.126628,1.40623,35.1193,
253902672,cand_057,cand_058,[*:1]c1nnn(/[N+]([O-])=N/c2nnn(N=[N+]=[N-])n2)n1,[*:1][N+](=O)[O-],[*:1]N[N+](=O)[O-],6.78634,-53.8269,-2.50897,0.0001,-0.126628,-1.40623,-35.1193,
253902678,cand_025,cand_024,[*:1]c1nnn(/[N+]([O-])=N/c2nnnn2N=[N+]=[N-])n1,[*:1]N[N+](=O)[O-],[*:1][N+](=O)[O-],-6.54161,55.7536,2.50897,0.0009,-0.00727666,-0.171967,-8.2662,
253902678,cand_024,cand_025,[*:1]c1nnn(/[N+]([O-])=N/c2nnnn2N=[N+]=[N-])n1,[*:1][N+](=O)[O-],[*:1]N[N+](=O)[O-],6.54161,-55.7536,-2.50897,-0.0009,0.00727666,0.171967,8.2662,
256428996,cand_045,cand_018,[*:1]c1nnnn1/N=[N+](\[O-])n1cnnn1,[*:1]N[N+](=O)[O-],[*:1][N+](=O)[O-],-4.0711,73.9464,2.64856,0.0091,0.0546894,0.493136,-0.3663,
256428996,cand_018,cand_045,[*:1]c1nnnn1/N=[N+](\[O-])n1cnnn1,[*:1][N+](=O)[O-],[*:1]N[N+](=O)[O-],4.0711,-73.9464,-2.64856,-0.0091,-0.0546894,-0.493136,0.3663,
256429002,cand_046,cand_034,[*:1]c1nnnn1/N=[N+](\[O-])n1nnnc1N=[N+]=[N-],[*:1]N[N+](=O)[O-],[*:1][N+](=O)[O-],-6.70602,54.2176,2.50897,0.0001,0.104894,1.14463,1.8215,
256429002,cand_034,cand_046,[*:1]c1nnnn1/N=[N+](\[O-])n1nnnc1N=[N+]=[N-],[*:1][N+](=O)[O-],[*:1]N[N+](=O)[O-],6.70602,-54.2176,-2.50897,-0.0001,-0.104894,-1.14463,-1.8215,
256429008,cand_056,cand_021,[*:1]c1nnnn1/[N+]([O-])=N/c1nnn(N=[N+]=[N-])n1,[*:1]N[N+](=O)[O-],[*:1][N+](=O)[O-],-2.919,68.4839,2.50897,0.0102,-0.072446,-0.99843,0.914,
256429008,cand_021,cand_056,[*:1]c1nnnn1/[N+]([O-])=N/c1nnn(N=[N+]=[N-])n1,[*:1][N+](=O)[O-],[*:1]N[N+](=O)[O-],2.919,-68.4839,-2.50897,-0.0102,0.072446,0.99843,-0.914,
256429014,cand_011,cand_001,[*:1]c1nnnn1/[N+]([O-])=N/c1nnnn1N=[N+]=[N-],[*:1]N[N+](=O)[O-],[*:1][N+](=O)[O-],-5.6882,59.647,2.50897,0.0034,0.0271737,0.222704,14.987,
256429014,cand_001,cand_011,[*:1]c1nnnn1/[N+]([O-])=N/c1nnnn1N=[N+]=[N-],[*:1][N+](=O)[O-],[*:1]N[N+](=O)[O-],5.6882,-59.647,-2.50897,-0.0034,-0.0271737,-0.222704,-14.987,
256429050,cand_048,cand_010,[*:1]c1nnnn1/[N+]([O-])=N/n1ncnn1,[*:1]N[N+](=O)[O-],[*:1][N+](=O)[O-],-2.37808,81.5056,2.64856,0.0145,0.0257138,0.124287,0.7548,
256429050,cand_010,cand_048,[*:1]c1nnnn1/[N+]([O-])=N/n1ncnn1,[*:1][N+](=O)[O-],[*:1]N[N+](=O)[O-],2.37808,-81.5056,-2.64856,-0.0145,-0.0257138,-0.124287,-0.7548,
256503990,cand_033,cand_016,[*:1]c1nnnn1NNn1nnnc1[N+](=O)[O-],[*:1]N[N+](=O)[O-],[*:1][N+](=O)[O-],-8.34319,45.8366,2.58812,-0.0018,-0.0900356,-1.13028,-0.0504,
256503990,cand_016,cand_033,[*:1]c1nnnn1NNn1nnnc1[N+](=O)[O-],[*:1][N+](=O)[O-],[*:1]N[N+](=O)[O-],8.34319,-45.8366,-2.58812,0.0018,0.0900356,1.13028,0.0504,
261774966,cand_014,cand_032,[*:1]n1nnc(/N=[N+](\[O-])c2nnnn2N=[N+]=[N-])n1,[*:1]N[N+](=O)[O-],[*:1][N+](=O)[O-],-10.7754,40.1115,2.50897,-0.0103,-0.00604553,-0.0866628,18.3874,
261774966,cand_032,cand_014,[*:1]n1nnc(/N=[N+](\[O-])c2nnnn2N=[N+]=[N-])n1,[*:1][N+](=O)[O-],[*:1]N[N+](=O)[O-],10.7754,-40.1115,-2.50897,0.0103,0.00604553,0.0866628,-18.3874,
264276198,cand_031,cand_030,[*:1]n1nnnc1/[N+]([O-])=N/c1nnn(N=[N+]=[N-])n1,[*:1]N[N+](=O)[O-],[*:1][N+](=O)[O-],-7.6774,51.3341,2.50897,-0.0023,0.1179,1.33754,116.8,
264276198,cand_030,cand_031,[*:1]n1nnnc1/[N+]([O-])=N/c1nnn(N=[N+]=[N-])n1,[*:1][N+](=O)[O-],[*:1]N[N+](=O)[O-],7.6774,-51.3341,-2.50897,0.0023,-0.1179,-1.33754,-116.8,
264276222,cand_008,cand_007,[*:1]n1nnnc1/[N+]([O-])=N/c1nnnn1N=[N+]=[N-],[*:1]N[N+](=O)[O-],[*:1][N+](=O)[O-],-7.81294,51.7397,2.50897,-0.0023,0.0789216,0.889245,146.865,
264276222,cand_007,cand_008,[*:1]n1nnnc1/[N+]([O-])=N/c1nnnn1N=[N+]=[N-],[*:1][N+](=O)[O-],[*:1]N[N+](=O)[O-],7.81294,-51.7397,-2.50897,0.0023,-0.0789216,-0.889245,-146.865,
256503876,cand_036,cand_050,[*:1]c1nnnn1NNc1nnnn1N=[N+]=[N-],[*:1]N=[N+]=[N-],[*:1][N+](=O)[O-],-77.6304,81.1695,13.0941,-0.0326,0.0702819,0.779892,-175.966,
256503876,cand_050,cand_036,[*:1]c1nnnn1NNc1nnnn1N=[N+]=[N-],[*:1][N+](=O)[O-],[*:1]N=[N+]=[N-],77.6304,-81.1695,-13.0941,0.0326,-0.0702819,-0.779892,175.966,
261774972,cand_029,cand_032,[*:1]n1nnc(/N=[N+](\[O-])c2nnnn2N=[N+]=[N-])n1,[*:1]N=[N+]=[N-],[*:1][N+](=O)[O-],-82.7151,15.3213,12.2052,-0.0085,0.259444,2.69662,-212.735,
261774972,cand_032,cand_029,[*:1]n1nnc(/N=[N+](\[O-])c2nnnn2N=[N+]=[N-])n1,[*:1][N+](=O)[O-],[*:1]N=[N+]=[N-],82.7151,-15.3213,-12.2052,0.0085,-0.259444,-2.69662,212.735,
264276186,cand_029,cand_030,[*:1]n1nnnc1/[N+]([O-])=N/c1nnn(N=[N+]=[N-])n1,[*:1]N=[N+]=[N-],[*:1][N+](=O)[O-],-81.2969,20.6108,12.2052,-0.0048,0.325384,3.46054,-110.334,
264276186,cand_030,cand_029,[*:1]n1nnnc1/[N+]([O-])=N/c1nnn(N=[N+]=[N-])n1,[*:1][N+](=O)[O-],[*:1]N=[N+]=[N-],81.2969,-20.6108,-12.2052,0.0048,-0.325384,-3.46054,110.334,
264276210,cand_006,cand_007,[*:1]n1nnnc1/[N+]([O-])=N/c1nnnn1N=[N+]=[N-],[*:1]N=[N+]=[N-],[*:1][N+](=O)[O-],-80.2533,24.3105,12.2052,-0.0023,0.436292,4.77761,76.371,
264276210,cand_007,cand_006,[*:1]n1nnnc1/[N+]([O-])=N/c1nnnn1N=[N+]=[N-],[*:1][N+](=O)[O-],[*:1]N=[N+]=[N-],80.2533,-24.3105,-12.2052,0.0023,-0.436292,-4.77761,-76.371,
253902666,cand_035,cand_010,[*:1]c1nnn(/N=[N+](\[O-])n2nnnc2[N+](=O)[O-])n1,[*:1]N=[N+]=[N-],[*:1][H],-80.4773,-0.0420782,-4.60033,0.0091,-0.0931361,-0.988435,-2.4904,
253902666,cand_010,cand_035,[*:1]c1nnn(/N=[N+](\[O-])n2nnnc2[N+](=O)[O-])n1,[*:1][H],[*:1]N=[N+]=[N-],80.4773,0.0420782,4.60033,-0.0091,0.0931361,0.988435,2.4904,
256429044,cand_053,cand_052,[*:1]c1nnnn1/[N+]([O-])=N/c1nnnn1N[N+](=O)[O-],[*:1]N=[N+]=[N-],[*:1][H],-82.4245,-18.4728,-4.73992,0.001,-0.0960806,-0.977896,-5.3873,
256429044,cand_052,cand_053,[*:1]c1nnnn1/[N+]([O-])=N/c1nnnn1N[N+](=O)[O-],[*:1][H],[*:1]N=[N+]=[N-],82.4245,18.4728,4.73992,-0.001,0.0960806,0.977896,5.3873,
256429068,cand_046,cand_045,[*:1]c1nnnn1/[N+]([O-])=N/n1nnnc1N[N+](=O)[O-],[*:1]N=[N+]=[N-],[*:1][H],-84.1834,-25.1634,-4.73992,-0.0039,-0.0442166,-0.339061,-0.7549,
256429068,cand_045,cand_046,[*:1]c1nnnn1/[N+]([O-])=N/n1nnnc1N[N+](=O)[O-],[*:1][H],[*:1]N=[N+]=[N-],84.1834,25.1634,4.73992,0.0039,0.0442166,0.339061,0.7549,
256429074,cand_034,cand_018,[*:1]c1nnnn1/[N+]([O-])=N/n1nnnc1[N+](=O)[O-],[*:1]N=[N+]=[N-],[*:1][H],-81.5485,-5.43457,-4.60033,0.0051,-0.0944211,-0.990556,-2.9427,
256429074,cand_018,cand_034,[*:1]c1nnnn1/[N+]([O-])=N/n1nnnc1[N+](=O)[O-],[*:1][H],[*:1]N=[N+]=[N-],81.5485,5.43457,4.60033,-0.0051,0.0944211,0.990556,2.9427,
256503888,cand_036,cand_003,[*:1]c1nnnn1NNc1nnnn1N=[N+]=[N-],[*:1]N=[N+]=[N-],[*:1][H],-84.1677,-79.6811,-10.097,0.0156,-0.191494,-2.06488,-99.7296,
256503888,cand_003,cand_036,[*:1]c1nnnn1NNc1nnnn1N=[N+]=[N-],[*:1][H],[*:1]N=[N+]=[N-],84.1677,79.6811,10.097,-0.0156,0.191494,2.06488,99.7296,
256503918,cand_044,cand_020,[*:1]c1nnnn1NNn1cnnn1,[*:1]N=[N+]=[N-],[*:1][H],-76.6752,-85.3915,-15.023,0.0355,-0.233981,-2.48919,-58.2714,
256503918,cand_020,cand_044,[*:1]c1nnnn1NNn1cnnn1,[*:1][H],[*:1]N=[N+]=[N-],76.6752,85.3915,15.023,-0.0355,0.233981,2.48919,58.2714,
256437702,cand_062,cand_003,[*:1]c1nnnn1N=[N+]=[N-],[*:1]NNc1nnn(N)n1,[*:1]NNn1cnnn1,2.91119,117.947,0.749374,0.0395,0.0312691,0.18462,-44.9685,
256437702,cand_003,cand_062,[*:1]c1nnnn1N=[N+]=[N-],[*:1]NNn1cnnn1,[*:1]NNc1nnn(N)n1,-2.91119,-117.947,-0.749374,-0.0395,-0.0312691,-0.18462,44.9685,
256437690,cand_059,cand_003,[*:1]c1nnnn1N=[N+]=[N-],[*:1]NNc1nnnn1N,[*:1]NNn1cnnn1,-0.157328,104.258,0.749374,0.0272,-0.0605625,-0.758595,38.8686,
256437690,cand_003,cand_059,[*:1]c1nnnn1N=[N+]=[N-],[*:1]NNn1cnnn1,[*:1]NNc1nnnn1N,0.157328,-104.258,-0.749374,-0.0272,0.0605625,0.758595,-38.8686,
254647182,cand_013,cand_042,[*:1]c1nnn(N=[N+]=[N-])n1,[*:1]NNn1cnnn1,[*:1]NNn1ncnn1,-3.80459,-18.1925,0,-0.0156,-0.183617,-1.90478,-17.7129,
254647182,cand_042,cand_013,[*:1]c1nnn(N=[N+]=[N-])n1,[*:1]NNn1ncnn1,[*:1]NNn1cnnn1,3.80459,18.1925,0,0.0156,0.183617,1.90478,17.7129,
256437672,cand_003,cand_012,[*:1]c1nnnn1N=[N+]=[N-],[*:1]NNn1cnnn1,[*:1]NNn1ncnn1,-3.47264,-16.6052,0,-0.0143,-0.0487204,-0.454248,77.5928,
256437672,cand_012,cand_003,[*:1]c1nnnn1N=[N+]=[N-],[*:1]NNn1ncnn1,[*:1]NNn1cnnn1,3.47264,16.6052,0,0.0143,0.0487204,0.454248,-77.5928,
256438542,cand_062,cand_012,[*:1]c1nnnn1N=[N+]=[N-],[*:1]NNc1nnn(N)n1,[*:1]NNn1ncnn1,-0.561444,101.342,0.749374,0.0252,-0.0174514,-0.269628,32.6243,
256438542,cand_012,cand_062,[*:1]c1nnnn1N=[N+]=[N-],[*:1]NNn1ncnn1,[*:1]NNc1nnn(N)n1,0.561444,-101.342,-0.749374,-0.0252,0.0174514,0.269628,-32.6243,
256438530,cand_059,cand_012,[*:1]c1nnnn1N=[N+]=[N-],[*:1]NNc1nnnn1N,[*:1]NNn1ncnn1,-3.62997,87.6524,0.749374,0.0129,-0.109283,-1.21284,116.461,
256438530,cand_012,cand_059,[*:1]c1nnnn1N=[N+]=[N-],[*:1]NNn1ncnn1,[*:1]NNc1nnnn1N,3.62997,-87.6524,-0.749374,-0.0129,0.109283,1.21284,-116.461,
256441026,cand_062,cand_059,[*:1]c1nnnn1N=[N+]=[N-],[*:1]NNc1nnn(N)n1,[*:1]NNc1nnnn1N,3.06852,13.6896,0,0.0123,0.0918315,0.943215,-83.8371,
256441026,cand_059,cand_062,[*:1]c1nnnn1N=[N+]=[N-],[*:1]NNc1nnnn1N,[*:1]NNc1nnn(N)n1,-3.06852,-13.6896,0,-0.0123,-0.0918315,-0.943215,83.8371,
254710698,cand_029,cand_022,[*:1]c1nnn(N=[N+]=[N-])n1.[*:2]c1nnnn1N=[N+]=[N-],[*:1]/N=[N+](\[*:2])[O-],[*:1]NN[*:2],-21.8273,-173.652,-13.8092,0.0147,-0.187086,-1.9679,-26.9005,
254710698,cand_022,cand_029,[*:1]c1nnn(N=[N+]=[N-])n1.[*:2]c1nnnn1N=[N+]=[N-],[*:1]NN[*:2],[*:1]/N=[N+](\[*:2])[O-],21.8273,173.652,13.8092,-0.0147,0.187086,1.9679,26.9005,
256497738,cand_006,cand_005,[*:1]c1nnnn1N=[N+]=[N-].[*:2]c1nnnn1N=[N+]=[N-],[*:1]/N=[N+](\[*:2])[O-],[*:1]NN[*:2],-23.0014,-177.62,-13.8092,0.0125,-0.213471,-2.24465,72.5803,
256497738,cand_005,cand_006,[*:1]c1nnnn1N=[N+]=[N-].[*:2]c1nnnn1N=[N+]=[N-],[*:1]NN[*:2],[*:1]/N=[N+](\[*:2])[O-],23.0014,177.62,13.8092,-0.0125,0.213471,2.24465,-72.5803,
256497924,cand_051,cand_003,[*:1]c1nnnn1N=[N+]=[N-].[*:2]n1cnnn1,[*:1]/N=[N+](\[*:2])[O-],[*:1]NN[*:2],-19.2476,-222.961,-16.9805,0.0398,-0.146768,-1.68592,58.233,
256497924,cand_003,cand_051,[*:1]c1nnnn1N=[N+]=[N-].[*:2]n1cnnn1,[*:1]NN[*:2],[*:1]/N=[N+](\[*:2])[O-],19.2476,222.961,16.9805,-0.0398,0.146768,1.68592,-58.233,
256498074,cand_054,cand_012,[*:1]c1nnnn1N=[N+]=[N-].[*:2]n1ncnn1,[*:1]/N=[N+](\[*:2])[O-],[*:1]NN[*:2],-22.1272,-236.909,-16.9805,0.0275,-0.176272,-1.93536,-79.9022,
256498074,cand_012,cand_054,[*:1]c1nnnn1N=[N+]=[N-].[*:2]n1ncnn1,[*:1]NN[*:2],[*:1]/N=[N+](\[*:2])[O-],22.1272,236.909,16.9805,-0.0275,0.176272,1.93536,79.9022,
256498110,cand_001,cand_050,[*:1]c1nnnn1N=[N+]=[N-].[*:2]n1nnnc1[N+](=O)[O-],[*:1]/N=[N+](\[*:2])[O-],[*:1]NN[*:2],-23.9382,-134.447,-12.9203,-0.0281,-0.318505,-3.14112,-12.503,
256498110,cand_050,cand_001,[*:1]c1nnnn1N=[N+]=[N-].[*:2]n1nnnc1[N+](=O)[O-],[*:1]NN[*:2],[*:1]/N=[N+](\[*:2])[O-],23.9382,134.447,12.9203,0.0281,0.318505,3.14112,12.503,
256431192,cand_060,cand_059,[*:1]c1nnnn1N.[*:2]c1nnnn1N=[N+]=[N-],[*:1]/N=N\[*:2],[*:1]NN[*:2],-36.4055,-177.189,-6.81352,-0.0075,-0.04203,-0.433303,-43.0665,
256431192,cand_059,cand_060,[*:1]c1nnnn1N.[*:2]c1nnnn1N=[N+]=[N-],[*:1]NN[*:2],[*:1]/N=N\[*:2],36.4055,177.189,6.81352,0.0075,0.04203,0.433303,43.0665,
256437678,cand_051,cand_003,[*:1]c1nnnn1N=[N+]=[N-],[*:1]/N=[N+](/[O-])n1cnnn1,[*:1]NNn1cnnn1,-19.2476,-222.961,-16.9805,0.0398,-0.146768,-1.68592,58.233,
256437678,cand_003,cand_051,[*:1]c1nnnn1N=[N+]=[N-],[*:1]NNn1cnnn1,[*:1]/N=[N+](/[O-])n1cnnn1,19.2476,222.961,16.9805,-0.0398,0.146768,1.68592,-58.233,
256437684,cand_054,cand_003,[*:1]c1nnnn1N=[N+]=[N-],[*:1]/N=[N+](/[O-])n1ncnn1,[*:1]NNn1cnnn1,-18.6546,-220.303,-16.9805,0.0418,-0.127551,-1.48112,-157.495,
256437684,cand_003,cand_054,[*:1]c1nnnn1N=[N+]=[N-],[*:1]NNn1cnnn1,[*:1]/N=[N+](/[O-])n1ncnn1,18.6546,220.303,16.9805,-0.0418,0.127551,1.48112,157.495,
256437696,cand_060,cand_003,[*:1]c1nnnn1N=[N+]=[N-],[*:1]/N=N\c1nnnn1N,[*:1]NNn1cnnn1,-36.5628,-72.931,-6.06414,0.0197,-0.102592,-1.1919,-4.1979,
256437696,cand_003,cand_060,[*:1]c1nnnn1N=[N+]=[N-],[*:1]NNn1cnnn1,[*:1]/N=N\c1nnnn1N,36.5628,72.931,6.06414,-0.0197,0.102592,1.1919,4.1979,
256438518,cand_051,cand_012,[*:1]c1nnnn1N=[N+]=[N-],[*:1]/N=[N+](/[O-])n1cnnn1,[*:1]NNn1ncnn1,-22.7202,-239.566,-16.9805,0.0255,-0.195489,-2.14016,135.826,
256438518,cand_012,cand_051,[*:1]c1nnnn1N=[N+]=[N-],[*:1]NNn1ncnn1,[*:1]/N=[N+](/[O-])n1cnnn1,22.7202,239.566,16.9805,-0.0255,0.195489,2.14016,-135.826,
256438524,cand_054,cand_012,[*:1]c1nnnn1N=[N+]=[N-],[*:1]/N=[N+](/[O-])n1ncnn1,[*:1]NNn1ncnn1,-22.1272,-236.909,-16.9805,0.0275,-0.176272,-1.93536,-79.9022,
256438524,cand_012,cand_054,[*:1]c1nnnn1N=[N+]=[N-],[*:1]NNn1ncnn1,[*:1]/N=[N+](/[O-])n1ncnn1,22.1272,236.909,16.9805,-0.0275,0.176272,1.93536,79.9022,
256438536,cand_060,cand_012,[*:1]c1nnnn1N=[N+]=[N-],[*:1]/N=N\c1nnnn1N,[*:1]NNn1ncnn1,-40.0354,-89.5362,-6.06414,0.0054,-0.151313,-1.64615,73.3949,
256438536,cand_012,cand_060,[*:1]c1nnnn1N=[N+]=[N-],[*:1]NNn1ncnn1,[*:1]/N=N\c1nnnn1N,40.0354,89.5362,6.06414,-0.0054,0.151313,1.64615,-73.3949,
256439358,cand_051,cand_054,[*:1]c1nnnn1N=[N+]=[N-],[*:1]/N=[N+](/[O-])n1cnnn1,[*:1]/N=[N+](/[O-])n1ncnn1,-0.592997,-2.65775,0,-0.002,-0.0192168,-0.204798,215.728,
256439358,cand_054,cand_051,[*:1]c1nnnn1N=[N+]=[N-],[*:1]/N=[N+](/[O-])n1ncnn1,[*:1]/N=[N+](/[O-])n1cnnn1,0.592997,2.65775,0,0.002,0.0192168,0.204798,-215.728,
256503996,cand_052,cand_055,[*:1]c1nnnn1N[N+](=O)[O-],[*:1]/N=[N+](/[O-])n1cnnn1,[*:1]/N=[N+](/[O-])n1ncnn1,-0.751129,-3.1023,0,-0.0023,0.0161135,0.201118,3.8875,
256503996,cand_055,cand_052,[*:1]c1nnnn1N[N+](=O)[O-],[*:1]/N=[N+](/[O-])n1ncnn1,[*:1]/N=[N+](/[O-])n1cnnn1,0.751129,3.1023,0,0.0023,-0.0161135,-0.201118,-3.8875,
264166980,cand_047,cand_049,[*:1]n1nnc([N+](=O)[O-])n1,[*:1]/N=[N+](/[O-])n1cnnn1,[*:1]/N=[N+](/[O-])n1ncnn1,-1.29142,-5.68655,0,-0.004,0.00117996,0.0393973,30.6396,
264166980,cand_049,cand_047,[*:1]n1nnc([N+](=O)[O-])n1,[*:1]/N=[N+](/[O-])n1ncnn1,[*:1]/N=[N+](/[O-])n1cnnn1,1.29142,5.68655,0,0.004,-0.00117996,-0.0393973,-30.6396,
256439364,cand_051,cand_059,[*:1]c1nnnn1N=[N+]=[N-],[*:1]/N=[N+](/[O-])n1cnnn1,[*:1]NNc1nnnn1N,-19.0903,-327.219,-17.7299,0.0126,-0.0862057,-0.92732,19.3644,
256439364,cand_059,cand_051,[*:1]c1nnnn1N=[N+]=[N-],[*:1]NNc1nnnn1N,[*:1]/N=[N+](/[O-])n1cnnn1,19.0903,327.219,17.7299,-0.0126,0.0862057,0.92732,-19.3644,
256439370,cand_060,cand_051,[*:1]c1nnnn1N=[N+]=[N-],[*:1]/N=N\c1nnnn1N,[*:1]/N=[N+](/[O-])n1cnnn1,-17.3152,150.03,10.9163,-0.0201,0.0441758,0.494017,-62.4309,
256439370,cand_051,cand_060,[*:1]c1nnnn1N=[N+]=[N-],[*:1]/N=[N+](/[O-])n1cnnn1,[*:1]/N=N\c1nnnn1N,17.3152,-150.03,-10.9163,0.0201,-0.0441758,-0.494017,62.4309,
256439376,cand_051,cand_062,[*:1]c1nnnn1N=[N+]=[N-],[*:1]/N=[N+](/[O-])n1cnnn1,[*:1]NNc1nnn(N)n1,-22.1588,-340.908,-17.7299,0.0003,-0.178037,-1.87053,103.202,
256439376,cand_062,cand_051,[*:1]c1nnnn1N=[N+]=[N-],[*:1]NNc1nnn(N)n1,[*:1]/N=[N+](/[O-])n1cnnn1,22.1588,340.908,17.7299,-0.0003,0.178037,1.87053,-103.202,
256440192,cand_054,cand_059,[*:1]c1nnnn1N=[N+]=[N-],[*:1]/N=[N+](/[O-])n1ncnn1,[*:1]NNc1nnnn1N,-18.4973,-324.561,-17.7299,0.0146,-0.0669889,-0.722522,-196.364,
256440192,cand_059,cand_054,[*:1]c1nnnn1N=[N+]=[N-],[*:1]NNc1nnnn1N,[*:1]/N=[N+](/[O-])n1ncnn1,18.4973,324.561,17.7299,-0.0146,0.0669889,0.722522,196.364,
256440198,cand_060,cand_054,[*:1]c1nnnn1N=[N+]=[N-],[*:1]/N=N\c1nnnn1N,[*:1]/N=[N+](/[O-])n1ncnn1,-17.9082,147.372,10.9163,-0.0221,0.024959,0.289218,153.297,
256440198,cand_054,cand_060,[*:1]c1nnnn1N=[N+]=[N-],[*:1]/N=[N+](/[O-])n1ncnn1,[*:1]/N=N\c1nnnn1N,17.9082,-147.372,-10.9163,0.0221,-0.024959,-0.289218,-153.297,
256440204,cand_054,cand_062,[*:1]c1nnnn1N=[N+]=[N-],[*:1]/N=[N+](/[O-])n1ncnn1,[*:1]NNc1nnn(N)n1,-21.5658,-338.251,-17.7299,0.0023,-0.15882,-1.66574,-112.526,
256440204,cand_062,cand_054,[*:1]c1nnnn1N=[N+]=[N-],[*:1]NNc1nnn(N)n1,[*:1]/N=[N+](/[O-])n1ncnn1,21.5658,338.251,17.7299,-0.0023,0.15882,1.66574,112.526,
256441020,cand_060,cand_059,[*:1]c1nnnn1N=[N+]=[N-],[*:1]/N=N\c1nnnn1N,[*:1]NNc1nnnn1N,-36.4055,-177.189,-6.81352,-0.0075,-0.04203,-0.433303,-43.0665,
256441020,cand_059,cand_060,[*:1]c1nnnn1N=[N+]=[N-],[*:1]NNc1nnnn1N,[*:1]/N=N\c1nnnn1N,36.4055,177.189,6.81352,0.0075,0.04203,0.433303,43.0665,
256441842,cand_060,cand_062,[*:1]c1nnnn1N=[N+]=[N-],[*:1]/N=N\c1nnnn1N,[*:1]NNc1nnn(N)n1,-39.474,-190.878,-6.81352,-0.0198,-0.133861,-1.37652,40.7706,
256441842,cand_062,cand_060,[*:1]c1nnnn1N=[N+]=[N-],[*:1]NNc1nnn(N)n1,[*:1]/N=N\c1nnnn1N,39.474,190.878,6.81352,0.0198,0.133861,1.37652,-40.7706,
256829706,cand_041,cand_009,[*:1]c1nnnn1N[N+](=O)[O-].[*:2]c1nnnn1N[N+](=O)[O-],[*:1]/N=N\[*:2],[*:1]/N=[N+](\[*:2])[O-],-9.2638,32.5512,5.59186,0.0201,0.234955,2.4828,0.0696,
256829706,cand_009,cand_041,[*:1]c1nnnn1N[N+](=O)[O-].[*:2]c1nnnn1N[N+](=O)[O-],[*:1]/N=[N+](\[*:2])[O-],[*:1]/N=N\[*:2],9.2638,-32.5512,-5.59186,-0.0201,-0.234955,-2.4828,-0.0696,
264351000,cand_045,cand_048,[*:1]n1nnnc1N[N+](=O)[O-],[*:1]/N=[N+](/[O-])n1cnnn1,[*:1]/[N+]([O-])=N\n1ncnn1,0.381526,1.57577,0,0.0012,-0.038438,-0.448663,-0.1637,
264351000,cand_048,cand_045,[*:1]n1nnnc1N[N+](=O)[O-],[*:1]/[N+]([O-])=N\n1ncnn1,[*:1]/N=[N+](/[O-])n1cnnn1,-0.381526,-1.57577,0,-0.0012,0.038438,0.448663,0.1637,
264656592,cand_018,cand_010,[*:1]n1nnnc1[N+](=O)[O-],[*:1]/N=[N+](/[O-])n1cnnn1,[*:1]/[N+]([O-])=N\n1ncnn1,2.07455,9.13494,0,0.0066,-0.0674136,-0.817512,0.9574,
264656592,cand_010,cand_018,[*:1]n1nnnc1[N+](=O)[O-],[*:1]/[N+]([O-])=N\n1ncnn1,[*:1]/N=[N+](/[O-])n1cnnn1,-2.07455,-9.13494,0,-0.0066,0.0674136,0.817512,-0.9574,
