candidate_id,candidate_frag,chemotype,n_pairs,n_distinct_neighbor_frags,n_Hf,mean_d_Hf,median_d_Hf,std_d_Hf,frac_pos_d_Hf,n_Q,mean_d_Q,median_d_Q,std_d_Q,frac_pos_d_Q,n_OBgood,mean_d_OBgood,median_d_OBgood,std_d_OBgood,frac_pos_d_OBgood,n_Pe,mean_d_Pe,median_d_Pe,std_d_Pe,frac_pos_d_Pe,n_D,mean_d_D,median_d_D,std_d_D,frac_pos_d_D,n_P,mean_d_P,median_d_P,std_d_P,frac_pos_d_P,n_IS,mean_d_IS,median_d_IS,std_d_IS,frac_pos_d_IS,n_nu,mean_d_nu,median_d_nu,std_d_nu,frac_pos_d_nu
cand_001,[*:1]/N=[N+](/[O-])n1nnnc1[*:2],azoxy,917,917,917,-71.3196,-74.6476,48.6196,0.0992366,917,-306.999,-307.321,110.606,0,917,-34.0518,-33.555,14.8978,0,917,-0.226402,-0.2286,0.0673545,0,917,-0.983145,-0.962785,0.393689,0.00218103,917,-8.50519,-8.37735,3.46788,0.00218103,917,103.242,94.0588,90.0321,0.834242,0,,,,
cand_001,[*:2]n1nnnc1/N=[N+](/[*:1])[O-],azoxy,384,384,384,-71.0514,-70.3776,45.8347,0.0598958,384,-295.536,-284.042,100.019,0,384,-33.4863,-32.8472,15.4127,0.00260417,384,-0.229118,-0.2221,0.0682465,0,384,-1.01398,-0.989664,0.418614,0,384,-8.8099,-8.566,3.65854,0,384,48.7991,13.7128,82.2961,0.578125,0,,,,
cand_001,[*:1]n1nnnc1/N=[N+](/[*:2])[O-],azoxy,141,141,141,-87.6196,-94.9576,49.7574,0.0496454,141,-276.033,-279.808,114.921,0,141,-30.5398,-27.6274,16.1358,0.0070922,141,-0.240823,-0.2519,0.0831893,0,141,-1.00165,-0.868573,0.471191,0,141,-8.65011,-7.43069,4.03922,0,141,16.6851,-13.2395,64.9923,0.390071,0,,,,
cand_001,[*:1]n1nnnc1[N+](=O)[O-],nitro,8,8,8,7.78167,0.03129,29.2609,0.5,8,-49.3383,-59.4896,26.8383,0,8,-7.24924,-2.50897,8.27581,0,8,-0.0101125,-0.0086,0.00757202,0,8,-0.135016,-0.0284096,0.227302,0.25,8,-1.26852,-0.250924,2.36463,0.25,8,39.751,-3.0662,87.999,0.5,0,,,,
cand_001,[*:1]c1nnnn1[*:2],azole_ring,5,4,5,0.870126,2.09822,5.2164,0.6,5,-45.1338,-59.3323,26.0532,0,5,-1.50538,-2.50897,1.37422,0,5,-0.00874,-0.0118,0.00502623,0,5,-0.0290228,-0.0271737,0.062064,0.2,5,-0.240211,-0.222704,0.747442,0.2,5,-17.9646,-16.7843,5.64144,0,0,,,,
cand_001,[*:1]c1nnnn1N=[N+]=[N-],azide,3,3,3,-33.3934,-8.26806,46.5808,0,3,-54.7385,-30.8383,53.0987,0,3,-2.4163,0,4.18515,0,3,-0.0215,-0.022,0.00856096,0,3,-0.143183,-0.126382,0.0343117,0,3,-1.48067,-1.34695,0.481795,0,3,-22.9627,-24.6229,5.53823,0,0,,,,
cand_001,[*:2]c1nnnn1[*:1],azole_ring,2,2,2,-5.15185,-5.15185,4.40699,0,2,-19.2154,-19.2154,16.4372,0,2,0,0,0,0,2,-0.0137,-0.0137,0.011738,0,2,-0.024576,-0.024576,0.22356,0.5,2,-0.18552,-0.18552,2.58756,0.5,2,46.432,46.432,104.529,0.5,0,,,,
cand_001,[*:1][N+](=O)[O-],nitro,2,2,2,-2.7699,-2.7699,11.9616,0.5,2,-65.992,-65.992,8.97311,0,2,-10.8199,-10.8199,11.7535,0,2,-0.01155,-0.01155,0.0115258,0,2,-0.230343,-0.230343,0.287325,0,2,-2.26134,-2.26134,2.88307,0,2,-4.7435,-4.7435,14.4865,0.5,0,,,,
cand_001,[*:1]N=[N+]=[N-],azide,1,1,1,-87.1423,-87.1423,0,0,1,-115.587,-115.587,0,0,1,-7.24889,-7.24889,0,0,1,-0.0298,-0.0298,0,0,1,-0.126382,-0.126382,0,0,1,-1.07986,-1.07986,0,0,1,-24.6229,-24.6229,0,0,0,,,,
cand_001,[*:1]/N=[N+](\[*:2])[O-],azoxy,1,1,1,-23.9382,-23.9382,0,0,1,-134.447,-134.447,0,0,1,-12.9203,-12.9203,0,0,1,-0.0281,-0.0281,0,0,1,-0.318505,-0.318505,0,0,1,-3.14112,-3.14112,0,0,1,-12.503,-12.503,0,0,0,,,,
cand_002,[*:1]/N=[N+](/[O-])n1nnnc1N[*:2],azoxy,1141,1141,1141,-72.9464,-75.8584,48.965,0.0981595,1141,-220.59,-221.681,95.1701,0.00613497,1141,-28.0604,-27.0636,13.7031,0,1141,-0.212531,-0.2089,0.0661588,0.00175285,1141,-0.928385,-0.888637,0.411982,0,1141,-8.49254,-8.14936,3.80588,0,1141,38.0968,14.7102,53.1801,0.90447,0,,,,
cand_002,[*:2]Nc1nnnn1/N=[N+](/[*:1])[O-],azoxy,616,616,616,-58.902,-64.2684,42.9347,0.13961,616,-219.539,-218.774,88.3171,0.00649351,616,-29.5793,-28.2204,13.5641,0,616,-0.196844,-0.1952,0.0558923,0,616,-0.92941,-0.895603,0.395577,0,616,-8.57036,-8.28364,3.68541,0,616,42.6393,18.6761,55.4871,0.931818,0,,,,
cand_002,[*:1]/N=[N+](/[O-])n1nnnc1[*:2],azoxy,606,606,606,-66.92,-69.7934,48.0659,0.10231,606,-232.484,-233.664,89.5578,0.00330033,606,-28.2155,-27.0636,13.858,0,606,-0.203953,-0.19755,0.0640256,0.00330033,606,-0.919446,-0.871643,0.418834,0,606,-8.4412,-8.12138,3.88513,0,606,33.3167,13.4292,46.4013,0.894389,0,,,,
cand_002,[*:1]Nc1nnnn1/N=[N+](/[*:2])[O-],azoxy,525,525,525,-89.4252,-98.4784,50.484,0.0495238,525,-221.824,-226.957,102.701,0.00571429,525,-26.2782,-23.245,13.6633,0,525,-0.230938,-0.2311,0.0722997,0.00380952,525,-0.927182,-0.85365,0.430812,0,525,-8.40124,-7.6546,3.94413,0,525,32.767,11.3346,49.8654,0.872381,0,,,,
cand_002,[*:2]c1nnnn1/N=[N+](/[*:1])[O-],azoxy,414,414,414,-64.6555,-67.6134,45.6405,0.101449,414,-243.324,-243.67,80.4433,0,414,-29.7911,-29.6147,13.3386,0,414,-0.205467,-0.2001,0.0569242,0,414,-0.953556,-0.923431,0.393513,0,414,-8.77419,-8.6238,3.67906,0,414,34.8672,15.3115,46.1512,0.905797,0,,,,
cand_002,[*:1]c1nnnn1/N=[N+](/[*:2])[O-],azoxy,192,192,192,-71.8029,-77.9534,52.7144,0.104167,192,-209.109,-201.95,103,0.0104167,192,-24.8181,-21.9952,14.374,0,192,-0.20069,-0.1903,0.0772157,0.0104167,192,-0.845897,-0.757343,0.461365,0,192,-7.72319,-7.10165,4.21723,0,192,29.9734,9.08185,46.8822,0.869792,0,,,,
cand_002,[*:1]n1nnnc1N[N+](=O)[O-],nitramine,4,4,4,28.3005,30.022,47.4953,0.5,4,-5.69435,-9.37259,23.4775,0.25,4,-7.54249,-8.47667,5.50243,0,4,-0.0134,-0.0155,0.0107972,0.25,4,-0.333361,-0.302995,0.13925,0,4,-3.6991,-3.35157,1.44469,0,4,6.01072,5.4016,8.36349,0.5,0,,,,
cand_002,[*:1]N[N+](=O)[O-],nitramine,2,2,2,22.4521,22.4521,59.5267,0.5,2,-16.5918,-16.5918,17.7932,0,2,-10.8466,-10.8466,3.35164,0,2,-0.02195,-0.02195,0.00275772,0,2,-0.506338,-0.506338,0.0312654,0,2,-5.57568,-5.57568,0.239752,0,2,-0.65305,-0.65305,0.533795,0,0,,,,
cand_002,[*:1]c1nnnn1[*:2],azole_ring,1,1,1,-5.2146,-5.2146,0,0,1,-17.2595,-17.2595,0,0,1,0,0,0,0,1,-0.0128,-0.0128,0,0,1,-0.199006,-0.199006,0,0,1,-2.34804,-2.34804,0,0,1,-1.3053,-1.3053,0,0,0,,,,
cand_002,[*:1]Nc1nnnn1[*:2],azole_ring,1,1,1,-5.2146,-5.2146,0,0,1,-17.2595,-17.2595,0,0,1,0,0,0,0,1,-0.0128,-0.0128,0,0,1,-0.199006,-0.199006,0,0,1,-2.34804,-2.34804,0,0,1,-1.3053,-1.3053,0,0,0,,,,
cand_003,[*:1]n1cnnn1,azole_ring,263,263,263,-44.2298,-53.222,47.6308,0.197719,263,-207.817,-174.85,149.291,0.0532319,263,-21.2139,-21.7555,19.8604,0.125475,263,-0.234729,-0.2344,0.0751015,0,263,-0.797955,-0.735224,0.43352,0.0228137,263,-6.22088,-5.86188,3.62452,0.0304183,263,79.6538,83.9762,83.5011,0.802281,0,,,,
cand_003,[*:1]NNc1nnnn1[*:2],hydrazo,158,158,158,-80.5883,-79.002,48.644,0.0253165,158,-267.89,-261.419,162.411,0.0379747,158,-30.5936,-27.7225,19.6217,0.0126582,158,-0.341135,-0.3279,0.109005,0,158,-1.17715,-1.08221,0.463408,0.0126582,158,-8.98252,-8.34359,3.48035,0.0189873,158,81.8262,101.216,84.6152,0.78481,0,,,,
cand_003,[*:1]NNn1cnnn1,hydrazo,141,141,141,-79.3305,-89.662,53.1562,0.106383,141,-266.35,-304.501,183.128,0.0992908,141,-31.2094,-30.5953,22.7598,0.0638298,141,-0.314252,-0.3319,0.117126,0,141,-1.10777,-1.12876,0.518205,0.035461,141,-8.46644,-8.59032,4.06885,0.035461,141,92.1287,119.185,84.126,0.829787,0,,,,
cand_003,[*:1]Nn1cnnn1,azole_ring,117,117,117,-59.8388,-66.722,44.8172,0.102564,117,-291.394,-317.183,166.804,0.0598291,117,-30.4819,-26.0335,22.2864,0.0854701,117,-0.244407,-0.263,0.0912771,0,117,-0.960897,-0.912344,0.512979,0.0512821,117,-7.59542,-7.49923,4.17047,0.0512821,117,98.0394,127.282,80.592,0.871795,0,,,,
cand_003,[*:1]Nc1nnnn1[*:2],azole_ring,77,77,77,-55.506,-62.872,42.2219,0.12987,77,-252.177,-255.837,152.251,0.0519481,77,-29.5622,-26.0335,17.366,0.012987,77,-0.24504,-0.2461,0.0776996,0,77,-0.960764,-0.876268,0.371558,0.012987,77,-7.6483,-6.98443,3.00624,0.025974,77,57.6126,67.5107,90.8759,0.701299,0,,,,
cand_003,[*:2]c1nnnn1[*:1],azole_ring,74,74,74,-49.3929,-54.897,40.7685,0.162162,74,-200.894,-167.813,138.741,0.027027,74,-22.3742,-22.3928,16.8824,0.0675676,74,-0.245301,-0.2405,0.0642252,0,74,-0.854651,-0.806136,0.362905,0,74,-6.70659,-6.70274,3.08864,0.0135135,74,37.47,27.0419,88.3502,0.581081,0,,,,
cand_003,[*:1]c1nnnn1[*:2],azole_ring,68,68,68,-39.624,-47.882,40.8503,0.205882,68,-185.259,-162.18,142.622,0.0588235,68,-22.5401,-22.0742,17.6091,0.0588235,68,-0.223399,-0.2243,0.0622719,0,68,-0.807747,-0.760124,0.360062,0.0147059,68,-6.38684,-5.98911,3.00257,0.0147059,68,79.2756,86.1454,85.1599,0.794118,0,,,,
cand_003,[*:1][H],other,3,3,3,24.941,6.53734,52.5024,0.666667,3,23.629,79.6811,172.23,0.666667,3,4.80813,10.097,21.5205,0.666667,3,-0.0481,-0.0482,0.0324501,0,3,-0.0673993,0.191494,0.510493,0.666667,3,-0.37915,2.06488,4.92405,0.666667,3,63.0142,99.7296,125.004,0.666667,0,,,,
cand_003,[*:1]N=[N+]=[N-],azide,1,1,1,-114.712,-114.712,0,0,1,-300.237,-300.237,0,0,1,-15.023,-15.023,0,0,1,-0.1614,-0.1614,0,0,1,-0.611573,-0.611573,0,0,1,-5.3152,-5.3152,0,0,1,-77.3367,-77.3367,0,0,0,,,,
cand_003,[*:1]NN[*:2],hydrazo,1,1,1,19.2476,19.2476,0,1,1,222.961,222.961,0,1,1,16.9805,16.9805,0,1,1,-0.0398,-0.0398,0,0,1,0.146768,0.146768,0,1,1,1.68592,1.68592,0,1,1,-58.233,-58.233,0,0,0,,,,
cand_004,[*:1]/N=[N+](\[O-])n1nnnc1N[*:2],azoxy,1178,1178,1178,-64.4311,-70.7959,48.4197,0.11545,1178,-187.28,-188.133,96.6928,0.0280136,1178,-27.3643,-26.1346,14.1744,0,1178,-0.189357,-0.1861,0.0628609,0.00339559,1178,-0.814357,-0.748923,0.41329,0.00254669,1178,-7.27666,-6.76438,3.78311,0.00764007,1178,25.4502,10.0775,39.7749,0.957555,0,,,,
cand_004,[*:2]Nn1nnnc1/N=[N+](\[*:1])[O-],azoxy,617,617,617,-54.1391,-59.2609,42.9654,0.150729,617,-203.735,-202.913,88.6869,0.00810373,617,-29.5314,-28.2204,13.6053,0,617,-0.185025,-0.1836,0.0564063,0.00162075,617,-0.825895,-0.792023,0.397023,0.00324149,617,-7.37636,-7.05869,3.69855,0.00324149,617,43.7476,19.8535,55.4686,0.980551,0,,,,
cand_004,[*:1]/N=[N+](\[O-])n1nnnc1[*:2],azoxy,609,609,609,-59.1066,-64.8509,47.997,0.129721,609,-202.312,-203.043,89.4022,0.00985222,609,-27.6421,-26.6533,13.8433,0,609,-0.181842,-0.1771,0.0627834,0.00656814,609,-0.808968,-0.758378,0.409808,0.00656814,609,-7.25975,-6.83682,3.75883,0.00985222,609,19.8011,7.8773,30.8547,0.957307,0,,,,
cand_004,[*:1]Nn1nnnc1/N=[N+](\[*:2])[O-],azoxy,525,525,525,-84.7491,-93.8109,50.4995,0.0609524,525,-206.346,-211.509,102.763,0.0304762,525,-26.2782,-23.245,13.6633,0,525,-0.219416,-0.2196,0.0723681,0.00571429,525,-0.824979,-0.751641,0.431208,0.00952381,525,-7.21888,-6.47449,3.94859,0.0133333,525,33.9466,12.512,49.8639,0.96,0,,,,
cand_004,[*:2]n1nnnc1/N=[N+](\[*:1])[O-],azoxy,415,415,415,-59.8323,-62.7509,45.6958,0.110843,415,-227.289,-228.179,81.229,0.00240964,415,-29.7193,-29.6147,13.4025,0,415,-0.193472,-0.1883,0.0577431,0.00240964,415,-0.849249,-0.820397,0.395815,0.00240964,415,-7.57293,-7.40217,3.69977,0.00240964,415,35.9606,16.4307,46.1273,0.978313,0,,,,
cand_004,[*:1]n1nnnc1/N=[N+](\[*:2])[O-],azoxy,192,192,192,-67.1112,-73.2859,52.7467,0.125,192,-193.58,-186.501,103.158,0.0208333,192,-24.8181,-21.9952,14.374,0,192,-0.18913,-0.1788,0.0773676,0.015625,192,-0.743357,-0.655335,0.462284,0.03125,192,-6.53694,-5.92154,4.22766,0.0416667,192,31.1569,10.2593,46.8782,0.963542,0,,,,
cand_004,[*:1]N[N+](=O)[O-],nitramine,3,2,3,43.848,68.2518,50.4581,0.666667,3,12.7386,8.04952,25.8277,0.666667,3,-10.0566,-8.47667,2.7366,0,3,-0.00273333,-0.01,0.0134616,0.333333,3,-0.290824,-0.292925,0.0992482,0,3,-3.14193,-3.16967,1.01979,0,3,7.11717,5.5082,7.92422,1,0,,,,
cand_004,[*:1]c1nnnn1[*:2],azole_ring,2,1,2,-0.270456,-0.270456,0.340774,0,2,-0.895168,-0.895168,1.12791,0,2,0,0,0,0,2,-0.0007,-0.0007,0.000848528,0,2,-0.0434636,-0.0434636,0.0574403,0,2,-0.523543,-0.523543,0.691886,0,2,0.3643,0.3643,0.627487,0.5,0,,,,
cand_004,[*:1]c1nnnn1N[N+](=O)[O-],nitramine,2,2,2,-7.31005,-7.31005,10.2963,0,2,-6.12351,-6.12351,8.5219,0,2,-6.6083,-6.6083,9.34555,0,2,-0.00565,-0.00565,0.00784889,0,2,-0.233861,-0.233861,0.326703,0,2,-2.52404,-2.52404,3.52101,0,2,0.3956,0.3956,0.583222,0.5,0,,,,
cand_004,[*:1]n1nnnc1N[N+](=O)[O-],nitramine,2,2,2,33.8702,33.8702,48.6229,0.5,2,3.1784,3.1784,6.8888,0.5,2,-4.23834,-4.23834,5.99391,0,2,-0.00615,-0.00615,0.00685894,0,2,-0.188502,-0.188502,0.147676,0,2,-2.09123,-2.09123,1.52515,0,2,2.7144,2.7144,3.95103,0.5,0,,,,
cand_004,[*:1]/N=[N+](\[*:2])[O-],azoxy,2,2,2,-5.90092,-5.90092,19.7707,0.5,2,-41.2793,-41.2793,96.1944,0.5,2,-5.55285,-5.55285,7.85292,0,2,-0.0009,-0.0009,0.0292742,0.5,2,-0.112591,-0.112591,0.183357,0.5,2,-1.17114,-1.17114,1.7691,0.5,2,0.58735,0.58735,0.321663,1,0,,,,
cand_004,[*:1]Nn1nnnc1[*:2],azole_ring,1,1,1,-0.029493,-0.029493,0,0,1,-0.0976169,-0.0976169,0,0,1,0,0,0,0,1,-0.0001,-0.0001,0,0,1,-0.00284713,-0.00284713,0,0,1,-0.0343058,-0.0343058,0,0,1,0.808,0.808,0,1,0,,,,
cand_004,[*:1]Nc1nnnn1[*:2],azole_ring,1,1,1,-0.51142,-0.51142,0,0,1,-1.69272,-1.69272,0,0,1,0,0,0,0,1,-0.0013,-0.0013,0,0,1,-0.08408,-0.08408,0,0,1,-1.01278,-1.01278,0,0,1,-0.0794,-0.0794,0,0,0,,,,
cand_005,[*:1]NNc1nnnn1[*:2],hydrazo,547,547,547,-44.8676,-51.0139,50.3943,0.171846,547,-132.792,-124.446,129.136,0.149909,547,-18.3145,-16.8449,16.1617,0.122486,547,-0.221362,-0.2192,0.0667412,0,547,-0.676152,-0.648391,0.372013,0.0255941,547,-5.20824,-5.01117,3.19751,0.0402194,547,35.1345,50.3817,81.0588,0.674589,0,,,,
cand_005,[*:1]c1nnnn1N=[N+]=[N-],azide,263,263,263,-130.248,-138.914,47.028,0,263,-293.918,-260.624,148.74,0.0114068,263,-31.3493,-31.8525,19.8094,0.0152091,263,-0.223988,-0.2237,0.0752261,0.00380228,263,-0.862221,-0.799247,0.433052,0.0152091,263,-6.831,-6.46968,3.62035,0.0190114,263,26.6322,31.1554,83.6294,0.631179,0,,,,
cand_005,[*:1]Nc1nnnn1[*:2],azole_ring,172,172,172,-37.7068,-48.5389,46.74,0.19186,172,-172.264,-155.378,110.418,0.0348837,172,-19.8655,-20.6149,14.3004,0.0290698,172,-0.183073,-0.1884,0.0524912,0,172,-0.619512,-0.590318,0.306977,0.0116279,172,-4.90615,-4.74785,2.73092,0.0116279,172,24.9489,30.0206,85.4124,0.604651,0,,,,
cand_005,[*:1]Nc1nnnn1N=[N+]=[N-],azide,117,117,117,-146.263,-152.414,43.0852,0,117,-377.902,-402.958,165.314,0.025641,117,-40.6652,-36.1305,22.147,0.017094,117,-0.233615,-0.2523,0.0915183,0.00854701,117,-1.02547,-0.976366,0.51191,0.034188,117,-8.20841,-8.10703,4.16053,0.042735,117,44.7671,74.461,80.9945,0.709402,0,,,,
cand_005,[*:1]c1nnnn1[*:2],azole_ring,97,97,97,-30.6897,-41.8439,48.9679,0.247423,97,-151.693,-139.7,115.066,0.103093,97,-18.1999,-20.6149,15.3506,0.103093,97,-0.173243,-0.1721,0.0529659,0,97,-0.57068,-0.540387,0.332954,0.0515464,97,-4.48744,-4.37473,2.99516,0.0721649,97,31.3984,59.176,85.4765,0.649485,0,,,,
cand_005,[*:2]c1nnnn1[*:1],azole_ring,92,92,92,-39.3771,-48.5389,44.2959,0.163043,92,-163.997,-144.776,115.885,0.0108696,92,-17.2615,-12.5818,15.2875,0.0652174,92,-0.188308,-0.18715,0.047591,0,92,-0.577426,-0.533149,0.328347,0.0217391,92,-4.48352,-4.16411,2.94433,0.0652174,92,12.2071,11.1787,86.468,0.521739,0,,,,
cand_005,[*:1]N=[N+]=[N-],azide,1,1,1,-85.5346,-85.5346,0,0,1,-190.032,-190.032,0,0,1,-10.8464,-10.8464,0,0,1,-0.0165,-0.0165,0,0,1,-0.00346025,-0.00346025,0,0,1,0.150794,0.150794,0,1,1,-91.6894,-91.6894,0,0,0,,,,
cand_005,[*:1]NN[*:2],hydrazo,1,1,1,23.0014,23.0014,0,1,1,177.62,177.62,0,1,1,13.8092,13.8092,0,1,1,-0.0125,-0.0125,0,0,1,0.213471,0.213471,0,1,1,2.24465,2.24465,0,1,1,-72.5803,-72.5803,0,0,0,,,,
cand_006,[*:1]/N=[N+](/[O-])c1nnnn1[*:2],azoxy,546,546,546,-68.0353,-74.1153,50.3091,0.10989,546,-311.306,-302.066,128.002,0.0018315,546,-32.2079,-30.6541,16.078,0.00732601,546,-0.209222,-0.207,0.0662741,0.00549451,546,-0.891643,-0.862739,0.369564,0.003663,546,-7.47066,-7.25582,3.17623,0.00549451,546,108.045,123.337,80.8836,0.847985,0,,,,
cand_006,[*:2]n1nnnc1/N=[N+](/[*:1])[O-],azoxy,409,409,409,-60.2598,-66.3353,48.2041,0.132029,409,-309.769,-302.066,125.092,0.00244499,409,-32.4959,-30.8945,15.296,0.00733496,409,-0.197494,-0.1984,0.061941,0.00733496,409,-0.874494,-0.85285,0.344509,0.00244499,409,-7.38174,-7.21868,2.98865,0.00488998,409,106.997,119.489,80.2652,0.843521,0,,,,
cand_006,[*:1]n1nnnc1/N=[N+](/[*:2])[O-],azoxy,137,137,137,-91.2483,-98.0453,49.4682,0.0437956,137,-315.894,-302.713,136.699,0,137,-31.3479,-26.6021,18.2485,0.00729927,137,-0.244235,-0.2535,0.0666534,0,137,-0.942841,-0.885956,0.433279,0.00729927,137,-7.73612,-7.54076,3.67929,0.00729927,137,111.174,132.074,82.9221,0.861314,0,,,,
cand_006,[*:1]c1nnnn1N=[N+]=[N-],azide,9,9,9,-71.6813,-78.2177,26.3846,0,9,-13.3942,-27.4292,29.676,0.333333,9,5.76142,9.6962,8.10968,0.666667,9,-0.00693333,-0.0087,0.00758353,0.111111,9,0.183534,0.275613,0.216623,0.777778,9,2.02081,2.91074,2.23739,0.777778,9,9.87081,-43.9735,101.955,0.333333,0,,,,
cand_006,[*:1]N=[N+]=[N-],azide,2,2,2,-76.3468,-76.3468,5.52455,0,2,-1.55935,-1.55935,36.5855,0.5,2,10.9507,10.9507,1.77413,1,2,-0.00115,-0.00115,0.00162635,0,2,0.396831,0.396831,0.0558063,1,2,4.33298,4.33298,0.628795,1,2,2.9384,2.9384,103.849,0.5,0,,,,
cand_006,[*:1]c1nnnn1[*:2],azole_ring,1,1,1,-3.42557,-3.42557,0,0,1,-12.9693,-12.9693,0,0,1,0,0,0,0,1,-0.0094,-0.0094,0,0,1,0.00685105,0.00685105,0,1,1,0.134503,0.134503,0,1,1,166.592,166.592,0,1,0,,,,
cand_006,[*:1]/N=[N+](\[*:2])[O-],azoxy,1,1,1,-23.0014,-23.0014,0,0,1,-177.62,-177.62,0,0,1,-13.8092,-13.8092,0,0,1,0.0125,0.0125,0,1,1,-0.213471,-0.213471,0,0,1,-2.24465,-2.24465,0,0,1,72.5803,72.5803,0,1,0,,,,
cand_007,[*:1]/N=[N+](/[O-])c1nnnn1[*:2],azoxy,917,917,917,-69.2817,-72.612,48.6227,0.104689,917,-299.398,-299.729,110.628,0.00109051,917,-34.0518,-33.555,14.8978,0,917,-0.220996,-0.2232,0.067374,0.00327154,917,-1.1168,-1.09629,0.3933,0,917,-10.1511,-10.0215,3.46305,0,917,-17.2334,-26.2857,90.0948,0.416576,0,,,,
cand_007,[*:2]n1nnnc1/N=[N+](/[*:1])[O-],azoxy,405,405,405,-66.6056,-73.572,47.1763,0.111111,405,-287.65,-283.306,99.2029,0.00246914,405,-33.4879,-32.8472,14.568,0.00246914,405,-0.225577,-0.2283,0.0561253,0,405,-1.14162,-1.14302,0.388805,0,405,-10.3978,-10.3753,3.44787,0,405,-40.5296,-71.8394,91.5263,0.333333,0,,,,
cand_007,[*:1]n1nnnc1/N=[N+](/[*:2])[O-],azoxy,139,139,139,-89.4734,-98.412,51.9974,0.0647482,139,-282.26,-285.013,111.728,0,139,-30.1311,-27.6274,16.1217,0.0143885,139,-0.249187,-0.2501,0.0745266,0,139,-1.10821,-0.99827,0.463106,0,139,-9.9413,-9.10689,4.00781,0,139,-66.1987,-86.0646,78.248,0.179856,0,,,,
cand_007,[*:1]c1nnnn1[N+](=O)[O-],nitro,8,8,8,10.0718,3.08475,29.172,0.625,8,-40.7966,-51.8971,28.6017,0.125,8,-7.24924,-2.50897,8.27581,0,8,-0.0040375,-0.0022,0.00826143,0.5,8,-0.285209,-0.161914,0.208929,0,8,-3.1182,-1.89509,2.13568,0,8,-95.6369,-126.161,82.359,0.125,0,,,,
cand_007,[*:2]c1nnnn1[*:1],azole_ring,4,4,4,4.31572,5.92885,4.79875,0.75,4,-44.3771,-51.8971,24.3617,0,4,-1.88173,-2.50897,1.25449,0,4,-0.00235,-0.0022,0.00521057,0.5,4,-0.139656,-0.158276,0.0406022,0,4,-1.60769,-1.8091,0.484283,0,4,-138.604,-137.787,6.46925,0,0,,,,
cand_007,[*:1]c1nnnn1[*:2],azole_ring,2,2,2,-1.21674,-1.21674,4.59956,0.5,2,-4.53822,-4.53822,17.1555,0.5,2,0,0,0,0,2,-0.00325,-0.00325,0.0122329,0.5,2,-0.118781,-0.118781,0.0208229,0,2,-1.41336,-1.41336,0.326393,0,2,-70.229,-70.229,70.8747,0,0,,,,
cand_007,[*:1][N+](=O)[O-],nitro,2,2,2,44.0331,44.0331,51.2231,1,2,-38.0251,-38.0251,19.3954,0,2,-7.35708,-7.35708,6.85627,0,2,0.0023,0.0023,0,1,2,-0.257607,-0.257607,0.252699,0,2,-2.83343,-2.83343,2.74949,0,2,-111.618,-111.618,49.8468,0,0,,,,
cand_007,[*:1]c1nnnn1N=[N+]=[N-],azide,1,1,1,-4.46912,-4.46912,0,0,1,-16.669,-16.669,0,0,1,0,0,0,0,1,-0.0119,-0.0119,0,0,1,-0.104057,-0.104057,0,0,1,-1.18257,-1.18257,0,0,1,-20.113,-20.113,0,0,0,,,,
cand_008,[*:1]/N=[N+](/[O-])c1nnnn1N[*:2],azoxy,917,917,917,-77.1031,-80.4249,48.6099,0.0752454,917,-247.602,-247.989,110.768,0.0109051,917,-31.5401,-31.046,14.9038,0.00436205,917,-0.223298,-0.2255,0.0673658,0.00109051,917,-1.03779,-1.01737,0.393536,0.00109051,917,-9.26093,-9.13227,3.46577,0.00109051,917,129.792,120.58,89.9946,0.990185,0,,,,
cand_008,[*:1]/N=[N+](/[O-])c1nnnn1[*:2],azoxy,643,643,643,-61.4941,-66.1049,50.3161,0.125972,643,-243.251,-236.293,105.528,0.00155521,643,-29.002,-28.8856,15.2104,0.00466563,643,-0.20223,-0.1988,0.0615416,0,643,-0.947214,-0.908743,0.403656,0,643,-8.50387,-8.29383,3.62908,0,643,107.322,82.3585,88.3838,0.968896,0,,,,
cand_008,[*:2]n1nnnc1/N=[N+](/[*:1])[O-],azoxy,431,431,431,-62.9633,-66.8449,46.619,0.104408,431,-253.191,-240.332,104.647,0.00232019,431,-29.0909,-28.1055,14.1719,0.00696056,431,-0.20084,-0.1946,0.0567605,0,431,-0.963384,-0.942989,0.371042,0,431,-8.70337,-8.44572,3.30516,0,431,72.2826,40.6359,78.4233,0.930394,0,,,,
cand_008,[*:1]n1nnnc1/N=[N+](/[*:2])[O-],azoxy,187,187,187,-72.418,-80.9949,52.6341,0.0909091,187,-233.422,-226.455,112.382,0,187,-25.641,-22.3674,15.2652,0.0160428,187,-0.217686,-0.2179,0.0737833,0,187,-0.924496,-0.87048,0.438195,0,187,-8.22932,-7.84774,3.84461,0,187,56.5086,25.4794,65.6065,0.877005,0,,,,
cand_008,[*:1]c1nnnn1N[N+](=O)[O-],nitramine,8,8,8,1.28221,-6.79512,29.3884,0.125,8,17.4105,13.5572,31.4788,0.5,8,-4.42664,0,8.52488,0.375,8,-0.006625,-0.0055,0.00804661,0.125,8,-0.196422,-0.0829928,0.221544,0.125,8,-2.1178,-1.00584,2.28611,0.125,8,69.5867,29.2707,85.613,1,0,,,,
cand_008,[*:1]Nn1nnnc1[*:2],azole_ring,5,5,5,-5.51583,-5.7773,3.88278,0,5,28.1044,42.7592,32.5781,0.6,5,1.50538,2.50897,1.37422,0.6,5,-0.00356,-0.0023,0.00546516,0.2,5,-0.0437198,-0.076952,0.0695541,0.2,5,-0.547891,-0.862096,0.810552,0.2,5,41.286,14.8883,59.4739,1,0,,,,
cand_008,[*:1]c1nnnn1N=[N+]=[N-],azide,3,3,3,-51.4853,-72.522,40.6709,0,3,-26.8912,-24.2493,12.1658,0,3,5.65111,8.47667,4.89401,0.666667,3,-0.00836667,-0.0119,0.0066463,0,3,-0.0534131,-0.034575,0.0818453,0.333333,3,-0.764659,-0.60554,0.79862,0,3,0.278067,-4.5278,8.37767,0.333333,0,,,,
cand_008,[*:1]c1nnnn1[*:2],azole_ring,2,2,2,-2.34688,-2.34688,3.19298,0,2,-8.28906,-8.28906,11.2774,0,2,0,0,0,0,2,-0.0061,-0.0061,0.00820244,0,2,-0.112396,-0.112396,0.0433302,0,2,-1.30424,-1.30424,0.461908,0,2,10.7427,10.7427,1.11864,1,0,,,,
cand_008,[*:1]N[N+](=O)[O-],nitramine,2,2,2,32.3137,32.3137,56.7477,0.5,2,39.5845,39.5845,17.1901,1,2,-3.59361,-3.59361,8.63036,0.5,2,-0.00115,-0.00115,0.00162635,0,2,-0.139224,-0.139224,0.308505,0.5,2,-1.49956,-1.49956,3.37828,0.5,2,108.68,108.68,54.0023,1,0,,,,
cand_008,[*:2]c1nnnn1[*:1],azole_ring,1,1,1,-3.67909,-3.67909,0,0,1,-12.9943,-12.9943,0,0,1,0,0,0,0,1,-0.0096,-0.0096,0,0,1,-0.076952,-0.076952,0,0,1,-0.862096,-0.862096,0,0,1,14.8883,14.8883,0,1,0,,,,
cand_008,[*:1]N=[N+]=[N-],azide,1,1,1,-72.522,-72.522,0,0,1,-24.2493,-24.2493,0,0,1,8.47667,8.47667,0,1,1,-0.0007,-0.0007,0,0,1,0.0173708,0.0173708,0,1,1,-0.0575769,-0.0575769,0,0,1,-4.5897,-4.5897,0,0,0,,,,
cand_008,[*:1]/N=[N+](\[*:2])[O-],azoxy,1,1,1,9.32509,9.32509,0,1,1,-33.1845,-33.1845,0,0,1,-6.49731,-6.49731,0,0,1,-0.021,-0.021,0,0,1,-0.357142,-0.357142,0,0,1,-3.86067,-3.86067,0,0,1,25.3195,25.3195,0,1,0,,,,
cand_009,[*:1]/N=[N+](/[O-])c1nnnn1N[*:2],azoxy,1177,1177,1177,-69.5264,-75.9729,48.3919,0.104503,1177,-204.123,-204.788,96.5221,0.0127443,1177,-27.3875,-26.4752,14.158,0,1177,-0.201939,-0.1985,0.0625786,0.000849618,1177,-0.72348,-0.657966,0.413072,0.0101954,1177,-6.09231,-5.57803,3.78234,0.0220901,1177,25.8735,10.4785,39.7844,0.993203,0,,,,
cand_009,[*:2]Nn1nnnc1/N=[N+](/[*:1])[O-],azoxy,668,668,668,-57.8619,-64.7929,44.2029,0.139222,668,-206.291,-205.81,90.1784,0.0134731,668,-28.1735,-26.6533,12.9319,0,668,-0.18897,-0.18905,0.0553253,0.00149701,668,-0.71921,-0.686392,0.370326,0.00748503,668,-6.12876,-5.77293,3.42336,0.0164671,668,29.1063,13.1832,40.3998,0.997006,0,,,,
cand_009,[*:1]/N=[N+](/[O-])c1nnnn1[*:2],azoxy,608,608,608,-64.2524,-69.9179,47.9552,0.115132,608,-219.354,-219.796,88.9675,0.00164474,608,-27.6876,-26.6533,13.8091,0,608,-0.194582,-0.18955,0.0622759,0.00164474,608,-0.718584,-0.668477,0.40939,0.0164474,608,-6.07928,-5.65768,3.75732,0.0296053,608,20.2359,8.3502,30.8687,0.993421,0,,,,
cand_009,[*:1]Nn1nnnc1/N=[N+](/[*:2])[O-],azoxy,509,509,509,-84.8346,-95.8129,49.4162,0.0589391,509,-201.278,-204.643,104.286,0.0117878,509,-26.356,-22.9922,15.5748,0,509,-0.21896,-0.2185,0.0673437,0,509,-0.729085,-0.628756,0.46355,0.0137525,509,-6.04448,-5.257,4.21029,0.0294695,509,21.6309,7.1516,38.5921,0.988212,0,,,,
cand_009,[*:2]n1nnnc1/N=[N+](/[*:1])[O-],azoxy,435,435,435,-60.784,-65.1429,44.8421,0.121839,435,-219.739,-220.171,85.6203,0.00229885,435,-27.7123,-26.6533,13.1682,0,435,-0.188508,-0.1873,0.0581396,0.00229885,435,-0.709106,-0.673566,0.38494,0.0183908,435,-6.02633,-5.70417,3.56014,0.0321839,435,23.2034,10.1114,34.0727,0.990805,0,,,,
cand_009,[*:1]n1nnnc1/N=[N+](/[*:2])[O-],azoxy,173,173,173,-72.9737,-84.8129,54.1763,0.0982659,173,-218.387,-216.235,97.1313,0,173,-27.6253,-23.6574,15.3434,0,173,-0.209856,-0.2089,0.0694958,0,173,-0.742415,-0.635734,0.465596,0.0115607,173,-6.2124,-5.22302,4.22081,0.0231214,173,12.7744,6.1764,18.8448,1,0,,,,
cand_009,[*:1]c1nnnn1N[N+](=O)[O-],nitramine,5,5,5,19.2943,-4.80735,46.9069,0.4,5,-8.18704,-15.9115,23.5263,0.4,5,-8.67731,-8.47667,5.39876,0,5,-0.01388,-0.0118,0.0101704,0.2,5,-0.161758,-0.160406,0.128152,0,5,-1.55614,-1.57329,1.32602,0.2,5,4.82486,4.4094,5.82753,1,0,,,,
cand_009,[*:1]c1nnnn1[*:2],azole_ring,1,1,1,-4.80735,-4.80735,0,0,1,-15.9115,-15.9115,0,0,1,0,0,0,0,1,-0.0118,-0.0118,0,0,1,-0.0519458,-0.0519458,0,0,1,-0.547963,-0.547963,0,0,1,0.0619,0.0619,0,1,0,,,,
cand_009,[*:1]Nn1nnnc1[*:2],azole_ring,1,1,1,-4.80735,-4.80735,0,0,1,-15.9115,-15.9115,0,0,1,0,0,0,0,1,-0.0118,-0.0118,0,0,1,-0.0519458,-0.0519458,0,0,1,-0.547963,-0.547963,0,0,1,0.0619,0.0619,0,1,0,,,,
cand_009,[*:1]N[N+](=O)[O-],nitramine,1,1,1,72.522,72.522,0,1,1,24.2493,24.2493,0,1,1,-8.47667,-8.47667,0,0,1,0.0007,0.0007,0,1,1,-0.0173708,-0.0173708,0,0,1,0.0575769,0.0575769,0,1,1,4.5897,4.5897,0,1,0,,,,
cand_009,[*:1]/N=[N+](\[*:2])[O-],azoxy,1,1,1,9.2638,9.2638,0,1,1,-32.5512,-32.5512,0,0,1,-5.59186,-5.59186,0,0,1,-0.0201,-0.0201,0,0,1,-0.234955,-0.234955,0,0,1,-2.4828,-2.4828,0,0,1,-0.0696,-0.0696,0,0,0,,,,
cand_010,[*:1]/N=[N+](\[O-])n1nnnc1[*:2],azoxy,238,238,238,-109.033,-115.172,39.9321,0.00420168,238,-460.837,-470.817,145.068,0,238,-48.2627,-46.5391,18.5153,0,238,-0.33791,-0.34365,0.0922061,0,238,-1.29856,-1.24912,0.479085,0.00420168,238,-10.1761,-9.70528,3.793,0.00420168,238,115.069,97.5362,90.0238,0.995798,0,,,,
cand_010,[*:1]/[N+]([O-])=N\n1ncnn1,azoxy,147,147,147,-109.634,-117.072,49.6481,0.0136054,147,-440.555,-451.805,148.415,0,147,-44.9659,-42.2628,20.2417,0,147,-0.32312,-0.3358,0.107884,0,147,-1.22947,-1.19507,0.522238,0.0136054,147,-9.64012,-9.2292,4.17043,0.0204082,147,48.7997,20.0807,65.6939,0.918367,0,,,,
cand_010,[*:1]c1nnnn1[*:2],azole_ring,1,1,1,2.37808,2.37808,0,1,1,-81.5056,-81.5056,0,0,1,-2.64856,-2.64856,0,0,1,-0.0145,-0.0145,0,0,1,-0.0257138,-0.0257138,0,0,1,-0.124287,-0.124287,0,0,1,-0.7548,-0.7548,0,0,0,,,,
cand_010,[*:1]n1ncnn1,azole_ring,1,1,1,-25.0708,-25.0708,0,0,1,-30.1782,-30.1782,0,0,1,7.2772,7.2772,0,1,1,-0.0234,-0.0234,0,0,1,0.375079,0.375079,0,1,1,4.3456,4.3456,0,1,1,3.3539,3.3539,0,1,0,,,,
cand_010,[*:1][N+](=O)[O-],nitro,1,1,1,2.37808,2.37808,0,1,1,-81.5056,-81.5056,0,0,1,-2.64856,-2.64856,0,0,1,-0.0145,-0.0145,0,0,1,-0.0257138,-0.0257138,0,0,1,-0.124287,-0.124287,0,0,1,-0.7548,-0.7548,0,0,0,,,,
cand_010,[*:1][H],other,1,1,1,80.4773,80.4773,0,1,1,0.0420782,0.0420782,0,1,1,4.60033,4.60033,0,1,1,-0.0091,-0.0091,0,0,1,0.0931361,0.0931361,0,1,1,0.988435,0.988435,0,1,1,2.4904,2.4904,0,1,0,,,,
cand_010,[*:1]/N=[N+](\[*:2])[O-],azoxy,1,1,1,-23.9122,-23.9122,0,0,1,-162.222,-162.222,0,0,1,-15.7082,-15.7082,0,0,1,-0.0378,-0.0378,0,0,1,-0.271818,-0.271818,0,0,1,-2.35294,-2.35294,0,0,1,5.7057,5.7057,0,1,0,,,,
cand_011,[*:1]/N=[N+](/[O-])n1nnnc1N[*:2],azoxy,917,917,917,-77.014,-80.3358,48.6101,0.0763359,917,-247.287,-247.674,110.769,0.0119956,917,-31.5401,-31.046,14.9038,0.00436205,917,-0.222998,-0.2252,0.0673668,0.00218103,917,-0.955941,-0.935611,0.393762,0.00436205,917,-8.28224,-8.15465,3.46847,0.00545256,917,118.246,109.046,90.012,0.930207,0,,,,
cand_011,[*:1]/N=[N+](/[O-])n1nnnc1[*:2],azoxy,643,643,643,-61.4049,-66.0158,50.3163,0.127527,643,-242.936,-235.978,105.529,0.00311042,643,-29.002,-28.8856,15.2104,0.00466563,643,-0.20193,-0.1985,0.0615431,0.00155521,643,-0.86533,-0.826986,0.403942,0.00622084,643,-7.52472,-7.31621,3.63245,0.00933126,643,95.77,70.8248,88.4044,0.875583,0,,,,
cand_011,[*:2]n1nnnc1/N=[N+](/[*:1])[O-],azoxy,453,453,453,-64.7255,-68.6458,48.3582,0.147903,453,-278.779,-268.853,93.9605,0,453,-31.0921,-31.0076,13.5211,0.00220751,453,-0.218445,-0.2175,0.0615793,0,453,-0.941604,-0.921894,0.368393,0,453,-8.18971,-7.93528,3.27756,0.00220751,453,88.5326,57.0843,90.8452,0.801325,0,,,,
cand_011,[*:1]n1nnnc1/N=[N+](/[*:2])[O-],azoxy,196,196,196,-75.1807,-77.4108,50.7142,0.0765306,196,-238.379,-236.204,100.7,0,196,-24.8489,-22.3674,14.2254,0.00510204,196,-0.221934,-0.2215,0.0702557,0,196,-0.820514,-0.786486,0.427408,0.00510204,196,-7.00702,-6.68711,3.82509,0.0153061,196,70.8665,32.6821,88.9598,0.744898,0,,,,
cand_011,[*:1]n1nnnc1N[N+](=O)[O-],nitramine,8,8,8,1.38245,-6.70602,29.3879,0.25,8,17.7646,14.0293,31.4536,0.625,8,-4.42664,0,8.52488,0.375,8,-0.0062875,-0.0052,0.00808092,0.375,8,-0.104446,0.00116655,0.229338,0.5,8,-1.01798,0.0295426,2.37996,0.5,8,56.6113,17.737,86.8188,0.75,0,,,,
cand_011,[*:1]Nc1nnnn1[*:2],azole_ring,5,5,5,-5.4089,-5.6882,3.91399,0.2,5,28.4821,43.0739,32.5097,0.8,5,1.50538,2.50897,1.37422,0.6,5,-0.0032,-0.002,0.00551135,0.4,5,0.0543885,0.0271737,0.0679687,0.8,5,0.625256,0.222704,0.798804,0.8,5,27.4457,3.3546,61.1176,0.6,0,,,,
cand_011,[*:1]c1nnnn1N=[N+]=[N-],azide,3,3,3,-52.7828,-72.7975,39.269,0,3,-31.3897,-26.627,9.56478,0,3,5.65111,8.47667,4.89401,0.666667,3,-0.0116333,-0.0141,0.00934737,0,3,0.121736,0.093545,0.15861,0.666667,3,1.36782,0.940625,1.74687,0.666667,3,-11.0355,-14.545,7.23848,0,0,,,,
cand_011,[*:1]c1nnnn1[*:2],azole_ring,2,1,2,-5.56444,-5.56444,2.79231,0,2,-19.6533,-19.6533,9.8623,0,2,0,0,0,0,2,-0.0144,-0.0144,0.00721249,0,2,-0.00804211,-0.00804211,0.0181684,0.5,2,-0.005147,-0.005147,0.170657,0.5,2,0.32165,0.32165,4.28924,0.5,0,,,,
cand_011,[*:1]N[N+](=O)[O-],nitramine,2,2,2,-11.3022,-11.3022,7.93939,0,2,23.4785,23.4785,51.1499,0.5,2,-7.05647,-7.05647,13.5276,0.5,2,-0.00645,-0.00645,0.01393,0.5,2,-0.189583,-0.189583,0.30654,0.5,2,-1.92729,-1.92729,3.04055,0.5,2,17.737,17.737,3.88909,1,0,,,,
cand_011,[*:2]c1nnnn1[*:1],azole_ring,1,1,1,0.089106,0.089106,0,1,1,0.314718,0.314718,0,1,1,0,0,0,0,1,0.0003,0.0003,0,1,1,0.0817569,0.0817569,0,1,1,0.977623,0.977623,0,1,1,-11.5337,-11.5337,0,0,0,,,,
cand_011,[*:1]N=[N+]=[N-],azide,1,1,1,-77.4649,-77.4649,0,0,1,-40.5897,-40.5897,0,0,1,8.47667,8.47667,0,1,1,-0.0128,-0.0128,0,0,1,0.190542,0.190542,0,1,1,2.10855,2.10855,0,1,1,-15.7224,-15.7224,0,0,0,,,,
cand_012,[*:1]n1ncnn1,azole_ring,263,263,263,-40.7439,-49.7494,47.6426,0.21673,263,-191.149,-158.245,149.375,0.0874525,263,-21.2139,-21.7555,19.8604,0.125475,263,-0.220374,-0.2201,0.0752667,0.00760456,263,-0.749049,-0.686504,0.433852,0.0342205,263,-5.76491,-5.40763,3.62739,0.0380228,263,1.76597,6.3834,83.6454,0.51711,0,,,,
cand_012,[*:1]NNc1nnnn1[*:2],hydrazo,162,162,162,-81.5638,-83.4644,42.89,0.0308642,162,-265.887,-272.744,165.668,0.0740741,162,-30.3333,-28.3398,18.9714,0.037037,162,-0.32928,-0.3274,0.0995216,0,162,-1.14457,-1.10336,0.425547,0.00617284,162,-8.70771,-8.43056,3.23713,0.00617284,162,-23.9391,-37.0217,90.4052,0.432099,0,,,,
cand_012,[*:1]NNn1ncnn1,hydrazo,141,141,141,-75.8331,-86.1894,53.1922,0.120567,141,-249.627,-287.896,183.295,0.113475,141,-31.2094,-30.5953,22.7598,0.0638298,141,-0.299851,-0.3176,0.117393,0.0070922,141,-1.05871,-1.08004,0.518932,0.0496454,141,-8.00898,-8.13607,4.07542,0.0496454,141,13.9856,41.5918,84.4748,0.617021,0,,,,
cand_012,[*:1]Nn1ncnn1,azole_ring,117,117,117,-56.3365,-63.2494,44.8559,0.128205,117,-274.647,-300.578,167.047,0.0854701,117,-30.4819,-26.0335,22.2864,0.0854701,117,-0.229985,-0.2487,0.0915969,0.017094,117,-0.91176,-0.863623,0.513745,0.0683761,117,-7.13729,-7.04498,4.17738,0.0683761,117,19.7834,49.689,81.0795,0.606838,0,,,,
cand_012,[*:1]Nc1nnnn1[*:2],azole_ring,86,86,86,-55.9354,-66.8444,42.9168,0.127907,86,-268.663,-308.308,145.703,0.0465116,86,-30.6965,-30.7647,16.5602,0.0116279,86,-0.243591,-0.2466,0.0717461,0,86,-0.992422,-0.965078,0.346863,0,86,-7.90404,-7.5179,2.77448,0,86,-34.6657,-44.8387,85.688,0.372093,0,,,,
cand_012,[*:2]c1nnnn1[*:1],azole_ring,81,81,81,-46.9751,-56.9494,40.4201,0.160494,81,-212.053,-189.88,136.257,0.0493827,81,-23.0774,-23.3571,15.8452,0.0864198,81,-0.240032,-0.2407,0.0558236,0,81,-0.860184,-0.815302,0.331322,0,81,-6.75958,-6.61829,2.78587,0,81,-69.516,-84.7852,75.9305,0.197531,0,,,,
cand_012,[*:1]c1nnnn1[*:2],azole_ring,70,70,70,-40.5462,-49.5044,47.9201,0.228571,70,-207.01,-165.037,141.122,0.0285714,70,-25.2742,-23.6993,16.8188,0.0285714,70,-0.227643,-0.22265,0.0680497,0,70,-0.868724,-0.793518,0.360269,0,70,-6.86004,-6.52585,2.98159,0,70,-18.1666,-1.09495,93.736,0.5,0,,,,
cand_012,[*:1]N=[N+]=[N-],azide,1,1,1,-113.529,-113.529,0,0,1,-297.253,-297.253,0,0,1,-15.023,-15.023,0,0,1,-0.1598,-0.1598,0,0,1,-0.488571,-0.488571,0,0,1,-4.03496,-4.03496,0,0,1,-102.279,-102.279,0,0,0,,,,
cand_012,[*:1]NN[*:2],hydrazo,1,1,1,22.1272,22.1272,0,1,1,236.909,236.909,0,1,1,16.9805,16.9805,0,1,1,-0.0275,-0.0275,0,0,1,0.176272,0.176272,0,1,1,1.93536,1.93536,0,1,1,79.9022,79.9022,0,1,0,,,,
cand_013,[*:1]n1cnnn1,azole_ring,257,257,257,-45.0798,-53.2167,48.6025,0.194553,257,-202.196,-180.146,150.83,0.0661479,257,-20.9621,-19.418,19.7031,0.128405,257,-0.231103,-0.2312,0.0755201,0,257,-0.822514,-0.773984,0.42061,0.0194553,257,-6.49348,-6.13267,3.51219,0.0233463,257,33.3096,34.8197,82.7069,0.622568,0,,,,
cand_013,[*:1]NNc1nnn([*:2])n1,hydrazo,158,158,158,-76.8797,-75.3167,48.6822,0.0443038,158,-250.156,-243.797,162.59,0.0506329,158,-30.5936,-27.7225,19.6217,0.0126582,158,-0.32594,-0.3128,0.109299,0.00632911,158,-1.17737,-1.08243,0.463405,0.00632911,158,-9.07011,-8.43063,3.47891,0.0126582,158,48.2468,67.8483,84.7784,0.708861,0,,,,
cand_013,[*:1]NNn1cnnn1,hydrazo,145,145,145,-84.1772,-88.8667,47.5924,0.0413793,145,-256.381,-266.421,174.017,0.0965517,145,-29.9879,-27.1051,23.0463,0.062069,145,-0.316997,-0.332,0.110547,0,145,-1.11705,-1.02658,0.541177,0.0206897,145,-8.52811,-8.34427,4.19861,0.0206897,145,57.3498,71.2098,76.1745,0.744828,0,,,,
cand_013,[*:1]Nn1cnnn1,azole_ring,110,110,110,-67.0695,-68.5867,42.0589,0.0454545,110,-297.124,-331.625,159.321,0.0727273,110,-31.3556,-30.5965,20.7883,0.0636364,110,-0.24949,-0.2572,0.0889843,0,110,-1.0102,-0.957648,0.456663,0.0181818,110,-8.05104,-7.87995,3.67808,0.0181818,110,51.4633,60.2968,73.0837,0.727273,0,,,,
cand_013,[*:1]Nc1nnn([*:2])n1,azole_ring,77,77,77,-51.7729,-59.1867,42.2835,0.142857,77,-234.326,-238.215,152.621,0.0649351,77,-29.5622,-26.0335,17.366,0.012987,77,-0.229744,-0.231,0.0783043,0.012987,77,-0.960982,-0.876483,0.371551,0,77,-7.73647,-7.07147,3.0033,0.012987,77,23.8111,34.1425,91.0724,0.623377,0,,,,
cand_013,[*:2]c1nnn([*:1])n1,azole_ring,72,72,72,-46.6181,-52.8717,40.9447,0.166667,72,-185.376,-150.19,139.471,0.0416667,72,-22.7337,-22.3928,16.9023,0.0694444,72,-0.234915,-0.2263,0.0580672,0,72,-0.871759,-0.822196,0.350863,0,72,-6.92408,-6.85062,3.00671,0,72,5.83758,3.33925,88.9391,0.5,0,,,,
cand_013,[*:1]c1nnn([*:2])n1,azole_ring,70,70,70,-35.2286,-41.6617,40.5044,0.214286,70,-165.668,-144.558,141.847,0.0857143,70,-22.1656,-20.5868,17.5644,0.0571429,70,-0.20386,-0.20635,0.0671534,0.0142857,70,-0.791931,-0.752428,0.369319,0,70,-6.35009,-6.03287,3.06772,0.0142857,70,42.4509,48.1972,86.0709,0.671429,0,,,,
cand_013,[*:1][H],other,1,1,1,-5.60667,-5.60667,0,0,1,-128.792,-128.792,0,0,1,-0.749374,-0.749374,0,0,1,-0.05,-0.05,0,0,1,-0.0812189,-0.0812189,0,0,1,-0.66852,-0.66852,0,0,1,51.7037,51.7037,0,1,0,,,,
cand_013,[*:1]N=[N+]=[N-],azide,1,1,1,-113.407,-113.407,0,0,1,-296.771,-296.771,0,0,1,-15.023,-15.023,0,0,1,-0.1595,-0.1595,0,0,1,-0.594399,-0.594399,0,0,1,-5.15232,-5.15232,0,0,1,-87.4632,-87.4632,0,0,0,,,,
cand_014,[*:1]/N=[N+](\[O-])c1nnnn1[*:2],azoxy,621,621,621,-61.809,-64.9501,48.4413,0.128824,621,-238.591,-234.343,96.6227,0,621,-27.795,-26.072,13.8831,0.00483092,621,-0.201845,-0.1973,0.0572956,0,621,-0.876253,-0.818938,0.380351,0.00322061,621,-7.67895,-7.22826,3.42336,0.00644122,621,43.2272,15.7772,67.054,0.657005,0,,,,
cand_014,[*:2]Nn1nnc(/N=[N+](\[*:1])[O-])n1,azoxy,494,494,494,-58.6949,-66.3651,45.7549,0.12753,494,-236.049,-237.291,115.972,0.0242915,494,-32.4775,-30.3382,15.0694,0.00607287,494,-0.194595,-0.1969,0.0622951,0.00809717,494,-0.940199,-0.925535,0.384937,0.0121457,494,-8.27889,-8.13449,3.41659,0.00809717,494,132.894,126.999,88.01,0.979757,0,,,,
cand_014,[*:2]n1nnc(/N=[N+](\[*:1])[O-])n1,azoxy,465,465,465,-55.8157,-62.0901,49.5392,0.152688,465,-242.279,-233.579,105.441,0.00430108,465,-30.5373,-29.3394,15.4366,0.00215054,465,-0.1922,-0.1908,0.0585596,0.00430108,465,-0.892189,-0.876555,0.398056,0.00860215,465,-7.83399,-7.69986,3.57617,0.00645161,465,106.387,83.8095,89.4644,0.931183,0,,,,
cand_014,[*:1]Nn1nnc(/N=[N+](\[*:2])[O-])n1,azoxy,423,423,423,-92.2536,-98.6801,45.565,0.0307329,423,-238.676,-238.034,104.538,0.00236407,423,-30.4454,-31.046,14.6499,0.00236407,423,-0.240326,-0.2406,0.0647734,0,423,-0.967225,-0.948567,0.403812,0,423,-8.30144,-8.22817,3.53207,0,423,113.226,93.0951,91.245,0.943262,0,,,,
cand_014,[*:1]n1nnc(/N=[N+](\[*:2])[O-])n1,azoxy,178,178,178,-65.7461,-70.3651,51.7651,0.106742,178,-208.417,-207.69,102.18,0.00561798,178,-24.9913,-22.2758,13.8607,0.011236,178,-0.200935,-0.19405,0.0686235,0,178,-0.783326,-0.721992,0.40973,0.011236,178,-6.74229,-6.30734,3.66951,0.011236,178,88.1851,62.2207,84.3688,0.893258,0,,,,
cand_014,[*:1]c1nnnn1N=[N+]=[N-],azide,2,2,2,-76.1747,-76.1747,2.14409,0,2,-35.6896,-35.6896,7.09638,0,2,8.47667,8.47667,0,1,2,-0.0093,-0.0093,0.00523259,0,2,0.114209,0.114209,0.108552,1,2,1.16422,1.16422,1.277,1,2,-9.8628,-9.8628,0.732563,0,0,,,,
cand_014,[*:1]N[N+](=O)[O-],nitramine,2,2,2,30.5821,30.5821,58.4883,0.5,2,32.4509,32.4509,10.8338,1,2,-3.59361,-3.59361,8.63036,0.5,2,-0.00605,-0.00605,0.00601041,0,2,-0.135768,-0.135768,0.183455,0,2,-1.43497,-1.43497,1.9068,0,2,124.755,124.755,150.427,1,0,,,,
cand_014,[*:1]c1nnn(N[N+](=O)[O-])n1,nitramine,1,1,1,-10.7754,-10.7754,0,0,1,40.1115,40.1115,0,1,1,2.50897,2.50897,0,1,1,-0.0103,-0.0103,0,0,1,-0.00604553,-0.00604553,0,0,1,-0.0866628,-0.0866628,0,0,1,18.3874,18.3874,0,1,0,,,,
cand_014,[*:1]Nn1nnc([*:2])n1,azole_ring,1,1,1,-10.7754,-10.7754,0,0,1,40.1115,40.1115,0,1,1,2.50897,2.50897,0,1,1,-0.0103,-0.0103,0,0,1,-0.00604553,-0.00604553,0,0,1,-0.0866628,-0.0866628,0,0,1,18.3874,18.3874,0,1,0,,,,
cand_014,[*:1]N=[N+]=[N-],azide,1,1,1,-74.4045,-74.4045,0,0,1,-29.8305,-29.8305,0,0,1,8.47667,8.47667,0,1,1,-0.0049,-0.0049,0,0,1,0.0504541,0.0504541,0,1,1,0.365037,0.365037,0,1,1,-10.4919,-10.4919,0,0,0,,,,
cand_015,[*:1]/N=[N+](/[O-])c1nnnn1N[*:2],azoxy,1196,1196,1196,-67.1914,-71.2106,49.4437,0.102843,1196,-202.298,-206.171,95.7046,0.00752508,1196,-27.648,-26.6533,13.7749,0,1196,-0.198827,-0.19355,0.0613021,0,1196,-0.685602,-0.641263,0.400659,0.0167224,1196,-5.64354,-5.34269,3.68388,0.0401338,1196,28.9226,10.1166,47.5692,1,0,,,,
cand_015,[*:2]Nn1nnc(/N=[N+](/[*:1])[O-])n1,azoxy,669,669,669,-52.9682,-59.9856,44.2264,0.153961,669,-190.071,-189.058,90.4632,0.0224215,669,-28.1314,-26.6533,12.9681,0,669,-0.176887,-0.1772,0.0557646,0.00298954,669,-0.666189,-0.634112,0.371092,0.0179372,669,-5.57164,-5.21342,3.42899,0.0239163,669,29.0009,13.0897,40.3852,0.994021,0,,,,
cand_015,[*:1]/N=[N+](/[O-])c1nnnn1[*:2],azoxy,630,630,630,-60.5314,-67.6806,48.4313,0.125397,630,-212.667,-212.621,89.3266,0,630,-27.8715,-26.6533,13.8393,0,630,-0.189437,-0.18565,0.0588085,0,630,-0.68121,-0.64154,0.403865,0.015873,630,-5.64746,-5.3728,3.74628,0.047619,630,18.6172,7.306,31.1991,0.996825,0,,,,
cand_015,[*:1]Nn1nnc(/N=[N+](/[*:2])[O-])n1,azoxy,509,509,509,-80.018,-91.0056,49.4321,0.0609037,509,-185.335,-188.731,104.344,0.0294695,509,-26.356,-22.9922,15.5748,0,509,-0.207137,-0.2067,0.0674171,0.00196464,509,-0.677037,-0.576811,0.463705,0.0176817,509,-5.49544,-4.70904,4.21176,0.0687623,509,21.5689,7.0897,38.5921,0.976424,0,,,,
cand_015,[*:2]n1nnc(/N=[N+](/[*:1])[O-])n1,azoxy,436,436,436,-55.8373,-60.1956,44.8851,0.130734,436,-203.323,-204.248,86.1669,0.00458716,436,-27.6488,-26.6533,13.2199,0,436,-0.176275,-0.17485,0.0587702,0.00458716,436,-0.655534,-0.620876,0.385994,0.0229358,436,-5.46455,-5.14304,3.56773,0.0458716,436,23.0883,9.9531,34.0517,0.986239,0,,,,
cand_015,[*:1]n1nnc(/N=[N+](/[*:2])[O-])n1,azoxy,173,173,173,-68.1387,-80.0056,54.2128,0.121387,173,-202.384,-200.323,97.3314,0.017341,173,-27.6253,-23.6574,15.3434,0,173,-0.197988,-0.1971,0.0696968,0.00578035,173,-0.690169,-0.583788,0.466061,0.0231214,173,-5.66127,-4.67505,4.22529,0.0578035,173,12.7121,6.1145,18.845,0.988439,0,,,,
cand_015,[*:1]c1nnn(N[N+](=O)[O-])n1,nitramine,3,3,3,51.6205,72.7247,40.6067,1,3,26.6566,23.8974,12.3579,1,3,-5.65111,-8.47667,4.89401,0,3,0.0083,0.0118,0.00667757,1,3,-0.00731307,0.034575,0.0880254,0.666667,3,0.0427277,0.547963,0.925404,0.666667,3,6.31513,4.5278,7.43364,0.666667,0,,,,
cand_015,[*:1]N[N+](=O)[O-],nitramine,2,1,2,73.5646,73.5646,1.1878,1,2,26.864,26.864,4.19534,1,2,-8.47667,-8.47667,0,0,2,0.00275,0.00275,0.00304056,1,2,-0.0794571,-0.0794571,0.0410164,0,2,-0.695179,-0.695179,0.466891,0,2,12.4857,12.4857,2.81966,1,0,,,,
cand_015,[*:1]c1nnn([*:2])n1,azole_ring,1,1,1,4.80735,4.80735,0,1,1,15.9115,15.9115,0,1,1,0,0,0,0,1,0.0118,0.0118,0,1,1,0.0519458,0.0519458,0,1,1,0.547963,0.547963,0,1,1,-0.0619,-0.0619,0,0,0,,,,
cand_015,[*:1]c1nnnn1[*:2],azole_ring,1,1,1,-4.46159,-4.46159,0,0,1,-14.7671,-14.7671,0,0,1,0,0,0,0,1,-0.011,-0.011,0,0,1,0.0509584,0.0509584,0,1,1,0.682426,0.682426,0,1,1,0.3727,0.3727,0,1,0,,,,
cand_015,[*:1]c1nnnn1N[N+](=O)[O-],nitramine,1,1,1,-4.46159,-4.46159,0,0,1,-14.7671,-14.7671,0,0,1,0,0,0,0,1,-0.011,-0.011,0,0,1,0.0509584,0.0509584,0,1,1,0.682426,0.682426,0,1,1,0.3727,0.3727,0,1,0,,,,
cand_015,[*:1]Nn1nnc([*:2])n1,azole_ring,1,1,1,4.80735,4.80735,0,1,1,15.9115,15.9115,0,1,1,0,0,0,0,1,0.0118,0.0118,0,1,1,0.0519458,0.0519458,0,1,1,0.547963,0.547963,0,1,1,-0.0619,-0.0619,0,0,0,,,,
cand_015,[*:1]Nn1nnnc1[*:2],azole_ring,1,1,1,-4.46159,-4.46159,0,0,1,-14.7671,-14.7671,0,0,1,0,0,0,0,1,-0.011,-0.011,0,0,1,0.0509584,0.0509584,0,1,1,0.682426,0.682426,0,1,1,0.3727,0.3727,0,1,0,,,,
cand_015,[*:1]/N=[N+](\[*:2])[O-],azoxy,1,1,1,13.5644,13.5644,0,1,1,-18.4106,-18.4106,0,0,1,-5.59186,-5.59186,0,0,1,-0.0097,-0.0097,0,0,1,-0.0577329,-0.0577329,0,0,1,-0.451323,-0.451323,0,0,1,1.6107,1.6107,0,1,0,,,,
cand_016,[*:1]NNn1nnnc1[*:2],hydrazo,932,932,932,-46.0577,-49.1269,47.2847,0.146996,932,-158.082,-159.563,97.4471,0.055794,932,-22.2661,-20.7553,13.9211,0.0364807,932,-0.193225,-0.18905,0.0676967,0.00107296,932,-0.564122,-0.503196,0.410172,0.0654506,932,-4.35799,-3.82275,3.73647,0.0997854,932,24.3882,6.8665,42.6764,0.975322,0,,,,
cand_016,[*:1]c1nnnn1[*:2],azole_ring,274,274,274,-27.3459,-37.7519,48.1833,0.248175,274,-165.3,-168.079,79.6658,0.0182482,274,-22.981,-23.9314,12.8784,0.0182482,274,-0.149576,-0.148,0.0511243,0.00364964,274,-0.477108,-0.46425,0.382135,0.0583942,274,-3.67496,-3.47545,3.56788,0.135036,274,16.8416,5.7407,27.2671,0.981752,0,,,,
cand_016,[*:1]n1nnnc1[N+](=O)[O-],nitro,265,265,265,-44.7067,-51.8969,46.1281,0.226415,265,-284.634,-264.609,116.097,0,265,-42.9745,-44.5645,18.6391,0,265,-0.194504,-0.1905,0.0634059,0.00754717,265,-0.990178,-1.00169,0.46461,0.00754717,265,-8.31345,-8.44691,4.09513,0.0113208,265,53.8768,26.0906,66.8795,0.996226,0,,,,
cand_016,[*:1]Nn1nnnc1[*:2],azole_ring,253,253,253,-31.666,-39.5569,50.2019,0.237154,253,-163.714,-167.479,79.3266,0.0355731,253,-23.513,-24.4471,12.9703,0.0237154,253,-0.157036,-0.157,0.0524507,0,253,-0.493666,-0.47208,0.385906,0.0592885,253,-3.7919,-3.64917,3.59628,0.118577,253,24.5471,7.8011,38.8171,0.98419,0,,,,
cand_016,[*:1]Nn1nnnc1[N+](=O)[O-],nitro,97,97,97,-65.7719,-66.0269,38.0701,0.0515464,97,-369.599,-379.912,127.876,0,97,-54.8908,-56.8272,17.9402,0,97,-0.216191,-0.2079,0.071024,0.0103093,97,-1.25593,-1.16745,0.427059,0,97,-10.631,-9.99273,3.57669,0,97,78.0651,51.6225,77.4093,1,0,,,,
cand_016,[*:2]c1nnnn1[*:1],azole_ring,87,87,87,-28.9136,-35.0969,55.3054,0.298851,87,-149.787,-152.209,86.8197,0.045977,87,-22.1957,-23.4158,14.6749,0.0114943,87,-0.159622,-0.1616,0.0569192,0,87,-0.459241,-0.427567,0.436299,0.126437,87,-3.40572,-3.21029,4.06223,0.183908,87,33.4897,9.4335,50.5863,0.977011,0,,,,
cand_016,[*:2]Nn1nnnc1[*:1],azole_ring,84,84,84,-31.2512,-38.6119,41.1314,0.22619,84,-186.513,-179.392,74.1841,0,84,-25.2807,-25.5713,12.8955,0,84,-0.15254,-0.1566,0.0518505,0.0119048,84,-0.541346,-0.500102,0.387411,0.0357143,84,-4.29375,-3.897,3.58604,0.0952381,84,14.5121,5.37915,23.9057,1,0,,,,
cand_016,[*:1][N+](=O)[O-],nitro,1,1,1,8.34319,8.34319,0,1,1,-45.8366,-45.8366,0,0,1,-2.58812,-2.58812,0,0,1,0.0018,0.0018,0,1,1,0.0900356,0.0900356,0,1,1,1.13028,1.13028,0,1,1,0.0504,0.0504,0,1,0,,,,
cand_017,[*:1]/N=[N+](/[O-])n1nnnc1N[*:2],azoxy,1156,1156,1156,-69.0444,-74.3438,51.3114,0.122837,1156,-212.683,-209.806,97.9848,0.0155709,1156,-27.7814,-26.6533,14.0357,0,1156,-0.205564,-0.20235,0.0661303,0.000865052,1156,-0.754975,-0.708881,0.414382,0.0103806,1156,-6.39705,-6.05058,3.80055,0.0276817,1156,26.037,10.1952,40.5499,0.993945,0,,,,
cand_017,[*:1]/N=[N+](/[O-])n1nnnc1[*:2],azoxy,634,634,634,-61.5049,-66.1387,51.1049,0.132492,634,-216.322,-216.47,92.9796,0.00946372,634,-26.2946,-23.6574,13.2798,0,634,-0.191126,-0.1857,0.0654029,0.00157729,634,-0.698376,-0.615508,0.397505,0.0189274,634,-5.92,-5.26888,3.66667,0.0347003,634,15.6111,6.9877,23.3355,0.992114,0,,,,
cand_017,[*:2]Nc1nnn(/N=[N+](/[*:1])[O-])n1,azoxy,617,617,617,-53.5919,-58.7138,42.9655,0.150729,617,-201.924,-201.102,88.6869,0.00810373,617,-29.5314,-28.2204,13.6053,0,617,-0.183725,-0.1823,0.0564063,0.00162075,617,-0.728898,-0.695026,0.397023,0.012966,617,-6.20844,-5.89076,3.69855,0.0259319,617,43.8755,19.9814,55.4686,0.985413,0,,,,
cand_017,[*:1]Nc1nnn(/N=[N+](/[*:2])[O-])n1,azoxy,525,525,525,-84.201,-93.2637,50.5014,0.0647619,525,-204.531,-209.698,102.77,0.0342857,525,-26.2782,-23.245,13.6633,0,525,-0.218113,-0.2183,0.0723756,0.00952381,525,-0.727797,-0.654644,0.431541,0.0228571,525,-6.04873,-5.30656,3.95233,0.0342857,525,34.0748,12.6399,49.8638,0.975238,0,,,,
cand_017,[*:2]c1nnn(/N=[N+](/[*:1])[O-])n1,azoxy,415,415,415,-59.2852,-62.2037,45.6958,0.110843,415,-225.478,-226.368,81.229,0.00240964,415,-29.7193,-29.6147,13.4025,0,415,-0.192172,-0.187,0.0577431,0.00240964,415,-0.752252,-0.723401,0.395816,0.00963855,415,-6.40501,-6.23424,3.69978,0.026506,415,36.0885,16.5586,46.1273,0.987952,0,,,,
cand_017,[*:1]c1nnn(/N=[N+](/[*:2])[O-])n1,azoxy,192,192,192,-66.5612,-72.7387,52.7504,0.135417,192,-191.76,-184.69,103.176,0.03125,192,-24.8181,-21.9952,14.374,0,192,-0.187823,-0.1775,0.0773841,0.0260417,192,-0.645855,-0.558338,0.463046,0.0520833,192,-5.36293,-4.75361,4.23626,0.0677083,192,31.2855,10.3871,46.8778,0.979167,0,,,,
cand_017,[*:1]n1nnc(N[N+](=O)[O-])n1,nitramine,3,3,3,51.2333,70.4732,40.0312,1,3,25.1447,17.2595,14.9627,1,3,-5.65111,-8.47667,4.89401,0,3,0.00716667,0.0128,0.0109024,0.666667,3,-0.002991,-0.093545,0.175246,0.333333,3,0.113655,-0.940625,1.93606,0.333333,3,10.0982,13.139,7.7346,1,0,,,,
cand_017,[*:1]c1nnn([*:2])n1,azole_ring,1,1,1,5.2146,5.2146,0,1,1,17.2595,17.2595,0,1,1,0,0,0,0,1,0.0128,0.0128,0,1,1,0.199006,0.199006,0,1,1,2.34804,2.34804,0,1,1,1.3053,1.3053,0,1,0,,,,
cand_017,[*:1]c1nnnn1[*:2],azole_ring,1,1,1,0.03012,0.03012,0,1,1,0.0996922,0.0996922,0,1,1,0,0,0,0,1,0,0,0,0,1,-0.0241574,-0.0241574,0,0,1,-0.29089,-0.29089,0,0,1,0.3843,0.3843,0,1,0,,,,
cand_017,[*:1]n1nnnc1N[N+](=O)[O-],nitramine,1,1,1,0.03012,0.03012,0,1,1,0.0996922,0.0996922,0,1,1,0,0,0,0,1,0,0,0,0,1,-0.0241574,-0.0241574,0,0,1,-0.29089,-0.29089,0,0,1,0.3843,0.3843,0,1,0,,,,
cand_017,[*:1]Nc1nnn([*:2])n1,azole_ring,1,1,1,5.2146,5.2146,0,1,1,17.2595,17.2595,0,1,1,0,0,0,0,1,0.0128,0.0128,0,1,1,0.199006,0.199006,0,1,1,2.34804,2.34804,0,1,1,1.3053,1.3053,0,1,0,,,,
cand_017,[*:1]Nc1nnnn1[*:2],azole_ring,1,1,1,0.03012,0.03012,0,1,1,0.0996922,0.0996922,0,1,1,0,0,0,0,1,0,0,0,0,1,-0.0241574,-0.0241574,0,0,1,-0.29089,-0.29089,0,0,1,0.3843,0.3843,0,1,0,,,,
cand_017,[*:1]N[N+](=O)[O-],nitramine,1,1,1,-14.0434,-14.0434,0,0,1,-10.3383,-10.3383,0,0,1,-13.2166,-13.2166,0,0,1,-0.0099,-0.0099,0,0,1,-0.367879,-0.367879,0,0,1,-3.84584,-3.84584,0,0,1,0.1111,0.1111,0,1,0,,,,
cand_017,[*:1]/N=[N+](\[*:2])[O-],azoxy,1,1,1,5.60625,5.60625,0,1,1,18.5558,18.5558,0,1,1,0,0,0,0,1,0.0137,0.0137,0,1,1,0.146118,0.146118,0,1,1,1.68896,1.68896,0,1,1,0.6672,0.6672,0,1,0,,,,
cand_018,[*:1]/N=[N+](/[O-])n1cnnn1,azoxy,147,147,147,-107.546,-114.998,49.6794,0.0204082,147,-431.358,-442.67,148.599,0.00680272,147,-44.9659,-42.2628,20.2417,0,147,-0.316475,-0.3292,0.108018,0.00680272,147,-1.29735,-1.26249,0.52112,0.00680272,147,-10.4632,-10.0467,4.15691,0.00680272,147,49.7636,21.0381,65.6889,1,0,,,,
cand_018,[*:1]c1nnnn1/N=[N+](/[*:2])[O-],azoxy,114,114,114,-122.093,-122.903,31.6283,0,114,-481.603,-495.685,125.828,0,114,-47.7736,-42.2628,17.0155,0,114,-0.352603,-0.3557,0.0699127,0,114,-1.36784,-1.31955,0.416245,0.00877193,114,-10.9272,-10.4887,3.40692,0.00877193,114,83.7381,57.9055,71.6318,1,0,,,,
cand_018,[*:2]c1nnnn1/N=[N+](/[*:1])[O-],azoxy,112,112,112,-92.8225,-81.7827,42.2532,0.00892857,112,-408.637,-400.172,131.507,0,112,-46.2674,-46.5391,17.4808,0,112,-0.30022,-0.28655,0.0995236,0,112,-1.26587,-1.24044,0.460289,0,112,-10.2626,-10.0794,3.64997,0,112,121.205,113.061,87.2655,1,0,,,,
cand_018,[*:1]c1nnnn1[*:2],azole_ring,3,3,3,1.86756,4.0711,4.52668,0.666667,3,-53.0979,-70.6446,33.2922,0,3,-1.76571,-2.64856,1.52915,0,3,-0.00876667,-0.0091,0.0019218,0,3,0.00296613,-0.0172576,0.0699941,0.333333,3,0.146873,-0.0755964,0.775555,0.333333,3,0.977933,0.3663,1.08197,1,0,,,,
cand_018,[*:1]n1nnnc1[N+](=O)[O-],nitro,2,2,2,38.1265,38.1265,58.641,0.5,2,-23.5121,-23.5121,12.4584,0,2,-7.2653,-7.2653,10.2747,0,2,-0.00535,-0.00535,0.0072832,0,2,-0.0721438,-0.0721438,0.216359,0.5,2,-0.552255,-0.552255,2.20844,0.5,2,19.328,19.328,24.1842,1,0,,,,
cand_018,[*:1][N+](=O)[O-],nitro,1,1,1,4.0711,4.0711,0,1,1,-73.9464,-73.9464,0,0,1,-2.64856,-2.64856,0,0,1,-0.0091,-0.0091,0,0,1,-0.0546894,-0.0546894,0,0,1,-0.493136,-0.493136,0,0,1,0.3663,0.3663,0,1,0,,,,
cand_018,[*:1][H],other,1,1,1,81.5485,81.5485,0,1,1,5.43457,5.43457,0,1,1,4.60033,4.60033,0,1,1,-0.0051,-0.0051,0,0,1,0.0944211,0.0944211,0,1,1,0.990556,0.990556,0,1,1,2.9427,2.9427,0,1,0,,,,
cand_019,[*:1]/N=[N+](\[O-])n1nnc(N[*:2])n1,azoxy,1178,1178,1178,-63.9194,-70.2845,48.4204,0.116299,1178,-185.586,-186.44,96.6956,0.0288625,1178,-27.3643,-26.1346,14.1744,0,1178,-0.188056,-0.1848,0.0628642,0.00424448,1178,-0.730206,-0.664843,0.413424,0.00933786,1178,-6.26302,-5.7516,3.78465,0.0152801,1178,25.5297,10.1569,39.7748,0.968591,0,,,,
cand_019,[*:2]Nn1nnnc1/N=[N+](\[*:1])[O-],azoxy,639,639,639,-55.5157,-64.3895,44.5963,0.153365,639,-214.091,-209.195,89.4041,0.0156495,639,-29.4295,-27.9214,13.8918,0,639,-0.190403,-0.1907,0.0566446,0.00156495,639,-0.787511,-0.761243,0.401081,0.00782473,639,-6.82588,-6.65943,3.6971,0.0140845,639,29.0804,11.9047,42.787,0.992175,0,,,,
cand_019,[*:1]/N=[N+](\[O-])n1nnc([*:2])n1,azoxy,609,609,609,-58.5945,-64.3395,47.9981,0.134647,609,-200.616,-201.35,89.4085,0.0114943,609,-27.6421,-26.6533,13.8433,0,609,-0.18054,-0.1758,0.0627896,0.00821018,609,-0.72475,-0.674299,0.410067,0.0147783,609,-6.24531,-5.82404,3.76182,0.0246305,609,19.8806,7.9567,30.8546,0.962233,0,,,,
cand_019,[*:1]Nn1nnnc1/N=[N+](\[*:2])[O-],azoxy,517,517,517,-85.8458,-96.5895,54.0813,0.0793037,517,-211.208,-210.573,107.717,0.00967118,517,-25.7443,-22.2807,13.9582,0,517,-0.224302,-0.2245,0.0720085,0,517,-0.743668,-0.647131,0.429364,0.0116054,517,-6.21424,-5.50922,3.90129,0.0270793,517,22.1669,7.591,37.2894,0.982592,0,,,,
cand_019,[*:2]n1nnnc1/N=[N+](\[*:1])[O-],azoxy,445,445,445,-59.8335,-64.3095,49.883,0.134831,445,-227.856,-227.65,85.9854,0.00449438,445,-27.5979,-25.1438,13.0498,0,445,-0.192001,-0.1886,0.0622943,0.00224719,445,-0.747309,-0.689475,0.383658,0.0134831,445,-6.43656,-6.03263,3.53984,0.0179775,445,17.3224,8.2933,25.3046,0.995506,0,,,,
cand_019,[*:1]n1nnnc1/N=[N+](\[*:2])[O-],azoxy,189,189,189,-65.5605,-71.0895,53.7948,0.111111,189,-189.562,-167.332,103.016,0.00529101,189,-23.226,-21.1045,13.3456,0,189,-0.189063,-0.1784,0.0723305,0,189,-0.626562,-0.547394,0.417148,0.026455,189,-5.22503,-4.52679,3.82477,0.037037,189,11.4189,4.2993,17.2241,0.978836,0,,,,
cand_019,[*:1]n1nnc(N[N+](=O)[O-])n1,nitramine,2,2,2,34.6373,34.6373,48.2613,1,2,5.71747,5.71747,5.69186,1,2,-4.23834,-4.23834,5.99391,0,2,-0.0042,-0.0042,0.00777817,0.5,2,-0.0623825,-0.0623825,0.207129,0.5,2,-0.572055,-0.572055,2.2413,0.5,2,2.8335,2.8335,3.89489,1,0,,,,
cand_019,[*:1]N[N+](=O)[O-],nitramine,2,2,2,29.987,29.987,62.7902,0.5,2,8.88495,8.88495,29.2995,0.5,2,-10.8466,-10.8466,3.35164,0,2,-0.0031,-0.0031,0.0111723,0.5,2,-0.195235,-0.195235,0.132339,0,2,-1.95696,-1.95696,1.38128,0,2,11.6221,11.6221,10.6551,1,0,,,,
cand_019,[*:1]c1nnnn1[*:2],azole_ring,1,1,1,-2.5502,-2.5502,0,0,1,-8.44073,-8.44073,0,0,1,0,0,0,0,1,-0.0062,-0.0062,0,0,1,-0.0722824,-0.0722824,0,0,1,-0.827485,-0.827485,0,0,1,-0.1486,-0.1486,0,0,0,,,,
cand_019,[*:1]c1nnn([*:2])n1,azole_ring,1,1,1,0.51142,0.51142,0,1,1,1.69272,1.69272,0,1,1,0,0,0,0,1,0.0013,0.0013,0,1,1,0.08408,0.08408,0,1,1,1.01278,1.01278,0,1,1,0.0794,0.0794,0,1,0,,,,
cand_019,[*:1]c1nnnn1N[N+](=O)[O-],nitramine,1,1,1,-2.5502,-2.5502,0,0,1,-8.44073,-8.44073,0,0,1,0,0,0,0,1,-0.0062,-0.0062,0,0,1,-0.0722824,-0.0722824,0,0,1,-0.827485,-0.827485,0,0,1,-0.1486,-0.1486,0,0,0,,,,
cand_019,[*:1]Nn1nnnc1[*:2],azole_ring,1,1,1,-2.5502,-2.5502,0,0,1,-8.44073,-8.44073,0,0,1,0,0,0,0,1,-0.0062,-0.0062,0,0,1,-0.0722824,-0.0722824,0,0,1,-0.827485,-0.827485,0,0,1,-0.1486,-0.1486,0,0,0,,,,
cand_019,[*:1]Nc1nnn([*:2])n1,azole_ring,1,1,1,0.51142,0.51142,0,1,1,1.69272,1.69272,0,1,1,0,0,0,0,1,0.0013,0.0013,0,1,1,0.08408,0.08408,0,1,1,1.01278,1.01278,0,1,1,0.0794,0.0794,0,1,0,,,,
cand_020,[*:1]n1cnnn1,azole_ring,79,79,79,-65.0752,-62.4908,28.0101,0,79,-342.865,-351.11,129.116,0,79,-35.4731,-30.7424,19.4503,0.0126582,79,-0.313708,-0.3111,0.100557,0,79,-1.14905,-1.096,0.453638,0.0126582,79,-8.56148,-8.47986,3.29556,0.0126582,79,165.148,178.38,86.0738,1,0,,,,
cand_020,[*:1]Nn1cnnn1,azole_ring,21,21,21,-45.7086,-45.3908,18.3919,0,21,-263.643,-262.195,106.594,0,21,-30.1609,-24.2717,17.1245,0,21,-0.238205,-0.2316,0.0969136,0,21,-0.95277,-0.906854,0.40476,0.047619,21,-7.35831,-7.26666,3.01875,0.047619,21,137.76,118.264,90.2558,1,0,,,,
cand_020,[*:1]NN[*:2],hydrazo,2,2,2,16.2592,16.2592,3.04056,1,2,205.387,205.387,145.666,1,2,15.4474,15.4474,9.20525,1,2,-0.0729,-0.0729,0.0302642,0,2,-0.135433,-0.135433,0.16499,0,2,-1.05711,-1.05711,1.47911,0,2,46.8957,46.8957,41.9311,1,0,,,,
cand_020,[*:1][H],other,1,1,1,76.6752,76.6752,0,1,1,85.3915,85.3915,0,1,1,15.023,15.023,0,1,1,-0.0355,-0.0355,0,0,1,0.233981,0.233981,0,1,1,2.48919,2.48919,0,1,1,58.2714,58.2714,0,1,0,,,,
cand_021,[*:1]/N=[N+](/[O-])n1nnnc1[*:2],azoxy,934,934,934,-68.6792,-73.0579,48.1842,0.0995717,934,-292.854,-288.542,109.112,0.00107066,934,-33.1168,-31.8484,14.6164,0.00214133,934,-0.219713,-0.2192,0.0662149,0.00107066,934,-0.851287,-0.82665,0.389041,0.00856531,934,-7.02893,-6.8742,3.42242,0.00856531,934,145.475,152.023,83.6873,0.975375,0,,,,
cand_021,[*:2]n1nnc(/N=[N+](/[*:1])[O-])n1,azoxy,384,384,384,-66.2816,-65.6079,45.8346,0.0807292,384,-277.746,-266.251,100.019,0,384,-33.4863,-32.8472,15.4127,0.00260417,384,-0.216418,-0.2094,0.0682465,0,384,-0.893476,-0.869156,0.418614,0.00520833,384,-7.46294,-7.21905,3.65854,0.0078125,384,65.5834,30.4972,82.2962,0.731771,0,,,,
cand_021,[*:1]n1nnc(/N=[N+](/[*:2])[O-])n1,azoxy,141,141,141,-82.816,-90.1879,49.8156,0.0638298,141,-258.117,-262.018,115.216,0.0141844,141,-30.5398,-27.6274,16.1358,0.0070922,141,-0.228033,-0.2392,0.0834446,0.0141844,141,-0.880291,-0.748064,0.472907,0.0212766,141,-7.2936,-6.08373,4.05816,0.0212766,141,33.5884,4.0605,64.9459,0.560284,0,,,,
cand_021,[*:1]n1nnnc1[N+](=O)[O-],nitro,7,7,7,12.3503,2.919,29.8526,0.714286,7,-45.609,-57.8056,27.3739,0,7,-3.1773,-2.50897,4.15291,0,7,-0.0076,-0.0098,0.00537556,0.142857,7,0.0348655,0.046947,0.128252,0.714286,7,0.57035,0.636698,1.4251,0.714286,7,55.8428,25.255,86.8924,0.714286,0,,,,
cand_021,[*:1]c1nnnn1[*:2],azole_ring,5,5,5,1.72501,2.919,4.08665,0.8,5,-57.1418,-67.9763,22.1132,0,5,-2.00718,-2.50897,1.12205,0,5,-0.00976,-0.0102,0.00447806,0,5,0.0539057,0.046947,0.0992587,0.8,5,0.767176,0.636698,1.17472,0.8,5,9.30666,0.2153,18.1439,0.6,0,,,,
cand_021,[*:1]c1nnn(N=[N+]=[N-])n1,azide,3,3,3,-27.0338,-3.49836,48.1028,0.333333,3,-31.0183,-13.0482,59.8521,0.333333,3,-2.4163,0,4.18515,0,3,-0.00456667,-0.0093,0.0154536,0.333333,3,0.0174958,-0.00587306,0.0935442,0.333333,3,0.315267,0.267093,1.00846,0.666667,3,-0.583667,-7.8386,15.1088,0.333333,0,,,,
cand_021,[*:1]c1nnn([*:2])n1,azole_ring,2,2,2,0.63567,0.63567,5.8464,0.5,2,2.37095,2.37095,21.806,0.5,2,0,0,0,0,2,0.0017,0.0017,0.0155563,0.5,2,0.0291803,0.0291803,0.129158,0.5,2,0.339354,0.339354,1.42496,0.5,2,3.0438,3.0438,19.432,0.5,0,,,,
cand_021,[*:2]c1nnnn1[*:1],azole_ring,1,1,1,-1.73506,-1.73506,0,0,1,-6.47146,-6.47146,0,0,1,0,0,0,0,1,-0.0046,-0.0046,0,0,1,0.149957,0.149957,0,1,1,1.80855,1.80855,0,1,1,117.016,117.016,0,1,0,,,,
cand_021,[*:1][N+](=O)[O-],nitro,1,1,1,2.919,2.919,0,1,1,-68.4839,-68.4839,0,0,1,-2.50897,-2.50897,0,0,1,-0.0102,-0.0102,0,0,1,0.072446,0.072446,0,1,1,0.99843,0.99843,0,1,1,-0.914,-0.914,0,0,0,,,,
cand_021,[*:1]/N=[N+](\[*:2])[O-],azoxy,1,1,1,2.84209,2.84209,0,1,1,10.6005,10.6005,0,1,1,0,0,0,0,1,0.0075,0.0075,0,1,1,0.0666574,0.0666574,0,1,1,0.738705,0.738705,0,1,1,12.7689,12.7689,0,1,0,,,,
cand_022,[*:1]NNc1nnn([*:2])n1,hydrazo,547,547,547,-42.6119,-48.7624,50.3978,0.191956,547,-123.774,-115.445,129.152,0.171846,547,-18.3145,-16.8449,16.1617,0.122486,547,-0.214149,-0.212,0.0667842,0.00365631,547,-0.709449,-0.681627,0.371899,0.0182815,547,-5.62025,-5.42243,3.19624,0.0292505,547,-32.0998,-17.097,81.0611,0.438757,0,,,,
cand_022,[*:1]NNc1nnnn1[*:2],hydrazo,532,532,532,-49.7016,-54.9324,48.7169,0.144737,532,-135.1,-123.935,123.437,0.12406,532,-18.439,-17.0853,15.6069,0.12782,532,-0.225668,-0.2243,0.0654915,0,532,-0.731327,-0.705678,0.359228,0.0056391,532,-5.77189,-5.58837,3.09948,0.0169173,532,-34.3036,-17.1717,82.3533,0.43609,0,,,,
cand_022,[*:1]c1nnn(N=[N+]=[N-])n1,azide,263,263,263,-127.987,-136.662,47.0514,0.00760456,263,-284.882,-251.623,148.806,0.0190114,263,-31.3493,-31.8525,19.8094,0.0152091,263,-0.21676,-0.2165,0.0753066,0.0152091,263,-0.895584,-0.832483,0.432794,0.0114068,263,-7.24382,-6.88094,3.6173,0.0114068,263,-40.7346,-38.9687,83.6078,0.418251,0,,,,
cand_022,[*:1]c1nnnn1N=[N+]=[N-],azide,257,257,257,-132.544,-140.342,47.9764,0,257,-296.96,-274.542,150.218,0.00389105,257,-31.0984,-29.515,19.6509,0.0350195,257,-0.228292,-0.2284,0.0755533,0.00389105,257,-0.919935,-0.871028,0.419824,0,257,-7.42913,-7.06469,3.50497,0.00389105,257,-53.5914,-53.2017,82.6655,0.354086,0,,,,
cand_022,[*:1]Nc1nnnn1[*:2],azole_ring,176,176,176,-31.0286,-45.7524,53.1119,0.244318,176,-149.848,-128.622,120.447,0.0681818,176,-17.6603,-13.7045,15.2411,0.0511364,176,-0.179505,-0.1806,0.0495254,0,176,-0.645747,-0.58874,0.324519,0.00568182,176,-5.25387,-4.84771,2.85475,0.00568182,176,-77.6677,-90.2163,89.082,0.272727,0,,,,
cand_022,[*:1]Nc1nnn([*:2])n1,azole_ring,172,172,172,-35.4422,-46.2874,46.7503,0.203488,172,-163.21,-146.377,110.498,0.0523256,172,-19.8655,-20.6149,14.3004,0.0290698,172,-0.175831,-0.1812,0.0526349,0.0116279,172,-0.652942,-0.623555,0.306574,0.00581395,172,-5.3198,-5.15911,2.72641,0.00581395,172,-42.5529,-40.2143,85.372,0.395349,0,,,,
cand_022,[*:1]Nc1nnn(N=[N+]=[N-])n1,azide,117,117,117,-143.992,-150.162,43.1504,0.017094,117,-368.824,-393.957,165.489,0.042735,117,-40.6652,-36.1305,22.147,0.017094,117,-0.226354,-0.2451,0.0916741,0.034188,117,-1.05899,-1.0096,0.511325,0.025641,117,-8.62319,-8.51829,4.15336,0.025641,117,-22.9181,7.3494,81.0724,0.521368,0,,,,
cand_022,[*:1]Nc1nnnn1N=[N+]=[N-],azide,110,110,110,-154.987,-155.712,39.8929,0,110,-392.378,-426.022,157.436,0,110,-41.5444,-40.6935,20.6252,0.0181818,110,-0.246665,-0.2544,0.0890559,0.00909091,110,-1.10812,-1.05469,0.454593,0,110,-8.99153,-8.81197,3.65821,0,110,-35.8878,-27.4372,73.1683,0.409091,0,,,,
cand_022,[*:1]c1nnn([*:2])n1,azole_ring,99,99,99,-28.0301,-38.2024,48.5758,0.262626,99,-141.315,-130.699,114.956,0.131313,99,-17.9986,-20.6149,15.3036,0.10101,99,-0.163275,-0.1633,0.0561568,0.020202,99,-0.59491,-0.564665,0.337066,0.020202,99,-4.8275,-4.68623,3.02116,0.0707071,99,-37.027,-23.042,84.9572,0.434343,0,,,,
cand_022,[*:2]c1nnnn1[*:1],azole_ring,95,95,95,-29.4159,-46.1924,55.4101,0.252632,95,-146.621,-126.291,117.439,0.0736842,95,-16.6244,-12.5818,15.7473,0.0736842,95,-0.185175,-0.1862,0.0457499,0,95,-0.634986,-0.628523,0.338435,0.0105263,95,-5.11953,-5.1182,2.99616,0.0210526,95,-89.5202,-106.861,87.698,0.231579,0,,,,
cand_022,[*:1]c1nnnn1[*:2],azole_ring,90,90,90,-29.4019,-40.0524,50.3118,0.255556,90,-138.76,-107.468,126.654,0.1,90,-16.7011,-12.5818,15.4145,0.0777778,90,-0.170537,-0.17205,0.051121,0,90,-0.612345,-0.543527,0.328361,0,90,-4.98757,-4.34886,2.8957,0.0222222,90,-73.2596,-89.089,91.0452,0.288889,0,,,,
cand_022,[*:2]c1nnn([*:1])n1,azole_ring,90,90,90,-37.7424,-47.2174,44.5672,0.166667,90,-156.684,-135.776,115.964,0.0333333,90,-17.4621,-12.5818,15.3481,0.0666667,90,-0.184408,-0.1808,0.0422115,0,90,-0.621089,-0.568107,0.32238,0,90,-4.97758,-4.60836,2.90427,0.0444444,90,-54.6314,-55.9329,87.1301,0.322222,0,,,,
cand_022,[*:1]N=[N+]=[N-],azide,2,2,2,-85.657,-85.657,0.982313,0,2,-71.1788,-71.1788,174.715,0.5,2,1.12385,1.12385,16.9285,0.5,2,-0.0378,-0.0378,0.0229103,0,2,-0.0315804,-0.0315804,0.137105,0.5,2,-0.180886,-0.180886,1.44645,0.5,2,-115.117,-115.117,56.785,0,0,,,,
cand_022,[*:1]NN[*:2],hydrazo,1,1,1,21.8273,21.8273,0,1,1,173.652,173.652,0,1,1,13.8092,13.8092,0,1,1,-0.0147,-0.0147,0,0,1,0.187086,0.187086,0,1,1,1.9679,1.9679,0,1,1,26.9005,26.9005,0,1,0,,,,
cand_023,[*:1]/N=[N+](/[O-])n1nnc(N[*:2])n1,azoxy,1155,1155,1155,-69.1343,-74.3739,51.2933,0.121212,1155,-212.967,-210.145,97.8266,0.0138528,1155,-27.8054,-26.6533,14.0179,0,1155,-0.205742,-0.2024,0.0658814,0.000865801,1155,-0.73143,-0.685201,0.41404,0.0147186,1155,-6.1112,-5.75977,3.79835,0.0380952,1155,25.6746,9.8444,40.5606,0.957576,0,,,,
cand_023,[*:2]Nc1nnn(/N=[N+](/[*:1])[O-])n1,azoxy,638,638,638,-55.597,-64.4739,44.5769,0.153605,638,-214.408,-209.176,89.0706,0.015674,638,-29.4756,-27.9214,13.8536,0,638,-0.190702,-0.19075,0.0561841,0.0015674,638,-0.751613,-0.726128,0.400291,0.0125392,638,-6.38985,-6.21824,3.69134,0.023511,638,28.7897,11.6448,42.8054,0.974922,0,,,,
cand_023,[*:1]/N=[N+](/[O-])n1nnc([*:2])n1,azoxy,633,633,633,-61.6322,-66.1939,51.0865,0.129542,633,-216.763,-217.677,92.653,0.00631912,633,-26.3361,-23.6574,13.249,0,633,-0.191427,-0.1857,0.0650109,0.00157978,633,-0.675246,-0.591879,0.396979,0.0205371,633,-5.63755,-4.98024,3.66344,0.042654,633,15.2503,6.619,23.3465,0.955766,0,,,,
cand_023,[*:1]Nc1nnn(/N=[N+](/[*:2])[O-])n1,azoxy,517,517,517,-85.84,-96.5839,54.0812,0.0812379,517,-211.189,-210.555,107.718,0.0116054,517,-25.7443,-22.2807,13.9582,0,517,-0.224302,-0.2245,0.0720085,0,517,-0.706523,-0.610057,0.429486,0.0174081,517,-5.76734,-5.06318,3.90262,0.0560928,517,21.8304,7.2552,37.2898,0.93617,0,,,,
cand_023,[*:2]c1nnn(/N=[N+](/[*:1])[O-])n1,azoxy,443,443,443,-60.1053,-65.4439,49.8234,0.133183,443,-228.588,-227.969,85.3472,0.00451467,443,-27.6861,-25.1438,13.0015,0,443,-0.19256,-0.1891,0.0617047,0.00225734,443,-0.7125,-0.655195,0.382777,0.0158014,443,-6.00965,-5.61127,3.53435,0.0248307,443,17.0344,7.9575,25.3481,0.981941,0,,,,
cand_023,[*:1]c1nnn(/N=[N+](/[*:2])[O-])n1,azoxy,190,190,190,-65.1924,-71.0489,53.8841,0.121053,190,-189.193,-166.09,102.856,0.0105263,190,-23.1884,-21.1045,13.3203,0,190,-0.188787,-0.1784,0.0722393,0,190,-0.588386,-0.51032,0.416517,0.0315789,190,-4.76996,-4.03537,3.81884,0.0842105,190,11.0904,4.0394,17.18,0.894737,0,,,,
cand_023,[*:1]n1nnc(N[N+](=O)[O-])n1,nitramine,3,3,3,47.8765,69.2677,41.5674,0.666667,3,13.6816,11.5229,14.9777,0.666667,3,-5.65111,-8.47667,4.89401,0,3,-0.0012,0,0.00668132,0.333333,3,-0.0942764,-0.0645827,0.135739,0.333333,3,-0.928946,-0.534209,1.45785,0.333333,3,7.41357,3.8044,10.0983,0.666667,0,,,,
cand_023,[*:1]c1nnn([*:2])n1,azole_ring,1,1,1,-0.03012,-0.03012,0,0,1,-0.0996922,-0.0996922,0,0,1,0,0,0,0,1,0,0,0,0,1,0.0241574,0.0241574,0,1,1,0.29089,0.29089,0,1,1,-0.3843,-0.3843,0,0,0,,,,
cand_023,[*:1]Nc1nnn([*:2])n1,azole_ring,1,1,1,-0.03012,-0.03012,0,0,1,-0.0996922,-0.0996922,0,0,1,0,0,0,0,1,0,0,0,0,1,0.0241574,0.0241574,0,1,1,0.29089,0.29089,0,1,1,-0.3843,-0.3843,0,0,0,,,,
cand_024,[*:1]/N=[N+](/[O-])n1nnc([*:2])n1,azoxy,917,917,917,-66.8712,-70.2042,48.6264,0.110142,917,-290.408,-290.748,110.654,0.00218103,917,-34.0518,-33.555,14.8978,0,917,-0.214589,-0.2168,0.0673966,0.00545256,917,-0.953467,-0.93314,0.393768,0.00545256,917,-8.22574,-8.0982,3.46861,0.00654308,917,123.163,113.957,90.0048,0.958561,0,,,,
cand_024,[*:2]n1nnnc1/N=[N+](/[*:1])[O-],azoxy,373,373,373,-67.7675,-71.4742,49.8076,0.112601,373,-293.837,-281.121,100.281,0,373,-32.9423,-30.6145,15.0832,0.00268097,373,-0.22724,-0.2237,0.0702986,0,373,-0.979412,-0.915515,0.414925,0,373,-8.43345,-7.946,3.60506,0,373,89.2059,54.6857,91.1904,0.841823,0,,,,
cand_024,[*:1]n1nnnc1/N=[N+](/[*:2])[O-],azoxy,152,152,152,-88.655,-93.0792,46.6745,0.0328947,152,-288.674,-285.82,110.541,0.00657895,152,-31.7302,-30.1035,15.7398,0.0197368,152,-0.254018,-0.25185,0.0777524,0,152,-1.00805,-0.960779,0.462261,0.0131579,152,-8.56051,-8.21137,4.00347,0.0131579,152,89.319,54.6156,85.9372,0.888158,0,,,,
cand_024,[*:1]n1nnc([N+](=O)[O-])n1,nitro,8,8,8,12.7805,5.4925,29.037,0.75,8,-30.6936,-42.9166,30.1625,0.25,8,-7.24924,-2.50897,8.27581,0,8,0.0031625,0.0074,0.00830971,0.625,8,-0.101665,0.00487422,0.229496,0.625,8,-0.954481,0.114204,2.3833,0.625,8,62.1369,22.6486,86.3377,0.875,0,,,,
cand_024,[*:1]c1nnn([*:2])n1,azole_ring,5,5,5,6.74901,6.54161,3.45326,1,5,-23.2066,-42.7592,33.3719,0.4,5,-1.50538,-2.50897,1.37422,0,5,0.00688,0.0084,0.00475889,0.8,5,0.0573545,0.0296455,0.0674585,1,5,0.692985,0.279145,0.787074,1,5,33.3395,8.2662,60.5036,0.8,0,,,,
cand_024,[*:1][N+](=O)[O-],nitro,2,2,2,-0.417985,-0.417985,9.84235,0.5,2,-57.0876,-57.0876,1.88656,0,2,-10.8199,-10.8199,11.7535,0,2,-0.0054,-0.0054,0.00636396,0,2,-0.207904,-0.207904,0.304311,0.5,2,-2.02683,-2.02683,3.10957,0.5,2,124.697,124.697,164.657,1,0,,,,
cand_024,[*:1]c1nnnn1N=[N+]=[N-],azide,1,1,1,-5.36897,-5.36897,0,0,1,-20.0253,-20.0253,0,0,1,0,0,0,0,1,-0.0142,-0.0142,0,0,1,-0.0439163,-0.0439163,0,0,1,-0.431112,-0.431112,0,0,1,28.3693,28.3693,0,1,0,,,,
cand_024,[*:1]c1nnnn1[*:2],azole_ring,1,1,1,-5.36897,-5.36897,0,0,1,-20.0253,-20.0253,0,0,1,0,0,0,0,1,-0.0142,-0.0142,0,0,1,-0.0439163,-0.0439163,0,0,1,-0.431112,-0.431112,0,0,1,28.3693,28.3693,0,1,0,,,,
cand_025,[*:1]/N=[N+](/[O-])n1nnc(N[*:2])n1,azoxy,917,917,917,-73.4201,-76.7458,48.6162,0.089422,917,-234.594,-234.995,110.799,0.0174482,917,-31.5401,-31.046,14.9038,0.00436205,917,-0.213688,-0.2159,0.0673997,0.00654308,917,-0.960752,-0.940416,0.393749,0.00327154,917,-8.39789,-8.27017,3.46816,0.00327154,917,114.887,105.691,90.0167,0.901854,0,,,,
cand_025,[*:1]/N=[N+](/[O-])n1nnc([*:2])n1,azoxy,643,643,643,-57.8093,-62.4258,50.3229,0.144635,643,-230.237,-223.299,105.573,0.00622084,643,-29.002,-28.8856,15.2104,0.00466563,643,-0.192615,-0.1892,0.0615896,0.00466563,643,-0.870143,-0.831791,0.403925,0.00466563,643,-7.64043,-7.43174,3.63207,0.00622084,643,92.4102,67.4702,88.41,0.85381,0,,,,
cand_025,[*:2]n1nnnc1/N=[N+](/[*:1])[O-],azoxy,431,431,431,-69.9257,-70.5058,42.3209,0.0812065,431,-270.768,-254.059,97.1211,0,431,-29.4703,-28.1055,14.1603,0,431,-0.213327,-0.2092,0.0567897,0,431,-0.935827,-0.914589,0.372773,0,431,-8.21625,-8.12971,3.32151,0,431,48.2658,16.6214,75.2396,0.665893,0,,,,
cand_025,[*:1]n1nnnc1/N=[N+](/[*:2])[O-],azoxy,188,188,188,-70.7947,-76.0008,56.427,0.138298,188,-231.875,-220.884,112.228,0.00531915,188,-25.3103,-22.2758,14.1476,0.0106383,188,-0.217139,-0.22085,0.075621,0,188,-0.853094,-0.768002,0.426505,0,188,-7.38343,-6.62938,3.72918,0.00531915,188,40.5189,17.3831,62.0638,0.707447,0,,,,
cand_025,[*:1]n1nnc(N[N+](=O)[O-])n1,nitramine,8,8,8,5.42119,-3.11604,29.3284,0.375,8,32.0292,26.7089,29.9856,0.75,8,-4.42664,0,8.52488,0.375,8,0.004175,0.0083,0.00825275,0.75,8,-0.109851,-0.00604077,0.229017,0.375,8,-1.14794,-0.143746,2.37244,0.375,8,52.8373,14.3824,87.1202,0.625,0,,,,
cand_025,[*:1]Nc1nnn([*:2])n1,azole_ring,5,5,5,-1.10092,-2.09822,4.6002,0.4,5,43.6976,55.7536,28.7763,1,5,1.50538,2.50897,1.37422,0.6,5,0.00796,0.0093,0.00439409,1,5,0.0486227,0.0223688,0.0688729,0.6,5,0.486624,0.107177,0.818656,0.6,5,23.4201,-3.3546,61.4654,0.4,0,,,,
cand_025,[*:1]c1nnnn1N=[N+]=[N-],azide,2,2,2,-39.7581,-39.7581,48.9797,0,2,-23.8601,-23.8601,8.14792,0,2,4.23834,4.23834,5.99391,0.5,2,-0.009,-0.009,0.0059397,0,2,-0.0566192,-0.0566192,0.171405,0.5,2,-0.73755,-0.73755,1.79854,0.5,2,-16.9184,-16.9184,2.69012,0,0,,,,
cand_025,[*:1]c1nnn([*:2])n1,azole_ring,2,2,2,3.63454,3.63454,0.0630103,1,2,12.837,12.837,0.222527,1,2,0,0,0,0,2,0.00945,0.00945,0.000212132,1,2,0.0360736,0.0360736,0.0578108,0.5,2,0.373285,0.373285,0.691283,0.5,2,-9.12145,-9.12145,8.15556,0,0,,,,
cand_025,[*:1]N[N+](=O)[O-],nitramine,2,2,2,-10.2304,-10.2304,5.21674,0,2,26.5428,26.5428,41.3103,0.5,2,-7.05647,-7.05647,13.5276,0.5,2,-0.00405,-0.00405,0.00700036,0.5,2,-0.218819,-0.218819,0.299166,0,2,-2.28478,-2.28478,2.98797,0,2,112.297,112.297,170.502,0.5,0,,,,
cand_025,[*:1]c1nnnn1[*:2],azole_ring,1,1,1,-5.12424,-5.12424,0,0,1,-18.0986,-18.0986,0,0,1,0,0,0,0,1,-0.0132,-0.0132,0,0,1,-0.177821,-0.177821,0,0,1,-2.00931,-2.00931,0,0,1,-15.0162,-15.0162,0,0,0,,,,
cand_025,[*:1]N=[N+]=[N-],azide,1,1,1,-74.3863,-74.3863,0,0,1,-29.6028,-29.6028,0,0,1,8.47667,8.47667,0,1,1,-0.0048,-0.0048,0,0,1,0.101657,0.101657,0,1,1,0.980247,0.980247,0,1,1,-19.1564,-19.1564,0,0,0,,,,
cand_025,[*:1]/N=[N+](\[*:2])[O-],azoxy,1,1,1,2.30418,2.30418,0,1,1,-60.2456,-60.2456,0,0,1,-6.49731,-6.49731,0,0,1,-0.0408,-0.0408,0,0,1,-0.301167,-0.301167,0,0,1,-3.05921,-3.05921,0,0,1,7.491,7.491,0,1,0,,,,
cand_026,[*:1]/N=[N+](\[O-])n1nnnc1N[*:2],azoxy,1196,1196,1196,-66.9368,-70.9564,49.4438,0.104515,1196,-201.456,-205.329,95.7061,0.0100334,1196,-27.648,-26.6533,13.7749,0,1196,-0.198127,-0.19285,0.061304,0.00083612,1196,-0.826232,-0.781776,0.400437,0,1196,-7.34713,-7.04485,3.68137,0.00167224,1196,27.7745,8.9695,47.5698,0.917224,0,,,,
cand_026,[*:1]/N=[N+](\[O-])n1nnnc1[*:2],azoxy,630,630,630,-60.2766,-67.4264,48.4316,0.128571,630,-211.825,-211.78,89.3298,0.0015873,630,-27.8715,-26.6533,13.8393,0,630,-0.188735,-0.18495,0.058812,0.0015873,630,-0.821945,-0.782053,0.403449,0,630,-7.35232,-7.07496,3.74159,0.00793651,630,17.4683,6.1589,31.2002,0.879365,0,,,,
cand_026,[*:2]Nn1nnc(/N=[N+](\[*:1])[O-])n1,azoxy,617,617,617,-54.1095,-59.2314,42.9653,0.150729,617,-203.637,-202.815,88.6869,0.00810373,617,-29.5314,-28.2204,13.6053,0,617,-0.184925,-0.1835,0.0564063,0.00162075,617,-0.823048,-0.789176,0.397023,0.00324149,617,-7.34206,-7.02438,3.69854,0.00324149,617,42.9396,19.0455,55.4686,0.946515,0,,,,
cand_026,[*:1]Nn1nnc(/N=[N+](\[*:2])[O-])n1,azoxy,525,525,525,-84.7193,-93.7814,50.4994,0.0628571,525,-206.248,-211.411,102.763,0.032381,525,-26.2782,-23.245,13.6633,0,525,-0.219316,-0.2195,0.0723686,0.00761905,525,-0.822126,-0.748794,0.431218,0.0114286,525,-7.18451,-6.44018,3.94871,0.0152381,525,33.1371,11.704,49.865,0.904762,0,,,,
cand_026,[*:2]n1nnc(/N=[N+](\[*:1])[O-])n1,azoxy,415,415,415,-59.8028,-62.7214,45.6957,0.110843,415,-227.192,-228.082,81.229,0.00240964,415,-29.7193,-29.6147,13.4025,0,415,-0.193372,-0.1882,0.0577431,0.00240964,415,-0.846402,-0.81755,0.395815,0.00240964,415,-7.53863,-7.36786,3.69977,0.00240964,415,35.1526,15.6227,46.1273,0.93494,0,,,,
cand_026,[*:1]n1nnc(/N=[N+](\[*:2])[O-])n1,azoxy,192,192,192,-67.0814,-73.2564,52.7468,0.130208,192,-193.482,-186.404,103.159,0.0260417,192,-24.8181,-21.9952,14.374,0,192,-0.189029,-0.1787,0.0773688,0.0208333,192,-0.740495,-0.652487,0.462308,0.0364583,192,-6.50245,-5.88724,4.22794,0.046875,192,30.3447,9.45125,46.881,0.885417,0,,,,
cand_026,[*:1]c1nnn(N[N+](=O)[O-])n1,nitramine,2,2,2,-7.2658,-7.2658,10.3171,0.5,2,-5.97704,-5.97704,8.59086,0.5,2,-6.6083,-6.6083,9.34555,0,2,-0.0055,-0.0055,0.0079196,0.5,2,-0.22959,-0.22959,0.328716,0.5,2,-2.47258,-2.47258,3.54527,0.5,2,-0.8164,-0.8164,0.0118794,0,0,,,,
cand_026,[*:1]n1nnnc1N[N+](=O)[O-],nitramine,2,2,2,35.8132,35.8132,54.9356,0.5,2,10.3179,10.3179,28.7845,0.5,2,-4.23834,-4.23834,5.99391,0,2,-0.0009,-0.0009,0.00919239,0.5,2,-0.172241,-0.172241,0.0264826,0,2,-1.93658,-1.93658,0.184725,0,2,4.1544,4.1544,7.34033,0.5,0,,,,
cand_026,[*:1]c1nnn([*:2])n1,azole_ring,1,1,1,0.029493,0.029493,0,1,1,0.0976169,0.0976169,0,1,1,0,0,0,0,1,0.0001,0.0001,0,1,1,0.00284713,0.00284713,0,1,1,0.0343058,0.0343058,0,1,1,-0.808,-0.808,0,0,0,,,,
cand_026,[*:1]c1nnnn1[*:2],azole_ring,1,1,1,-3.03213,-3.03213,0,0,1,-10.0358,-10.0358,0,0,1,0,0,0,0,1,-0.0074,-0.0074,0,0,1,-0.153515,-0.153515,0,0,1,-1.80596,-1.80596,0,0,1,-1.036,-1.036,0,0,0,,,,
cand_026,[*:1]Nn1nnc([*:2])n1,azole_ring,1,1,1,0.029493,0.029493,0,1,1,0.0976169,0.0976169,0,1,1,0,0,0,0,1,0.0001,0.0001,0,1,1,0.00284713,0.00284713,0,1,1,0.0343058,0.0343058,0,1,1,-0.808,-0.808,0,0,0,,,,
cand_026,[*:1]Nc1nnnn1[*:2],azole_ring,1,1,1,-3.03213,-3.03213,0,0,1,-10.0358,-10.0358,0,0,1,0,0,0,0,1,-0.0074,-0.0074,0,0,1,-0.153515,-0.153515,0,0,1,-1.80596,-1.80596,0,0,1,-1.036,-1.036,0,0,0,,,,
cand_026,[*:1]N[N+](=O)[O-],nitramine,1,1,1,69.9555,69.9555,0,1,1,14.0603,14.0603,0,1,1,-8.47667,-8.47667,0,0,1,-0.0066,-0.0066,0,0,1,-0.208584,-0.208584,0,0,1,-2.20007,-2.20007,0,0,1,12.2031,12.2031,0,1,0,,,,
cand_027,[*:1]NNc1nnn([*:2])n1,hydrazo,532,532,532,-45.8108,-51.0488,48.7242,0.165414,532,-119.545,-108.409,123.468,0.157895,532,-18.439,-17.0853,15.6069,0.12782,532,-0.213144,-0.2118,0.0655704,0.0018797,532,-0.579761,-0.554396,0.359747,0.0357143,532,-4.17208,-3.99157,3.1043,0.0996241,532,51.3744,68.7356,82.3366,0.699248,0,,,,
cand_027,[*:1]c1nnn(N=[N+]=[N-])n1,azide,257,257,257,-128.646,-136.459,48.0179,0.00389105,257,-281.373,-259.016,150.335,0.0116732,257,-31.0984,-29.515,19.6509,0.0350195,257,-0.215744,-0.2159,0.0756967,0.0077821,257,-0.768065,-0.719747,0.421011,0.0272374,257,-5.82611,-5.46789,3.51675,0.0389105,257,32.2585,33.7727,82.7085,0.614786,0,,,,
cand_027,[*:1]Nc1nnn([*:2])n1,azole_ring,176,176,176,-27.123,-41.8688,53.124,0.267045,176,-134.234,-113.096,120.552,0.102273,176,-17.6603,-13.7045,15.2411,0.0511364,176,-0.166934,-0.1681,0.0497746,0.00568182,176,-0.493606,-0.43746,0.326033,0.0284091,176,-3.64799,-3.2509,2.86894,0.0454545,176,8.33537,-4.6991,89.272,0.482955,0,,,,
cand_027,[*:1]Nc1nnn(N=[N+]=[N-])n1,azide,110,110,110,-151.069,-151.829,40.0295,0.00909091,110,-376.711,-410.495,157.784,0.0181818,110,-41.5444,-40.6935,20.6252,0.0181818,110,-0.234051,-0.2419,0.0893649,0.0181818,110,-0.955464,-0.903411,0.457732,0.0272727,110,-7.38021,-7.21517,3.69085,0.0363636,110,50.4068,59.2497,73.0904,0.718182,0,,,,
cand_027,[*:2]c1nnn([*:1])n1,azole_ring,94,94,94,-25.6058,-42.3438,55.7024,0.276596,94,-130.82,-108.782,118.038,0.0957447,94,-16.6261,-12.5818,15.8317,0.0744681,94,-0.173822,-0.1738,0.0445994,0,94,-0.486388,-0.480328,0.339232,0.0425532,94,-3.54115,-3.57308,3.00681,0.0638298,94,-4.0667,-22.0224,88.166,0.43617,0,,,,
cand_027,[*:1]c1nnn([*:2])n1,azole_ring,91,91,91,-25.4,-36.1088,50.0603,0.274725,91,-123.434,-93.2159,126.177,0.153846,91,-16.6986,-12.5818,15.3286,0.0769231,91,-0.156875,-0.1577,0.0522033,0.010989,91,-0.456879,-0.392246,0.330144,0.0659341,91,-3.35563,-2.75206,2.90994,0.0769231,91,13.0846,-2.4445,90.8602,0.494505,0,,,,
cand_028,[*:1]/N=[N+](/[O-])c1nnn(N[*:2])n1,azoxy,1195,1195,1195,-62.7785,-66.794,49.4359,0.123013,1195,-187.675,-191.403,95.6158,0.023431,1195,-27.6711,-26.6533,13.7574,0,1195,-0.187975,-0.1826,0.0611153,0.00334728,1195,-0.737219,-0.694502,0.400183,0.00669456,1195,-6.33183,-6.02659,3.67994,0.01841,1195,28.5735,9.7439,47.5822,0.98159,0,,,,
cand_028,[*:2]Nn1nnc(/N=[N+](/[*:1])[O-])n1,azoxy,783,783,783,-52.3784,-59.944,44.4075,0.154534,783,-183.242,-187.983,92.1067,0.0268199,783,-27.938,-26.6533,13.4298,0,783,-0.173443,-0.173,0.0531667,0.00510856,783,-0.725132,-0.671098,0.38488,0.00383142,783,-6.29343,-5.8773,3.56522,0.0102171,783,27.0684,10.2518,43.1717,0.989783,0,,,,
cand_028,[*:1]/N=[N+](/[O-])c1nnn([*:2])n1,azoxy,629,629,629,-56.1518,-63.234,48.4265,0.151033,629,-198.191,-197.968,89.1019,0.00794913,629,-27.9158,-26.6533,13.8055,0,629,-0.178703,-0.1748,0.0584775,0.0063593,629,-0.733413,-0.694833,0.402985,0.00953895,629,-6.34103,-6.07322,3.73899,0.0254372,629,18.2729,6.935,31.2158,0.969793,0,,,,
cand_028,[*:2]n1nnc(/N=[N+](/[*:1])[O-])n1,azoxy,509,509,509,-52.8332,-61.884,46.268,0.157171,509,-197.093,-197.715,85.8021,0.00785855,509,-28.2703,-26.6533,13.6541,0,509,-0.173299,-0.1712,0.0547022,0.00785855,509,-0.738335,-0.699059,0.393918,0.00982318,509,-6.42502,-6.12435,3.66444,0.0176817,509,15.9846,5.9625,26.9274,0.972495,0,,,,
cand_028,[*:1]Nn1nnc(/N=[N+](/[*:2])[O-])n1,azoxy,412,412,412,-82.5436,-91.684,52.4406,0.0631068,412,-196.101,-196.99,101.535,0.0169903,412,-27.1641,-28.0025,14.3624,0,412,-0.215593,-0.209,0.0656174,0,412,-0.760191,-0.739953,0.427301,0.0121359,412,-6.40482,-6.30259,3.89205,0.0339806,412,31.4338,7.994,54.9421,0.966019,0,,,,
cand_028,[*:1]n1nnc(/N=[N+](/[*:2])[O-])n1,azoxy,120,120,120,-70.2281,-73.864,54.6854,0.125,120,-202.852,-204.615,102.189,0.00833333,120,-26.4121,-24.5009,14.3919,0,120,-0.201623,-0.1959,0.0679539,0,120,-0.712537,-0.672078,0.440524,0.00833333,120,-5.98476,-5.67623,4.03677,0.0583333,120,27.979,11.5857,43.9276,0.958333,0,,,,
cand_028,[*:1]c1nnn(N[N+](=O)[O-])n1,nitramine,2,2,2,39.3841,39.3841,49.3879,1,2,21.6304,21.6304,9.70624,1,2,-4.23834,-4.23834,5.99391,0,2,0.00755,0.00755,0.00487904,1,2,-0.0223367,-0.0223367,0.0404772,0.5,2,-0.180952,-0.180952,0.709191,0.5,2,22.68,22.68,32.6015,0.5,0,,,,
cand_028,[*:1]c1nnn([*:2])n1,azole_ring,1,1,1,4.46159,4.46159,0,1,1,14.7671,14.7671,0,1,1,0,0,0,0,1,0.011,0.011,0,1,1,-0.0509584,-0.0509584,0,0,1,-0.682426,-0.682426,0,0,1,-0.3727,-0.3727,0,0,0,,,,
cand_028,[*:1]Nn1nnc([*:2])n1,azole_ring,1,1,1,4.46159,4.46159,0,1,1,14.7671,14.7671,0,1,1,0,0,0,0,1,0.011,0.011,0,1,1,-0.0509584,-0.0509584,0,0,1,-0.682426,-0.682426,0,0,1,-0.3727,-0.3727,0,0,0,,,,
cand_028,[*:1]N[N+](=O)[O-],nitramine,1,1,1,74.3066,74.3066,0,1,1,28.4938,28.4938,0,1,1,-8.47667,-8.47667,0,0,1,0.0041,0.0041,0,1,1,0.00628501,0.00628501,0,1,1,0.320522,0.320522,0,1,1,45.7328,45.7328,0,1,0,,,,
cand_029,[*:1]/N=[N+](/[O-])c1nnnn1[*:2],azoxy,532,532,532,-71.5701,-76.7597,48.6659,0.0977444,532,-309.079,-297.587,122.848,0.0018797,532,-32.2741,-30.8945,15.5646,0.0037594,532,-0.21094,-0.2096,0.0655838,0.0037594,532,-0.918765,-0.892764,0.358418,0.0018797,532,-7.74349,-7.55627,3.09139,0.0018797,532,-61.2547,-44.0722,82.3239,0.343985,0,,,,
cand_029,[*:2]n1nnc(/N=[N+](/[*:1])[O-])n1,azoxy,410,410,410,-56.6874,-62.8847,48.2371,0.143902,410,-296.044,-287.581,125.872,0.00487805,410,-32.4166,-30.8945,15.3614,0.00731707,410,-0.187612,-0.18895,0.0626294,0.0097561,410,-0.879212,-0.857991,0.346788,0.00243902,410,-7.49824,-7.35318,3.00717,0.00243902,410,-59.8565,-47.7531,80.341,0.35122,0,,,,
cand_029,[*:1]n1nnc(/N=[N+](/[*:2])[O-])n1,azoxy,137,137,137,-87.798,-94.6197,49.5139,0.0510949,137,-302.83,-289.744,136.915,0.00729927,137,-31.3479,-26.6021,18.2485,0.00729927,137,-0.234766,-0.2441,0.0669013,0.00729927,137,-0.949742,-0.892807,0.433169,0,137,-7.8716,-7.67526,3.67719,0,137,-56.6346,-35.184,83.324,0.394161,0,,,,
cand_029,[*:1]c1nnnn1N=[N+]=[N-],azide,7,7,7,-78.5775,-77.8182,3.60347,0,7,-14.6578,-30.7233,31.9587,0.428571,7,10.7715,9.6962,1.34112,1,7,-0.00782857,-0.01,0.00532751,0,7,0.235353,0.222374,0.0924546,1,7,2.45833,2.28868,1.09409,1,7,-203.986,-227.135,44.0104,0,0,,,,
cand_029,[*:1]N=[N+]=[N-],azide,4,2,4,-77.3928,-77.4582,5.40198,0,4,-4.89535,-4.73445,26.5968,0.5,4,10.9507,10.9507,1.44857,1,4,-0.0035,-0.00365,0.004312,0.25,4,0.264451,0.262467,0.0482501,1,4,2.76586,2.73995,0.548015,1,4,-195.332,-219.935,57.2129,0,0,,,,
cand_029,[*:1]c1nnn(N=[N+]=[N-])n1,azide,1,1,1,3.42557,3.42557,0,1,1,12.9693,12.9693,0,1,1,0,0,0,0,1,0.0094,0.0094,0,1,1,-0.00685105,-0.00685105,0,0,1,-0.134503,-0.134503,0,0,1,-166.592,-166.592,0,0,0,,,,
cand_029,[*:1]c1nnn([*:2])n1,azole_ring,1,1,1,3.42557,3.42557,0,1,1,12.9693,12.9693,0,1,1,0,0,0,0,1,0.0094,0.0094,0,1,1,-0.00685105,-0.00685105,0,0,1,-0.134503,-0.134503,0,0,1,-166.592,-166.592,0,0,0,,,,
cand_029,[*:1]/N=[N+](\[*:2])[O-],azoxy,1,1,1,-21.8273,-21.8273,0,0,1,-173.652,-173.652,0,0,1,-13.8092,-13.8092,0,0,1,0.0147,0.0147,0,1,1,-0.187086,-0.187086,0,0,1,-1.9679,-1.9679,0,0,1,-26.9005,-26.9005,0,0,0,,,,
cand_030,[*:1]/N=[N+](/[O-])c1nnnn1[*:2],azoxy,934,934,934,-66.9422,-71.3228,48.1869,0.102784,934,-286.376,-282.07,109.13,0.00214133,934,-33.1168,-31.8484,14.6164,0.00214133,934,-0.215108,-0.2146,0.0662311,0.00321199,934,-1.0014,-0.976606,0.388659,0.00107066,934,-8.83942,-8.68276,3.41793,0.00107066,934,28.3335,35.0065,83.8174,0.605996,0,,,,
cand_030,[*:2]n1nnc(/N=[N+](/[*:1])[O-])n1,azoxy,405,405,405,-62.1365,-69.1028,47.1763,0.120988,405,-270.981,-266.637,99.2029,0.00246914,405,-33.4879,-32.8472,14.568,0.00246914,405,-0.213677,-0.2164,0.0561253,0,405,-1.03757,-1.03896,0.388805,0,405,-9.21521,-9.19271,3.44787,0,405,-20.4166,-51.7264,91.5263,0.377778,0,,,,
cand_030,[*:1]n1nnc(/N=[N+](/[*:2])[O-])n1,azoxy,139,139,139,-84.9722,-93.9428,52.0517,0.0719424,139,-265.471,-268.344,112.024,0.0143885,139,-30.1311,-27.6274,16.1217,0.0143885,139,-0.237201,-0.2382,0.0748074,0.00719424,139,-1.00341,-0.894214,0.464821,0.00719424,139,-8.75023,-7.92432,4.02775,0.00719424,139,-45.941,-65.9516,78.3524,0.23741,0,,,,
cand_030,[*:1]c1nnnn1[N+](=O)[O-],nitro,7,7,7,14.3332,4.65406,29.7231,0.857143,7,-38.213,-51.3341,28.9783,0.142857,7,-3.1773,-2.50897,4.15291,0,7,-0.00234286,-0.0052,0.00604314,0.428571,7,-0.136514,-0.1179,0.117932,0.142857,7,-1.49657,-1.33754,1.32353,0.142857,7,-77.8896,-116.8,84.3819,0.142857,0,,,,
cand_030,[*:2]c1nnnn1[*:1],azole_ring,5,5,5,3.46007,4.65406,4.08664,0.8,5,-50.6703,-61.5049,22.1132,0,5,-2.00718,-2.50897,1.12205,0,5,-0.00516,-0.0056,0.00447806,0.2,5,-0.0960511,-0.10301,0.0992586,0.2,5,-1.04138,-1.17186,1.17472,0.2,5,-107.709,-116.8,18.1438,0,0,,,,
cand_030,[*:1][N+](=O)[O-],nitro,2,2,2,44.4871,44.4871,52.0568,1,2,-35.9725,-35.9725,21.7247,0,2,-7.35708,-7.35708,6.85627,0,2,0.00355,0.00355,0.00176777,1,2,-0.221642,-0.221642,0.146713,0,2,-2.39904,-2.39904,1.50119,0,2,-3.233,-3.233,160.608,0.5,0,,,,
cand_030,[*:1]c1nnn(N=[N+]=[N-])n1,azide,1,1,1,4.46912,4.46912,0,1,1,16.669,16.669,0,1,1,0,0,0,0,1,0.0119,0.0119,0,1,1,0.104057,0.104057,0,1,1,1.18257,1.18257,0,1,1,20.113,20.113,0,1,0,,,,
cand_030,[*:1]c1nnn([*:2])n1,azole_ring,1,1,1,4.46912,4.46912,0,1,1,16.669,16.669,0,1,1,0,0,0,0,1,0.0119,0.0119,0,1,1,0.104057,0.104057,0,1,1,1.18257,1.18257,0,1,1,20.113,20.113,0,1,0,,,,
cand_030,[*:1]c1nnnn1[*:2],azole_ring,1,1,1,1.73506,1.73506,0,1,1,6.47146,6.47146,0,1,1,0,0,0,0,1,0.0046,0.0046,0,1,1,-0.149957,-0.149957,0,0,1,-1.80855,-1.80855,0,0,1,-117.016,-117.016,0,0,0,,,,
cand_031,[*:1]/N=[N+](/[O-])c1nnnn1N[*:2],azoxy,934,934,934,-74.6277,-79.0002,48.1746,0.0749465,934,-234.987,-230.736,109.261,0.0171306,934,-30.6051,-29.3394,14.6222,0.00642398,934,-0.217411,-0.2169,0.0662231,0.00214133,934,-0.883378,-0.858707,0.388965,0.00749465,934,-7.50044,-7.3452,3.42135,0.00749465,934,145.259,151.807,83.6877,0.974304,0,,,,
cand_031,[*:1]/N=[N+](/[O-])c1nnnn1[*:2],azoxy,634,634,634,-59.9546,-64.5452,48.6237,0.137224,634,-235.463,-229.012,97.6515,0,634,-28.5278,-27.7142,13.9841,0.00315457,634,-0.197479,-0.195,0.0588248,0,634,-0.804389,-0.772744,0.377715,0.00788644,634,-6.8538,-6.56174,3.38882,0.0141956,634,120.992,110.718,84.4229,0.9653,0,,,,
cand_031,[*:2]n1nnc(/N=[N+](/[*:1])[O-])n1,azoxy,431,431,431,-58.3586,-62.2402,46.6189,0.12761,431,-236.927,-224.069,104.647,0.00464037,431,-29.0909,-28.1055,14.1719,0.00696056,431,-0.18894,-0.1827,0.0567605,0,431,-0.820349,-0.799954,0.371042,0.00464037,431,-7.0725,-6.81485,3.30516,0.00464037,431,62.3309,30.6842,78.4233,0.74942,0,,,,
cand_031,[*:1]n1nnc(/N=[N+](/[*:2])[O-])n1,azoxy,187,187,187,-67.7886,-76.3902,52.6669,0.101604,187,-217.071,-210.192,112.557,0.0106952,187,-25.641,-22.3674,15.2652,0.0160428,187,-0.205722,-0.206,0.0739666,0.00534759,187,-0.780696,-0.727444,0.439688,0.026738,187,-6.58974,-6.21688,3.86147,0.026738,187,46.5036,15.5277,65.6485,0.684492,0,,,,
cand_031,[*:1]c1nnnn1N[N+](=O)[O-],nitramine,7,7,7,5.55902,-4.19867,30.1482,0.142857,7,20.4546,30.7233,31.4909,0.571429,7,-0.309899,0,4.32491,0.428571,7,-0.00497143,-0.0075,0.00580652,0.285714,7,-0.00177096,0.0148901,0.128939,0.571429,7,0.0320546,0.165689,1.4416,0.571429,7,55.5966,25.0397,86.9154,0.571429,0,,,,
cand_031,[*:1]Nn1nnnc1[*:2],azole_ring,6,6,6,-5.7844,-5.0705,3.13784,0,6,18.7431,14.4133,34.1381,0.5,6,1.25449,1.25449,1.37422,0.5,6,-0.00621667,-0.0077,0.00523772,0.166667,6,0.0325145,0.0276396,0.10038,0.666667,6,0.391229,0.346555,1.18751,0.666667,6,27.0069,12.4122,46.8959,0.5,0,,,,
cand_031,[*:1]c1nnn(N=[N+]=[N-])n1,azide,3,3,3,-45.3458,-67.9173,43.3251,0.333333,3,-5.20663,-7.98589,20.2241,0.333333,3,5.65111,8.47667,4.89401,0.666667,3,0.0075,0.0112,0.00702353,0.666667,3,0.1373,0.143035,0.0264436,1,3,1.40982,1.57329,0.334231,1,3,-12.9909,-14.4795,2.63218,0,0,,,,
cand_031,[*:1]c1nnnn1[*:2],azole_ring,2,2,2,-2.95149,-2.95149,0.101611,0,2,-10.4245,-10.4245,0.358927,0,2,0,0,0,0,2,-0.0077,-0.0077,0.000282843,0,2,0.103046,0.103046,0.0886103,1,2,1.27785,1.27785,1.06126,1,2,15.2484,15.2484,23.1615,0.5,0,,,,
cand_031,[*:1]N[N+](=O)[O-],nitramine,2,2,2,32.971,32.971,57.4856,0.5,2,41.0287,41.0287,14.574,1,2,-3.59361,-3.59361,8.63036,0.5,2,0.0001,0.0001,0.00339411,0.5,2,-0.044792,-0.044792,0.230081,0.5,2,-0.392725,-0.392725,2.44696,0.5,2,171.968,171.968,78.0186,1,0,,,,
cand_031,[*:1]c1nnn([*:2])n1,azole_ring,1,1,1,4.60466,4.60466,0,1,1,16.2634,16.2634,0,1,1,0,0,0,0,1,0.0119,0.0119,0,1,1,0.143035,0.143035,0,1,1,1.63086,1.63086,0,1,1,-9.9517,-9.9517,0,0,0,,,,
cand_031,[*:2]c1nnnn1[*:1],azole_ring,1,1,1,-4.19867,-4.19867,0,0,1,-14.8295,-14.8295,0,0,1,0,0,0,0,1,-0.0109,-0.0109,0,0,1,-0.111738,-0.111738,0,0,1,-1.24054,-1.24054,0,0,1,-10.0796,-10.0796,0,0,0,,,,
cand_031,[*:1]N=[N+]=[N-],azide,1,1,1,-72.7247,-72.7247,0,0,1,-23.8974,-23.8974,0,0,1,8.47667,8.47667,0,1,1,-0.0006,-0.0006,0,0,1,0.10846,0.10846,0,1,1,1.02532,1.02532,0,1,1,-14.4795,-14.4795,0,0,0,,,,
cand_032,[*:2]n1nnc(/N=[N+](\[*:1])[O-])n1,azoxy,570,570,570,-53.1203,-58.6747,47.9302,0.157895,570,-272.572,-271.156,115.689,0.00701754,570,-34.5351,-32.8472,15.2533,0,570,-0.191416,-0.1931,0.0650504,0.0105263,570,-0.934552,-0.917561,0.392089,0.0105263,570,-8.15744,-8.01564,3.47142,0.0105263,570,114.004,107.603,88.2873,0.873684,0,,,,
cand_032,[*:1]/N=[N+](\[O-])c1nnnn1[*:2],azoxy,505,505,505,-66.8387,-70.4247,48.988,0.110891,505,-273.111,-263.926,102.132,0,505,-32.2199,-30.6145,15.2354,0.0019802,505,-0.222231,-0.2158,0.0623724,0,505,-0.960642,-0.917965,0.415468,0.0019802,505,-8.27843,-7.96835,3.6386,0.0019802,505,76.8392,47.7092,88.4354,0.748515,0,,,,
cand_032,[*:1]n1nnc(/N=[N+](\[*:2])[O-])n1,azoxy,347,347,347,-80.2543,-86.8347,44.9919,0.0576369,347,-285.372,-283.17,101.611,0,347,-33.258,-34.2983,14.2807,0,347,-0.228315,-0.229,0.0650294,0.00288184,347,-0.966426,-0.951516,0.396329,0.00288184,347,-8.27662,-8.25359,3.4679,0.00288184,347,91.303,68.5964,91.2047,0.804035,0,,,,
cand_032,[*:1][N+](=O)[O-],nitro,2,2,2,46.7453,46.7453,50.869,1,2,-27.7164,-27.7164,17.5293,0,2,-7.35708,-7.35708,6.85627,0,2,0.0094,0.0094,0.00127279,1,2,-0.126699,-0.126699,0.187729,0.5,2,-1.30498,-1.30498,1.96808,0.5,2,97.1738,97.1738,163.428,0.5,0,,,,
cand_032,[*:1]c1nnn([N+](=O)[O-])n1,nitro,1,1,1,10.7754,10.7754,0,1,1,-40.1115,-40.1115,0,0,1,-2.50897,-2.50897,0,0,1,0.0103,0.0103,0,1,1,0.00604553,0.00604553,0,1,1,0.0866628,0.0866628,0,1,1,-18.3874,-18.3874,0,0,0,,,,
cand_032,[*:2]c1nnn([*:1])n1,azole_ring,1,1,1,10.7754,10.7754,0,1,1,-40.1115,-40.1115,0,0,1,-2.50897,-2.50897,0,0,1,0.0103,0.0103,0,1,1,0.00604553,0.00604553,0,1,1,0.0866628,0.0866628,0,1,1,-18.3874,-18.3874,0,0,0,,,,
cand_032,[*:1]/N=[N+](\[*:2])[O-],azoxy,1,1,1,-24.0747,-24.0747,0,0,1,-136.61,-136.61,0,0,1,-12.9203,-12.9203,0,0,1,-0.0308,-0.0308,0,0,1,-0.381163,-0.381163,0,0,1,-3.82261,-3.82261,0,0,1,30.5643,30.5643,0,1,0,,,,
cand_033,[*:1]NNn1nnnc1[*:2],hydrazo,1786,1676,1786,-41.5169,-44.255,48.2821,0.183651,1786,-131.977,-130.331,95.2076,0.0789474,1786,-18.641,-17.8663,13.5293,0.0632699,1786,-0.18088,-0.1764,0.0656637,0.00503919,1786,-0.586808,-0.539764,0.406487,0.06271,1786,-4.87217,-4.49534,3.75501,0.0968645,1786,29.7934,10.4689,46.8093,0.984882,0,,,,
cand_033,[*:1]NNn1nnnc1N[*:2],hydrazo,932,932,932,-54.4098,-57.47,47.2751,0.116953,932,-112.197,-113.726,97.5154,0.121245,932,-19.6752,-18.1672,13.9252,0.0783262,932,-0.195027,-0.19085,0.0676912,0,932,-0.654254,-0.593232,0.410028,0.0407725,932,-5.48949,-4.95303,3.73487,0.0579399,932,24.3378,6.8161,42.6764,0.965665,0,,,,
cand_033,[*:1]Nn1nnnc1[*:2],azole_ring,412,377,412,-34.6185,-43.34,46.2472,0.211165,412,-144.489,-138.31,81.4088,0.0291262,412,-21.8491,-21.9655,13.146,0.0339806,412,-0.153289,-0.1511,0.0526948,0,412,-0.601286,-0.570893,0.38978,0.0485437,412,-5.12364,-4.8552,3.61722,0.0582524,412,23.5324,9.35165,35.6844,0.992718,0,,,,
cand_033,[*:1]Nc1nnnn1[*:2],azole_ring,361,361,361,-36.0899,-46.07,49.9022,0.227147,361,-115.598,-118.508,81.8106,0.0858726,361,-20.1965,-20.8276,13.3282,0.0609418,361,-0.153802,-0.1536,0.0526592,0,361,-0.563087,-0.538597,0.394982,0.066482,361,-4.74349,-4.53042,3.68545,0.066482,361,20.8032,6.5552,35.0139,0.977839,0,,,,
cand_033,[*:1]c1nnnn1[*:2],azole_ring,351,327,351,-28.1051,-38.19,46.7561,0.253561,351,-147.413,-146.914,86.2394,0.022792,351,-21.2616,-22.9832,14.0202,0.0740741,351,-0.149292,-0.1491,0.0511777,0,351,-0.580755,-0.548835,0.409737,0.0626781,351,-4.93071,-4.57002,3.8216,0.0997151,351,23.7703,9.6411,37.5181,0.985755,0,,,,
cand_033,[*:1]n1nnnc1[N+](=O)[O-],nitro,312,312,312,-46.4363,-55.385,51.7883,0.173077,312,-279.001,-260.922,130.691,0.00320513,312,-39.4127,-36.3687,18.1929,0.0128205,312,-0.195613,-0.19695,0.0648842,0,312,-1.03522,-1.00504,0.450157,0.00961538,312,-9.03879,-9.01195,3.95649,0.0128205,312,67.8903,41.9358,68.6194,1,0,,,,
cand_033,[*:1]n1nnnc1N[N+](=O)[O-],nitramine,265,265,265,-53.0813,-60.24,46.0945,0.177358,265,-238.625,-218.773,116.488,0.00754717,265,-40.3767,-41.9764,18.661,0.00377358,265,-0.196311,-0.1923,0.0633849,0.00377358,265,-1.08055,-1.09173,0.463849,0,265,-9.448,-9.57719,4.08584,0,265,53.8262,26.0402,66.8796,0.992453,0,,,,
cand_033,[*:2]Nc1nnnn1N[*:1],azole_ring,207,207,207,-40.7512,-50.09,51.3785,0.207729,207,-122.838,-125.001,78.7005,0.0628019,207,-21.6244,-21.859,12.8501,0.0338164,207,-0.160444,-0.1619,0.0535503,0,207,-0.60309,-0.577297,0.384801,0.0386473,207,-5.10544,-4.80575,3.57341,0.0386473,207,24.7154,7.3667,40.1425,0.995169,0,,,,
cand_033,[*:2]c1nnnn1[*:1],azole_ring,186,171,186,-30.0932,-38.365,49.3225,0.236559,186,-126.102,-126.817,80.0219,0.0322581,186,-19.7786,-19.0725,13.0351,0.0860215,186,-0.146819,-0.14085,0.0525645,0,186,-0.542038,-0.528911,0.386868,0.0860215,186,-4.57208,-4.49789,3.61896,0.0967742,186,23.8468,9.32135,36.1576,0.978495,0,,,,
cand_033,[*:1]Nn1nnnc1[N+](=O)[O-],nitro,169,169,169,-55.9998,-61.27,48.3383,0.147929,169,-317.702,-301.301,147.616,0,169,-44.6596,-42.2442,19.7409,0,169,-0.202002,-0.1974,0.0733407,0,169,-1.1499,-1.11215,0.468202,0,169,-10.0727,-9.80117,4.00481,0,169,76.8377,53.5084,72.2844,1,0,,,,
cand_033,[*:1]Nc1nnnn1N[*:2],azole_ring,130,130,130,-38.6235,-46.955,42.2966,0.184615,130,-124.357,-122.424,79.3696,0.0384615,130,-20.9334,-21.859,13.194,0.0461538,130,-0.153385,-0.157,0.0499933,0,130,-0.584331,-0.564464,0.38879,0.0538462,130,-4.96335,-4.71823,3.63041,0.0538462,130,17.6638,5.9216,27.5016,0.969231,0,,,,
cand_033,[*:2]Nn1nnnc1[*:1],azole_ring,68,68,68,-29.3185,-38.68,41.1005,0.25,68,-199.34,-195.935,59.942,0,68,-27.8665,-25.9764,11.5062,0,68,-0.164021,-0.16245,0.0359819,0,68,-0.755511,-0.719858,0.337603,0.0147059,68,-6.58876,-6.25022,3.18142,0.0147059,68,36.831,16.9068,50.0211,0.985294,0,,,,
cand_033,[*:1]N[N+](=O)[O-],nitramine,1,1,1,-8.34319,-8.34319,0,0,1,45.8366,45.8366,0,1,1,2.58812,2.58812,0,1,1,-0.0018,-0.0018,0,0,1,-0.0900356,-0.0900356,0,0,1,-1.13028,-1.13028,0,0,1,-0.0504,-0.0504,0,0,0,,,,
cand_033,[*:1]NN[*:2],hydrazo,1,1,1,34.12,34.12,0,1,1,80.3562,80.3562,0,1,1,6.00064,6.00064,0,1,1,-0.0048,-0.0048,0,0,1,0.270268,0.270268,0,1,1,3.01806,3.01806,0,1,1,6.0026,6.0026,0,1,0,,,,
cand_034,[*:2]c1nnnn1/N=[N+](\[*:1])[O-],azoxy,562,562,562,-67.362,-71.8212,47.6697,0.0960854,562,-308.523,-304.072,108.699,0,562,-33.7008,-31.8484,14.5176,0,562,-0.219993,-0.21585,0.0695585,0,562,-0.903921,-0.869667,0.385343,0,562,-7.58123,-7.35797,3.35983,0,562,116.531,99.1322,85.7829,0.994662,0,,,,
cand_034,[*:1]/N=[N+](\[O-])n1nnnc1[*:2],azoxy,525,525,525,-66.2119,-67.4362,47.4712,0.087619,525,-255.652,-248.679,104.649,0.00761905,525,-32.695,-31.0232,15.6493,0.00380952,525,-0.207615,-0.2045,0.0728073,0.00761905,525,-0.896497,-0.852173,0.433414,0.00761905,525,-7.56914,-7.26254,3.76624,0.00952381,525,68.2136,32.3183,79.2211,0.931429,0,,,,
cand_034,[*:1]c1nnnn1/N=[N+](\[*:2])[O-],azoxy,360,360,360,-89.3098,-95.3662,43.8225,0.0194444,360,-313.833,-317.525,111.771,0.00277778,360,-32.0321,-33.555,14.8979,0.00833333,360,-0.248984,-0.2529,0.0718157,0,360,-0.946517,-0.956179,0.425113,0.0111111,360,-7.85302,-8.00693,3.66179,0.0111111,360,93.785,67.5991,84.9031,0.969444,0,,,,
cand_034,[*:1]c1nnnn1[*:2],azole_ring,2,2,2,6.22628,6.22628,0.678448,1,2,-55.9119,-55.9119,2.39617,0,2,-2.50897,-2.50897,0,0,2,-0.00135,-0.00135,0.00176777,0,2,-0.0602461,-0.0602461,0.0631417,0,2,-0.616443,-0.616443,0.746969,0,2,0.4817,0.4817,3.25722,0.5,0,,,,
cand_034,[*:1]n1nnnc1[N+](=O)[O-],nitro,2,2,2,6.22628,6.22628,0.678448,1,2,-55.9119,-55.9119,2.39617,0,2,-2.50897,-2.50897,0,0,2,-0.00135,-0.00135,0.00176777,0,2,-0.0602461,-0.0602461,0.0631417,0,2,-0.616443,-0.616443,0.746969,0,2,0.4817,0.4817,3.25722,0.5,0,,,,
cand_034,[*:1][N+](=O)[O-],nitro,1,1,1,6.70602,6.70602,0,1,1,-54.2176,-54.2176,0,0,1,-2.50897,-2.50897,0,0,1,-0.0001,-0.0001,0,0,1,-0.104894,-0.104894,0,0,1,-1.14463,-1.14463,0,0,1,-1.8215,-1.8215,0,0,0,,,,
cand_034,[*:1]N=[N+]=[N-],azide,1,1,1,-81.5485,-81.5485,0,0,1,-5.43457,-5.43457,0,0,1,-4.60033,-4.60033,0,0,1,0.0051,0.0051,0,1,1,-0.0944211,-0.0944211,0,0,1,-0.990556,-0.990556,0,0,1,-2.9427,-2.9427,0,0,0,,,,
cand_035,[*:1]/N=[N+](/[O-])n1nnnc1[*:2],azoxy,931,931,931,-79.1849,-83.5795,46.9246,0.0719656,931,-327.097,-327.349,108.902,0,931,-33.8337,-31.8484,14.5313,0.00214823,931,-0.241824,-0.2404,0.06784,0,931,-0.874502,-0.826372,0.393117,0.00214823,931,-7.03866,-6.7901,3.40335,0.00214823,931,87.0935,51.2903,87.5247,0.947368,0,,,,
cand_035,[*:2]c1nnn(/N=[N+](/[*:1])[O-])n1,azoxy,383,383,383,-62.7772,-61.9595,45.8945,0.0913838,383,-265.018,-253.245,99.9522,0,383,-33.5524,-32.8472,15.3782,0.00261097,383,-0.207317,-0.2001,0.0682245,0,383,-0.832908,-0.808567,0.418012,0.0078329,383,-6.80848,-6.5508,3.65332,0.0130548,383,76.4833,41.4125,82.3073,0.932115,0,,,,
cand_035,[*:1]c1nnn(/N=[N+](/[*:2])[O-])n1,azoxy,142,142,142,-79.193,-85.6895,49.6936,0.0704225,142,-244.251,-248.93,115.334,0.0211268,142,-30.3822,-26.9654,16.1878,0.00704225,142,-0.21805,-0.2298,0.0836493,0.0211268,142,-0.813532,-0.68094,0.474628,0.028169,142,-6.58466,-5.38312,4.07449,0.028169,142,44.0377,14.4993,64.7842,0.887324,0,,,,
cand_035,[*:1]n1nnc(N=[N+]=[N-])n1,azide,3,3,3,-22.3693,3.49836,48.9928,0.666667,3,-13.6207,13.0482,62.2374,0.666667,3,-2.4163,0,4.18515,0,3,0.00783333,0.0093,0.014954,0.666667,3,0.10036,0.0621485,0.0713315,1,3,1.20626,0.935336,0.713178,1,3,13.6786,10.6967,12.5794,1,0,,,,
cand_035,[*:1]c1nnn([*:2])n1,azole_ring,1,1,1,8.26806,8.26806,0,1,1,30.8383,30.8383,0,1,1,0,0,0,0,1,0.022,0.022,0,1,1,0.182657,0.182657,0,1,1,2.0152,2.0152,0,1,1,27.481,27.481,0,1,0,,,,
cand_035,[*:2]c1nnn([*:1])n1,azole_ring,1,1,1,3.49836,3.49836,0,1,1,13.0482,13.0482,0,1,1,0,0,0,0,1,0.0093,0.0093,0,1,1,0.0621485,0.0621485,0,1,1,0.668243,0.668243,0,1,1,10.6967,10.6967,0,1,0,,,,
cand_035,[*:1]N=[N+]=[N-],azide,1,1,1,-80.4773,-80.4773,0,0,1,-0.0420782,-0.0420782,0,0,1,-4.60033,-4.60033,0,0,1,0.0091,0.0091,0,1,1,-0.0931361,-0.0931361,0,0,1,-0.988435,-0.988435,0,0,1,-2.4904,-2.4904,0,0,0,,,,
cand_035,[*:1]/N=[N+](\[*:2])[O-],azoxy,1,1,1,1.10046,1.10046,0,1,1,-65.9764,-65.9764,0,0,1,-6.72517,-6.72517,0,0,1,-0.0457,-0.0457,0,0,1,-0.164712,-0.164712,0,0,1,-1.40621,-1.40621,0,0,1,12.984,12.984,0,1,0,,,,
cand_036,[*:1]NNn1nnnc1[*:2],hydrazo,547,547,547,-43.3406,-49.4897,50.3968,0.180987,547,-126.687,-118.352,129.147,0.170018,547,-18.3145,-16.8449,16.1617,0.122486,547,-0.216453,-0.2143,0.0667706,0.00182815,547,-0.803856,-0.775862,0.371548,0.0146252,547,-6.66798,-6.46825,3.19255,0.0146252,547,-11.8601,3.4729,81.0711,0.502742,0,,,,
cand_036,[*:1]NNc1nnnn1[*:2],hydrazo,523,523,523,-59.5318,-63.8597,50.6343,0.137667,523,-179.388,-166.06,131.499,0.0669216,523,-19.2847,-17.0853,15.9919,0.0917782,523,-0.251913,-0.2505,0.0733216,0,523,-0.908021,-0.840394,0.372787,0.00573614,523,-7.48917,-7.04204,3.12349,0.00573614,523,-15.5007,0.2487,79.727,0.500956,0,,,,
cand_036,[*:1]c1nnnn1N=[N+]=[N-],azide,264,264,264,-136.882,-144.465,46.1824,0,264,-324.711,-305.839,145.935,0.00757576,264,-32.2819,-32.4898,19.4536,0.0265152,264,-0.247032,-0.24475,0.0712785,0,264,-1.06344,-1.05584,0.43613,0,264,-8.83506,-8.9124,3.64059,0,264,-26.4242,-13.7195,81.2449,0.462121,0,,,,
cand_036,[*:1]n1nnnc1N=[N+]=[N-],azide,263,263,263,-128.718,-137.39,47.044,0.00380228,263,-287.801,-254.531,148.785,0.0152091,263,-31.3493,-31.8525,19.8094,0.0152091,263,-0.219069,-0.2188,0.0752812,0.0114068,263,-0.990177,-0.926718,0.43201,0.00380228,263,-8.29361,-7.92676,3.60871,0.00380228,263,-20.455,-18.7659,83.636,0.460076,0,,,,
cand_036,[*:1]c1nnnn1[*:2],azole_ring,190,178,190,-34.4874,-44.8997,50.5899,0.226316,190,-157.422,-140.811,121.199,0.0578947,190,-16.9785,-12.5818,15.6693,0.0842105,190,-0.18339,-0.178,0.0492292,0.00526316,190,-0.712978,-0.665231,0.337857,0,190,-6.0283,-5.65551,3.00681,0,190,-30.8613,-31.032,83.6629,0.436842,0,,,,
cand_036,[*:2]c1nnnn1[*:1],azole_ring,189,176,189,-37.1713,-50.1197,48.8885,0.227513,189,-169.433,-157.807,115.141,0.0634921,189,-19.3329,-20.6149,14.6681,0.0687831,189,-0.186056,-0.188,0.0516395,0,189,-0.767285,-0.791987,0.321005,0,189,-6.52763,-6.72331,2.87789,0,189,-31.2557,-32.7201,88.7387,0.439153,0,,,,
cand_036,[*:1]Nc1nnnn1[*:2],azole_ring,178,178,178,-41.1841,-55.1147,51.7773,0.224719,178,-186.273,-173.844,115.921,0.0337079,178,-19.9689,-20.5976,14.5597,0.0393258,178,-0.196458,-0.1979,0.0486534,0,178,-0.809247,-0.773845,0.312424,0,178,-6.88589,-6.70923,2.76662,0,178,-32.1007,-36.6138,84.3556,0.432584,0,,,,
cand_036,[*:1]Nn1nnnc1[*:2],azole_ring,172,172,172,-36.1737,-47.0147,46.747,0.197674,172,-166.135,-149.285,110.473,0.0465116,172,-19.8655,-20.6149,14.3004,0.0290698,172,-0.178144,-0.1835,0.0525897,0.00581395,172,-0.747725,-0.71779,0.305313,0,172,-6.3717,-6.20492,2.71327,0,172,-22.2327,-20.0115,85.4168,0.476744,0,,,,
cand_036,[*:1]Nc1nnnn1N=[N+]=[N-],azide,118,118,118,-157.524,-160.61,39.6477,0,118,-411.392,-433.816,154.673,0.0169492,118,-41.8799,-44.8704,20.4351,0.0169492,118,-0.265893,-0.2732,0.0840172,0,118,-1.2609,-1.23241,0.462224,0,118,-10.4891,-10.2663,3.69565,0,118,-5.46031,10.8033,71.2767,0.542373,0,,,,
cand_036,[*:1]Nn1nnnc1N=[N+]=[N-],azide,117,117,117,-144.726,-150.89,43.1296,0.00854701,117,-371.757,-396.864,165.433,0.034188,117,-40.6652,-36.1305,22.147,0.017094,117,-0.228674,-0.2474,0.0916249,0.025641,117,-1.15403,-1.10384,0.509565,0.00854701,117,-9.67795,-9.5641,4.13345,0.00854701,117,-2.54259,27.5522,81.0998,0.57265,0,,,,
cand_036,[*:1]N=[N+]=[N-],azide,4,4,4,-89.2644,-89.6887,10.2144,0,4,-120.435,-156.792,154.696,0.25,4,-9.2025,-10.4717,17.234,0.25,4,-0.034625,-0.0446,0.0361761,0.25,4,-0.319827,-0.251313,0.385833,0.25,4,-3.10567,-2.5453,3.70812,0.25,4,-65.4579,-75.8424,101.329,0.25,0,,,,
cand_036,[*:1]NN[*:2],hydrazo,1,1,1,15.7703,15.7703,0,1,1,150.566,150.566,0,1,1,13.8092,13.8092,0,1,1,-0.0315,-0.0315,0,0,1,0.017507,0.017507,0,1,1,0.149625,0.149625,0,1,1,-7.3224,-7.3224,0,0,0,,,,
cand_037,[*:1]NNn1nnnc1[*:2],hydrazo,1178,1178,1178,-36.9237,-43.3118,48.4441,0.194397,1178,-121.161,-122.07,96.7823,0.113752,1178,-18.5698,-17.3475,14.1865,0.0670628,1178,-0.16954,-0.1663,0.0629089,0.00764007,1178,-0.530508,-0.465314,0.413682,0.073854,1178,-4.27901,-3.76927,3.787,0.125637,1178,25.8057,10.4327,39.7747,0.987267,0,,,,
cand_037,[*:1]NNc1nnnn1N[*:2],hydrazo,932,932,932,-52.6647,-55.7268,47.2773,0.122318,932,-105.807,-107.344,97.523,0.135193,932,-19.6752,-18.1672,13.9252,0.0783262,932,-0.190222,-0.18605,0.0677058,0.00214592,932,-0.597796,-0.536834,0.410121,0.054721,932,-4.85309,-4.31732,3.73582,0.0804721,932,24.4623,6.9405,42.6763,0.984979,0,,,,
cand_037,[*:1]NNc1nnnn1[*:2],hydrazo,644,644,644,-38.1205,-40.4818,46.9347,0.184783,644,-102.131,-100.041,90.1528,0.124224,644,-17.5768,-16.4637,13.0988,0.0652174,644,-0.167309,-0.1599,0.0632856,0.00465839,644,-0.510363,-0.447426,0.393855,0.0885093,644,-4.11073,-3.66392,3.64148,0.131988,644,12.7534,4.5312,24.5962,0.993789,0,,,,
cand_037,[*:1]Nn1nnnc1[*:2],azole_ring,612,589,612,-36.3438,-45.8468,48.4666,0.220588,612,-129.776,-130.895,83.6449,0.0620915,612,-20.7524,-21.859,12.8498,0.0408497,612,-0.153789,-0.1516,0.0515121,0.00326797,612,-0.526367,-0.497575,0.377858,0.0522876,612,-4.28796,-3.97001,3.5158,0.0784314,612,22.5015,8.189,35.336,0.990196,0,,,,
cand_037,[*:1]c1nnnn1[*:2],azole_ring,351,338,351,-32.002,-41.7868,46.9365,0.222222,351,-147.095,-143.848,78.5705,0.022792,351,-20.8538,-21.859,12.6149,0.045584,351,-0.148611,-0.1468,0.0492891,0.002849,351,-0.52669,-0.512577,0.364624,0.0712251,351,-4.33021,-4.1426,3.4001,0.0883191,351,19.7545,7.4232,31.9868,0.997151,0,,,,
cand_037,[*:1]n1nnnc1[N+](=O)[O-],nitro,312,312,312,-49.4475,-57.2468,47.0063,0.182692,312,-281.189,-253.837,124.372,0.00320513,312,-40.199,-36.7552,18.5116,0.00641026,312,-0.193528,-0.19215,0.0581404,0,312,-1.00781,-0.959997,0.442274,0.00961538,312,-8.67973,-8.38035,3.91732,0.00961538,312,54.5491,29.9577,64.5784,1,0,,,,
cand_037,[*:1]c1nnnn1N[N+](=O)[O-],nitramine,265,265,265,-51.3315,-58.4968,46.1021,0.196226,265,-232.218,-212.39,116.536,0.0113208,265,-40.3767,-41.9764,18.661,0.00377358,265,-0.191493,-0.1875,0.0634405,0.0113208,265,-1.02394,-1.03533,0.464334,0.00377358,265,-8.80989,-8.94147,4.09122,0.00377358,265,53.9511,26.1646,66.8792,1,0,,,,
cand_037,[*:1]Nc1nnnn1N[*:2],azole_ring,254,254,254,-38.1344,-46.1018,50.1473,0.216535,254,-110.825,-115.124,79.8694,0.0748031,254,-20.8323,-21.859,13.0284,0.0472441,254,-0.153399,-0.1537,0.0533217,0.00787402,254,-0.525139,-0.504839,0.386706,0.0551181,254,-4.26903,-4.06861,3.60025,0.0787402,254,24.5249,7.7897,38.7706,0.988189,0,,,,
cand_037,[*:2]c1nnnn1[*:1],azole_ring,184,172,184,-34.2936,-44.3368,47.68,0.233696,184,-128.393,-120.858,85.4275,0.0434783,184,-19.8636,-15.5913,13.2587,0.0652174,184,-0.149796,-0.147,0.0535841,0,184,-0.501299,-0.441676,0.390195,0.076087,184,-4.05708,-3.51377,3.61811,0.108696,184,20.5068,8.08145,34.5975,1,0,,,,
cand_037,[*:1]Nc1nnnn1[*:2],azole_ring,179,179,179,-33.0936,-41.6968,44.5491,0.217877,179,-122.804,-121.77,74.2011,0.0446927,179,-21.4664,-21.9655,12.7288,0.0335196,179,-0.143566,-0.1444,0.0494774,0.00558659,179,-0.539982,-0.52254,0.379089,0.0558659,179,-4.48144,-4.37924,3.53558,0.0782123,179,12.631,5.1811,21.4353,0.994413,0,,,,
cand_037,[*:1]Nn1nnnc1[N+](=O)[O-],nitro,176,176,176,-56.3819,-63.5318,45.6366,0.164773,176,-317.116,-293.336,132.278,0,176,-45.9111,-44.0963,18.8616,0,176,-0.201514,-0.206,0.0619407,0,176,-1.14155,-1.0923,0.432597,0.00568182,176,-9.88765,-9.79343,3.75076,0.00568182,176,59.4525,36.0159,68.1719,1,0,,,,
cand_037,[*:2]Nc1nnnn1N[*:1],azole_ring,83,83,83,-38.3281,-45.8468,41.147,0.180723,83,-135.989,-128.289,72.9804,0.0120482,83,-22.966,-22.9832,12.7266,0.0120482,83,-0.1514,-0.1538,0.0492672,0,83,-0.582591,-0.54494,0.383402,0.0240964,83,-4.85367,-4.4039,3.55717,0.060241,83,14.7603,5.5949,23.9973,1,0,,,,
cand_037,[*:2]Nn1nnnc1[*:1],azole_ring,68,68,68,-34.2453,-41.7268,42.6762,0.205882,68,-175.643,-154.406,78.1803,0,68,-22.9233,-22.9998,12.8555,0,68,-0.150482,-0.14655,0.0514351,0,68,-0.570478,-0.556535,0.368963,0.0441176,68,-4.74236,-4.61268,3.41679,0.0588235,68,24.5537,8.99845,39.7289,1,0,,,,
cand_037,[*:1]N[N+](=O)[O-],nitramine,2,2,2,17.1629,17.1629,82.2502,0.5,2,-97.8693,-97.8693,183.454,0.5,2,-23.5503,-23.5503,19.0203,0,2,-0.06015,-0.06015,0.0962372,0.5,2,-0.603637,-0.603637,0.573284,0,2,-5.66837,-5.66837,5.14279,0,2,19.734,19.734,1.65802,1,0,,,,
cand_037,[*:1][N+](=O)[O-],nitro,1,1,1,7.60317,7.60317,0,1,1,-43.2363,-43.2363,0,0,1,-2.31869,-2.31869,0,0,1,-0.0018,-0.0018,0,0,1,0.0413646,0.0413646,0,1,1,0.573025,0.573025,0,1,1,1.17,1.17,0,1,0,,,,
cand_038,[*:1]/N=[N+](/[O-])n1nnnc1[*:2],azoxy,458,458,458,-88.3408,-87.8353,40.494,0.010917,458,-385.935,-381.965,134.241,0.00218341,458,-42.211,-39.641,16.4472,0,458,-0.2736,-0.2709,0.0779394,0.00218341,458,-1.17828,-1.13702,0.408406,0,458,-9.8979,-9.60572,3.44193,0,458,109.709,89.0892,88.3681,0.949782,0,,,,
cand_038,[*:2]n1nnnc1/N=[N+](/[*:1])[O-],azoxy,203,203,203,-82.3183,-80.3853,33.3204,0,203,-379.855,-384.216,115.246,0,203,-44.7843,-43.6515,15.4301,0,203,-0.261785,-0.2567,0.0750047,0,203,-1.25498,-1.21748,0.369167,0,203,-10.7,-10.4227,3.11998,0,203,65.6837,41.1525,68.733,0.921182,0,,,,
cand_038,[*:1]n1nnnc1/N=[N+](/[*:2])[O-],azoxy,104,104,104,-91.2371,-93.3353,43.3722,0,104,-319.65,-315.033,136.441,0,104,-36.3595,-33.8146,16.6142,0,104,-0.275202,-0.27225,0.085475,0,104,-1.15104,-1.14683,0.444241,0,104,-9.68806,-9.65353,3.68736,0,104,24.7088,5.0399,43.3825,0.682692,0,,,,
cand_038,[*:1]c1nnnn1N,azole_ring,3,3,3,82.7964,82.3726,4.15031,1,3,99.3774,97.7967,15.4799,1,3,7.24889,7.24889,0,1,3,0.0182333,0.0171,0.0110437,1,3,0.0253265,0.00587306,0.0928696,0.666667,3,-0.0408563,-0.267093,1.02647,0.333333,3,9.8678,7.8386,13.8524,0.666667,0,,,,
cand_038,[*:1]N,amino,1,1,1,87.1423,87.1423,0,1,1,115.587,115.587,0,1,1,7.24889,7.24889,0,1,1,0.0298,0.0298,0,1,1,0.126382,0.126382,0,1,1,1.07986,1.07986,0,1,1,24.6229,24.6229,0,1,0,,,,
cand_039,[*:1]/N=[N+](\[O-])n1nnnc1[*:2],azoxy,464,464,464,-86.8966,-87.3565,40.8835,0.00862069,464,-350.707,-351.831,116.193,0,464,-42.2631,-40.0948,16.6534,0,464,-0.269014,-0.26565,0.0804961,0,464,-1.22112,-1.19512,0.466708,0,464,-10.584,-10.3778,4.04985,0,464,72.2438,34.0662,84.8682,0.915948,0,,,,
cand_039,[*:1]c1nnnn1O,azole_ring,1,1,1,25.0708,25.0708,0,1,1,30.1782,30.1782,0,1,1,-7.2772,-7.2772,0,0,1,0.0234,0.0234,0,1,1,-0.375079,-0.375079,0,0,1,-4.3456,-4.3456,0,0,1,-3.3539,-3.3539,0,0,0,,,,
cand_040,[*:1]/N=[N+](\[O-])n1nnc(N[*:2])n1,azoxy,1196,1196,1196,-63.9022,-67.9243,49.4472,0.117893,1196,-191.412,-195.294,95.7233,0.0158863,1196,-27.648,-26.6533,13.7749,0,1196,-0.19072,-0.18545,0.0613236,0.00167224,1196,-0.672588,-0.62826,0.400677,0.0175585,1196,-5.53966,-5.2389,3.68401,0.0468227,1196,28.8114,10.0055,47.5693,0.994147,0,,,,
cand_040,[*:2]Nn1nnc(/N=[N+](\[*:1])[O-])n1,azoxy,639,639,639,-52.9654,-61.8393,44.5962,0.162754,639,-205.65,-200.754,89.404,0.0234742,639,-29.4295,-27.9214,13.8918,0,639,-0.184203,-0.1845,0.0566446,0.00469484,639,-0.715229,-0.688961,0.401081,0.0203443,639,-5.9984,-5.83194,3.6971,0.0312989,639,29.229,12.0533,42.787,1,0,,,,
cand_040,[*:1]/N=[N+](\[O-])n1nnc([*:2])n1,azoxy,630,630,630,-57.2398,-64.3943,48.4374,0.146032,630,-201.773,-201.744,89.3667,0.0047619,630,-27.8715,-26.6533,13.8393,0,630,-0.181324,-0.17755,0.058849,0.0031746,630,-0.668186,-0.628538,0.403899,0.0174603,630,-5.5435,-5.269,3.74653,0.0571429,630,18.5059,7.1949,31.1992,0.990476,0,,,,
cand_040,[*:1]Nn1nnc(/N=[N+](\[*:2])[O-])n1,azoxy,517,517,517,-83.2903,-94.0393,54.0887,0.0870406,517,-202.751,-202.133,107.749,0.0193424,517,-25.7443,-22.2807,13.9582,0,517,-0.21809,-0.2183,0.0720454,0.00386847,517,-0.671246,-0.574848,0.429595,0.0251451,517,-5.38515,-4.68173,3.90368,0.0715667,517,22.3157,7.7396,37.2892,0.994197,0,,,,
cand_040,[*:2]n1nnc(/N=[N+](\[*:1])[O-])n1,azoxy,445,445,445,-57.2831,-61.7593,49.8828,0.141573,445,-219.415,-219.209,85.9854,0.011236,445,-27.5979,-25.1438,13.0498,0,445,-0.185801,-0.1824,0.0622943,0.00674157,445,-0.675026,-0.617192,0.383657,0.0202247,445,-5.60908,-5.20515,3.53984,0.0337079,445,17.471,8.4419,25.3046,1,0,,,,
cand_040,[*:1]n1nnc(/N=[N+](\[*:2])[O-])n1,azoxy,189,189,189,-62.9966,-68.5393,53.8107,0.142857,189,-181.076,-158.891,103.097,0.021164,189,-23.226,-21.1045,13.3456,0,189,-0.182831,-0.1722,0.0724153,0.010582,189,-0.553897,-0.475111,0.417692,0.047619,189,-4.39317,-3.6993,3.8303,0.10582,189,11.5682,4.4479,17.2235,0.994709,0,,,,
cand_040,[*:1]c1nnn([*:2])n1,azole_ring,2,1,2,2.79116,2.79116,0.340776,1,2,9.23827,9.23827,1.12788,1,2,0,0,0,0,2,0.0068,0.0068,0.000848528,1,2,0.112899,0.112899,0.0574401,1,2,1.31672,1.31672,0.691886,1,2,0.5923,0.5923,0.627487,1,0,,,,
cand_040,[*:1]n1nnc(N[N+](=O)[O-])n1,nitramine,2,2,2,40.3615,40.3615,52.7917,1,2,25.3717,25.3717,21.6882,1,2,-4.23834,-4.23834,5.99391,0,2,0.0102,0.0102,0.0039598,1,2,0.0580318,0.0580318,0.135034,0.5,2,0.772358,0.772358,1.46173,0.5,2,5.7084,5.7084,6.60777,1,0,,,,
cand_040,[*:1]c1nnn(N[N+](=O)[O-])n1,nitramine,1,1,1,2.5502,2.5502,0,1,1,8.44073,8.44073,0,1,1,0,0,0,0,1,0.0062,0.0062,0,1,1,0.0722824,0.0722824,0,1,1,0.827485,0.827485,0,1,1,0.1486,0.1486,0,1,0,,,,
cand_040,[*:1]Nn1nnc([*:2])n1,azole_ring,1,1,1,2.5502,2.5502,0,1,1,8.44073,8.44073,0,1,1,0,0,0,0,1,0.0062,0.0062,0,1,1,0.0722824,0.0722824,0,1,1,0.827485,0.827485,0,1,1,0.1486,0.1486,0,1,0,,,,
cand_040,[*:1]Nc1nnn([*:2])n1,azole_ring,1,1,1,3.03213,3.03213,0,1,1,10.0358,10.0358,0,1,1,0,0,0,0,1,0.0074,0.0074,0,1,1,0.153515,0.153515,0,1,1,1.80596,1.80596,0,1,1,1.036,1.036,0,1,0,,,,
cand_040,[*:1]N[N+](=O)[O-],nitramine,1,1,1,71.8123,71.8123,0,1,1,19.945,19.945,0,1,1,-8.47667,-8.47667,0,0,1,-0.0022,-0.0022,0,0,1,-0.207196,-0.207196,0,0,1,-2.16207,-2.16207,0,0,1,4.2888,4.2888,0,1,0,,,,
cand_040,[*:1]/N=[N+](\[*:2])[O-],azoxy,1,1,1,5.48068,5.48068,0,1,1,-47.2708,-47.2708,0,0,1,-5.59186,-5.59186,0,0,1,-0.0311,-0.0311,0,0,1,-0.0744566,-0.0744566,0,0,1,-0.51145,-0.51145,0,0,1,1.2738,1.2738,0,1,0,,,,
cand_041,[*:1]/N=N/c1nnnn1N[*:2],azo,1177,1177,1177,-78.8061,-85.2367,48.3678,0.0824129,1177,-171.516,-172.237,96.6297,0.0450297,1177,-21.7861,-20.8833,14.1745,0.0526763,1177,-0.181805,-0.1784,0.0626833,0.00509771,1177,-0.488125,-0.423011,0.413658,0.102804,1177,-3.6053,-3.09523,3.78775,0.17842,1177,25.9432,10.5481,39.7843,0.995752,0,,,,
cand_041,[*:1]/N=N\c1nnnn1N[*:2],azo,1177,1177,1177,-78.8061,-85.2367,48.3678,0.0824129,1177,-171.516,-172.237,96.6297,0.0450297,1177,-21.7861,-20.8833,14.1745,0.0526763,1177,-0.181805,-0.1784,0.0626833,0.00509771,1177,-0.488125,-0.423011,0.413658,0.102804,1177,-3.6053,-3.09523,3.78775,0.17842,1177,25.9432,10.5481,39.7843,0.995752,0,,,,
cand_041,[*:1]/N=N\c1nnnn1[*:2],azo,608,608,608,-73.5468,-79.1817,47.9114,0.0904605,608,-186.696,-187.245,89.212,0.0230263,608,-22.0773,-21.0615,13.8423,0.0378289,608,-0.174416,-0.16945,0.0624718,0.00986842,608,-0.482856,-0.433521,0.410524,0.0970395,608,-3.58831,-3.17489,3.76782,0.174342,608,20.3058,8.4198,30.8686,1,0,,,,
cand_041,[*:1]/N=N/c1nnnn1[*:2],azo,608,608,608,-73.5468,-79.1817,47.9114,0.0904605,608,-186.696,-187.245,89.212,0.0230263,608,-22.0773,-21.0615,13.8423,0.0378289,608,-0.174416,-0.16945,0.0624718,0.00986842,608,-0.482856,-0.433521,0.410524,0.0970395,608,-3.58831,-3.17489,3.76782,0.174342,608,20.3058,8.4198,30.8686,1,0,,,,
cand_041,[*:1]/N=N\[*:2],azo,1,1,1,-9.2638,-9.2638,0,0,1,32.5512,32.5512,0,1,1,5.59186,5.59186,0,1,1,0.0201,0.0201,0,1,1,0.234955,0.234955,0,1,1,2.4828,2.4828,0,1,1,0.0696,0.0696,0,1,0,,,,
cand_042,[*:1]n1ncnn1,azole_ring,257,257,257,-41.2603,-49.4121,48.6156,0.210117,257,-183.933,-161.954,150.921,0.0856031,257,-20.9621,-19.418,19.7031,0.128405,257,-0.215442,-0.2156,0.0757,0.0116732,257,-0.638182,-0.590367,0.421854,0.0544747,257,-4.5813,-4.2279,3.52391,0.077821,257,51.0914,52.5326,82.6716,0.692607,0,,,,
cand_042,[*:1]NNc1nnn([*:2])n1,hydrazo,162,162,162,-77.5218,-79.4471,42.9363,0.037037,162,-246.559,-253.534,165.852,0.0864198,162,-30.3333,-28.3398,18.9714,0.037037,162,-0.312779,-0.311,0.0998496,0.00617284,162,-1.00906,-0.968683,0.427658,0.0123457,162,-7.33581,-7.06707,3.25805,0.0123457,162,38.3808,28.7871,90.3745,0.580247,0,,,,
cand_042,[*:1]NNn1ncnn1,hydrazo,145,145,145,-80.3462,-85.0621,47.6378,0.0482759,145,-238.063,-248.228,174.196,0.110345,145,-29.9879,-27.1051,23.0463,0.062069,145,-0.301289,-0.3164,0.11085,0.00689655,145,-0.932164,-0.842964,0.543585,0.0551724,145,-6.61019,-6.4395,4.22239,0.0689655,145,75.1848,88.9227,76.0674,0.793103,0,,,,
cand_042,[*:1]Nn1ncnn1,azole_ring,110,110,110,-63.2303,-64.7821,42.1129,0.0545455,110,-278.766,-313.433,159.623,0.0909091,110,-31.3556,-30.5965,20.7883,0.0636364,110,-0.233748,-0.2416,0.0893721,0.0272727,110,-0.824909,-0.774031,0.460035,0.0545455,110,-6.12895,-5.97518,3.71161,0.0636364,110,69.3373,78.0096,72.9493,0.8,0,,,,
cand_042,[*:1]Nc1nnn([*:2])n1,azole_ring,86,86,86,-51.8714,-62.8271,42.9761,0.139535,86,-249.23,-289.098,146.104,0.0930233,86,-30.6965,-30.7647,16.5602,0.0116279,86,-0.227,-0.2302,0.0723761,0.0116279,86,-0.856175,-0.830396,0.35106,0.0116279,86,-6.5247,-6.15442,2.81587,0.0232558,86,27.992,23.5002,85.7163,0.569767,0,,,,
cand_042,[*:2]c1nnn([*:1])n1,azole_ring,80,80,80,-43.4248,-52.9821,40.4546,0.175,80,-196.17,-171.849,133.765,0.0375,80,-23.4443,-23.3571,15.5949,0.075,80,-0.225105,-0.2247,0.054569,0,80,-0.733501,-0.680621,0.325448,0,80,-5.46159,-5.2707,2.73995,0.025,80,-6.90018,-22.6722,76.1621,0.4125,0,,,,
cand_042,[*:1]c1nnn([*:2])n1,azole_ring,71,71,71,-36.0366,-42.7121,47.7638,0.253521,71,-183.852,-144.274,143.866,0.126761,71,-24.8298,-23.3571,17.113,0.0422535,71,-0.209527,-0.2022,0.0694498,0.0140845,71,-0.723014,-0.656877,0.370009,0.0140845,71,-5.40212,-4.99244,3.06626,0.0140845,71,43.1556,61.9375,93.7935,0.605634,0,,,,
cand_042,[*:1]N=[N+]=[N-],azide,1,1,1,-111.512,-111.512,0,0,1,-289.939,-289.939,0,0,1,-15.023,-15.023,0,0,1,-0.1545,-0.1545,0,0,1,-0.457248,-0.457248,0,0,1,-3.65633,-3.65633,0,0,1,-95.0553,-95.0553,0,0,0,,,,
cand_043,[*:1]n1ncnn1,azole_ring,79,79,79,-60.2502,-57.7262,28.1463,0.0126582,79,-314.165,-322.769,130.037,0.0126582,79,-35.4731,-30.7424,19.4503,0.0126582,79,-0.286973,-0.2847,0.101563,0.0126582,79,-1.16549,-1.11223,0.453106,0,79,-8.88075,-8.79514,3.28485,0,79,136.135,149.73,86.7143,0.949367,0,,,,
cand_043,[*:1]n1cnnn1,azole_ring,77,77,77,-56.7857,-56.0462,22.5569,0,77,-337.228,-343.402,130.689,0,77,-38.4475,-40.7722,21.8858,0.025974,77,-0.29211,-0.2991,0.0913648,0,77,-1.22929,-1.18105,0.482338,0,77,-9.37889,-8.84322,3.46645,0,77,146.039,159.141,82.4712,0.948052,0,,,,
cand_043,[*:1]Nn1ncnn1,azole_ring,21,21,21,-40.7171,-40.6262,18.9434,0.047619,21,-233.953,-233.854,109.851,0.047619,21,-30.1609,-24.2717,17.1245,0,21,-0.210548,-0.2052,0.099923,0.047619,21,-0.969773,-0.923084,0.402829,0,21,-7.68862,-7.58194,2.97921,0,21,107.746,89.6139,92.1836,0.809524,0,,,,
cand_043,[*:1]Nn1cnnn1,azole_ring,21,21,21,-44.4286,-44.4162,18.4902,0,21,-256.196,-257.43,107.117,0,21,-30.1609,-24.2717,17.1245,0,21,-0.231448,-0.2339,0.0973376,0,21,-1.02976,-0.969735,0.388191,0,21,-8.13764,-7.8028,2.81331,0,21,128.627,116.571,94.6682,0.857143,0,,,,
cand_043,[*:1]NN[*:2],hydrazo,2,2,2,18.8888,18.8888,2.65165,1,2,221.512,221.512,144.226,1,2,15.4474,15.4474,9.20525,1,2,-0.05595,-0.05595,0.0297692,0,2,-0.147746,-0.147746,0.185682,0,2,-1.27682,-1.27682,1.69918,0,2,73.4143,73.4143,87.4758,1,0,,,,
cand_043,[*:1][H],other,1,1,1,9.03384,9.03384,0,1,1,262.674,262.674,0,1,1,30.8258,30.8258,0,1,1,-0.0398,-0.0398,0,0,1,0.258706,0.258706,0,1,1,2.66812,2.66812,0,1,1,-24.0525,-24.0525,0,0,0,,,,
cand_044,[*:1]n1cnnn1,azole_ring,264,264,264,-42.5828,-50.5211,46.8711,0.200758,264,-197.805,-179.412,146.793,0.0681818,264,-22.1466,-22.3928,19.5072,0.125,264,-0.222439,-0.22025,0.0715846,0.00378788,264,-0.862907,-0.856062,0.437805,0.0151515,264,-6.89799,-6.98264,3.65641,0.0265152,264,108.138,120.546,80.9881,0.878788,0,,,,
cand_044,[*:1]NNn1nnnc1[*:2],hydrazo,158,158,158,-70.7504,-69.2261,48.7408,0.101266,158,-220.848,-214.673,162.859,0.0759494,158,-30.5936,-27.7225,19.6217,0.0126582,158,-0.300782,-0.2878,0.109754,0.0189873,158,-1.16881,-1.07393,0.463542,0.0189873,158,-9.1185,-8.47871,3.47811,0.00632911,158,116.368,135.541,84.3588,0.867089,0,,,,
cand_044,[*:1]NNn1cnnn1,hydrazo,153,153,153,-90.0194,-93.1861,44.6977,0.0392157,153,-297.029,-310.349,172.174,0.0457516,153,-32.205,-28.3398,22.3799,0.0653595,153,-0.334068,-0.3376,0.10804,0,153,-1.25978,-1.1721,0.512717,0,153,-9.74171,-9.06764,3.83705,0,153,118.655,132.841,78.8987,0.895425,0,,,,
cand_044,[*:1]Nn1cnnn1,azole_ring,118,118,118,-62.7835,-66.6661,41.819,0.0762712,118,-283.894,-307.389,157.083,0.059322,118,-31.6973,-34.7734,20.5899,0.0677966,118,-0.241186,-0.2487,0.0846467,0.00847458,118,-1.05943,-1.03262,0.466491,0.0169492,118,-8.54295,-8.33655,3.73788,0.0169492,118,129.73,144.858,70.2708,0.932203,0,,,,
cand_044,[*:1]Nn1nnnc1[*:2],azole_ring,77,77,77,-45.6031,-53.0961,42.3756,0.155844,77,-204.824,-209.091,153.171,0.103896,77,-29.5622,-26.0335,17.366,0.012987,77,-0.204419,-0.206,0.0792109,0.025974,77,-0.95237,-0.867982,0.371838,0.025974,77,-7.78517,-7.11955,3.00167,0,77,92.3833,101.836,90.5024,0.779221,0,,,,
cand_044,[*:1]c1nnnn1[*:2],azole_ring,76,76,76,-39.7051,-45.1211,40.3934,0.197368,76,-155.337,-127.269,138.174,0.105263,76,-22.2964,-22.3928,16.6626,0.0657895,76,-0.204158,-0.2004,0.0653686,0.0131579,76,-0.842962,-0.782004,0.358863,0.0131579,76,-6.82229,-6.82219,3.04597,0,76,71.6306,61.3668,87.1205,0.763158,0,,,,
cand_044,[*:2]c1nnnn1[*:1],azole_ring,66,66,66,-29.3024,-35.5711,41.3432,0.272727,66,-135.962,-108.91,143.978,0.136364,66,-22.6347,-22.3928,17.8693,0.0606061,66,-0.183229,-0.1842,0.0631468,0.0151515,66,-0.801833,-0.755103,0.365293,0.0151515,66,-6.53668,-6.15425,3.04717,0,66,115.577,127.079,85.4895,0.848485,0,,,,
cand_044,[*:1][H],other,1,1,1,-40.8161,-40.8161,0,0,1,-32.5634,-32.5634,0,0,1,10.0976,10.0976,0,1,1,-0.1185,-0.1185,0,0,1,-0.22857,-0.22857,0,0,1,-1.85647,-1.85647,0,0,1,-46.616,-46.616,0,0,0,,,,
cand_044,[*:1]N=[N+]=[N-],azide,1,1,1,-76.6752,-76.6752,0,0,1,-85.3915,-85.3915,0,0,1,-15.023,-15.023,0,0,1,0.0355,0.0355,0,1,1,-0.233981,-0.233981,0,0,1,-2.48919,-2.48919,0,0,1,-58.2714,-58.2714,0,0,0,,,,
cand_045,[*:1]/N=[N+](/[O-])n1cnnn1,azoxy,318,318,318,-92.1544,-93.4638,44.4275,0.0188679,318,-380.72,-377.071,143.777,0.00314465,318,-40.4972,-39.6143,20.2135,0.0125786,318,-0.274604,-0.27075,0.0897353,0.00314465,318,-1.1006,-1.09686,0.50238,0.0157233,318,-8.87234,-8.8203,4.21287,0.0220126,318,85.1119,59.3088,81.8733,0.984277,0,,,,
cand_045,[*:2]c1nnnn1/N=[N+](/[*:1])[O-],azoxy,195,195,195,-87.7416,-84.7888,33.7005,0,195,-389.405,-387.279,105.103,0,195,-44.7024,-43.4384,15.9771,0,195,-0.268359,-0.2655,0.0683315,0,195,-1.16516,-1.09498,0.372272,0,195,-9.53191,-9.02696,3.16908,0,195,122.996,111.476,84.4861,1,0,,,,
cand_045,[*:1]c1nnnn1/N=[N+](/[*:2])[O-],azoxy,100,100,100,-96.6184,-102.444,40.3708,0.03,100,-325.624,-317.365,121.705,0.01,100,-37.6364,-37.3864,15.7206,0,100,-0.283437,-0.28895,0.0751424,0.01,100,-1.07711,-1.08485,0.41796,0.01,100,-8.65712,-8.84251,3.47426,0.01,100,63.2658,38.0994,66.8301,0.98,0,,,,
cand_045,[*:1]Nc1nnnn1[*:2],azole_ring,3,3,3,-3.56058,-4.0711,4.12851,0.333333,3,45.4974,59.2438,37.2745,1,3,1.76571,2.64856,1.52915,0.666667,3,0.00336667,0.0024,0.00531633,0.666667,3,0.0758854,0.0546894,0.0523737,1,3,0.804389,0.493136,0.605754,1,3,0.489533,-0.026,1.19976,0.333333,0,,,,
cand_045,[*:1][H],other,2,2,2,51.9115,51.9115,45.6394,1,2,27.1684,27.1684,2.83557,1,2,8.97826,8.97826,5.99392,1,2,0.0139,0.0139,0.0141421,1,2,0.286331,0.286331,0.342402,1,2,3.04214,3.04214,3.82272,1,2,0.8927,0.8927,0.194879,1,0,,,,
cand_045,[*:2]c1nnnn1[*:1],azole_ring,1,1,1,0.799448,0.799448,0,1,1,3.30187,3.30187,0,1,1,0,0,0,0,1,0.0024,0.0024,0,1,1,0.0374319,0.0374319,0,1,1,0.41754,0.41754,0,1,1,-0.026,-0.026,0,0,0,,,,
cand_045,[*:1]n1cnnn1,azole_ring,1,1,1,19.6396,19.6396,0,1,1,29.1735,29.1735,0,1,1,13.2166,13.2166,0,1,1,0.0239,0.0239,0,1,1,0.528446,0.528446,0,1,1,5.74521,5.74521,0,1,1,1.0305,1.0305,0,1,0,,,,
cand_045,[*:1]N[N+](=O)[O-],nitramine,1,1,1,-4.0711,-4.0711,0,0,1,73.9464,73.9464,0,1,1,2.64856,2.64856,0,1,1,0.0091,0.0091,0,1,1,0.0546894,0.0546894,0,1,1,0.493136,0.493136,0,1,1,-0.3663,-0.3663,0,0,0,,,,
cand_046,[*:1]/N=[N+](\[O-])n1nnnc1[*:2],azoxy,649,649,649,-59.6166,-62.8722,49.2934,0.141757,649,-237.382,-232.727,97.8621,0.00616333,649,-29.2066,-28.5143,14.0231,0.00308166,649,-0.198165,-0.1964,0.0643947,0.00308166,649,-0.71306,-0.685652,0.391422,0.0215716,649,-5.71178,-5.4775,3.49795,0.0385208,649,98.0408,65.2551,90.553,0.987673,0,,,,
cand_046,[*:2]Nc1nnnn1/N=[N+](\[*:1])[O-],azoxy,482,482,482,-66.182,-72.6822,42.4517,0.0912863,482,-245.676,-238.094,108.731,0.00622407,482,-30.9032,-28.5143,14.7341,0,482,-0.205298,-0.20425,0.0597429,0,482,-0.765034,-0.737061,0.37721,0,482,-6.18733,-5.92123,3.32615,0.00829876,482,115.284,97.1202,84.6528,0.997925,0,,,,
cand_046,[*:2]c1nnnn1/N=[N+](\[*:1])[O-],azoxy,448,448,448,-60.6976,-65.7422,48.0312,0.129464,448,-254.872,-246.853,97.2236,0,448,-29.0837,-28.5143,13.3556,0.00446429,448,-0.203139,-0.1961,0.0596027,0,448,-0.73159,-0.716466,0.35885,0.00446429,448,-5.90357,-5.84024,3.19165,0.015625,448,95.6229,74.2627,78.5018,0.997768,0,,,,
cand_046,[*:1]Nc1nnnn1/N=[N+](\[*:2])[O-],azoxy,440,440,440,-100.679,-106.862,45.9849,0.0159091,440,-267.981,-265.724,110.386,0.0136364,440,-30.1369,-31.7894,14.6431,0.0113636,440,-0.259601,-0.2619,0.073247,0.00227273,440,-0.870878,-0.882355,0.420825,0.0136364,440,-6.92942,-7.02759,3.6131,0.0159091,440,103.108,78.7763,87.3325,0.981818,0,,,,
cand_046,[*:1]c1nnnn1/N=[N+](\[*:2])[O-],azoxy,188,188,188,-73.4806,-82.9472,54.4591,0.111702,188,-230.362,-237.661,105.192,0,188,-25.8062,-24.1899,13.678,0.00531915,188,-0.216577,-0.217,0.0716113,0,188,-0.706234,-0.67794,0.408312,0.0212766,188,-5.60005,-5.28788,3.58848,0.0478723,188,80.0183,55.412,75.1175,0.973404,0,,,,
cand_046,[*:1]Nc1nnnn1[*:2],azole_ring,2,2,2,-3.83274,-3.83274,4.06343,0,2,25.4144,25.4144,40.7339,0.5,2,1.25449,1.25449,1.77411,0.5,2,-0.0012,-0.0012,0.00183848,0.5,2,0.0970949,0.0970949,0.0110296,1,2,1.1005,1.1005,0.0624092,1,2,3.21395,3.21395,1.96922,1,0,,,,
cand_046,[*:1]n1nnnc1N[N+](=O)[O-],nitramine,2,2,2,-3.83274,-3.83274,4.06343,0,2,25.4144,25.4144,40.7339,0.5,2,1.25449,1.25449,1.77411,0.5,2,-0.0012,-0.0012,0.00183848,0.5,2,0.0970949,0.0970949,0.0110296,1,2,1.1005,1.1005,0.0624092,1,2,3.21395,3.21395,1.96922,1,0,,,,
cand_046,[*:1]N=[N+]=[N-],azide,2,2,2,-74.3636,-74.3636,13.8873,0,2,-10.5767,-10.5767,20.6288,0.5,2,1.86838,1.86838,9.34554,0.5,2,0.00805,0.00805,0.0168999,0.5,2,0.220007,0.220007,0.373668,0.5,2,2.53354,2.53354,4.06248,0.5,2,-0.23965,-0.23965,0.728674,0.5,0,,,,
cand_046,[*:2]c1nnnn1[*:1],azole_ring,1,1,1,-0.959462,-0.959462,0,0,1,-3.38877,-3.38877,0,0,1,0,0,0,0,1,-0.0025,-0.0025,0,0,1,0.0892958,0.0892958,0,1,1,1.05637,1.05637,0,1,1,4.6064,4.6064,0,1,0,,,,
cand_046,[*:1]N[N+](=O)[O-],nitramine,1,1,1,-6.70602,-6.70602,0,0,1,54.2176,54.2176,0,1,1,2.50897,2.50897,0,1,1,0.0001,0.0001,0,1,1,0.104894,0.104894,0,1,1,1.14463,1.14463,0,1,1,1.8215,1.8215,0,1,0,,,,
cand_047,[*:1]/N=[N+](/[O-])n1cnnn1,azoxy,143,143,143,-110.864,-116.749,49.3846,0.00699301,143,-448.823,-455.623,154.123,0,143,-46.706,-46.5391,22.1481,0,143,-0.33361,-0.3496,0.104971,0,143,-1.43273,-1.37374,0.571319,0.00699301,143,-11.7577,-11.5599,4.61309,0.013986,143,97.4515,58.8277,93.5072,0.923077,0,,,,
cand_047,[*:1]c1nnn(/N=[N+](/[*:2])[O-])n1,azoxy,115,115,115,-117.613,-119.389,33.7767,0.0173913,115,-463.906,-479.392,129.459,0.00869565,115,-47.5469,-42.2628,17.1143,0,115,-0.340434,-0.3447,0.0720746,0.00869565,115,-1.44306,-1.40028,0.417548,0,115,-11.8975,-11.4863,3.40088,0,115,82.6055,55.9099,72.3331,0.956522,0,,,,
cand_047,[*:2]c1nnn(/N=[N+](/[*:1])[O-])n1,azoxy,111,111,111,-90.3723,-79.0187,41.3798,0,111,-396.246,-386.629,129.798,0,111,-46.4887,-46.5391,17.4017,0,111,-0.290882,-0.2762,0.0992084,0,111,-1.35235,-1.32233,0.458486,0,111,-11.3154,-11.094,3.63724,0,111,118.161,107.772,87.2303,0.981982,0,,,,
cand_047,[*:1]c1nnn([*:2])n1,azole_ring,3,3,3,6.31953,7.41008,2.612,1,3,-33.4943,-55.9419,41.7725,0.333333,3,-1.76571,-2.64856,1.52915,0,3,0.00523333,0.0038,0.00471628,1,3,-0.104828,-0.098103,0.0279581,0,3,-1.19893,-1.08495,0.265594,0,3,-1.99167,-1.8869,0.204392,0,0,,,,
cand_047,[*:1]n1nnc([N+](=O)[O-])n1,nitro,2,2,2,43.1349,43.1349,56.28,1,2,-1.45805,-1.45805,22.8548,0.5,2,-7.2653,-7.2653,10.2747,0,2,0.0104,0.0104,0.000141421,1,2,-0.193412,-0.193412,0.159193,0,2,-2.06628,-2.06628,1.49472,0,2,15.9872,15.9872,25.7591,0.5,0,,,,
cand_047,[*:1]n1cnnn1,azole_ring,1,1,1,-1.29142,-1.29142,0,0,1,-5.68655,-5.68655,0,0,1,0,0,0,0,1,-0.004,-0.004,0,0,1,0.00117996,0.00117996,0,1,1,0.0393973,0.0393973,0,1,1,30.6396,30.6396,0,1,0,,,,
cand_048,[*:1]/[N+]([O-])=N\n1ncnn1,azoxy,318,318,318,-92.5369,-93.8453,44.4248,0.0125786,318,-382.301,-378.647,143.764,0,318,-40.4972,-39.6143,20.2135,0.0125786,318,-0.275808,-0.27195,0.0897237,0,318,-1.06204,-1.05842,0.502641,0.0188679,318,-8.42227,-8.37163,4.21577,0.0283019,318,85.2761,59.4725,81.8728,0.990566,0,,,,
cand_048,[*:1]/N=[N+](\[O-])n1nnnc1[*:2],azoxy,306,306,306,-92.4659,-90.9903,36.9365,0.00653595,306,-370.372,-368.317,126.738,0,306,-41.8544,-39.6667,17.1697,0,306,-0.274743,-0.27465,0.0773044,0,306,-1.09491,-1.07579,0.428249,0.00326797,306,-8.76029,-8.51514,3.58652,0.00326797,306,90.7051,66.0554,78.7535,1,0,,,,
cand_048,[*:1]n1ncnn1,azole_ring,2,2,2,14.5758,14.5758,0.0208597,1,2,12.1006,12.1006,0.0690843,1,2,13.2166,13.2166,0,1,2,0.01115,0.01115,7.07107e-05,1,2,0.463452,0.463452,0.00201313,1,2,4.99662,4.99662,0.0242608,1,2,0.4208,0.4208,0.571342,1,0,,,,
cand_048,[*:1]Nc1nnnn1[*:2],azole_ring,1,1,1,-2.37808,-2.37808,0,0,1,81.5056,81.5056,0,1,1,2.64856,2.64856,0,1,1,0.0145,0.0145,0,1,1,0.0257138,0.0257138,0,1,1,0.124287,0.124287,0,1,1,0.7548,0.7548,0,1,0,,,,
cand_048,[*:1][H],other,1,1,1,14.0434,14.0434,0,1,1,10.3383,10.3383,0,1,1,13.2166,13.2166,0,1,1,0.0099,0.0099,0,1,1,0.367879,0.367879,0,1,1,3.84584,3.84584,0,1,1,-0.1111,-0.1111,0,0,0,,,,
cand_048,[*:1]N[N+](=O)[O-],nitramine,1,1,1,-2.37808,-2.37808,0,0,1,81.5056,81.5056,0,1,1,2.64856,2.64856,0,1,1,0.0145,0.0145,0,1,1,0.0257138,0.0257138,0,1,1,0.124287,0.124287,0,1,1,0.7548,0.7548,0,1,0,,,,
cand_048,[*:1]/N=[N+](\[*:2])[O-],azoxy,1,1,1,0.449683,0.449683,0,1,1,-82.2079,-82.2079,0,0,1,-8.01108,-8.01108,0,0,1,-0.0562,-0.0562,0,0,1,-0.168611,-0.168611,0,0,1,-1.32249,-1.32249,0,0,1,33.4887,33.4887,0,1,0,,,,
cand_049,[*:1]/N=[N+](/[O-])n1ncnn1,azoxy,143,143,143,-109.564,-115.457,49.4047,0.027972,143,-443.097,-449.936,154.239,0.00699301,143,-46.706,-46.5391,22.1481,0,143,-0.329582,-0.3456,0.105059,0.00699301,143,-1.43392,-1.37492,0.571298,0,143,-11.7974,-11.5993,4.61238,0.00699301,143,66.5976,28.1881,93.6962,0.622378,0,,,,
cand_049,[*:2]c1nnn(/N=[N+](/[*:1])[O-])n1,azoxy,121,121,121,-87.4943,-85.2973,40.4232,0.0165289,121,-385.88,-366.91,129.486,0.00826446,121,-44.3003,-42.2628,16.9373,0,121,-0.285158,-0.2845,0.0968133,0.00826446,121,-1.31975,-1.31703,0.440194,0,121,-11.1001,-11.164,3.51119,0,121,74.9038,37.6516,89.8898,0.710744,0,,,,
cand_049,[*:1]c1nnn(/N=[N+](/[*:2])[O-])n1,azoxy,117,117,117,-117.611,-122.017,33.3856,0.00854701,117,-478.046,-500.047,146.707,0,117,-52.3606,-53.8442,19.244,0,117,-0.349364,-0.3523,0.0753626,0,117,-1.58192,-1.59655,0.479271,0,117,-13.0328,-13.1231,3.7904,0,117,91.4249,74.6588,90.0757,0.820513,0,,,,
cand_049,[*:1]n1nnc([N+](=O)[O-])n1,nitro,1,1,1,83.6293,83.6293,0,1,1,-14.59,-14.59,0,0,1,-14.5306,-14.5306,0,0,1,0.0123,0.0123,0,1,1,-0.326375,-0.326375,0,0,1,-3.36741,-3.36741,0,0,1,219.29,219.29,0,1,0,,,,
cand_049,[*:1]c1nnn([*:2])n1,azole_ring,1,1,1,8.74982,8.74982,0,1,1,-53.3576,-53.3576,0,0,1,-2.64856,-2.64856,0,0,1,0.0055,0.0055,0,1,1,-0.0831695,-0.0831695,0,0,1,-0.923225,-0.923225,0,0,1,-28.639,-28.639,0,0,0,,,,
cand_049,[*:1]n1ncnn1,azole_ring,1,1,1,1.29142,1.29142,0,1,1,5.68655,5.68655,0,1,1,0,0,0,0,1,0.004,0.004,0,1,1,-0.00117996,-0.00117996,0,0,1,-0.0393973,-0.0393973,0,0,1,-30.6396,-30.6396,0,0,0,,,,
cand_050,[*:1]NNn1nnnc1[*:2],hydrazo,917,917,917,-47.3551,-50.7094,48.6513,0.164667,917,-172.405,-172.874,110.923,0.0708833,917,-21.1175,-20.6347,14.9239,0.0697928,917,-0.198271,-0.2005,0.0674511,0.00981461,917,-0.664293,-0.64428,0.394415,0.0436205,917,-5.36064,-5.23622,3.47473,0.0577972,917,115.759,106.562,90.0155,0.909487,0,,,,
cand_050,[*:1]NNc1nnnn1[*:2],hydrazo,525,525,525,-51.5172,-52.7694,47.5059,0.142857,525,-155.595,-148.812,105.023,0.0647619,525,-19.7501,-18.103,15.6906,0.08,525,-0.204108,-0.201,0.0728262,0.00952381,525,-0.691561,-0.647627,0.434128,0.0285714,525,-5.61987,-5.31698,3.77274,0.0380952,525,52.701,16.8352,79.2436,0.63619,0,,,,
cand_050,[*:1]c1nnnn1[*:2],azole_ring,362,350,362,-30.8996,-39.9894,47.3341,0.254144,362,-180.646,-167.485,105.814,0.0331492,362,-20.4331,-22.0439,15.4534,0.0911602,362,-0.157144,-0.15575,0.0493371,0,362,-0.571181,-0.593719,0.391893,0.0883978,362,-4.67157,-4.86519,3.56403,0.0939227,362,75.22,40.1863,88.1372,0.773481,0,,,,
cand_050,[*:1]c1nnnn1N=[N+]=[N-],azide,265,265,265,-126.938,-133.819,45.5469,0,265,-264.191,-244.243,116.279,0.00377358,265,-30.2376,-31.8755,18.7333,0.0301887,265,-0.199423,-0.1954,0.0633482,0,265,-0.824931,-0.837068,0.465827,0.0301887,265,-6.77035,-6.9096,4.10585,0.0415094,265,35.3194,7.603,66.9261,0.562264,0,,,,
cand_050,[*:1]n1nnnc1[N+](=O)[O-],nitro,263,263,263,-50.792,-59.7594,47.6058,0.1673,263,-369.279,-335.7,148.099,0,263,-44.4932,-44.9467,19.7135,0.00380228,263,-0.186345,-0.1862,0.0756155,0.026616,263,-1.06073,-0.997,0.431373,0,263,-9.07647,-8.70665,3.60154,0,263,156.18,160.212,83.0892,0.965779,0,,,,
cand_050,[*:1]Nn1nnnc1[*:2],azole_ring,234,234,234,-40.9219,-47.0694,42.4944,0.205128,234,-199.722,-184.546,103.052,0.0299145,234,-22.6709,-22.6462,14.7876,0.0641026,234,-0.169589,-0.16845,0.0534139,0,234,-0.637991,-0.636894,0.371604,0.0555556,234,-5.25264,-5.24409,3.35358,0.0641026,234,108.641,99.0344,94.6384,0.837607,0,,,,
cand_050,[*:1]Nc1nnnn1[*:2],azole_ring,173,173,173,-37.0507,-47.5594,46.2061,0.196532,173,-161.603,-151.315,96.8712,0.0404624,173,-20.4619,-14.897,15.061,0.0520231,173,-0.159905,-0.1605,0.0487288,0,173,-0.599313,-0.569238,0.400689,0.0462428,173,-4.93414,-4.64166,3.61956,0.0520231,173,33.3842,4.6213,67.5962,0.578035,0,,,,
cand_050,[*:2]c1nnnn1[*:1],azole_ring,171,161,171,-39.0974,-46.6094,43.0189,0.181287,171,-162.584,-153.669,98.0347,0.0116959,171,-18.5833,-14.7505,15.0652,0.122807,171,-0.162493,-0.1619,0.0533888,0,171,-0.554182,-0.522726,0.405941,0.105263,171,-4.48607,-4.23855,3.67423,0.111111,171,65.1825,21.7083,89.1459,0.678363,0,,,,
cand_050,[*:1]Nn1nnnc1[N+](=O)[O-],nitro,117,117,117,-66.432,-73.2594,44.7377,0.0854701,117,-453.62,-478.034,163.678,0,117,-53.8712,-49.2246,21.9048,0.00854701,117,-0.195795,-0.2148,0.0922736,0.0598291,117,-1.22491,-1.17412,0.508148,0,117,-10.4645,-10.344,4.11703,0,117,174.927,203.518,79.4712,0.974359,0,,,,
cand_050,[*:1]Nc1nnnn1N=[N+]=[N-],azide,97,97,97,-148.539,-147.949,35.5871,0,97,-349.022,-359.546,128.471,0.0103093,97,-42.0709,-44.1381,18.2939,0.0103093,97,-0.221141,-0.2128,0.0708667,0,97,-1.08961,-1.00282,0.431742,0.0103093,97,-9.07783,-8.45542,3.62054,0.0103093,97,59.3869,33.1349,77.5801,0.701031,0,,,,
cand_050,[*:2]Nn1nnnc1[*:1],azole_ring,71,71,71,-35.4883,-44.3694,37.9099,0.197183,71,-215.804,-201.11,87.4784,0,71,-22.9346,-23.4894,13.6757,0.028169,71,-0.159532,-0.1594,0.0408935,0,71,-0.618717,-0.654137,0.330788,0.0140845,71,-5.13229,-5.44088,3.01549,0.0140845,71,65.7816,40.1863,76.0684,0.816901,0,,,,
cand_050,[*:1][N+](=O)[O-],nitro,3,3,3,16.2246,-6.53734,53.7687,0.333333,3,-190.839,-160.851,127.34,0,3,-26.1134,-23.1911,14.6999,0,3,0.0161667,0.0326,0.042692,0.666667,3,-0.416434,-0.261776,0.444157,0,3,-4.17218,-2.84477,4.21575,0,3,164.662,175.966,83.3513,1,0,,,,
cand_050,[*:1]N=[N+]=[N-],azide,2,2,2,-95.8208,-95.8208,28.9889,0,2,-145.648,-145.648,160.932,0,2,-8.39895,-8.39895,26.1627,0.5,2,-0.072,-0.072,0.0906511,0,2,-0.30624,-0.30624,0.713476,0.5,2,-2.62057,-2.62057,6.57954,0.5,2,-8.1084,-8.1084,14.7831,0.5,0,,,,
cand_050,[*:1]NN[*:2],hydrazo,1,1,1,23.9382,23.9382,0,1,1,134.447,134.447,0,1,1,12.9203,12.9203,0,1,1,0.0281,0.0281,0,1,1,0.318505,0.318505,0,1,1,3.14112,3.14112,0,1,1,12.503,12.503,0,1,0,,,,
cand_051,[*:1]/N=[N+](/[O-])n1cnnn1,azoxy,141,141,141,-98.7148,-108.91,52.9256,0.035461,141,-490.893,-527.462,179.805,0,141,-48.3103,-47.5758,22.547,0.0070922,141,-0.27417,-0.2921,0.117837,0.035461,141,-1.25558,-1.27552,0.515809,0.0070922,141,-10.1643,-10.2762,4.04119,0.0070922,141,150.775,177.418,83.5233,0.950355,0,,,,
cand_051,[*:2]n1nnnc1/N=[N+](/[*:1])[O-],azoxy,108,108,108,-92.8034,-83.8796,45.7508,0,108,-482.064,-476.184,144.824,0,108,-46.9661,-45.3203,18.2144,0,108,-0.278087,-0.26875,0.110272,0.0185185,108,-1.26138,-1.18891,0.433334,0,108,-10.2655,-9.80653,3.29539,0,108,140.77,160.93,85.5099,0.898148,0,,,,
cand_051,[*:1]n1nnnc1/N=[N+](/[*:2])[O-],azoxy,50,50,50,-115.411,-128.83,50.8285,0,50,-514.291,-524.861,185.828,0,50,-49.227,-42.4998,21.8733,0,50,-0.350756,-0.36295,0.0914116,0,50,-1.46195,-1.28031,0.49241,0,50,-11.5724,-10.5055,3.63716,0,50,139.688,149.764,81.9056,0.96,0,,,,
cand_051,[*:1]n1cnnn1,azole_ring,8,8,8,20.4132,12.2771,28.4776,0.875,8,32.0407,26.7192,29.984,0.875,8,14.273,16.6219,7.02089,0.875,8,0.01205,0.0153,0.00720298,0.875,8,0.352686,0.408741,0.195412,0.875,8,3.56896,4.13504,2.0441,0.875,8,33.5635,-11.3162,88.3257,0.375,0,,,,
cand_051,[*:1]c1nnnn1N=[N+]=[N-],azide,2,2,2,-81.2614,-81.2614,2.36103,0,2,24.9702,24.9702,10.3964,1,2,14.5306,14.5306,0,1,2,-0.00505,-0.00505,0.00742462,0.5,2,0.265555,0.265555,0.057166,1,2,2.61853,2.61853,0.713718,1,2,-35.3152,-35.3152,1.57487,0,0,,,,
cand_051,[*:1][H],other,2,2,2,14.0721,14.0721,4.02216,1,2,42.5134,42.5134,42.1768,1,2,17.8764,17.8764,1.77413,1,2,0.018,0.018,0.00240416,1,2,0.419926,0.419926,0.0192149,1,2,4.18863,4.18863,0.157473,1,2,-12.9935,-12.9935,10.5974,0,0,,,,
cand_051,[*:1]N=[N+]=[N-],azide,1,1,1,-74.7214,-74.7214,0,0,1,-38.3231,-38.3231,0,0,1,11.882,11.882,0,1,1,-0.0065,-0.0065,0,0,1,0.207875,0.207875,0,1,1,2.03826,2.03826,0,1,1,-36.0885,-36.0885,0,0,0,,,,
cand_051,[*:1]/N=[N+](\[*:2])[O-],azoxy,1,1,1,-19.2476,-19.2476,0,0,1,-222.961,-222.961,0,0,1,-16.9805,-16.9805,0,0,1,0.0398,0.0398,0,1,1,-0.146768,-0.146768,0,0,1,-1.68592,-1.68592,0,0,1,58.233,58.233,0,1,0,,,,
cand_052,[*:1]/N=[N+](/[O-])n1cnnn1,azoxy,329,329,329,-89.9549,-91.4782,41.2927,0.00911854,329,-361.174,-352.34,138.042,0,329,-40.1729,-39.6143,19.5042,0.0182371,329,-0.263031,-0.2596,0.0836878,0,329,-1.11957,-1.05587,0.487075,0.00607903,329,-9.20702,-8.99106,4.09324,0.0151976,329,68.0112,40.125,74.3611,0.990881,0,,,,
cand_052,[*:2]n1nnnc1/N=[N+](/[*:1])[O-],azoxy,195,195,195,-88.5409,-85.5882,33.7003,0,195,-392.706,-390.581,105.103,0,195,-44.7024,-43.4384,15.9771,0,195,-0.270759,-0.2679,0.0683315,0,195,-1.20259,-1.13241,0.372272,0,195,-9.94944,-9.4445,3.16907,0,195,123.022,111.502,84.4861,1,0,,,,
cand_052,[*:1]n1nnnc1/N=[N+](/[*:2])[O-],azoxy,100,100,100,-97.4256,-103.243,40.3512,0.02,100,-328.958,-320.668,121.615,0,100,-37.6364,-37.3864,15.7206,0,100,-0.285861,-0.29135,0.0750506,0,100,-1.11492,-1.12228,0.416967,0,100,-9.07884,-9.26006,3.46348,0,100,63.2921,38.1253,66.8298,0.99,0,,,,
cand_052,[*:1]Nn1nnnc1[*:2],azole_ring,3,3,3,-4.62651,-4.87055,3.71106,0,3,41.0949,55.9419,39.1452,0.666667,3,1.76571,2.64856,1.52915,0.666667,3,0.000166667,-0.0024,0.00570117,0.333333,3,0.0259762,0.0172576,0.0681868,0.666667,3,0.247669,0.0755964,0.765882,0.666667,3,0.5242,0.026,1.19426,0.666667,0,,,,
cand_052,[*:1]n1cnnn1,azole_ring,2,2,2,9.22679,9.22679,14.1109,0.5,2,11.988,11.988,21.3409,0.5,2,6.6083,6.6083,9.34555,0.5,2,0.01005,0.01005,0.0174655,0.5,2,0.156852,0.156852,0.199035,1,2,1.58009,1.58009,1.95016,1,2,1.6828,1.6828,3.11792,0.5,0,,,,
cand_052,[*:1][H],other,2,2,2,48.2986,48.2986,48.2613,1,2,14.448,14.448,5.69186,1,2,8.97826,8.97826,5.99392,1,2,0.0045,0.0045,0.00777817,0.5,2,0.242543,0.242543,0.207129,1,2,2.56273,2.56273,2.2413,1,2,2.6332,2.6332,3.89489,0.5,0,,,,
cand_052,[*:1]c1nnnn1[*:2],azole_ring,1,1,1,-0.799448,-0.799448,0,0,1,-3.30187,-3.30187,0,0,1,0,0,0,0,1,-0.0024,-0.0024,0,0,1,-0.0374319,-0.0374319,0,0,1,-0.41754,-0.41754,0,0,1,0.026,0.026,0,1,0,,,,
cand_052,[*:1]N[N+](=O)[O-],nitramine,1,1,1,74.7214,74.7214,0,1,1,38.3231,38.3231,0,1,1,-11.882,-11.882,0,0,1,0.0065,0.0065,0,1,1,-0.207875,-0.207875,0,0,1,-2.03826,-2.03826,0,0,1,36.0885,36.0885,0,1,0,,,,
cand_053,[*:1]/N=[N+](\[O-])n1nnnc1[*:2],azoxy,618,618,618,-56.507,-59.7027,48.6881,0.13754,618,-214.301,-203.141,107.454,0.0145631,618,-28.047,-26.072,14.5855,0.00970874,618,-0.181798,-0.1769,0.062941,0.00485437,618,-0.767179,-0.741351,0.393273,0.012945,618,-6.51789,-6.23001,3.48804,0.0161812,618,66.1879,33.4275,75.0775,0.881877,0,,,,
cand_053,[*:2]Nn1nnnc1/N=[N+](\[*:1])[O-],azoxy,482,482,482,-65.2226,-71.7227,42.4518,0.0954357,482,-242.287,-234.705,108.731,0.00622407,482,-30.9032,-28.5143,14.7341,0,482,-0.202798,-0.20175,0.0597429,0,482,-0.85433,-0.826356,0.37721,0,482,-7.24371,-6.9776,3.32615,0,482,110.678,92.5138,84.6528,0.981328,0,,,,
cand_053,[*:2]n1nnnc1/N=[N+](\[*:1])[O-],azoxy,448,448,448,-59.7383,-64.7827,48.0313,0.138393,448,-251.484,-243.465,97.2236,0,448,-29.0837,-28.5143,13.3556,0.00446429,448,-0.200639,-0.1936,0.0596027,0,448,-0.820886,-0.805762,0.35885,0.00446429,448,-6.95994,-6.89662,3.19165,0.00446429,448,91.0165,69.6563,78.5018,0.962054,0,,,,
cand_053,[*:1]Nn1nnnc1/N=[N+](\[*:2])[O-],azoxy,440,440,440,-99.7179,-105.903,45.9898,0.0181818,440,-264.584,-262.336,110.404,0.0204545,440,-30.1369,-31.7894,14.6431,0.0113636,440,-0.257095,-0.2594,0.0732671,0.00681818,440,-0.960376,-0.971651,0.420382,0.0113636,440,-7.9882,-8.08396,3.60813,0.0113636,440,98.4908,74.1699,87.3446,0.95,0,,,,
cand_053,[*:1]n1nnnc1/N=[N+](\[*:2])[O-],azoxy,188,188,188,-72.5161,-81.9877,54.4661,0.12234,188,-226.955,-234.272,105.232,0.0106383,188,-25.8062,-24.1899,13.678,0.00531915,188,-0.214064,-0.2145,0.0716514,0.00531915,188,-0.796004,-0.767236,0.407432,0.00531915,188,-6.66205,-6.34426,3.57882,0.0159574,188,75.3874,50.8056,75.143,0.930851,0,,,,
cand_053,[*:1]Nn1nnnc1[*:2],azole_ring,2,2,2,-2.39354,-2.39354,4.74187,0.5,2,30.4975,30.4975,38.3376,1,2,1.25449,1.25449,1.77411,0.5,2,0.00255,0.00255,7.07107e-05,1,2,-0.0368488,-0.0368488,0.0741712,0.5,2,-0.484057,-0.484057,0.809373,0.5,2,-3.69565,-3.69565,1.288,0,0,,,,
cand_053,[*:1]c1nnnn1N[N+](=O)[O-],nitramine,2,2,2,-2.39354,-2.39354,4.74187,0.5,2,30.4975,30.4975,38.3376,1,2,1.25449,1.25449,1.77411,0.5,2,0.00255,0.00255,7.07107e-05,1,2,-0.0368488,-0.0368488,0.0741712,0.5,2,-0.484057,-0.484057,0.809373,0.5,2,-3.69565,-3.69565,1.288,0,0,,,,
cand_053,[*:1]n1nnnc1N=[N+]=[N-],azide,2,2,2,-68.5075,-68.5075,0.361614,0,2,-8.89588,-8.89588,1.19693,0,2,8.47667,8.47667,0,1,2,0.01035,0.01035,0.000919239,1,2,0.250885,0.250885,0.0594535,1,2,2.66328,2.66328,0.716144,1,2,-5.5479,-5.5479,0.0561443,0,0,,,,
cand_053,[*:1]N=[N+]=[N-],azide,2,2,2,-75.3381,-75.3381,10.0216,0,2,-13.2612,-13.2612,7.37037,0,2,1.86838,1.86838,9.34554,0.5,2,0.006,0.006,0.00707107,1,2,0.0984222,0.0984222,0.275068,0.5,2,1.09589,1.09589,2.93277,0.5,2,-5.44775,-5.44775,0.0854892,0,0,,,,
cand_053,[*:1]c1nnnn1[*:2],azole_ring,1,1,1,0.959462,0.959462,0,1,1,3.38877,3.38877,0,1,1,0,0,0,0,1,0.0025,0.0025,0,1,1,-0.0892958,-0.0892958,0,0,1,-1.05637,-1.05637,0,0,1,-4.6064,-4.6064,0,0,0,,,,
cand_053,[*:1]/N=[N+](\[*:2])[O-],azoxy,1,1,1,2.38729,2.38729,0,1,1,-61.124,-61.124,0,0,1,-6.49731,-6.49731,0,0,1,-0.0415,-0.0415,0,0,1,-0.257737,-0.257737,0,0,1,-2.5154,-2.5154,0,0,1,11.9878,11.9878,0,1,0,,,,
cand_054,[*:1]/N=[N+](/[O-])n1ncnn1,azoxy,141,141,141,-98.1176,-108.317,52.9335,0.0496454,141,-488.216,-524.804,179.857,0.0070922,141,-48.3103,-47.5758,22.547,0.0070922,141,-0.272156,-0.2901,0.117871,0.0425532,141,-1.23623,-1.25631,0.516141,0.0141844,141,-9.95807,-10.0714,4.04483,0.0141844,141,-66.4833,-43.0149,84.2973,0.340426,0,,,,
cand_054,[*:2]n1nnnc1/N=[N+](/[*:1])[O-],azoxy,113,113,113,-98.0412,-94.6966,39.5018,0,113,-507.141,-507.782,152.597,0,113,-47.7424,-47.5758,18.4805,0,113,-0.284459,-0.2813,0.100619,0.0176991,113,-1.28869,-1.27221,0.417721,0,113,-10.4629,-10.3218,3.2141,0,113,-106.356,-128.203,87.8546,0.19469,0,,,,
cand_054,[*:1]n1nnnc1/N=[N+](/[*:2])[O-],azoxy,49,49,49,-117.173,-122.697,46.7252,0,49,-497.61,-512.032,184.007,0,49,-46.6719,-44.0856,19.5446,0,49,-0.341163,-0.3405,0.0875809,0,49,-1.39859,-1.33997,0.427319,0,49,-11.0981,-10.5743,3.15846,0,49,-99.6731,-90.4301,95.7024,0.244898,0,,,,
cand_054,[*:1]n1ncnn1,azole_ring,8,8,8,21.0803,12.8701,28.4159,1,8,35.0307,29.377,29.5563,1,8,14.273,16.6219,7.02089,0.875,8,0.0143,0.0173,0.0066599,1,8,0.374305,0.427959,0.190237,1,8,3.79936,4.33983,1.99067,1,8,-209.131,-227.044,48.8954,0,0,,,,
cand_054,[*:1][H],other,2,2,2,10.6484,10.6484,4.62562,1,2,30.5448,30.5448,39.4237,1,2,17.8764,17.8764,1.77413,1,2,0.00945,0.00945,0.000636396,1,2,0.426723,0.426723,0.00514562,1,2,4.31161,4.31161,0.121601,1,2,-236.994,-236.994,5.84565,0,0,,,,
cand_054,[*:1]c1nnnn1N=[N+]=[N-],azide,1,1,1,-83.6293,-83.6293,0,0,1,14.59,14.59,0,1,1,14.5306,14.5306,0,1,1,-0.0123,-0.0123,0,0,1,0.326375,0.326375,0,1,1,3.36741,3.36741,0,1,1,-219.29,-219.29,0,0,0,,,,
cand_054,[*:1]N=[N+]=[N-],azide,1,1,1,-74.8795,-74.8795,0,0,1,-38.7676,-38.7676,0,0,1,11.882,11.882,0,1,1,-0.0068,-0.0068,0,0,1,0.243206,0.243206,0,1,1,2.44418,2.44418,0,1,1,-247.929,-247.929,0,0,0,,,,
cand_054,[*:1]/N=[N+](\[*:2])[O-],azoxy,1,1,1,-22.1272,-22.1272,0,0,1,-236.909,-236.909,0,0,1,-16.9805,-16.9805,0,0,1,0.0275,0.0275,0,1,1,-0.176272,-0.176272,0,0,1,-1.93536,-1.93536,0,0,1,-79.9022,-79.9022,0,0,0,,,,
cand_055,[*:1]/N=[N+](/[O-])n1ncnn1,azoxy,329,329,329,-89.2016,-90.7271,41.2977,0.0121581,329,-358.062,-349.238,138.067,0.00303951,329,-40.1729,-39.6143,19.5042,0.0182371,329,-0.260724,-0.2573,0.0837097,0.00303951,329,-1.13573,-1.07198,0.486961,0.00303951,329,-9.40875,-9.19218,4.09185,0.00911854,329,64.1119,36.2375,74.3716,0.87234,0,,,,
cand_055,[*:2]n1nnnc1/N=[N+](/[*:1])[O-],azoxy,211,211,211,-89.2653,-86.2371,35.5558,0.014218,211,-379.979,-384.1,117.859,0.00473934,211,-43.1338,-43.4384,16.8443,0,211,-0.265798,-0.2676,0.0752028,0.00473934,211,-1.19552,-1.14009,0.407123,0,211,-9.95518,-9.60758,3.43166,0,211,82.3718,59.5523,73.7249,0.985782,0,,,,
cand_055,[*:1]n1nnnc1/N=[N+](/[*:2])[O-],azoxy,95,95,95,-98.498,-106.607,39.2899,0,95,-344.585,-320.239,142.21,0,95,-39.0127,-37.5468,17.6305,0,95,-0.291057,-0.2895,0.0794816,0,95,-1.16872,-1.17449,0.471212,0,95,-9.5555,-9.55734,3.88657,0,95,96.2062,67.8912,88.6299,0.947368,0,,,,
cand_055,[*:1]n1ncnn1,azole_ring,2,2,2,10.3535,10.3535,13.5798,1,2,16.6414,16.6414,19.1472,1,2,6.6083,6.6083,9.34555,0.5,2,0.0135,0.0135,0.0158392,1,2,0.132682,0.132682,0.210429,0.5,2,1.27841,1.27841,2.09237,0.5,2,-4.14845,-4.14845,0.369039,0,0,,,,
cand_055,[*:1]Nn1nnnc1[*:2],azole_ring,1,1,1,-8.74982,-8.74982,0,0,1,53.3576,53.3576,0,1,1,2.64856,2.64856,0,1,1,-0.0055,-0.0055,0,0,1,0.0831695,0.0831695,0,1,1,0.923225,0.923225,0,1,1,28.639,28.639,0,1,0,,,,
cand_055,[*:1]N[N+](=O)[O-],nitramine,1,1,1,74.8795,74.8795,0,1,1,38.7676,38.7676,0,1,1,-11.882,-11.882,0,0,1,0.0068,0.0068,0,1,1,-0.243206,-0.243206,0,0,1,-2.44418,-2.44418,0,0,1,247.929,247.929,0,1,0,,,,
cand_055,[*:1][H],other,1,1,1,14.4124,14.4124,0,1,1,11.8329,11.8329,0,1,1,13.2166,13.2166,0,1,1,0.011,0.011,0,1,1,0.288812,0.288812,0,1,1,2.93367,2.93367,0,1,1,-4.0878,-4.0878,0,0,0,,,,
cand_056,[*:1]/N=[N+](/[O-])n1nnnc1N[*:2],azoxy,934,934,934,-71.6013,-75.9769,48.1797,0.0877944,934,-224.297,-220.058,109.286,0.0203426,934,-30.6051,-29.3394,14.6222,0.00642398,934,-0.209502,-0.209,0.0662504,0.00535332,934,-0.92381,-0.899096,0.388864,0.00428266,934,-8.02843,-7.87263,3.42007,0.00428266,934,146.39,152.936,83.6856,0.978587,0,,,,
cand_056,[*:1]/N=[N+](/[O-])n1nnnc1[*:2],azoxy,634,634,634,-56.9266,-61.5219,48.6296,0.15142,634,-224.768,-218.334,97.6913,0.00315457,634,-28.5278,-27.7142,13.9841,0.00315457,634,-0.189567,-0.1871,0.0588658,0.00315457,634,-0.844841,-0.813133,0.377576,0.00315457,634,-7.38206,-7.08915,3.38707,0.00315457,634,122.124,111.847,84.4203,0.970032,0,,,,
cand_056,[*:2]n1nnc(/N=[N+](/[*:1])[O-])n1,azoxy,453,453,453,-57.1866,-61.1069,48.3582,0.161148,453,-252.152,-242.226,93.9605,0.00220751,453,-31.0921,-31.0076,13.5211,0.00220751,453,-0.198945,-0.198,0.0615793,0,453,-0.920715,-0.901005,0.368393,0.00220751,453,-8.06389,-7.80946,3.27756,0.00220751,453,91.2439,59.7956,90.8452,0.818985,0,,,,
cand_056,[*:1]n1nnc(/N=[N+](/[*:2])[O-])n1,azoxy,196,196,196,-67.6033,-69.8719,50.7685,0.0918367,196,-211.616,-209.577,101.005,0.0102041,196,-24.8489,-22.3674,14.2254,0.00510204,196,-0.202334,-0.202,0.070557,0.00510204,196,-0.799518,-0.765597,0.427611,0.0153061,196,-6.88056,-6.56128,3.82626,0.0204082,196,73.5916,35.3934,88.9485,0.765306,0,,,,
cand_056,[*:1]n1nnnc1N[N+](=O)[O-],nitramine,7,7,7,9.01426,-1.17533,30.0262,0.428571,7,32.6583,41.4016,29.9525,0.857143,7,-0.309899,0,4.32491,0.428571,7,0.00405714,0.0056,0.00590927,0.714286,7,-0.0479299,-0.0403891,0.127635,0.285714,7,-0.570713,-0.527422,1.42508,0.285714,7,56.8873,26.169,86.7935,0.857143,0,,,,
cand_056,[*:1]Nc1nnnn1[*:2],azole_ring,6,6,6,-2.25717,-2.04717,3.83517,0.333333,6,31.2011,30.177,32.5383,0.833333,6,1.25449,1.25449,1.37422,0.5,6,0.003,0.003,0.00570228,0.666667,6,-0.014606,-0.0329441,0.101098,0.333333,6,-0.224097,-0.444577,1.19492,0.333333,6,28.3246,13.6492,46.7627,0.833333,0,,,,
cand_056,[*:1]c1nnn(N=[N+]=[N-])n1,azide,3,3,3,-42.731,-65.2586,43.613,0.333333,3,4.11296,1.48568,21.3221,0.666667,3,5.65111,8.47667,4.89401,0.666667,3,0.0143667,0.0182,0.00779252,1,3,0.149588,0.114434,0.14941,1,3,1.53558,1.06645,1.69378,1,3,-7.42047,-11.8337,8.79861,0.333333,0,,,,
cand_056,[*:2]c1nnnn1[*:1],azole_ring,2,2,2,1.58352,1.58352,2.03621,1,2,5.59292,5.59292,7.19182,1,2,0,0,0,0,2,0.00415,0.00415,0.0053033,1,2,0.0424625,0.0424625,0.11717,0.5,2,0.486714,0.486714,1.4342,0.5,2,16.9423,16.9423,22.363,1,0,,,,
cand_056,[*:1]c1nnn([*:2])n1,azole_ring,1,1,1,7.5389,7.5389,0,1,1,26.627,26.627,0,1,1,0,0,0,0,1,0.0195,0.0195,0,1,1,0.0208891,0.0208891,0,1,1,0.12582,0.12582,0,1,1,2.7113,2.7113,0,1,0,,,,
cand_056,[*:1]c1nnnn1[*:2],azole_ring,1,1,1,-1.17533,-1.17533,0,0,1,-4.15119,-4.15119,0,0,1,0,0,0,0,1,-0.003,-0.003,0,0,1,-0.152127,-0.152127,0,0,1,-1.76797,-1.76797,0,0,1,-8.9503,-8.9503,0,0,0,,,,
cand_056,[*:1]N=[N+]=[N-],azide,1,1,1,-69.9555,-69.9555,0,0,1,-14.0603,-14.0603,0,0,1,8.47667,8.47667,0,1,1,0.0066,0.0066,0,1,1,0.208584,0.208584,0,1,1,2.20007,2.20007,0,1,1,-12.2031,-12.2031,0,0,0,,,,
cand_056,[*:1]N[N+](=O)[O-],nitramine,1,1,1,-2.919,-2.919,0,0,1,68.4839,68.4839,0,1,1,2.50897,2.50897,0,1,1,0.0102,0.0102,0,1,1,-0.072446,-0.072446,0,0,1,-0.99843,-0.99843,0,0,1,0.914,0.914,0,1,0,,,,
cand_057,[*:1]/N=[N+](/[O-])n1nnc([*:2])n1,azoxy,934,934,934,-63.631,-68.0152,48.1915,0.11349,934,-274.026,-269.734,109.164,0.00321199,934,-33.1168,-31.8484,14.6164,0.00214133,934,-0.206399,-0.2059,0.0662608,0.00749465,934,-0.898284,-0.873596,0.388928,0.00642398,934,-7.66631,-7.51089,3.42096,0.00642398,934,120.193,126.767,83.7303,0.891863,0,,,,
cand_057,[*:2]n1nnc(/N=[N+](/[*:1])[O-])n1,azoxy,373,373,373,-62.3985,-66.1052,49.8076,0.134048,373,-273.812,-261.096,100.281,0.00268097,373,-32.9423,-30.6145,15.0832,0.00268097,373,-0.21304,-0.2095,0.0702986,0.00268097,373,-0.935495,-0.871599,0.414925,0,373,-8.00234,-7.51488,3.60506,0.00268097,373,60.8366,26.3164,91.1904,0.624665,0,,,,
cand_057,[*:1]n1nnc(/N=[N+](/[*:2])[O-])n1,azoxy,152,152,152,-83.2507,-87.7102,46.7399,0.0394737,152,-268.517,-265.796,110.875,0.0197368,152,-31.7302,-30.1035,15.7398,0.0197368,152,-0.239724,-0.23765,0.0780505,0.00657895,152,-0.96384,-0.916863,0.462881,0.0197368,152,-8.12656,-7.78026,4.00941,0.0263158,152,60.7631,26.2463,86.1011,0.644737,0,,,,
cand_057,[*:1]c1nnn([*:2])n1,azole_ring,7,6,7,6.79394,6.78634,2.51331,1,7,-20.0711,-38.9974,35.0959,0.428571,7,-1.4337,-2.50897,1.3411,0,7,0.0077,0.0087,0.00550848,1,7,0.0192533,0.025499,0.0929157,0.571429,7,0.231238,0.361733,1.09508,0.571429,7,-5.9436,-25.255,45.0998,0.285714,0,,,,
cand_057,[*:1]n1nnc([N+](=O)[O-])n1,nitro,7,7,7,18.1133,7.96166,29.4207,1,7,-24.1139,-38.9974,31.111,0.285714,7,-3.1773,-2.50897,4.15291,0,7,0.0076,0.0087,0.00537556,1,7,-0.0187882,-0.0148901,0.128741,0.428571,7,-0.157303,-0.165689,1.4404,0.428571,7,26.9799,-25.0397,88.8758,0.428571,0,,,,
cand_057,[*:1]c1nnn(N=[N+]=[N-])n1,azide,1,1,1,5.36897,5.36897,0,1,1,20.0253,20.0253,0,1,1,0,0,0,0,1,0.0142,0.0142,0,1,1,0.0439163,0.0439163,0,1,1,0.431112,0.431112,0,1,1,-28.3693,-28.3693,0,0,0,,,,
cand_057,[*:1][N+](=O)[O-],nitro,1,1,1,6.78634,6.78634,0,1,1,-53.8269,-53.8269,0,0,1,-2.50897,-2.50897,0,0,1,0.0001,0.0001,0,1,1,-0.126628,-0.126628,0,0,1,-1.40623,-1.40623,0,0,1,-35.1193,-35.1193,0,0,0,,,,
cand_058,[*:1]/N=[N+](/[O-])n1nnc(N[*:2])n1,azoxy,934,934,934,-70.4248,-74.8016,48.1816,0.0931478,934,-220.141,-215.907,109.295,0.0235546,934,-30.6051,-29.3394,14.6222,0.00642398,934,-0.206499,-0.206,0.0662605,0.00642398,934,-0.77152,-0.746968,0.389219,0.0117773,934,-6.25857,-6.10466,3.42403,0.0214133,934,155.349,161.887,83.6683,1,0,,,,
cand_058,[*:1]/N=[N+](/[O-])n1nnc([*:2])n1,azoxy,634,634,634,-55.7495,-60.3466,48.6318,0.159306,634,-220.61,-214.183,97.7062,0.00473186,634,-28.5278,-27.7142,13.9841,0.00315457,634,-0.186562,-0.1841,0.0588809,0.00473186,634,-0.692474,-0.661007,0.378065,0.0173502,634,-5.6113,-5.32119,3.39242,0.0315457,634,131.088,120.797,84.3991,0.998423,0,,,,
cand_058,[*:2]n1nnc(/N=[N+](/[*:1])[O-])n1,azoxy,431,431,431,-64.8016,-65.3816,42.3209,0.0858469,431,-252.669,-235.961,97.121,0,431,-29.4703,-28.1055,14.1603,0,431,-0.200127,-0.196,0.0567897,0,431,-0.758005,-0.736767,0.372773,0.00464037,431,-6.20694,-6.12039,3.32151,0.00928074,431,63.282,31.6376,75.2396,0.925754,0,,,,
cand_058,[*:1]n1nnc(/N=[N+](/[*:2])[O-])n1,azoxy,188,188,188,-65.6433,-70.8766,56.4602,0.143617,188,-213.68,-202.786,112.42,0.0106383,188,-25.3103,-22.2758,14.1476,0.0106383,188,-0.203869,-0.20765,0.0758172,0.00531915,188,-0.674327,-0.59018,0.428204,0.0319149,188,-5.36343,-4.62007,3.74749,0.0531915,188,55.615,32.3992,62.0015,0.925532,0,,,,
cand_058,[*:1]n1nnc(N[N+](=O)[O-])n1,nitramine,7,7,7,10.3575,1.17533,29.963,0.571429,7,37.4025,45.5528,29.1321,1,7,-0.309899,0,4.32491,0.428571,7,0.00748571,0.0086,0.0053989,0.857143,7,0.12593,0.126628,0.119637,0.857143,7,1.44982,1.40623,1.3311,0.857143,7,67.1163,35.1193,85.7215,1,0,,,,
cand_058,[*:1]Nc1nnn([*:2])n1,azole_ring,6,6,6,-0.885955,-0.28417,3.93032,0.5,6,36.0442,34.3282,31.6688,1,6,1.25449,1.25449,1.37422,0.5,6,0.0065,0.006,0.00517842,0.833333,6,0.162876,0.139377,0.0755624,1,6,1.83853,1.5871,0.92573,1,6,38.7665,22.5995,45.4603,1,0,,,,
cand_058,[*:1]c1nnn([*:2])n1,azole_ring,3,2,3,3.49941,4.19867,2.06523,1,3,12.3598,14.8295,7.29433,1,3,0,0,0,0,3,0.00903333,0.0109,0.00535008,1,3,0.147229,0.152127,0.0333127,1,3,1.67261,1.76797,0.393157,1,3,11.3487,10.0796,3.22595,1,0,,,,
cand_058,[*:1]c1nnn(N=[N+]=[N-])n1,azide,2,2,2,-32.0717,-32.0717,52.603,0.5,2,3.28785,3.28785,20.9456,0.5,2,4.23834,4.23834,5.99391,0.5,2,0.0108,0.0108,0.00339411,1,2,0.210113,0.210113,0.0456671,1,2,2.27642,2.27642,0.377744,1,2,5.6059,5.6059,13.3082,0.5,0,,,,
cand_058,[*:2]c1nnn([*:1])n1,azole_ring,1,1,1,1.31902,1.31902,0,1,1,4.65873,4.65873,0,1,1,0,0,0,0,1,0.0034,0.0034,0,1,1,0.277442,0.277442,0,1,1,3.26882,3.26882,0,1,1,41.7056,41.7056,0,1,0,,,,
cand_058,[*:1]N=[N+]=[N-],azide,1,1,1,-71.8123,-71.8123,0,0,1,-19.945,-19.945,0,0,1,8.47667,8.47667,0,1,1,0.0022,0.0022,0,1,1,0.207196,0.207196,0,1,1,2.16207,2.16207,0,1,1,-4.2888,-4.2888,0,0,0,,,,
cand_058,[*:1]N[N+](=O)[O-],nitramine,1,1,1,-6.78634,-6.78634,0,0,1,53.8269,53.8269,0,1,1,2.50897,2.50897,0,1,1,-0.0001,-0.0001,0,0,1,0.126628,0.126628,0,1,1,1.40623,1.40623,0,1,1,35.1193,35.1193,0,1,0,,,,
cand_059,[*:1]NNc1nnnn1[*:2],hydrazo,630,575,630,-63.3089,-64.6294,36.508,0.0460317,630,-180.651,-186.798,146.408,0.11746,630,-27.075,-25.2841,17.8653,0.0587302,630,-0.268348,-0.27325,0.0798109,0.0031746,630,-0.997176,-0.939129,0.391045,0.0031746,630,-7.8824,-7.47444,3.22053,0.00634921,630,132.089,156.293,81.8444,0.903175,0,,,,
cand_059,[*:1]Nc1nnnn1[*:2],azole_ring,272,249,272,-37.7247,-46.8294,45.2848,0.238971,272,-172.671,-165.298,137.829,0.0955882,272,-24.0958,-22.6077,16.6311,0.0808824,272,-0.204543,-0.2035,0.0656208,0,272,-0.838145,-0.772034,0.350552,0,272,-6.85715,-6.38107,2.93643,0,272,119.812,136.575,84.7931,0.897059,0,,,,
cand_059,[*:1]c1nnnn1N,azole_ring,263,263,263,-44.3877,-53.3794,47.6302,0.193916,263,-103.163,-70.5922,149.705,0.247148,263,-20.4617,-21.0062,19.8635,0.193916,263,-0.207425,-0.2072,0.0754065,0.0190114,263,-0.858748,-0.795786,0.433079,0.0190114,263,-6.98236,-6.62048,3.61925,0.0152091,263,118.67,122.845,83.3248,0.893536,0,,,,
cand_059,[*:1]c1nnnn1[*:2],azole_ring,194,175,194,-26.3873,-41.0894,52.4419,0.298969,194,-126.844,-121.013,139.327,0.195876,194,-19.4866,-21.0062,16.0515,0.139175,194,-0.19239,-0.1922,0.0587953,0,194,-0.742164,-0.681318,0.323196,0,194,-6.04289,-5.89938,2.79345,0,194,131.25,153.101,79.5272,0.93299,0,,,,
cand_059,[*:2]c1nnnn1[*:1],azole_ring,173,157,173,-34.0333,-50.3194,51.8293,0.248555,173,-131.182,-114.956,156.346,0.184971,173,-18.9843,-20.4354,18.6879,0.16185,173,-0.209045,-0.2056,0.0606416,0,173,-0.772185,-0.683727,0.37818,0,173,-6.21278,-5.41703,3.22355,0.00578035,173,92.1341,86.5964,85.9195,0.83237,0,,,,
cand_059,[*:1]NNc1nnnn1N,hydrazo,141,141,141,-79.4888,-89.8194,53.1544,0.0992908,141,-161.353,-200.243,183.995,0.191489,141,-30.4547,-29.846,22.7671,0.0780142,141,-0.28686,-0.3047,0.117623,0.0212766,141,-1.16877,-1.18932,0.517254,0.0283688,141,-9.23042,-9.34891,4.05705,0.0283688,141,131.273,158.053,83.7566,0.893617,0,,,,
cand_059,[*:1]Nc1nnnn1N,azole_ring,117,117,117,-59.9975,-66.8794,44.8153,0.0940171,117,-186.246,-212.926,168.086,0.136752,117,-29.7261,-25.2841,22.2951,0.102564,117,-0.216974,-0.2358,0.0918678,0.042735,117,-1.02198,-0.972906,0.511969,0.042735,117,-8.3605,-8.25782,4.15794,0.034188,117,137.24,166.15,80.1014,0.91453,0,,,,
cand_059,[*:1]c1nnnn1N=[N+]=[N-],azide,110,110,110,-151.628,-154.654,40.252,0,110,-426.529,-467.881,189.723,0.0454545,110,-45.6466,-43.7945,24.1204,0.00909091,110,-0.331797,-0.3421,0.109924,0,110,-1.34764,-1.32211,0.54693,0.00909091,110,-10.5474,-10.4053,4.12258,0.00909091,110,124.273,142.374,80.7085,0.909091,0,,,,
cand_059,[*:1]N,amino,1,1,1,85.5346,85.5346,0,1,1,190.032,190.032,0,1,1,10.8464,10.8464,0,1,1,0.0165,0.0165,0,1,1,0.00346025,0.00346025,0,1,1,-0.150794,-0.150794,0,0,1,91.6894,91.6894,0,1,0,,,,
cand_059,[*:1]N=[N+]=[N-],azide,1,1,1,-86.7594,-86.7594,0,0,1,100.904,100.904,0,1,1,14.7743,14.7743,0,1,1,-0.0873,-0.0873,0,0,1,0.0228048,0.0228048,0,1,1,0.75468,0.75468,0,1,1,-14.7305,-14.7305,0,0,0,,,,
cand_059,[*:1]NN[*:2],hydrazo,1,1,1,36.4055,36.4055,0,1,1,177.189,177.189,0,1,1,6.81352,6.81352,0,1,1,0.0075,0.0075,0,1,1,0.04203,0.04203,0,1,1,0.433303,0.433303,0,1,1,43.0665,43.0665,0,1,0,,,,
cand_060,[*:1]/N=N\c1nnnn1[*:2],azo,323,323,323,-97.0465,-99.1148,37.1813,0,323,-345.317,-353.11,139.588,0.00309598,323,-33.5618,-31.164,17.7482,0.0340557,323,-0.266501,-0.2683,0.0775282,0,323,-1.01841,-0.93211,0.38828,0,323,-8.1733,-7.68341,3.21229,0,323,105.463,131.57,71.9353,0.885449,0,,,,
cand_060,[*:1]/N=N/c1nnnn1[*:2],azo,307,307,307,-102.759,-104.555,35.0629,0,307,-372.169,-375.624,150.207,0.00325733,307,-34.2766,-34.3344,17.9339,0.0228013,307,-0.285732,-0.2916,0.0809421,0,307,-1.06136,-1.03964,0.392652,0,307,-8.46836,-8.54102,3.22038,0,307,71.4439,89.7345,88.2654,0.739414,0,,,,
cand_060,[*:1]/N=N\c1nnnn1N,azo,141,141,141,-116.153,-126.225,52.6739,0,141,-339.798,-377.432,182.264,0.035461,141,-37.3165,-36.6595,22.6945,0.0425532,141,-0.294413,-0.3122,0.117491,0.0141844,141,-1.2111,-1.23135,0.516563,0.0212766,141,-9.6668,-9.78222,4.04984,0.0212766,141,87.901,114.987,84.1581,0.801418,0,,,,
cand_060,[*:1]/N=N\[*:2],azo,1,1,1,-36.4055,-36.4055,0,0,1,-177.189,-177.189,0,0,1,-6.81352,-6.81352,0,0,1,-0.0075,-0.0075,0,0,1,-0.04203,-0.04203,0,0,1,-0.433303,-0.433303,0,0,1,-43.0665,-43.0665,0,0,0,,,,
cand_061,[*:1]/N=[N+](/[O-])c1nnn(N[*:2])n1,azoxy,934,934,934,-71.7452,-76.1206,48.1795,0.0856531,934,-224.805,-220.565,109.284,0.0192719,934,-30.6051,-29.3394,14.6222,0.00642398,934,-0.209903,-0.2094,0.066249,0.00428266,934,-1.04926,-1.02441,0.388523,0,934,-9.53089,-9.37348,3.41594,0,934,113.599,120.181,83.7401,0.879015,0,,,,
cand_061,[*:1]/N=[N+](/[O-])c1nnn([*:2])n1,azoxy,634,634,634,-57.0705,-61.6656,48.6294,0.148265,634,-225.276,-218.842,97.6894,0.00157729,634,-28.5278,-27.7142,13.9841,0.00315457,634,-0.189968,-0.1875,0.0588638,0.00157729,634,-0.970353,-0.938449,0.3771,0,634,-8.88528,-8.59001,3.38137,0,634,89.3166,79.0918,84.4851,0.812303,0,,,,
cand_061,[*:2]n1nnc(/N=[N+](/[*:1])[O-])n1,azoxy,499,499,499,-52.1774,-56.8406,47.4245,0.162325,499,-219.645,-217.389,96.0673,0.00601202,499,-28.0167,-28.1055,13.7469,0.00400802,499,-0.18313,-0.1789,0.0545481,0.00200401,499,-0.98107,-0.941335,0.37269,0,499,-9.05928,-8.63059,3.36615,0,499,7.68957,-19.144,65.9102,0.388778,0,,,,
cand_061,[*:1]n1nnc(/N=[N+](/[*:2])[O-])n1,azoxy,122,122,122,-77.9584,-90.9606,47.2569,0.0737705,122,-233.982,-224.2,98.7342,0,122,-26.8883,-22.2758,14.4497,0.00819672,122,-0.218231,-0.2167,0.0601212,0,122,-0.996613,-0.889819,0.409578,0,122,-9.00764,-8.15234,3.63639,0,122,7.01084,-28.8195,71.9301,0.336066,0,,,,
cand_061,[*:1]c1nnn(N[N+](=O)[O-])n1,nitramine,7,7,7,8.85003,-1.31902,30.0333,0.285714,7,32.0783,40.8941,30.0437,0.714286,7,-0.309899,0,4.32491,0.428571,7,0.0036,0.0052,0.00595231,0.571429,7,-0.191146,-0.165703,0.106289,0,7,-2.28597,-2.02827,1.1473,0,7,19.4527,-31.626,89.1621,0.285714,0,,,,
cand_061,[*:1]Nn1nnc([*:2])n1,azole_ring,6,6,6,-2.42482,-2.19086,3.81759,0.166667,6,30.609,29.6694,32.6346,0.666667,6,1.25449,1.25449,1.37422,0.5,6,0.00253333,0.0024,0.00574096,0.5,6,-0.160806,-0.158258,0.0763186,0,6,-1.97509,-1.94542,0.876184,0,6,-9.89,-31.7337,48.0365,0.166667,0,,,,
cand_061,[*:1]c1nnn([*:2])n1,azole_ring,3,3,3,0.472307,-0.143699,2.16605,0.333333,3,1.66814,-0.507537,7.65037,0.333333,3,0,0,0,0,3,0.00123333,-0.0004,0.00563057,0.333333,3,-0.189486,-0.165703,0.0788033,0,3,-2.26598,-2.02827,0.907639,0,3,-35.3623,-32.7553,5.5224,0,0,,,,
cand_061,[*:1]c1nnn(N=[N+]=[N-])n1,azide,1,1,1,-74.3066,-74.3066,0,0,1,-28.4938,-28.4938,0,0,1,8.47667,8.47667,0,1,1,-0.0041,-0.0041,0,0,1,-0.00628501,-0.00628501,0,0,1,-0.320522,-0.320522,0,0,1,-45.7328,-45.7328,0,0,0,,,,
cand_061,[*:1]N=[N+]=[N-],azide,1,1,1,-74.3066,-74.3066,0,0,1,-28.4938,-28.4938,0,0,1,8.47667,8.47667,0,1,1,-0.0041,-0.0041,0,0,1,-0.00628501,-0.00628501,0,0,1,-0.320522,-0.320522,0,0,1,-45.7328,-45.7328,0,0,0,,,,
cand_061,[*:1]/N=[N+](\[*:2])[O-],azoxy,1,1,1,9.6194,9.6194,0,1,1,-33.6661,-33.6661,0,0,1,-6.49731,-6.49731,0,0,1,-0.0213,-0.0213,0,0,1,-0.396778,-0.396778,0,0,1,-4.33204,-4.33204,0,0,1,-12.5349,-12.5349,0,0,0,,,,
cand_062,[*:1]NNc1nnn([*:2])n1,hydrazo,323,323,323,-57.4503,-59.6408,37.4351,0.0650155,323,-153.847,-162.232,140.644,0.154799,323,-26.7272,-24.3504,17.7841,0.0650155,323,-0.246639,-0.2485,0.0777314,0.00619195,323,-0.88413,-0.798249,0.389297,0.00928793,323,-6.79252,-6.30689,3.22223,0.0154799,323,64.5665,90.799,72.0848,0.77709,0,,,,
cand_062,[*:1]NNc1nnnn1[*:2],hydrazo,309,309,309,-68.922,-69.2308,37.2363,0.038835,309,-178.472,-174.774,150.147,0.122977,309,-26.0515,-24.0585,17.9569,0.0355987,309,-0.275296,-0.2741,0.0796303,0,309,-0.929453,-0.876253,0.388462,0.00323625,309,-7.06804,-6.83362,3.17607,0.00323625,309,-31.1988,-55.3488,89.0199,0.330097,0,,,,
cand_062,[*:1]c1nnn(N)n1,azole_ring,263,263,263,-41.3075,-50.3108,47.6408,0.209125,263,-89.4212,-56.9026,149.738,0.304183,263,-20.4617,-21.0062,19.8635,0.193916,263,-0.195078,-0.1949,0.0755317,0.0228137,263,-0.766567,-0.703955,0.433735,0.026616,263,-6.03556,-5.67726,3.62572,0.0342205,263,34.5143,39.0077,83.6184,0.653992,0,,,,
cand_062,[*:1]Nc1nnn([*:2])n1,azole_ring,143,143,143,-32.4814,-38.6908,44.2719,0.230769,143,-137.468,-128.18,131.987,0.174825,143,-22.4197,-21.0062,16.4016,0.0979021,143,-0.181527,-0.1808,0.0599627,0.00699301,143,-0.710531,-0.655723,0.341341,0.00699301,143,-5.64822,-5.26494,2.89616,0.00699301,143,61.8893,82.3133,71.3304,0.79021,0,,,,
cand_062,[*:1]Nc1nnnn1[*:2],azole_ring,141,141,141,-41.071,-51.9908,41.5539,0.184397,141,-179.188,-158.73,140.643,0.0851064,141,-25.2427,-22.6077,17.3687,0.0567376,141,-0.212479,-0.21,0.0627672,0,141,-0.827192,-0.788546,0.364553,0,141,-6.5577,-6.21403,3.01803,0,141,-35.147,-53.63,83.6689,0.29078,0,,,,
cand_062,[*:1]NNc1nnn(N)n1,hydrazo,141,141,141,-76.3987,-86.7508,53.1867,0.113475,141,-147.567,-186.554,184.078,0.219858,141,-30.4547,-29.846,22.7671,0.0780142,141,-0.274472,-0.2924,0.117833,0.0283688,141,-1.07628,-1.09749,0.518676,0.0425532,141,-8.28052,-8.4057,4.07157,0.0425532,141,46.8412,74.2161,84.3909,0.673759,0,,,,
cand_062,[*:1]c1nnnn1N=[N+]=[N-],azide,123,123,123,-147.186,-152.541,43.0392,0,123,-436.762,-466.639,165.804,0.00813008,123,-48.0592,-45.2075,20.7721,0,123,-0.327883,-0.3291,0.10237,0,123,-1.33099,-1.26219,0.495816,0,123,-10.2533,-9.92949,3.6567,0,123,14.9292,15.1514,81.6027,0.544715,0,,,,
cand_062,[*:1]Nc1nnn(N)n1,azole_ring,117,117,117,-56.9027,-63.8108,44.8499,0.119658,117,-172.439,-199.236,168.212,0.162393,117,-29.7261,-25.2841,22.2951,0.102564,117,-0.204569,-0.2235,0.0921107,0.0512821,117,-0.929361,-0.881075,0.513476,0.0598291,117,-7.40922,-7.31461,4.17333,0.0598291,117,52.6865,82.3133,80.9537,0.735043,0,,,,
cand_062,[*:1]c1nnn([*:2])n1,azole_ring,106,106,106,-22.1133,-35.2558,51.7822,0.292453,106,-104.01,-104.911,134.673,0.226415,106,-18.4779,-20.7208,15.0975,0.150943,106,-0.171688,-0.177,0.0599655,0.00943396,106,-0.62286,-0.593824,0.311808,0.00943396,106,-4.90112,-4.88019,2.71256,0.0377358,106,62.738,83.7065,71.6351,0.801887,0,,,,
cand_062,[*:1]c1nnnn1[*:2],azole_ring,92,92,92,-30.892,-44.0658,42.1874,0.228261,92,-138.289,-123.518,146.173,0.173913,92,-21.3756,-21.0062,17.4415,0.108696,92,-0.196913,-0.19845,0.0577168,0,92,-0.73819,-0.705232,0.35349,0,92,-5.83185,-5.67478,2.99895,0.0108696,92,-15.6055,-30.6256,83.0694,0.391304,0,,,,
cand_062,[*:2]c1nnn([*:1])n1,azole_ring,88,88,88,-26.6561,-38.3808,50.512,0.25,88,-86.957,-63.7705,149.461,0.329545,88,-17.3847,-9.76851,18.8902,0.204545,88,-0.185853,-0.17825,0.047793,0,88,-0.654521,-0.535219,0.372409,0,88,-5.08859,-4.12997,3.22208,0.0340909,88,40.4267,39.3791,78.3558,0.704545,0,,,,
cand_062,[*:2]c1nnnn1[*:1],azole_ring,81,81,81,-47.112,-56.5108,39.7432,0.160494,81,-155.583,-125.335,155.602,0.148148,81,-21.7825,-21.9904,18.9051,0.111111,81,-0.220078,-0.2175,0.0585602,0,81,-0.785511,-0.782482,0.393267,0,81,-6.11821,-5.92974,3.30545,0.0246914,81,-69.1917,-94.0297,68.0257,0.135802,0,,,,
cand_062,[*:1]N,amino,2,2,2,43.8704,43.8704,60.0775,1,2,220.903,220.903,37.0262,1,2,17.3935,17.3935,9.25893,1,2,-0.0054,-0.0054,0.0381838,0.5,2,0.161212,0.161212,0.0462222,1,2,1.62464,1.62464,0.59532,1,2,-2.67125,-2.67125,109.793,0.5,0,,,,
cand_062,[*:1]N=[N+]=[N-],azide,1,1,1,-115.591,-115.591,0,0,1,-388.001,-388.001,0,0,1,-34.2663,-34.2663,0,0,1,-0.2185,-0.2185,0,0,1,-1.03945,-1.03945,0,0,1,-8.76891,-8.76891,0,0,1,91.4523,91.4523,0,1,0,,,,
