candidate_id,role,frag_from,frag_to,chemotype_from,chemotype_to,layer,cross_layer,undirected_key,frag_ratio,n_pairs,global_n_support,composite_gated,composite_z,n_improve,n_worsen,has_tradeoff,has_local_evidence,z_Hf,sig_Hf,local_mean_d_Hf,z_Q,sig_Q,local_mean_d_Q,z_OBgood,sig_OBgood,local_mean_d_OBgood,z_Pe,sig_Pe,local_mean_d_Pe,z_D,sig_D,local_mean_d_D,z_P,sig_P,local_mean_d_P,z_IS,sig_IS,local_mean_d_IS,z_nu,sig_nu,local_mean_d_nu
cand_001,actionable,[*:2]c1nnnn1[*:1],[*:1]N=[N+]([O-])n1nnnc1[*:2],azole_ring,azoxy,linker,False,*N=[N+]([O-])n1nnnc1*||*c1nnnn1*,0.392432,280,280,7.39917,7.39917,6,0,False,False,1.23564,True,,1.29928,True,,0.829576,True,,1.74442,True,,1.1854,True,,1.10485,True,,-0.100889,True,,,,
cand_001,actionable,[*:2]c1nnnn1[*:1],[*:1]N=[N+]([O-])c1nnnn1[*:2],azole_ring,azoxy,linker,False,*N=[N+]([O-])c1nnnn1*||*c1nnnn1*,0.380296,193,193,7.18294,7.18294,6,0,False,False,1.23795,True,,1.23659,True,,0.790892,True,,1.68949,True,,1.14851,True,,1.0795,True,,-0.171171,True,,,,
cand_001,actionable,[*:2]c1nnnn1[*:1],[*:1]N=[N+]([O-])n1nnc([*:2])n1,azole_ring,azoxy,linker,False,*N=[N+]([O-])n1nnc(*)n1||*c1nnnn1*,0.386847,275,275,7.07244,7.07244,6,0,False,False,1.19325,True,,1.21169,True,,0.802861,True,,1.64893,True,,1.14311,True,,1.07258,True,,-0.0690075,False,,,,
cand_001,actionable,[*:1]c1nnnn1[*:2],[*:1]c1nnnn1N=[N+]([*:2])[O-],azole_ring,azoxy,linker,False,*c1nnnn1*||*c1nnnn1N=[N+](*)[O-],0.384684,108,108,7.02768,7.02768,6,0,False,False,1.18176,True,,1.14919,True,,0.79885,True,,1.54468,True,,1.1966,True,,1.1566,True,,0.219111,True,,,,
cand_001,actionable,[*:1]c1nnnn1[*:2],[*:2]n1nnnc1N=[N+]([*:1])[O-],azole_ring,azoxy,linker,False,*c1nnnn1*||*n1nnnc1N=[N+](*)[O-],0.387609,122,122,6.97978,6.97978,6,0,False,False,1.16054,True,,1.17138,True,,0.834346,True,,1.60279,True,,1.14116,True,,1.06956,True,,0.160271,True,,,,
cand_001,actionable,[*:1]c1nnnn1[*:2],[*:1]n1nnnc1N=[N+]([*:2])[O-],azole_ring,azoxy,linker,False,*c1nnnn1*||*n1nnnc1N=[N+](*)[O-],0.381342,140,140,6.77105,6.77105,6,0,False,False,1.13232,True,,1.07776,True,,0.793782,True,,1.46168,True,,1.16784,True,,1.13768,True,,0.300078,True,,,,
cand_001,actionable,[*:1]c1nnnn1[*:2],[*:1]n1nnc(N=[N+]([*:2])[O-])n1,azole_ring,azoxy,linker,False,*c1nnnn1*||*n1nnc(N=[N+](*)[O-])n1,0.382376,243,243,6.74472,6.74472,6,0,False,False,1.09841,True,,1.08922,True,,0.804593,True,,1.45168,True,,1.16528,True,,1.13554,True,,0.218252,True,,,,
cand_001,actionable,[*:1]c1nnnn1[*:2],[*:1]N=[N+]([O-])c1nnnn1[*:2],azole_ring,azoxy,linker,False,*N=[N+]([O-])c1nnnn1*||*c1nnnn1*,0.387444,216,216,6.14634,6.14634,6,0,False,False,1.0166,True,,0.992261,True,,0.829325,True,,1.31178,True,,1.02557,True,,0.970802,True,,0.00583282,False,,,,
cand_001,actionable,[*:1]c1nnnn1[*:2],[*:2]n1nnc(N=[N+]([*:1])[O-])n1,azole_ring,azoxy,linker,False,*c1nnnn1*||*n1nnc(N=[N+](*)[O-])n1,0.381536,249,249,5.94401,5.94401,6,0,False,False,0.991857,True,,0.919359,True,,0.786746,True,,1.22979,True,,1.0227,True,,0.99356,True,,0.189938,True,,,,
cand_001,actionable,[*:1]c1nnnn1[*:2],[*:1]N=[N+]([O-])n1nnnc1[*:2],azole_ring,azoxy,linker,False,*N=[N+]([O-])n1nnnc1*||*c1nnnn1*,0.386172,229,229,5.94241,5.94241,6,0,False,False,1.01177,True,,0.953617,True,,0.810754,True,,1.25172,True,,0.978768,True,,0.935784,True,,-0.0654356,False,,,,
cand_001,actionable,[*:1]c1nnnn1[*:2],[*:1]N=[N+]([O-])n1nnc([*:2])n1,azole_ring,azoxy,linker,False,*N=[N+]([O-])n1nnc(*)n1||*c1nnnn1*,0.383065,259,259,5.90937,5.90937,6,0,False,False,0.973511,True,,0.966867,True,,0.837706,True,,1.25181,True,,0.973185,True,,0.906291,True,,-0.132316,True,,,,
cand_001,actionable,[*:2]c1nnnn1[*:1],[*:1]N=Nc1nnnn1[*:2],azole_ring,azo,linker,False,*N=Nc1nnnn1*||*c1nnnn1*,0.355949,350,350,4.82301,4.82301,6,0,False,False,1.32338,True,,0.730511,True,,0.358726,True,,1.1928,True,,0.655076,True,,0.562518,True,,0.123372,True,,,,
cand_001,actionable,[*:2]c1nnnn1[*:1],[*:1]N=Nc1nnn([*:2])n1,azole_ring,azo,linker,False,*N=Nc1nnn(*)n1||*c1nnnn1*,0.35656,356,356,4.40896,4.40896,6,0,False,False,1.26223,True,,0.639687,True,,0.340861,True,,1.06383,True,,0.590047,True,,0.512296,True,,0.111891,True,,,,
cand_001,actionable,[*:2]c1nnnn1[*:1],[*:1]N=Nn1nnnc1[*:2],azole_ring,azo,linker,False,*N=Nn1nnnc1*||*c1nnnn1*,0.356653,386,386,4.35206,4.35206,6,0,False,False,1.23532,True,,0.615186,True,,0.330104,True,,1.0263,True,,0.60749,True,,0.537659,True,,0.166134,True,,,,
cand_001,actionable,[*:2]c1nnnn1[*:1],[*:1]N=Nn1nnc([*:2])n1,azole_ring,azo,linker,False,*N=Nn1nnc(*)n1||*c1nnnn1*,0.355887,402,402,3.93208,3.93208,6,0,False,False,1.17085,True,,0.536145,True,,0.333633,True,,0.916776,True,,0.52508,True,,0.449589,True,,-0.0634601,False,,,,
cand_001,actionable,[*:1]c1nnnn1[*:2],[*:1]N=Nc1nnnn1[*:2],azole_ring,azo,linker,False,*N=Nc1nnnn1*||*c1nnnn1*,0.351097,336,336,3.75447,3.75447,6,0,False,False,1.17631,True,,0.503957,True,,0.330506,True,,0.868255,True,,0.473577,True,,0.401863,True,,0.159668,True,,,,
cand_001,actionable,[*:2]c1nnnn1[*:1],[*:1]NNn1nnnc1[*:2],azole_ring,hydrazo,linker,False,*NNn1nnnc1*||*c1nnnn1*,0.35995,369,369,3.64902,3.64902,6,0,False,False,0.89669,True,,0.272185,True,,0.0281111,True,,1.47287,True,,0.55144,True,,0.42772,True,,0.0963791,True,,,,
cand_001,actionable,[*:1]c1nnnn1[*:2],[*:1]N=Nc1nnn([*:2])n1,azole_ring,azo,linker,False,*N=Nc1nnn(*)n1||*c1nnnn1*,0.356667,329,329,3.62297,3.62297,6,0,False,False,1.12524,True,,0.47018,True,,0.353315,True,,0.823885,True,,0.464077,True,,0.38627,True,,0.0930074,True,,,,
cand_001,actionable,[*:1]c1nnnn1[*:2],[*:1]N=Nn1nnnc1[*:2],azole_ring,azo,linker,False,*N=Nn1nnnc1*||*c1nnnn1*,0.354557,319,319,3.49741,3.49741,6,0,False,False,1.09274,True,,0.42757,True,,0.346433,True,,0.758009,True,,0.470057,True,,0.402601,True,,0.219847,True,,,,
cand_001,actionable,[*:2]c1nnnn1[*:1],[*:1]NNc1nnnn1[*:2],azole_ring,hydrazo,linker,False,*NNc1nnnn1*||*c1nnnn1*,0.357605,308,308,3.39303,3.39303,6,0,False,False,0.844118,True,,0.200872,True,,0.0369562,True,,1.37573,True,,0.528407,True,,0.406946,True,,-0.0578213,False,,,,
cand_001,actionable,[*:2]c1nnnn1[*:1],[*:1]NNn1nnc([*:2])n1,azole_ring,hydrazo,linker,False,*NNn1nnc(*)n1||*c1nnnn1*,0.361736,393,393,3.28999,3.28999,6,0,False,False,0.833756,True,,0.207705,True,,0.0440876,True,,1.38185,True,,0.481115,True,,0.341475,True,,-0.243635,True,,,,
cand_001,actionable,[*:1]c1nnnn1[*:2],[*:1]N=Nn1nnc([*:2])n1,azole_ring,azo,linker,False,*N=Nn1nnc(*)n1||*c1nnnn1*,0.351134,325,325,3.02894,3.02894,6,0,False,False,1.03313,True,,0.332837,True,,0.326176,True,,0.62886,True,,0.384432,True,,0.323499,True,,0.0338713,False,,,,
cand_001,actionable,[*:2]c1nnnn1[*:1],[*:1]NNc1nnn([*:2])n1,azole_ring,hydrazo,linker,False,*NNc1nnn(*)n1||*c1nnnn1*,0.354073,326,326,2.92851,2.92851,6,0,False,False,0.787273,True,,0.125173,True,,0.0243631,True,,1.22938,True,,0.436184,True,,0.326137,True,,-0.0216373,False,,,,
cand_001,actionable,[*:1]c1nnnn1[*:2],[*:1]NNn1nnnc1[*:2],azole_ring,hydrazo,linker,False,*NNn1nnnc1*||*c1nnnn1*,0.353396,307,307,2.84277,2.84277,6,0,False,False,0.765018,True,,0.0848097,True,,0.0448634,True,,1.22263,True,,0.42504,True,,0.30041,True,,-0.0312679,False,,,,
cand_001,actionable,[*:1]c1nnnn1[*:2],[*:1]NNc1nnnn1[*:2],azole_ring,hydrazo,linker,False,*NNc1nnnn1*||*c1nnnn1*,0.352717,357,357,2.45199,2.43486,5,0,False,False,0.693648,True,,-0.0171293,False,,0.030827,True,,1.06987,True,,0.381362,True,,0.276284,True,,-0.0595134,False,,,,
cand_001,actionable,[*:1]c1nnnn1[*:2],[*:1]NNn1nnc([*:2])n1,azole_ring,hydrazo,linker,False,*NNn1nnc(*)n1||*c1nnnn1*,0.352662,318,318,2.24338,2.23116,5,0,False,False,0.681101,True,,-0.0122265,False,,0.0338148,True,,1.04967,True,,0.301504,True,,0.177294,True,,-0.248633,True,,,,
cand_001,actionable,[*:1]c1nnnn1[*:2],[*:1]c1nnn(N[N+](=O)[O-])c1[*:2],azole_ring,nitramine,linker,False,*c1nnn(N[N+](=O)[O-])c1*||*c1nnnn1*,0.412549,385,385,1.50783,1.54167,4,0,False,False,0.0006166,False,,0.433216,True,,0.343985,True,,0.0332176,False,,0.340516,True,,0.390115,True,,-0.462432,True,,,,
cand_001,actionable,[*:2]c1nnnn1[*:1],[*:1]c1nnn(N[N+](=O)[O-])c1[*:2],azole_ring,nitramine,linker,False,*c1nnn(N[N+](=O)[O-])c1*||*c1nnnn1*,0.410514,341,341,1.33352,1.28057,4,0,False,False,-0.0166058,False,,0.396025,True,,0.315102,True,,-0.0363459,False,,0.285464,True,,0.336933,True,,-0.491826,True,,,,
cand_001,actionable,[*:1]c1nnnn1[*:2],[*:2]c1nnnn1[*:1],azole_ring,azole_ring,linker,False,*c1nnnn1*||*c1nnnn1*,0.258476,1293,1293,0.21802,0.21802,5,0,False,True,0.0300112,True,-2.03564,0.0417528,True,-7.59256,0,False,0,0.057483,True,-0.0054,0.0430979,True,0.133505,0.0456756,True,1.64416,-0.0465583,True,120.345,,,
cand_002,actionable,[*:2]c1nnnn1[*:1],[*:1]N=[N+]([O-])n1nnnc1[*:2],azole_ring,azoxy,linker,False,*N=[N+]([O-])n1nnnc1*||*c1nnnn1*,0.392432,280,280,7.39917,7.39917,6,0,False,False,1.23564,True,,1.29928,True,,0.829576,True,,1.74442,True,,1.1854,True,,1.10485,True,,-0.100889,True,,,,
cand_002,actionable,[*:2]c1nnnn1[*:1],[*:1]N=[N+]([O-])c1nnnn1[*:2],azole_ring,azoxy,linker,False,*N=[N+]([O-])c1nnnn1*||*c1nnnn1*,0.380296,193,193,7.18294,7.18294,6,0,False,False,1.23795,True,,1.23659,True,,0.790892,True,,1.68949,True,,1.14851,True,,1.0795,True,,-0.171171,True,,,,
cand_002,actionable,[*:2]c1nnnn1[*:1],[*:1]N=[N+]([O-])n1nnc([*:2])n1,azole_ring,azoxy,linker,False,*N=[N+]([O-])n1nnc(*)n1||*c1nnnn1*,0.386847,275,275,7.07244,7.07244,6,0,False,False,1.19325,True,,1.21169,True,,0.802861,True,,1.64893,True,,1.14311,True,,1.07258,True,,-0.0690075,False,,,,
cand_002,actionable,[*:1]c1nnnn1[*:2],[*:1]c1nnnn1N=[N+]([*:2])[O-],azole_ring,azoxy,linker,False,*c1nnnn1*||*c1nnnn1N=[N+](*)[O-],0.384684,108,108,7.02768,7.02768,6,0,False,False,1.18176,True,,1.14919,True,,0.79885,True,,1.54468,True,,1.1966,True,,1.1566,True,,0.219111,True,,,,
cand_002,actionable,[*:1]c1nnnn1[*:2],[*:2]n1nnnc1N=[N+]([*:1])[O-],azole_ring,azoxy,linker,False,*c1nnnn1*||*n1nnnc1N=[N+](*)[O-],0.387609,122,122,6.97978,6.97978,6,0,False,False,1.16054,True,,1.17138,True,,0.834346,True,,1.60279,True,,1.14116,True,,1.06956,True,,0.160271,True,,,,
cand_002,actionable,[*:1]c1nnnn1[*:2],[*:1]n1nnnc1N=[N+]([*:2])[O-],azole_ring,azoxy,linker,False,*c1nnnn1*||*n1nnnc1N=[N+](*)[O-],0.381342,140,140,6.77105,6.77105,6,0,False,False,1.13232,True,,1.07776,True,,0.793782,True,,1.46168,True,,1.16784,True,,1.13768,True,,0.300078,True,,,,
cand_002,actionable,[*:1]c1nnnn1[*:2],[*:1]n1nnc(N=[N+]([*:2])[O-])n1,azole_ring,azoxy,linker,False,*c1nnnn1*||*n1nnc(N=[N+](*)[O-])n1,0.382376,243,243,6.74472,6.74472,6,0,False,False,1.09841,True,,1.08922,True,,0.804593,True,,1.45168,True,,1.16528,True,,1.13554,True,,0.218252,True,,,,
cand_002,actionable,[*:1]c1nnnn1[*:2],[*:1]N=[N+]([O-])c1nnnn1[*:2],azole_ring,azoxy,linker,False,*N=[N+]([O-])c1nnnn1*||*c1nnnn1*,0.387444,216,216,6.14634,6.14634,6,0,False,False,1.0166,True,,0.992261,True,,0.829325,True,,1.31178,True,,1.02557,True,,0.970802,True,,0.00583282,False,,,,
cand_002,actionable,[*:1]c1nnnn1[*:2],[*:2]n1nnc(N=[N+]([*:1])[O-])n1,azole_ring,azoxy,linker,False,*c1nnnn1*||*n1nnc(N=[N+](*)[O-])n1,0.381536,249,249,5.94401,5.94401,6,0,False,False,0.991857,True,,0.919359,True,,0.786746,True,,1.22979,True,,1.0227,True,,0.99356,True,,0.189938,True,,,,
cand_002,actionable,[*:1]c1nnnn1[*:2],[*:1]N=[N+]([O-])n1nnnc1[*:2],azole_ring,azoxy,linker,False,*N=[N+]([O-])n1nnnc1*||*c1nnnn1*,0.386172,229,229,5.94241,5.94241,6,0,False,False,1.01177,True,,0.953617,True,,0.810754,True,,1.25172,True,,0.978768,True,,0.935784,True,,-0.0654356,False,,,,
cand_002,actionable,[*:1]c1nnnn1[*:2],[*:1]N=[N+]([O-])n1nnc([*:2])n1,azole_ring,azoxy,linker,False,*N=[N+]([O-])n1nnc(*)n1||*c1nnnn1*,0.383065,259,259,5.90937,5.90937,6,0,False,False,0.973511,True,,0.966867,True,,0.837706,True,,1.25181,True,,0.973185,True,,0.906291,True,,-0.132316,True,,,,
cand_002,actionable,[*:2]c1nnnn1[*:1],[*:1]N=Nc1nnnn1[*:2],azole_ring,azo,linker,False,*N=Nc1nnnn1*||*c1nnnn1*,0.355949,350,350,4.82301,4.82301,6,0,False,False,1.32338,True,,0.730511,True,,0.358726,True,,1.1928,True,,0.655076,True,,0.562518,True,,0.123372,True,,,,
cand_002,actionable,[*:2]c1nnnn1[*:1],[*:1]N=Nc1nnn([*:2])n1,azole_ring,azo,linker,False,*N=Nc1nnn(*)n1||*c1nnnn1*,0.35656,356,356,4.40896,4.40896,6,0,False,False,1.26223,True,,0.639687,True,,0.340861,True,,1.06383,True,,0.590047,True,,0.512296,True,,0.111891,True,,,,
cand_002,actionable,[*:2]c1nnnn1[*:1],[*:1]N=Nn1nnnc1[*:2],azole_ring,azo,linker,False,*N=Nn1nnnc1*||*c1nnnn1*,0.356653,386,386,4.35206,4.35206,6,0,False,False,1.23532,True,,0.615186,True,,0.330104,True,,1.0263,True,,0.60749,True,,0.537659,True,,0.166134,True,,,,
cand_002,actionable,[*:2]c1nnnn1[*:1],[*:1]N=Nn1nnc([*:2])n1,azole_ring,azo,linker,False,*N=Nn1nnc(*)n1||*c1nnnn1*,0.355887,402,402,3.93208,3.93208,6,0,False,False,1.17085,True,,0.536145,True,,0.333633,True,,0.916776,True,,0.52508,True,,0.449589,True,,-0.0634601,False,,,,
cand_002,actionable,[*:1]c1nnnn1[*:2],[*:1]N=Nc1nnnn1[*:2],azole_ring,azo,linker,False,*N=Nc1nnnn1*||*c1nnnn1*,0.351097,336,336,3.75447,3.75447,6,0,False,False,1.17631,True,,0.503957,True,,0.330506,True,,0.868255,True,,0.473577,True,,0.401863,True,,0.159668,True,,,,
cand_002,actionable,[*:2]c1nnnn1[*:1],[*:1]NNn1nnnc1[*:2],azole_ring,hydrazo,linker,False,*NNn1nnnc1*||*c1nnnn1*,0.35995,369,369,3.64902,3.64902,6,0,False,False,0.89669,True,,0.272185,True,,0.0281111,True,,1.47287,True,,0.55144,True,,0.42772,True,,0.0963791,True,,,,
cand_002,actionable,[*:1]c1nnnn1[*:2],[*:1]N=Nc1nnn([*:2])n1,azole_ring,azo,linker,False,*N=Nc1nnn(*)n1||*c1nnnn1*,0.356667,329,329,3.62297,3.62297,6,0,False,False,1.12524,True,,0.47018,True,,0.353315,True,,0.823885,True,,0.464077,True,,0.38627,True,,0.0930074,True,,,,
cand_002,actionable,[*:1]c1nnnn1[*:2],[*:1]N=Nn1nnnc1[*:2],azole_ring,azo,linker,False,*N=Nn1nnnc1*||*c1nnnn1*,0.354557,319,319,3.49741,3.49741,6,0,False,False,1.09274,True,,0.42757,True,,0.346433,True,,0.758009,True,,0.470057,True,,0.402601,True,,0.219847,True,,,,
cand_002,actionable,[*:2]c1nnnn1[*:1],[*:1]NNc1nnnn1[*:2],azole_ring,hydrazo,linker,False,*NNc1nnnn1*||*c1nnnn1*,0.357605,308,308,3.39303,3.39303,6,0,False,False,0.844118,True,,0.200872,True,,0.0369562,True,,1.37573,True,,0.528407,True,,0.406946,True,,-0.0578213,False,,,,
cand_002,actionable,[*:2]c1nnnn1[*:1],[*:1]NNn1nnc([*:2])n1,azole_ring,hydrazo,linker,False,*NNn1nnc(*)n1||*c1nnnn1*,0.361736,393,393,3.28999,3.28999,6,0,False,False,0.833756,True,,0.207705,True,,0.0440876,True,,1.38185,True,,0.481115,True,,0.341475,True,,-0.243635,True,,,,
cand_002,actionable,[*:1]c1nnnn1[*:2],[*:1]N=Nn1nnc([*:2])n1,azole_ring,azo,linker,False,*N=Nn1nnc(*)n1||*c1nnnn1*,0.351134,325,325,3.02894,3.02894,6,0,False,False,1.03313,True,,0.332837,True,,0.326176,True,,0.62886,True,,0.384432,True,,0.323499,True,,0.0338713,False,,,,
cand_002,actionable,[*:2]c1nnnn1[*:1],[*:1]NNc1nnn([*:2])n1,azole_ring,hydrazo,linker,False,*NNc1nnn(*)n1||*c1nnnn1*,0.354073,326,326,2.92851,2.92851,6,0,False,False,0.787273,True,,0.125173,True,,0.0243631,True,,1.22938,True,,0.436184,True,,0.326137,True,,-0.0216373,False,,,,
cand_002,actionable,[*:1]c1nnnn1[*:2],[*:1]NNn1nnnc1[*:2],azole_ring,hydrazo,linker,False,*NNn1nnnc1*||*c1nnnn1*,0.353396,307,307,2.84277,2.84277,6,0,False,False,0.765018,True,,0.0848097,True,,0.0448634,True,,1.22263,True,,0.42504,True,,0.30041,True,,-0.0312679,False,,,,
cand_002,actionable,[*:1]c1nnnn1[*:2],[*:1]NNc1nnnn1[*:2],azole_ring,hydrazo,linker,False,*NNc1nnnn1*||*c1nnnn1*,0.352717,357,357,2.45199,2.43486,5,0,False,False,0.693648,True,,-0.0171293,False,,0.030827,True,,1.06987,True,,0.381362,True,,0.276284,True,,-0.0595134,False,,,,
cand_002,actionable,[*:1]c1nnnn1[*:2],[*:1]NNn1nnc([*:2])n1,azole_ring,hydrazo,linker,False,*NNn1nnc(*)n1||*c1nnnn1*,0.352662,318,318,2.24338,2.23116,5,0,False,False,0.681101,True,,-0.0122265,False,,0.0338148,True,,1.04967,True,,0.301504,True,,0.177294,True,,-0.248633,True,,,,
cand_002,actionable,[*:1]c1nnnn1[*:2],[*:1]c1nnn(N[N+](=O)[O-])c1[*:2],azole_ring,nitramine,linker,False,*c1nnn(N[N+](=O)[O-])c1*||*c1nnnn1*,0.412549,385,385,1.50783,1.54167,4,0,False,False,0.0006166,False,,0.433216,True,,0.343985,True,,0.0332176,False,,0.340516,True,,0.390115,True,,-0.462432,True,,,,
cand_002,actionable,[*:2]c1nnnn1[*:1],[*:1]c1nnn(N[N+](=O)[O-])c1[*:2],azole_ring,nitramine,linker,False,*c1nnn(N[N+](=O)[O-])c1*||*c1nnnn1*,0.410514,341,341,1.33352,1.28057,4,0,False,False,-0.0166058,False,,0.396025,True,,0.315102,True,,-0.0363459,False,,0.285464,True,,0.336933,True,,-0.491826,True,,,,
cand_002,actionable,[*:1]Nc1nnnn1[*:2],[*:1]Nn1nnnc1[*:2],azole_ring,azole_ring,linker,False,*Nc1nnnn1*||*Nn1nnnc1*,0.295245,593,593,0.26645,0.260235,3,0,False,False,0.0673813,True,,0.0806674,True,,0,False,,0.118401,True,,0.00547648,False,,-0.0116915,False,,-0.0768478,True,,,,
cand_002,actionable,[*:1]c1nnnn1[*:2],[*:2]c1nnnn1[*:1],azole_ring,azole_ring,linker,False,*c1nnnn1*||*c1nnnn1*,0.258476,1293,1293,0.21802,0.21802,5,0,False,False,0.0300112,True,,0.0417528,True,,0,False,,0.057483,True,,0.0430979,True,,0.0456756,True,,-0.0465583,True,,,,
cand_003,actionable,[*:2]c1nnnn1[*:1],[*:1]N=[N+]([O-])n1nnnc1[*:2],azole_ring,azoxy,linker,False,*N=[N+]([O-])n1nnnc1*||*c1nnnn1*,0.392432,280,280,7.39917,7.39917,6,0,False,False,1.23564,True,,1.29928,True,,0.829576,True,,1.74442,True,,1.1854,True,,1.10485,True,,-0.100889,True,,,,
cand_003,actionable,[*:2]c1nnnn1[*:1],[*:1]N=[N+]([O-])c1nnnn1[*:2],azole_ring,azoxy,linker,False,*N=[N+]([O-])c1nnnn1*||*c1nnnn1*,0.380296,193,193,7.18294,7.18294,6,0,False,False,1.23795,True,,1.23659,True,,0.790892,True,,1.68949,True,,1.14851,True,,1.0795,True,,-0.171171,True,,,,
cand_003,actionable,[*:2]c1nnnn1[*:1],[*:1]N=[N+]([O-])n1nnc([*:2])n1,azole_ring,azoxy,linker,False,*N=[N+]([O-])n1nnc(*)n1||*c1nnnn1*,0.386847,275,275,7.07244,7.07244,6,0,False,False,1.19325,True,,1.21169,True,,0.802861,True,,1.64893,True,,1.14311,True,,1.07258,True,,-0.0690075,False,,,,
cand_003,actionable,[*:1]c1nnnn1[*:2],[*:1]c1nnnn1N=[N+]([*:2])[O-],azole_ring,azoxy,linker,False,*c1nnnn1*||*c1nnnn1N=[N+](*)[O-],0.384684,108,108,7.02768,7.02768,6,0,False,False,1.18176,True,,1.14919,True,,0.79885,True,,1.54468,True,,1.1966,True,,1.1566,True,,0.219111,True,,,,
cand_003,actionable,[*:1]c1nnnn1[*:2],[*:2]n1nnnc1N=[N+]([*:1])[O-],azole_ring,azoxy,linker,False,*c1nnnn1*||*n1nnnc1N=[N+](*)[O-],0.387609,122,122,6.97978,6.97978,6,0,False,False,1.16054,True,,1.17138,True,,0.834346,True,,1.60279,True,,1.14116,True,,1.06956,True,,0.160271,True,,,,
cand_003,actionable,[*:1]c1nnnn1[*:2],[*:1]n1nnnc1N=[N+]([*:2])[O-],azole_ring,azoxy,linker,False,*c1nnnn1*||*n1nnnc1N=[N+](*)[O-],0.381342,140,140,6.77105,6.77105,6,0,False,False,1.13232,True,,1.07776,True,,0.793782,True,,1.46168,True,,1.16784,True,,1.13768,True,,0.300078,True,,,,
cand_003,actionable,[*:1]c1nnnn1[*:2],[*:1]n1nnc(N=[N+]([*:2])[O-])n1,azole_ring,azoxy,linker,False,*c1nnnn1*||*n1nnc(N=[N+](*)[O-])n1,0.382376,243,243,6.74472,6.74472,6,0,False,False,1.09841,True,,1.08922,True,,0.804593,True,,1.45168,True,,1.16528,True,,1.13554,True,,0.218252,True,,,,
cand_003,actionable,[*:1]c1nnnn1[*:2],[*:1]N=[N+]([O-])c1nnnn1[*:2],azole_ring,azoxy,linker,False,*N=[N+]([O-])c1nnnn1*||*c1nnnn1*,0.387444,216,216,6.14634,6.14634,6,0,False,False,1.0166,True,,0.992261,True,,0.829325,True,,1.31178,True,,1.02557,True,,0.970802,True,,0.00583282,False,,,,
cand_003,actionable,[*:1][H],[*:1]N[N+](=O)[O-],other,nitramine,substituent,False,*N[N+](=O)[O-]||*[H],0.189405,5877,5877,5.99818,5.99818,6,0,False,False,0.324233,True,,0.88904,True,,1.3388,True,,0.827536,True,,1.29303,True,,1.32554,True,,-0.514252,True,,,,
cand_003,actionable,[*:1][H],[*:1][N+](=O)[O-],other,nitro,substituent,False,*[H]||*[N+](=O)[O-],0.145088,11162,11162,5.96247,5.96247,6,0,False,True,0.234161,True,6.53734,1.20139,True,160.851,1.33037,True,23.1911,0.785731,True,-0.0482,1.1891,True,0.261776,1.22172,True,2.84477,-0.507219,True,-76.236,,,
cand_003,actionable,[*:1]c1nnnn1[*:2],[*:2]n1nnc(N=[N+]([*:1])[O-])n1,azole_ring,azoxy,linker,False,*c1nnnn1*||*n1nnc(N=[N+](*)[O-])n1,0.381536,249,249,5.94401,5.94401,6,0,False,False,0.991857,True,,0.919359,True,,0.786746,True,,1.22979,True,,1.0227,True,,0.99356,True,,0.189938,True,,,,
cand_003,actionable,[*:1]c1nnnn1[*:2],[*:1]N=[N+]([O-])n1nnnc1[*:2],azole_ring,azoxy,linker,False,*N=[N+]([O-])n1nnnc1*||*c1nnnn1*,0.386172,229,229,5.94241,5.94241,6,0,False,False,1.01177,True,,0.953617,True,,0.810754,True,,1.25172,True,,0.978768,True,,0.935784,True,,-0.0654356,False,,,,
cand_003,actionable,[*:1]n1cnnn1,[*:1]n1nnnc1[N+](=O)[O-],azole_ring,nitro,scaffold,False,*n1cnnn1||*n1nnnc1[N+](=O)[O-],0.391358,197,197,5.91171,5.91171,6,0,False,True,0.273064,True,6.53734,1.1069,True,160.851,1.29383,True,23.1911,0.770725,True,-0.0482,1.20569,True,0.261776,1.2615,True,2.84477,-0.961467,True,-76.236,,,
cand_003,actionable,[*:1]c1nnnn1[*:2],[*:1]N=[N+]([O-])n1nnc([*:2])n1,azole_ring,azoxy,linker,False,*N=[N+]([O-])n1nnc(*)n1||*c1nnnn1*,0.383065,259,259,5.90937,5.90937,6,0,False,False,0.973511,True,,0.966867,True,,0.837706,True,,1.25181,True,,0.973185,True,,0.906291,True,,-0.132316,True,,,,
cand_003,actionable,[*:1]n1cnnn1,[*:1]c1nnnn1N[N+](=O)[O-],azole_ring,nitramine,scaffold,False,*c1nnnn1N[N+](=O)[O-]||*n1cnnn1,0.421747,206,206,5.90055,5.90055,6,0,False,False,0.395863,True,,0.887343,True,,1.29369,True,,0.830264,True,,1.23043,True,,1.26296,True,,-0.742385,True,,,,
cand_003,actionable,[*:1]n1cnnn1,[*:1]c1nnnn1[N+](=O)[O-],azole_ring,nitro,scaffold,False,*c1nnnn1[N+](=O)[O-]||*n1cnnn1,0.387251,243,243,5.5597,5.5597,6,0,False,False,0.191236,True,,0.979734,True,,1.27645,True,,0.618551,True,,1.20716,True,,1.28656,True,,-0.677783,True,,,,
cand_003,actionable,[*:1]n1cnnn1,[*:1]n1nnnc1N[N+](=O)[O-],azole_ring,nitramine,scaffold,False,*n1cnnn1||*n1nnnc1N[N+](=O)[O-],0.418723,164,164,5.5509,5.5509,6,0,False,False,0.329096,True,,0.736148,True,,1.22845,True,,0.686914,True,,1.24101,True,,1.32929,True,,-0.651655,True,,,,
cand_003,actionable,[*:1]n1cnnn1,[*:1]c1nnn([N+](=O)[O-])n1,azole_ring,nitro,scaffold,False,*c1nnn([N+](=O)[O-])n1||*n1cnnn1,0.397374,227,227,5.46536,5.46536,6,0,False,True,0.11473,True,-1.52204,1.03099,True,129.137,1.34929,True,23.1911,0.537146,True,-0.0719,1.18159,True,0.162627,1.25162,True,1.86097,-0.509196,True,-35.3379,,,
cand_003,actionable,[*:1]n1cnnn1,[*:1]c1nnn(N[N+](=O)[O-])n1,azole_ring,nitramine,scaffold,False,*c1nnn(N[N+](=O)[O-])n1||*n1cnnn1,0.418398,188,188,5.4048,5.4048,6,0,False,False,0.351237,True,,0.747068,True,,1.20353,True,,0.7056,True,,1.16263,True,,1.23474,True,,-0.916488,True,,,,
cand_003,actionable,[*:1]n1cnnn1,[*:1]n1nnc([N+](=O)[O-])n1,azole_ring,nitro,scaffold,False,*n1cnnn1||*n1nnc([N+](=O)[O-])n1,0.391663,249,249,5.37825,5.37825,6,0,False,False,0.144357,True,,0.948766,True,,1.29642,True,,0.545122,True,,1.18269,True,,1.26089,True,,-0.723643,True,,,,
cand_003,actionable,[*:1]n1cnnn1,[*:1]c1nnnn1N=[N+]=[N-],azole_ring,azide,scaffold,False,*c1nnnn1N=[N+]=[N-]||*n1cnnn1,0.391064,256,256,5.25695,5.25695,6,0,False,True,1.83292,True,85.6919,0.743577,True,85.7746,0.627035,True,10.097,0.756638,True,-0.0107,0.66215,True,0.0640227,0.634623,True,0.607802,0.226794,True,52.8208,,,
cand_003,actionable,[*:1]n1cnnn1,[*:1]n1nnc(N[N+](=O)[O-])n1,azole_ring,nitramine,scaffold,False,*n1cnnn1||*n1nnc(N[N+](=O)[O-])n1,0.416918,230,230,5.18671,5.18671,6,0,False,False,0.274516,True,,0.695455,True,,1.24125,True,,0.611538,True,,1.15065,True,,1.21331,True,,-0.808248,True,,,,
cand_003,actionable,[*:1]n1cnnn1,[*:1]c1nnn(N=[N+]=[N-])n1,azole_ring,azide,scaffold,False,*c1nnn(N=[N+]=[N-])n1||*n1cnnn1,0.396984,204,204,5.12644,5.12644,6,0,False,True,1.75494,True,83.4404,0.708411,True,76.7736,0.670692,True,10.097,0.687376,True,-0.0179,0.669258,True,0.0972592,0.635763,True,1.01906,0.324515,True,119.932,,,
cand_003,actionable,[*:2]c1nnnn1[*:1],[*:1]N=Nc1nnnn1[*:2],azole_ring,azo,linker,False,*N=Nc1nnnn1*||*c1nnnn1*,0.355949,350,350,4.82301,4.82301,6,0,False,False,1.32338,True,,0.730511,True,,0.358726,True,,1.1928,True,,0.655076,True,,0.562518,True,,0.123372,True,,,,
cand_003,actionable,[*:1][H],[*:1]N=[N+]=[N-],other,azide,substituent,False,*N=[N+]=[N-]||*[H],0.148547,5460,5460,4.78796,4.78796,6,0,False,True,1.6527,True,84.1677,0.623367,True,79.6811,0.697449,True,10.097,0.590303,True,-0.0156,0.634074,True,0.191494,0.590066,True,2.06488,0.000225854,False,99.7296,,,
cand_003,actionable,[*:1]n1cnnn1,[*:1]n1nnnc1N=[N+]=[N-],azole_ring,azide,scaffold,False,*n1cnnn1||*n1nnnc1N=[N+]=[N-],0.4,173,173,4.50066,4.50066,6,0,False,True,1.61274,True,84.1677,0.569006,True,79.6811,0.699722,True,10.097,0.493093,True,-0.0156,0.58453,True,0.191494,0.541571,True,2.06488,0.0771344,False,99.7296,,,
cand_003,actionable,[*:2]c1nnnn1[*:1],[*:1]N=Nc1nnn([*:2])n1,azole_ring,azo,linker,False,*N=Nc1nnn(*)n1||*c1nnnn1*,0.35656,356,356,4.40896,4.40896,6,0,False,False,1.26223,True,,0.639687,True,,0.340861,True,,1.06383,True,,0.590047,True,,0.512296,True,,0.111891,True,,,,
cand_003,actionable,[*:2]c1nnnn1[*:1],[*:1]N=Nn1nnnc1[*:2],azole_ring,azo,linker,False,*N=Nn1nnnc1*||*c1nnnn1*,0.356653,386,386,4.35206,4.35206,6,0,False,False,1.23532,True,,0.615186,True,,0.330104,True,,1.0263,True,,0.60749,True,,0.537659,True,,0.166134,True,,,,
cand_003,actionable,[*:1]n1cnnn1,[*:1]n1nnc(N=[N+]=[N-])n1,azole_ring,azide,scaffold,False,*n1cnnn1||*n1nnc(N=[N+]=[N-])n1,0.396897,243,243,3.99797,3.99797,6,0,False,False,1.54735,True,,0.443323,True,,0.662316,True,,0.334195,True,,0.515139,True,,0.495649,True,,-0.352393,True,,,,
cand_003,actionable,[*:2]c1nnnn1[*:1],[*:1]N=Nn1nnc([*:2])n1,azole_ring,azo,linker,False,*N=Nn1nnc(*)n1||*c1nnnn1*,0.355887,402,402,3.93208,3.93208,6,0,False,False,1.17085,True,,0.536145,True,,0.333633,True,,0.916776,True,,0.52508,True,,0.449589,True,,-0.0634601,False,,,,
cand_003,actionable,[*:1]NN[*:2],[*:1]N=[N+]([*:2])[O-],hydrazo,azoxy,linker,False,*N=[N+](*)[O-]||*NN*,0.149114,4015,4015,3.91186,3.91186,6,0,False,False,0.326838,True,,1.05673,True,,0.815419,True,,0.274361,True,,0.689952,True,,0.748555,True,,0.0589066,True,,,,
cand_003,actionable,[*:1]NNc1nnnn1[*:2],[*:1]N=[N+]([O-])c1nnnn1[*:2],hydrazo,azoxy,linker,False,*N=[N+]([O-])c1nnnn1*||*NNc1nnnn1*,0.384287,214,214,3.75585,3.75585,6,0,False,False,0.362753,True,,1.01537,True,,0.760783,True,,0.258081,True,,0.644325,True,,0.714542,True,,-0.0713196,False,,,,
cand_003,actionable,[*:1]c1nnnn1[*:2],[*:1]N=Nc1nnnn1[*:2],azole_ring,azo,linker,False,*N=Nc1nnnn1*||*c1nnnn1*,0.351097,336,336,3.75447,3.75447,6,0,False,False,1.17631,True,,0.503957,True,,0.330506,True,,0.868255,True,,0.473577,True,,0.401863,True,,0.159668,True,,,,
cand_003,actionable,[*:1]NNc1nnnn1[*:2],[*:2]n1nnnc1N=[N+]([*:1])[O-],hydrazo,azoxy,linker,False,*NNc1nnnn1*||*n1nnnc1N=[N+](*)[O-],0.385542,120,120,3.70025,3.70025,6,0,False,False,0.375266,True,,1.01536,True,,0.765685,True,,0.239057,True,,0.618406,True,,0.686471,True,,0.237506,True,,,,
cand_003,actionable,[*:1]NNc1nnnn1[*:2],[*:1]N=[N+]([O-])n1nnnc1[*:2],hydrazo,azoxy,linker,False,*N=[N+]([O-])n1nnnc1*||*NNc1nnnn1*,0.38066,248,248,3.66878,3.66878,6,0,False,False,0.361869,True,,1.0013,True,,0.755963,True,,0.251813,True,,0.616857,True,,0.680978,True,,-0.0748014,False,,,,
cand_003,actionable,[*:2]c1nnnn1[*:1],[*:1]NNn1nnnc1[*:2],azole_ring,hydrazo,linker,False,*NNn1nnnc1*||*c1nnnn1*,0.35995,369,369,3.64902,3.64902,6,0,False,False,0.89669,True,,0.272185,True,,0.0281111,True,,1.47287,True,,0.55144,True,,0.42772,True,,0.0963791,True,,,,
cand_003,actionable,[*:1]c1nnnn1[*:2],[*:1]N=Nc1nnn([*:2])n1,azole_ring,azo,linker,False,*N=Nc1nnn(*)n1||*c1nnnn1*,0.356667,329,329,3.62297,3.62297,6,0,False,False,1.12524,True,,0.47018,True,,0.353315,True,,0.823885,True,,0.464077,True,,0.38627,True,,0.0930074,True,,,,
cand_003,actionable,[*:1]NNc1nnnn1[*:2],[*:1]N=[N+]([O-])n1nnc([*:2])n1,hydrazo,azoxy,linker,False,*N=[N+]([O-])n1nnc(*)n1||*NNc1nnnn1*,0.385857,236,236,3.53371,3.53371,6,0,False,False,0.323345,True,,0.978208,True,,0.768124,True,,0.211525,True,,0.597316,True,,0.655192,True,,-0.173923,True,,,,
cand_003,actionable,[*:1]c1nnnn1[*:2],[*:1]N=Nn1nnnc1[*:2],azole_ring,azo,linker,False,*N=Nn1nnnc1*||*c1nnnn1*,0.354557,319,319,3.49741,3.49741,6,0,False,False,1.09274,True,,0.42757,True,,0.346433,True,,0.758009,True,,0.470057,True,,0.402601,True,,0.219847,True,,,,
cand_003,actionable,[*:1]NNc1nnnn1[*:2],[*:2]n1nnc(N=[N+]([*:1])[O-])n1,hydrazo,azoxy,linker,False,*NNc1nnnn1*||*n1nnc(N=[N+](*)[O-])n1,0.383099,238,238,3.46695,3.46695,6,0,False,False,0.2865,True,,0.905599,True,,0.762232,True,,0.164457,True,,0.636924,True,,0.711233,True,,0.199321,True,,,,
cand_003,actionable,[*:2]c1nnnn1[*:1],[*:1]NNc1nnnn1[*:2],azole_ring,hydrazo,linker,False,*NNc1nnnn1*||*c1nnnn1*,0.357605,308,308,3.39303,3.39303,6,0,False,False,0.844118,True,,0.200872,True,,0.0369562,True,,1.37573,True,,0.528407,True,,0.406946,True,,-0.0578213,False,,,,
cand_003,actionable,[*:2]c1nnnn1[*:1],[*:1]NNn1nnc([*:2])n1,azole_ring,hydrazo,linker,False,*NNn1nnc(*)n1||*c1nnnn1*,0.361736,393,393,3.28999,3.28999,6,0,False,False,0.833756,True,,0.207705,True,,0.0440876,True,,1.38185,True,,0.481115,True,,0.341475,True,,-0.243635,True,,,,
cand_003,actionable,[*:1]c1nnnn1[*:2],[*:1]N=Nn1nnc([*:2])n1,azole_ring,azo,linker,False,*N=Nn1nnc(*)n1||*c1nnnn1*,0.351134,325,325,3.02894,3.02894,6,0,False,False,1.03313,True,,0.332837,True,,0.326176,True,,0.62886,True,,0.384432,True,,0.323499,True,,0.0338713,False,,,,
cand_003,actionable,[*:2]c1nnnn1[*:1],[*:1]NNc1nnn([*:2])n1,azole_ring,hydrazo,linker,False,*NNc1nnn(*)n1||*c1nnnn1*,0.354073,326,326,2.92851,2.92851,6,0,False,False,0.787273,True,,0.125173,True,,0.0243631,True,,1.22938,True,,0.436184,True,,0.326137,True,,-0.0216373,False,,,,
cand_003,actionable,[*:1]c1nnnn1[*:2],[*:1]NNn1nnnc1[*:2],azole_ring,hydrazo,linker,False,*NNn1nnnc1*||*c1nnnn1*,0.353396,307,307,2.84277,2.84277,6,0,False,False,0.765018,True,,0.0848097,True,,0.0448634,True,,1.22263,True,,0.42504,True,,0.30041,True,,-0.0312679,False,,,,
cand_003,actionable,[*:1]c1nnnn1[*:2],[*:1]NNc1nnnn1[*:2],azole_ring,hydrazo,linker,False,*NNc1nnnn1*||*c1nnnn1*,0.352717,357,357,2.45199,2.43486,5,0,False,False,0.693648,True,,-0.0171293,False,,0.030827,True,,1.06987,True,,0.381362,True,,0.276284,True,,-0.0595134,False,,,,
cand_003,actionable,[*:1]c1nnnn1[*:2],[*:1]NNn1nnc([*:2])n1,azole_ring,hydrazo,linker,False,*NNn1nnc(*)n1||*c1nnnn1*,0.352662,318,318,2.24338,2.23116,5,0,False,False,0.681101,True,,-0.0122265,False,,0.0338148,True,,1.04967,True,,0.301504,True,,0.177294,True,,-0.248633,True,,,,
cand_003,actionable,[*:1]c1nnnn1[*:2],[*:1]c1nnn(N[N+](=O)[O-])c1[*:2],azole_ring,nitramine,linker,False,*c1nnn(N[N+](=O)[O-])c1*||*c1nnnn1*,0.412549,385,385,1.50783,1.54167,4,0,False,True,0.0006166,False,-9.31204,0.433216,True,51.5499,0.343985,True,6.27957,0.0332176,False,-0.1259,0.340516,True,-0.230441,0.390115,True,-1.62265,-0.462432,True,30.1855,,,
cand_003,actionable,[*:2]c1nnnn1[*:1],[*:1]c1nnn(N[N+](=O)[O-])c1[*:2],azole_ring,nitramine,linker,False,*c1nnn(N[N+](=O)[O-])c1*||*c1nnnn1*,0.410514,341,341,1.33352,1.28057,4,0,False,True,-0.0166058,False,-9.31204,0.396025,True,51.5499,0.315102,True,6.27957,-0.0363459,False,-0.1259,0.285464,True,-0.230441,0.336933,True,-1.62265,-0.491826,True,30.1855,,,
cand_003,actionable,[*:1]NNc1nnnn1[*:2],[*:1]NNn1nnnc1[*:2],hydrazo,hydrazo,linker,False,*NNc1nnnn1*||*NNn1nnnc1*,0.353639,345,345,0.286238,0.295714,4,0,False,True,0.0646865,True,-9.77597,0.0784278,True,-46.7459,0,False,0,0.12108,True,-0.0401,0.0220436,True,-0.00828616,0.009476,False,0.135119,-0.0180254,False,-34.3249,,,
cand_003,actionable,[*:1]Nc1nnnn1[*:2],[*:1]Nn1nnnc1[*:2],azole_ring,azole_ring,linker,False,*Nc1nnnn1*||*Nn1nnnc1*,0.295245,593,593,0.26645,0.260235,3,0,False,True,0.0673813,True,-9.77597,0.0806674,True,-46.7459,0,False,0,0.118401,True,-0.0401,0.00547648,False,-0.00828616,-0.0116915,False,0.135119,-0.0768478,True,-34.3249,,,
cand_003,actionable,[*:1]c1nnnn1[*:2],[*:2]c1nnnn1[*:1],azole_ring,azole_ring,linker,False,*c1nnnn1*||*c1nnnn1*,0.258476,1293,1293,0.21802,0.21802,5,0,False,True,0.0300112,True,-9.77597,0.0417528,True,-46.7459,0,False,0,0.057483,True,-0.0401,0.0430979,True,-0.00828616,0.0456756,True,0.135119,-0.0465583,True,-34.3249,,,
cand_004,actionable,[*:2]c1nnnn1[*:1],[*:1]N=[N+]([O-])n1nnnc1[*:2],azole_ring,azoxy,linker,False,*N=[N+]([O-])n1nnnc1*||*c1nnnn1*,0.392432,280,280,7.39917,7.39917,6,0,False,False,1.23564,True,,1.29928,True,,0.829576,True,,1.74442,True,,1.1854,True,,1.10485,True,,-0.100889,True,,,,
cand_004,actionable,[*:2]c1nnnn1[*:1],[*:1]N=[N+]([O-])c1nnnn1[*:2],azole_ring,azoxy,linker,False,*N=[N+]([O-])c1nnnn1*||*c1nnnn1*,0.380296,193,193,7.18294,7.18294,6,0,False,False,1.23795,True,,1.23659,True,,0.790892,True,,1.68949,True,,1.14851,True,,1.0795,True,,-0.171171,True,,,,
cand_004,actionable,[*:2]c1nnnn1[*:1],[*:1]N=[N+]([O-])n1nnc([*:2])n1,azole_ring,azoxy,linker,False,*N=[N+]([O-])n1nnc(*)n1||*c1nnnn1*,0.386847,275,275,7.07244,7.07244,6,0,False,False,1.19325,True,,1.21169,True,,0.802861,True,,1.64893,True,,1.14311,True,,1.07258,True,,-0.0690075,False,,,,
cand_004,actionable,[*:1]c1nnnn1[*:2],[*:1]c1nnnn1N=[N+]([*:2])[O-],azole_ring,azoxy,linker,False,*c1nnnn1*||*c1nnnn1N=[N+](*)[O-],0.384684,108,108,7.02768,7.02768,6,0,False,False,1.18176,True,,1.14919,True,,0.79885,True,,1.54468,True,,1.1966,True,,1.1566,True,,0.219111,True,,,,
cand_004,actionable,[*:1]c1nnnn1[*:2],[*:2]n1nnnc1N=[N+]([*:1])[O-],azole_ring,azoxy,linker,False,*c1nnnn1*||*n1nnnc1N=[N+](*)[O-],0.387609,122,122,6.97978,6.97978,6,0,False,False,1.16054,True,,1.17138,True,,0.834346,True,,1.60279,True,,1.14116,True,,1.06956,True,,0.160271,True,,,,
cand_004,actionable,[*:1]c1nnnn1[*:2],[*:1]n1nnnc1N=[N+]([*:2])[O-],azole_ring,azoxy,linker,False,*c1nnnn1*||*n1nnnc1N=[N+](*)[O-],0.381342,140,140,6.77105,6.77105,6,0,False,False,1.13232,True,,1.07776,True,,0.793782,True,,1.46168,True,,1.16784,True,,1.13768,True,,0.300078,True,,,,
cand_004,actionable,[*:1]c1nnnn1[*:2],[*:1]n1nnc(N=[N+]([*:2])[O-])n1,azole_ring,azoxy,linker,False,*c1nnnn1*||*n1nnc(N=[N+](*)[O-])n1,0.382376,243,243,6.74472,6.74472,6,0,False,False,1.09841,True,,1.08922,True,,0.804593,True,,1.45168,True,,1.16528,True,,1.13554,True,,0.218252,True,,,,
cand_004,actionable,[*:1]c1nnnn1[*:2],[*:1]N=[N+]([O-])c1nnnn1[*:2],azole_ring,azoxy,linker,False,*N=[N+]([O-])c1nnnn1*||*c1nnnn1*,0.387444,216,216,6.14634,6.14634,6,0,False,False,1.0166,True,,0.992261,True,,0.829325,True,,1.31178,True,,1.02557,True,,0.970802,True,,0.00583282,False,,,,
cand_004,actionable,[*:1]c1nnnn1[*:2],[*:2]n1nnc(N=[N+]([*:1])[O-])n1,azole_ring,azoxy,linker,False,*c1nnnn1*||*n1nnc(N=[N+](*)[O-])n1,0.381536,249,249,5.94401,5.94401,6,0,False,False,0.991857,True,,0.919359,True,,0.786746,True,,1.22979,True,,1.0227,True,,0.99356,True,,0.189938,True,,,,
cand_004,actionable,[*:1]c1nnnn1[*:2],[*:1]N=[N+]([O-])n1nnnc1[*:2],azole_ring,azoxy,linker,False,*N=[N+]([O-])n1nnnc1*||*c1nnnn1*,0.386172,229,229,5.94241,5.94241,6,0,False,False,1.01177,True,,0.953617,True,,0.810754,True,,1.25172,True,,0.978768,True,,0.935784,True,,-0.0654356,False,,,,
cand_004,actionable,[*:1]c1nnnn1[*:2],[*:1]N=[N+]([O-])n1nnc([*:2])n1,azole_ring,azoxy,linker,False,*N=[N+]([O-])n1nnc(*)n1||*c1nnnn1*,0.383065,259,259,5.90937,5.90937,6,0,False,False,0.973511,True,,0.966867,True,,0.837706,True,,1.25181,True,,0.973185,True,,0.906291,True,,-0.132316,True,,,,
cand_004,actionable,[*:2]c1nnnn1[*:1],[*:1]N=Nc1nnnn1[*:2],azole_ring,azo,linker,False,*N=Nc1nnnn1*||*c1nnnn1*,0.355949,350,350,4.82301,4.82301,6,0,False,False,1.32338,True,,0.730511,True,,0.358726,True,,1.1928,True,,0.655076,True,,0.562518,True,,0.123372,True,,,,
cand_004,actionable,[*:2]c1nnnn1[*:1],[*:1]N=Nc1nnn([*:2])n1,azole_ring,azo,linker,False,*N=Nc1nnn(*)n1||*c1nnnn1*,0.35656,356,356,4.40896,4.40896,6,0,False,False,1.26223,True,,0.639687,True,,0.340861,True,,1.06383,True,,0.590047,True,,0.512296,True,,0.111891,True,,,,
cand_004,actionable,[*:2]c1nnnn1[*:1],[*:1]N=Nn1nnnc1[*:2],azole_ring,azo,linker,False,*N=Nn1nnnc1*||*c1nnnn1*,0.356653,386,386,4.35206,4.35206,6,0,False,False,1.23532,True,,0.615186,True,,0.330104,True,,1.0263,True,,0.60749,True,,0.537659,True,,0.166134,True,,,,
cand_004,actionable,[*:2]c1nnnn1[*:1],[*:1]N=Nn1nnc([*:2])n1,azole_ring,azo,linker,False,*N=Nn1nnc(*)n1||*c1nnnn1*,0.355887,402,402,3.93208,3.93208,6,0,False,False,1.17085,True,,0.536145,True,,0.333633,True,,0.916776,True,,0.52508,True,,0.449589,True,,-0.0634601,False,,,,
cand_004,actionable,[*:1]c1nnnn1[*:2],[*:1]N=Nc1nnnn1[*:2],azole_ring,azo,linker,False,*N=Nc1nnnn1*||*c1nnnn1*,0.351097,336,336,3.75447,3.75447,6,0,False,False,1.17631,True,,0.503957,True,,0.330506,True,,0.868255,True,,0.473577,True,,0.401863,True,,0.159668,True,,,,
cand_004,actionable,[*:2]c1nnnn1[*:1],[*:1]NNn1nnnc1[*:2],azole_ring,hydrazo,linker,False,*NNn1nnnc1*||*c1nnnn1*,0.35995,369,369,3.64902,3.64902,6,0,False,False,0.89669,True,,0.272185,True,,0.0281111,True,,1.47287,True,,0.55144,True,,0.42772,True,,0.0963791,True,,,,
cand_004,actionable,[*:1]c1nnnn1[*:2],[*:1]N=Nc1nnn([*:2])n1,azole_ring,azo,linker,False,*N=Nc1nnn(*)n1||*c1nnnn1*,0.356667,329,329,3.62297,3.62297,6,0,False,False,1.12524,True,,0.47018,True,,0.353315,True,,0.823885,True,,0.464077,True,,0.38627,True,,0.0930074,True,,,,
cand_004,actionable,[*:1]c1nnnn1[*:2],[*:1]N=Nn1nnnc1[*:2],azole_ring,azo,linker,False,*N=Nn1nnnc1*||*c1nnnn1*,0.354557,319,319,3.49741,3.49741,6,0,False,False,1.09274,True,,0.42757,True,,0.346433,True,,0.758009,True,,0.470057,True,,0.402601,True,,0.219847,True,,,,
cand_004,actionable,[*:2]c1nnnn1[*:1],[*:1]NNc1nnnn1[*:2],azole_ring,hydrazo,linker,False,*NNc1nnnn1*||*c1nnnn1*,0.357605,308,308,3.39303,3.39303,6,0,False,False,0.844118,True,,0.200872,True,,0.0369562,True,,1.37573,True,,0.528407,True,,0.406946,True,,-0.0578213,False,,,,
cand_004,actionable,[*:2]c1nnnn1[*:1],[*:1]NNn1nnc([*:2])n1,azole_ring,hydrazo,linker,False,*NNn1nnc(*)n1||*c1nnnn1*,0.361736,393,393,3.28999,3.28999,6,0,False,False,0.833756,True,,0.207705,True,,0.0440876,True,,1.38185,True,,0.481115,True,,0.341475,True,,-0.243635,True,,,,
cand_004,actionable,[*:1]c1nnnn1[*:2],[*:1]N=Nn1nnc([*:2])n1,azole_ring,azo,linker,False,*N=Nn1nnc(*)n1||*c1nnnn1*,0.351134,325,325,3.02894,3.02894,6,0,False,False,1.03313,True,,0.332837,True,,0.326176,True,,0.62886,True,,0.384432,True,,0.323499,True,,0.0338713,False,,,,
cand_004,actionable,[*:2]c1nnnn1[*:1],[*:1]NNc1nnn([*:2])n1,azole_ring,hydrazo,linker,False,*NNc1nnn(*)n1||*c1nnnn1*,0.354073,326,326,2.92851,2.92851,6,0,False,False,0.787273,True,,0.125173,True,,0.0243631,True,,1.22938,True,,0.436184,True,,0.326137,True,,-0.0216373,False,,,,
cand_004,actionable,[*:1]c1nnnn1[*:2],[*:1]NNn1nnnc1[*:2],azole_ring,hydrazo,linker,False,*NNn1nnnc1*||*c1nnnn1*,0.353396,307,307,2.84277,2.84277,6,0,False,False,0.765018,True,,0.0848097,True,,0.0448634,True,,1.22263,True,,0.42504,True,,0.30041,True,,-0.0312679,False,,,,
cand_004,actionable,[*:1]c1nnnn1[*:2],[*:1]NNc1nnnn1[*:2],azole_ring,hydrazo,linker,False,*NNc1nnnn1*||*c1nnnn1*,0.352717,357,357,2.45199,2.43486,5,0,False,False,0.693648,True,,-0.0171293,False,,0.030827,True,,1.06987,True,,0.381362,True,,0.276284,True,,-0.0595134,False,,,,
cand_004,actionable,[*:1]c1nnnn1[*:2],[*:1]NNn1nnc([*:2])n1,azole_ring,hydrazo,linker,False,*NNn1nnc(*)n1||*c1nnnn1*,0.352662,318,318,2.24338,2.23116,5,0,False,False,0.681101,True,,-0.0122265,False,,0.0338148,True,,1.04967,True,,0.301504,True,,0.177294,True,,-0.248633,True,,,,
cand_004,actionable,[*:1]c1nnnn1[*:2],[*:1]c1nnn(N[N+](=O)[O-])c1[*:2],azole_ring,nitramine,linker,False,*c1nnn(N[N+](=O)[O-])c1*||*c1nnnn1*,0.412549,385,385,1.50783,1.54167,4,0,False,False,0.0006166,False,,0.433216,True,,0.343985,True,,0.0332176,False,,0.340516,True,,0.390115,True,,-0.462432,True,,,,
cand_004,actionable,[*:2]c1nnnn1[*:1],[*:1]c1nnn(N[N+](=O)[O-])c1[*:2],azole_ring,nitramine,linker,False,*c1nnn(N[N+](=O)[O-])c1*||*c1nnnn1*,0.410514,341,341,1.33352,1.28057,4,0,False,False,-0.0166058,False,,0.396025,True,,0.315102,True,,-0.0363459,False,,0.285464,True,,0.336933,True,,-0.491826,True,,,,
cand_004,actionable,[*:1]Nc1nnnn1[*:2],[*:1]Nn1nnnc1[*:2],azole_ring,azole_ring,linker,False,*Nc1nnnn1*||*Nn1nnnc1*,0.295245,593,593,0.26645,0.260235,3,0,False,False,0.0673813,True,,0.0806674,True,,0,False,,0.118401,True,,0.00547648,False,,-0.0116915,False,,-0.0768478,True,,,,
cand_004,actionable,[*:1]c1nnnn1[*:2],[*:2]c1nnnn1[*:1],azole_ring,azole_ring,linker,False,*c1nnnn1*||*c1nnnn1*,0.258476,1293,1293,0.21802,0.21802,5,0,False,False,0.0300112,True,,0.0417528,True,,0,False,,0.057483,True,,0.0430979,True,,0.0456756,True,,-0.0465583,True,,,,
cand_005,actionable,[*:2]c1nnnn1[*:1],[*:1]N=[N+]([O-])n1nnnc1[*:2],azole_ring,azoxy,linker,False,*N=[N+]([O-])n1nnnc1*||*c1nnnn1*,0.392432,280,280,7.39917,7.39917,6,0,False,False,1.23564,True,,1.29928,True,,0.829576,True,,1.74442,True,,1.1854,True,,1.10485,True,,-0.100889,True,,,,
cand_005,actionable,[*:2]c1nnnn1[*:1],[*:1]N=[N+]([O-])c1nnnn1[*:2],azole_ring,azoxy,linker,False,*N=[N+]([O-])c1nnnn1*||*c1nnnn1*,0.380296,193,193,7.18294,7.18294,6,0,False,False,1.23795,True,,1.23659,True,,0.790892,True,,1.68949,True,,1.14851,True,,1.0795,True,,-0.171171,True,,,,
cand_005,actionable,[*:2]c1nnnn1[*:1],[*:1]N=[N+]([O-])n1nnc([*:2])n1,azole_ring,azoxy,linker,False,*N=[N+]([O-])n1nnc(*)n1||*c1nnnn1*,0.386847,275,275,7.07244,7.07244,6,0,False,False,1.19325,True,,1.21169,True,,0.802861,True,,1.64893,True,,1.14311,True,,1.07258,True,,-0.0690075,False,,,,
cand_005,actionable,[*:1]c1nnnn1[*:2],[*:1]c1nnnn1N=[N+]([*:2])[O-],azole_ring,azoxy,linker,False,*c1nnnn1*||*c1nnnn1N=[N+](*)[O-],0.384684,108,108,7.02768,7.02768,6,0,False,False,1.18176,True,,1.14919,True,,0.79885,True,,1.54468,True,,1.1966,True,,1.1566,True,,0.219111,True,,,,
cand_005,actionable,[*:1]c1nnnn1[*:2],[*:2]n1nnnc1N=[N+]([*:1])[O-],azole_ring,azoxy,linker,False,*c1nnnn1*||*n1nnnc1N=[N+](*)[O-],0.387609,122,122,6.97978,6.97978,6,0,False,False,1.16054,True,,1.17138,True,,0.834346,True,,1.60279,True,,1.14116,True,,1.06956,True,,0.160271,True,,,,
cand_005,actionable,[*:1]c1nnnn1[*:2],[*:1]n1nnnc1N=[N+]([*:2])[O-],azole_ring,azoxy,linker,False,*c1nnnn1*||*n1nnnc1N=[N+](*)[O-],0.381342,140,140,6.77105,6.77105,6,0,False,False,1.13232,True,,1.07776,True,,0.793782,True,,1.46168,True,,1.16784,True,,1.13768,True,,0.300078,True,,,,
cand_005,actionable,[*:1]c1nnnn1[*:2],[*:1]n1nnc(N=[N+]([*:2])[O-])n1,azole_ring,azoxy,linker,False,*c1nnnn1*||*n1nnc(N=[N+](*)[O-])n1,0.382376,243,243,6.74472,6.74472,6,0,False,False,1.09841,True,,1.08922,True,,0.804593,True,,1.45168,True,,1.16528,True,,1.13554,True,,0.218252,True,,,,
cand_005,actionable,[*:1]c1nnnn1[*:2],[*:1]N=[N+]([O-])c1nnnn1[*:2],azole_ring,azoxy,linker,False,*N=[N+]([O-])c1nnnn1*||*c1nnnn1*,0.387444,216,216,6.14634,6.14634,6,0,False,False,1.0166,True,,0.992261,True,,0.829325,True,,1.31178,True,,1.02557,True,,0.970802,True,,0.00583282,False,,,,
cand_005,actionable,[*:1]c1nnnn1[*:2],[*:2]n1nnc(N=[N+]([*:1])[O-])n1,azole_ring,azoxy,linker,False,*c1nnnn1*||*n1nnc(N=[N+](*)[O-])n1,0.381536,249,249,5.94401,5.94401,6,0,False,False,0.991857,True,,0.919359,True,,0.786746,True,,1.22979,True,,1.0227,True,,0.99356,True,,0.189938,True,,,,
cand_005,actionable,[*:1]c1nnnn1[*:2],[*:1]N=[N+]([O-])n1nnnc1[*:2],azole_ring,azoxy,linker,False,*N=[N+]([O-])n1nnnc1*||*c1nnnn1*,0.386172,229,229,5.94241,5.94241,6,0,False,False,1.01177,True,,0.953617,True,,0.810754,True,,1.25172,True,,0.978768,True,,0.935784,True,,-0.0654356,False,,,,
cand_005,actionable,[*:1]c1nnnn1[*:2],[*:1]N=[N+]([O-])n1nnc([*:2])n1,azole_ring,azoxy,linker,False,*N=[N+]([O-])n1nnc(*)n1||*c1nnnn1*,0.383065,259,259,5.90937,5.90937,6,0,False,False,0.973511,True,,0.966867,True,,0.837706,True,,1.25181,True,,0.973185,True,,0.906291,True,,-0.132316,True,,,,
cand_005,actionable,[*:2]c1nnnn1[*:1],[*:1]N=Nc1nnnn1[*:2],azole_ring,azo,linker,False,*N=Nc1nnnn1*||*c1nnnn1*,0.355949,350,350,4.82301,4.82301,6,0,False,False,1.32338,True,,0.730511,True,,0.358726,True,,1.1928,True,,0.655076,True,,0.562518,True,,0.123372,True,,,,
cand_005,actionable,[*:2]c1nnnn1[*:1],[*:1]N=Nc1nnn([*:2])n1,azole_ring,azo,linker,False,*N=Nc1nnn(*)n1||*c1nnnn1*,0.35656,356,356,4.40896,4.40896,6,0,False,False,1.26223,True,,0.639687,True,,0.340861,True,,1.06383,True,,0.590047,True,,0.512296,True,,0.111891,True,,,,
cand_005,actionable,[*:2]c1nnnn1[*:1],[*:1]N=Nn1nnnc1[*:2],azole_ring,azo,linker,False,*N=Nn1nnnc1*||*c1nnnn1*,0.356653,386,386,4.35206,4.35206,6,0,False,False,1.23532,True,,0.615186,True,,0.330104,True,,1.0263,True,,0.60749,True,,0.537659,True,,0.166134,True,,,,
cand_005,actionable,[*:2]c1nnnn1[*:1],[*:1]N=Nn1nnc([*:2])n1,azole_ring,azo,linker,False,*N=Nn1nnc(*)n1||*c1nnnn1*,0.355887,402,402,3.93208,3.93208,6,0,False,False,1.17085,True,,0.536145,True,,0.333633,True,,0.916776,True,,0.52508,True,,0.449589,True,,-0.0634601,False,,,,
cand_005,actionable,[*:1]NN[*:2],[*:1]N=[N+]([*:2])[O-],hydrazo,azoxy,linker,False,*N=[N+](*)[O-]||*NN*,0.149114,4015,4015,3.91186,3.91186,6,0,False,False,0.326838,True,,1.05673,True,,0.815419,True,,0.274361,True,,0.689952,True,,0.748555,True,,0.0589066,True,,,,
cand_005,actionable,[*:1]NNc1nnnn1[*:2],[*:1]N=[N+]([O-])c1nnnn1[*:2],hydrazo,azoxy,linker,False,*N=[N+]([O-])c1nnnn1*||*NNc1nnnn1*,0.384287,214,214,3.75585,3.75585,6,0,False,False,0.362753,True,,1.01537,True,,0.760783,True,,0.258081,True,,0.644325,True,,0.714542,True,,-0.0713196,False,,,,
cand_005,actionable,[*:1]c1nnnn1[*:2],[*:1]N=Nc1nnnn1[*:2],azole_ring,azo,linker,False,*N=Nc1nnnn1*||*c1nnnn1*,0.351097,336,336,3.75447,3.75447,6,0,False,False,1.17631,True,,0.503957,True,,0.330506,True,,0.868255,True,,0.473577,True,,0.401863,True,,0.159668,True,,,,
cand_005,actionable,[*:1]NNc1nnnn1[*:2],[*:2]n1nnnc1N=[N+]([*:1])[O-],hydrazo,azoxy,linker,False,*NNc1nnnn1*||*n1nnnc1N=[N+](*)[O-],0.385542,120,120,3.70025,3.70025,6,0,False,False,0.375266,True,,1.01536,True,,0.765685,True,,0.239057,True,,0.618406,True,,0.686471,True,,0.237506,True,,,,
cand_005,actionable,[*:1]NNc1nnnn1[*:2],[*:1]N=[N+]([O-])n1nnnc1[*:2],hydrazo,azoxy,linker,False,*N=[N+]([O-])n1nnnc1*||*NNc1nnnn1*,0.38066,248,248,3.66878,3.66878,6,0,False,True,0.361869,True,14.2461,1.0013,True,144.473,0.755963,True,13.8092,0.251813,True,-0.0364,0.616857,True,0.144978,0.680978,True,1.6067,-0.0748014,False,39.5864,,,
cand_005,actionable,[*:2]c1nnnn1[*:1],[*:1]NNn1nnnc1[*:2],azole_ring,hydrazo,linker,False,*NNn1nnnc1*||*c1nnnn1*,0.35995,369,369,3.64902,3.64902,6,0,False,False,0.89669,True,,0.272185,True,,0.0281111,True,,1.47287,True,,0.55144,True,,0.42772,True,,0.0963791,True,,,,
cand_005,actionable,[*:1]c1nnnn1[*:2],[*:1]N=Nc1nnn([*:2])n1,azole_ring,azo,linker,False,*N=Nc1nnn(*)n1||*c1nnnn1*,0.356667,329,329,3.62297,3.62297,6,0,False,False,1.12524,True,,0.47018,True,,0.353315,True,,0.823885,True,,0.464077,True,,0.38627,True,,0.0930074,True,,,,
cand_005,actionable,[*:1]NNc1nnnn1[*:2],[*:1]N=[N+]([O-])n1nnc([*:2])n1,hydrazo,azoxy,linker,False,*N=[N+]([O-])n1nnc(*)n1||*NNc1nnnn1*,0.385857,236,236,3.53371,3.53371,6,0,False,False,0.323345,True,,0.978208,True,,0.768124,True,,0.211525,True,,0.597316,True,,0.655192,True,,-0.173923,True,,,,
cand_005,actionable,[*:1]c1nnnn1[*:2],[*:1]N=Nn1nnnc1[*:2],azole_ring,azo,linker,False,*N=Nn1nnnc1*||*c1nnnn1*,0.354557,319,319,3.49741,3.49741,6,0,False,False,1.09274,True,,0.42757,True,,0.346433,True,,0.758009,True,,0.470057,True,,0.402601,True,,0.219847,True,,,,
cand_005,actionable,[*:1]NNc1nnnn1[*:2],[*:2]n1nnc(N=[N+]([*:1])[O-])n1,hydrazo,azoxy,linker,False,*NNc1nnnn1*||*n1nnc(N=[N+](*)[O-])n1,0.383099,238,238,3.46695,3.46695,6,0,False,False,0.2865,True,,0.905599,True,,0.762232,True,,0.164457,True,,0.636924,True,,0.711233,True,,0.199321,True,,,,
cand_005,actionable,[*:2]c1nnnn1[*:1],[*:1]NNc1nnnn1[*:2],azole_ring,hydrazo,linker,False,*NNc1nnnn1*||*c1nnnn1*,0.357605,308,308,3.39303,3.39303,6,0,False,False,0.844118,True,,0.200872,True,,0.0369562,True,,1.37573,True,,0.528407,True,,0.406946,True,,-0.0578213,False,,,,
cand_005,actionable,[*:2]c1nnnn1[*:1],[*:1]NNn1nnc([*:2])n1,azole_ring,hydrazo,linker,False,*NNn1nnc(*)n1||*c1nnnn1*,0.361736,393,393,3.28999,3.28999,6,0,False,False,0.833756,True,,0.207705,True,,0.0440876,True,,1.38185,True,,0.481115,True,,0.341475,True,,-0.243635,True,,,,
cand_005,actionable,[*:1]c1nnnn1[*:2],[*:1]N=Nn1nnc([*:2])n1,azole_ring,azo,linker,False,*N=Nn1nnc(*)n1||*c1nnnn1*,0.351134,325,325,3.02894,3.02894,6,0,False,False,1.03313,True,,0.332837,True,,0.326176,True,,0.62886,True,,0.384432,True,,0.323499,True,,0.0338713,False,,,,
cand_005,actionable,[*:2]c1nnnn1[*:1],[*:1]NNc1nnn([*:2])n1,azole_ring,hydrazo,linker,False,*NNc1nnn(*)n1||*c1nnnn1*,0.354073,326,326,2.92851,2.92851,6,0,False,False,0.787273,True,,0.125173,True,,0.0243631,True,,1.22938,True,,0.436184,True,,0.326137,True,,-0.0216373,False,,,,
cand_005,actionable,[*:1]c1nnnn1[*:2],[*:1]NNn1nnnc1[*:2],azole_ring,hydrazo,linker,False,*NNn1nnnc1*||*c1nnnn1*,0.353396,307,307,2.84277,2.84277,6,0,False,False,0.765018,True,,0.0848097,True,,0.0448634,True,,1.22263,True,,0.42504,True,,0.30041,True,,-0.0312679,False,,,,
cand_005,actionable,[*:1]c1nnnn1[*:2],[*:1]NNc1nnnn1[*:2],azole_ring,hydrazo,linker,False,*NNc1nnnn1*||*c1nnnn1*,0.352717,357,357,2.45199,2.43486,5,0,False,False,0.693648,True,,-0.0171293,False,,0.030827,True,,1.06987,True,,0.381362,True,,0.276284,True,,-0.0595134,False,,,,
cand_005,actionable,[*:1]c1nnnn1[*:2],[*:1]NNn1nnc([*:2])n1,azole_ring,hydrazo,linker,False,*NNn1nnc(*)n1||*c1nnnn1*,0.352662,318,318,2.24338,2.23116,5,0,False,False,0.681101,True,,-0.0122265,False,,0.0338148,True,,1.04967,True,,0.301504,True,,0.177294,True,,-0.248633,True,,,,
cand_005,actionable,[*:1]c1nnnn1[*:2],[*:1]c1nnn(N[N+](=O)[O-])c1[*:2],azole_ring,nitramine,linker,False,*c1nnn(N[N+](=O)[O-])c1*||*c1nnnn1*,0.412549,385,385,1.50783,1.54167,4,0,False,False,0.0006166,False,,0.433216,True,,0.343985,True,,0.0332176,False,,0.340516,True,,0.390115,True,,-0.462432,True,,,,
cand_005,actionable,[*:2]c1nnnn1[*:1],[*:1]c1nnn(N[N+](=O)[O-])c1[*:2],azole_ring,nitramine,linker,False,*c1nnn(N[N+](=O)[O-])c1*||*c1nnnn1*,0.410514,341,341,1.33352,1.28057,4,0,False,False,-0.0166058,False,,0.396025,True,,0.315102,True,,-0.0363459,False,,0.285464,True,,0.336933,True,,-0.491826,True,,,,
cand_005,actionable,[*:1]NNc1nnnn1[*:2],[*:1]NNn1nnnc1[*:2],hydrazo,hydrazo,linker,False,*NNc1nnnn1*||*NNn1nnnc1*,0.353639,345,345,0.286238,0.295714,4,0,False,True,0.0646865,True,-1.52422,0.0784278,True,-6.09347,0,False,0,0.12108,True,-0.0049,0.0220436,True,0.127471,0.009476,False,1.45708,-0.0180254,False,46.9088,,,
cand_005,actionable,[*:1]Nc1nnnn1[*:2],[*:1]Nn1nnnc1[*:2],azole_ring,azole_ring,linker,False,*Nc1nnnn1*||*Nn1nnnc1*,0.295245,593,593,0.26645,0.260235,3,0,False,True,0.0673813,True,-1.52422,0.0806674,True,-6.09347,0,False,0,0.118401,True,-0.0049,0.00547648,False,0.127471,-0.0116915,False,1.45708,-0.0768478,True,46.9088,,,
cand_005,actionable,[*:1]c1nnnn1[*:2],[*:2]c1nnnn1[*:1],azole_ring,azole_ring,linker,False,*c1nnnn1*||*c1nnnn1*,0.258476,1293,1293,0.21802,0.21802,5,0,False,True,0.0300112,True,-1.52422,0.0417528,True,-6.09347,0,False,0,0.057483,True,-0.0049,0.0430979,True,0.127471,0.0456756,True,1.45708,-0.0465583,True,46.9088,,,
cand_006,actionable,[*:2]c1nnnn1[*:1],[*:1]N=[N+]([O-])n1nnnc1[*:2],azole_ring,azoxy,linker,False,*N=[N+]([O-])n1nnnc1*||*c1nnnn1*,0.392432,280,280,7.39917,7.39917,6,0,False,False,1.23564,True,,1.29928,True,,0.829576,True,,1.74442,True,,1.1854,True,,1.10485,True,,-0.100889,True,,,,
cand_006,actionable,[*:2]c1nnnn1[*:1],[*:1]N=[N+]([O-])c1nnnn1[*:2],azole_ring,azoxy,linker,False,*N=[N+]([O-])c1nnnn1*||*c1nnnn1*,0.380296,193,193,7.18294,7.18294,6,0,False,False,1.23795,True,,1.23659,True,,0.790892,True,,1.68949,True,,1.14851,True,,1.0795,True,,-0.171171,True,,,,
cand_006,actionable,[*:2]c1nnnn1[*:1],[*:1]N=[N+]([O-])n1nnc([*:2])n1,azole_ring,azoxy,linker,False,*N=[N+]([O-])n1nnc(*)n1||*c1nnnn1*,0.386847,275,275,7.07244,7.07244,6,0,False,False,1.19325,True,,1.21169,True,,0.802861,True,,1.64893,True,,1.14311,True,,1.07258,True,,-0.0690075,False,,,,
cand_006,actionable,[*:1]c1nnnn1[*:2],[*:1]c1nnnn1N=[N+]([*:2])[O-],azole_ring,azoxy,linker,False,*c1nnnn1*||*c1nnnn1N=[N+](*)[O-],0.384684,108,108,7.02768,7.02768,6,0,False,False,1.18176,True,,1.14919,True,,0.79885,True,,1.54468,True,,1.1966,True,,1.1566,True,,0.219111,True,,,,
cand_006,actionable,[*:1]c1nnnn1[*:2],[*:2]n1nnnc1N=[N+]([*:1])[O-],azole_ring,azoxy,linker,False,*c1nnnn1*||*n1nnnc1N=[N+](*)[O-],0.387609,122,122,6.97978,6.97978,6,0,False,False,1.16054,True,,1.17138,True,,0.834346,True,,1.60279,True,,1.14116,True,,1.06956,True,,0.160271,True,,,,
cand_006,actionable,[*:1]c1nnnn1[*:2],[*:1]n1nnnc1N=[N+]([*:2])[O-],azole_ring,azoxy,linker,False,*c1nnnn1*||*n1nnnc1N=[N+](*)[O-],0.381342,140,140,6.77105,6.77105,6,0,False,False,1.13232,True,,1.07776,True,,0.793782,True,,1.46168,True,,1.16784,True,,1.13768,True,,0.300078,True,,,,
cand_006,actionable,[*:1]c1nnnn1[*:2],[*:1]n1nnc(N=[N+]([*:2])[O-])n1,azole_ring,azoxy,linker,False,*c1nnnn1*||*n1nnc(N=[N+](*)[O-])n1,0.382376,243,243,6.74472,6.74472,6,0,False,False,1.09841,True,,1.08922,True,,0.804593,True,,1.45168,True,,1.16528,True,,1.13554,True,,0.218252,True,,,,
cand_006,actionable,[*:1]c1nnnn1[*:2],[*:1]N=[N+]([O-])c1nnnn1[*:2],azole_ring,azoxy,linker,False,*N=[N+]([O-])c1nnnn1*||*c1nnnn1*,0.387444,216,216,6.14634,6.14634,6,0,False,False,1.0166,True,,0.992261,True,,0.829325,True,,1.31178,True,,1.02557,True,,0.970802,True,,0.00583282,False,,,,
cand_006,actionable,[*:1]c1nnnn1[*:2],[*:2]n1nnc(N=[N+]([*:1])[O-])n1,azole_ring,azoxy,linker,False,*c1nnnn1*||*n1nnc(N=[N+](*)[O-])n1,0.381536,249,249,5.94401,5.94401,6,0,False,False,0.991857,True,,0.919359,True,,0.786746,True,,1.22979,True,,1.0227,True,,0.99356,True,,0.189938,True,,,,
cand_006,actionable,[*:1]c1nnnn1[*:2],[*:1]N=[N+]([O-])n1nnnc1[*:2],azole_ring,azoxy,linker,False,*N=[N+]([O-])n1nnnc1*||*c1nnnn1*,0.386172,229,229,5.94241,5.94241,6,0,False,False,1.01177,True,,0.953617,True,,0.810754,True,,1.25172,True,,0.978768,True,,0.935784,True,,-0.0654356,False,,,,
cand_006,actionable,[*:1]c1nnnn1[*:2],[*:1]N=[N+]([O-])n1nnc([*:2])n1,azole_ring,azoxy,linker,False,*N=[N+]([O-])n1nnc(*)n1||*c1nnnn1*,0.383065,259,259,5.90937,5.90937,6,0,False,False,0.973511,True,,0.966867,True,,0.837706,True,,1.25181,True,,0.973185,True,,0.906291,True,,-0.132316,True,,,,
cand_006,actionable,[*:2]c1nnnn1[*:1],[*:1]N=Nc1nnnn1[*:2],azole_ring,azo,linker,False,*N=Nc1nnnn1*||*c1nnnn1*,0.355949,350,350,4.82301,4.82301,6,0,False,False,1.32338,True,,0.730511,True,,0.358726,True,,1.1928,True,,0.655076,True,,0.562518,True,,0.123372,True,,,,
cand_006,actionable,[*:2]c1nnnn1[*:1],[*:1]N=Nc1nnn([*:2])n1,azole_ring,azo,linker,False,*N=Nc1nnn(*)n1||*c1nnnn1*,0.35656,356,356,4.40896,4.40896,6,0,False,False,1.26223,True,,0.639687,True,,0.340861,True,,1.06383,True,,0.590047,True,,0.512296,True,,0.111891,True,,,,
cand_006,actionable,[*:2]c1nnnn1[*:1],[*:1]N=Nn1nnnc1[*:2],azole_ring,azo,linker,False,*N=Nn1nnnc1*||*c1nnnn1*,0.356653,386,386,4.35206,4.35206,6,0,False,False,1.23532,True,,0.615186,True,,0.330104,True,,1.0263,True,,0.60749,True,,0.537659,True,,0.166134,True,,,,
cand_006,actionable,[*:2]c1nnnn1[*:1],[*:1]N=Nn1nnc([*:2])n1,azole_ring,azo,linker,False,*N=Nn1nnc(*)n1||*c1nnnn1*,0.355887,402,402,3.93208,3.93208,6,0,False,False,1.17085,True,,0.536145,True,,0.333633,True,,0.916776,True,,0.52508,True,,0.449589,True,,-0.0634601,False,,,,
cand_006,actionable,[*:1]c1nnnn1[*:2],[*:1]N=Nc1nnnn1[*:2],azole_ring,azo,linker,False,*N=Nc1nnnn1*||*c1nnnn1*,0.351097,336,336,3.75447,3.75447,6,0,False,False,1.17631,True,,0.503957,True,,0.330506,True,,0.868255,True,,0.473577,True,,0.401863,True,,0.159668,True,,,,
cand_006,actionable,[*:2]c1nnnn1[*:1],[*:1]NNn1nnnc1[*:2],azole_ring,hydrazo,linker,False,*NNn1nnnc1*||*c1nnnn1*,0.35995,369,369,3.64902,3.64902,6,0,False,False,0.89669,True,,0.272185,True,,0.0281111,True,,1.47287,True,,0.55144,True,,0.42772,True,,0.0963791,True,,,,
cand_006,actionable,[*:1]c1nnnn1[*:2],[*:1]N=Nc1nnn([*:2])n1,azole_ring,azo,linker,False,*N=Nc1nnn(*)n1||*c1nnnn1*,0.356667,329,329,3.62297,3.62297,6,0,False,False,1.12524,True,,0.47018,True,,0.353315,True,,0.823885,True,,0.464077,True,,0.38627,True,,0.0930074,True,,,,
cand_006,actionable,[*:1]c1nnnn1[*:2],[*:1]N=Nn1nnnc1[*:2],azole_ring,azo,linker,False,*N=Nn1nnnc1*||*c1nnnn1*,0.354557,319,319,3.49741,3.49741,6,0,False,False,1.09274,True,,0.42757,True,,0.346433,True,,0.758009,True,,0.470057,True,,0.402601,True,,0.219847,True,,,,
cand_006,actionable,[*:2]c1nnnn1[*:1],[*:1]NNc1nnnn1[*:2],azole_ring,hydrazo,linker,False,*NNc1nnnn1*||*c1nnnn1*,0.357605,308,308,3.39303,3.39303,6,0,False,False,0.844118,True,,0.200872,True,,0.0369562,True,,1.37573,True,,0.528407,True,,0.406946,True,,-0.0578213,False,,,,
cand_006,actionable,[*:2]c1nnnn1[*:1],[*:1]NNn1nnc([*:2])n1,azole_ring,hydrazo,linker,False,*NNn1nnc(*)n1||*c1nnnn1*,0.361736,393,393,3.28999,3.28999,6,0,False,False,0.833756,True,,0.207705,True,,0.0440876,True,,1.38185,True,,0.481115,True,,0.341475,True,,-0.243635,True,,,,
cand_006,actionable,[*:1]c1nnnn1[*:2],[*:1]N=Nn1nnc([*:2])n1,azole_ring,azo,linker,False,*N=Nn1nnc(*)n1||*c1nnnn1*,0.351134,325,325,3.02894,3.02894,6,0,False,False,1.03313,True,,0.332837,True,,0.326176,True,,0.62886,True,,0.384432,True,,0.323499,True,,0.0338713,False,,,,
cand_006,actionable,[*:2]c1nnnn1[*:1],[*:1]NNc1nnn([*:2])n1,azole_ring,hydrazo,linker,False,*NNc1nnn(*)n1||*c1nnnn1*,0.354073,326,326,2.92851,2.92851,6,0,False,False,0.787273,True,,0.125173,True,,0.0243631,True,,1.22938,True,,0.436184,True,,0.326137,True,,-0.0216373,False,,,,
cand_006,actionable,[*:1]c1nnnn1[*:2],[*:1]NNn1nnnc1[*:2],azole_ring,hydrazo,linker,False,*NNn1nnnc1*||*c1nnnn1*,0.353396,307,307,2.84277,2.84277,6,0,False,False,0.765018,True,,0.0848097,True,,0.0448634,True,,1.22263,True,,0.42504,True,,0.30041,True,,-0.0312679,False,,,,
cand_006,actionable,[*:1]c1nnnn1[*:2],[*:1]NNc1nnnn1[*:2],azole_ring,hydrazo,linker,False,*NNc1nnnn1*||*c1nnnn1*,0.352717,357,357,2.45199,2.43486,5,0,False,False,0.693648,True,,-0.0171293,False,,0.030827,True,,1.06987,True,,0.381362,True,,0.276284,True,,-0.0595134,False,,,,
cand_006,actionable,[*:1]c1nnnn1[*:2],[*:1]NNn1nnc([*:2])n1,azole_ring,hydrazo,linker,False,*NNn1nnc(*)n1||*c1nnnn1*,0.352662,318,318,2.24338,2.23116,5,0,False,False,0.681101,True,,-0.0122265,False,,0.0338148,True,,1.04967,True,,0.301504,True,,0.177294,True,,-0.248633,True,,,,
cand_006,actionable,[*:1]c1nnnn1[*:2],[*:1]c1nnn(N[N+](=O)[O-])c1[*:2],azole_ring,nitramine,linker,False,*c1nnn(N[N+](=O)[O-])c1*||*c1nnnn1*,0.412549,385,385,1.50783,1.54167,4,0,False,False,0.0006166,False,,0.433216,True,,0.343985,True,,0.0332176,False,,0.340516,True,,0.390115,True,,-0.462432,True,,,,
cand_006,actionable,[*:2]c1nnnn1[*:1],[*:1]c1nnn(N[N+](=O)[O-])c1[*:2],azole_ring,nitramine,linker,False,*c1nnn(N[N+](=O)[O-])c1*||*c1nnnn1*,0.410514,341,341,1.33352,1.28057,4,0,False,False,-0.0166058,False,,0.396025,True,,0.315102,True,,-0.0363459,False,,0.285464,True,,0.336933,True,,-0.491826,True,,,,
cand_006,actionable,[*:1]c1nnnn1[*:2],[*:2]c1nnnn1[*:1],azole_ring,azole_ring,linker,False,*c1nnnn1*||*c1nnnn1*,0.258476,1293,1293,0.21802,0.21802,5,0,False,False,0.0300112,True,,0.0417528,True,,0,False,,0.057483,True,,0.0430979,True,,0.0456756,True,,-0.0465583,True,,,,
cand_007,actionable,[*:2]c1nnnn1[*:1],[*:1]N=[N+]([O-])n1nnnc1[*:2],azole_ring,azoxy,linker,False,*N=[N+]([O-])n1nnnc1*||*c1nnnn1*,0.392432,280,280,7.39917,7.39917,6,0,False,False,1.23564,True,,1.29928,True,,0.829576,True,,1.74442,True,,1.1854,True,,1.10485,True,,-0.100889,True,,,,
cand_007,actionable,[*:2]c1nnnn1[*:1],[*:1]N=[N+]([O-])c1nnnn1[*:2],azole_ring,azoxy,linker,False,*N=[N+]([O-])c1nnnn1*||*c1nnnn1*,0.380296,193,193,7.18294,7.18294,6,0,False,False,1.23795,True,,1.23659,True,,0.790892,True,,1.68949,True,,1.14851,True,,1.0795,True,,-0.171171,True,,,,
cand_007,actionable,[*:2]c1nnnn1[*:1],[*:1]N=[N+]([O-])n1nnc([*:2])n1,azole_ring,azoxy,linker,False,*N=[N+]([O-])n1nnc(*)n1||*c1nnnn1*,0.386847,275,275,7.07244,7.07244,6,0,False,False,1.19325,True,,1.21169,True,,0.802861,True,,1.64893,True,,1.14311,True,,1.07258,True,,-0.0690075,False,,,,
cand_007,actionable,[*:1]c1nnnn1[*:2],[*:1]c1nnnn1N=[N+]([*:2])[O-],azole_ring,azoxy,linker,False,*c1nnnn1*||*c1nnnn1N=[N+](*)[O-],0.384684,108,108,7.02768,7.02768,6,0,False,False,1.18176,True,,1.14919,True,,0.79885,True,,1.54468,True,,1.1966,True,,1.1566,True,,0.219111,True,,,,
cand_007,actionable,[*:1]c1nnnn1[*:2],[*:2]n1nnnc1N=[N+]([*:1])[O-],azole_ring,azoxy,linker,False,*c1nnnn1*||*n1nnnc1N=[N+](*)[O-],0.387609,122,122,6.97978,6.97978,6,0,False,False,1.16054,True,,1.17138,True,,0.834346,True,,1.60279,True,,1.14116,True,,1.06956,True,,0.160271,True,,,,
cand_007,actionable,[*:1]c1nnnn1[*:2],[*:1]n1nnnc1N=[N+]([*:2])[O-],azole_ring,azoxy,linker,False,*c1nnnn1*||*n1nnnc1N=[N+](*)[O-],0.381342,140,140,6.77105,6.77105,6,0,False,False,1.13232,True,,1.07776,True,,0.793782,True,,1.46168,True,,1.16784,True,,1.13768,True,,0.300078,True,,,,
cand_007,actionable,[*:1]c1nnnn1[*:2],[*:1]n1nnc(N=[N+]([*:2])[O-])n1,azole_ring,azoxy,linker,False,*c1nnnn1*||*n1nnc(N=[N+](*)[O-])n1,0.382376,243,243,6.74472,6.74472,6,0,False,False,1.09841,True,,1.08922,True,,0.804593,True,,1.45168,True,,1.16528,True,,1.13554,True,,0.218252,True,,,,
cand_007,actionable,[*:1]c1nnnn1[*:2],[*:1]N=[N+]([O-])c1nnnn1[*:2],azole_ring,azoxy,linker,False,*N=[N+]([O-])c1nnnn1*||*c1nnnn1*,0.387444,216,216,6.14634,6.14634,6,0,False,False,1.0166,True,,0.992261,True,,0.829325,True,,1.31178,True,,1.02557,True,,0.970802,True,,0.00583282,False,,,,
cand_007,actionable,[*:1]c1nnnn1[*:2],[*:2]n1nnc(N=[N+]([*:1])[O-])n1,azole_ring,azoxy,linker,False,*c1nnnn1*||*n1nnc(N=[N+](*)[O-])n1,0.381536,249,249,5.94401,5.94401,6,0,False,False,0.991857,True,,0.919359,True,,0.786746,True,,1.22979,True,,1.0227,True,,0.99356,True,,0.189938,True,,,,
cand_007,actionable,[*:1]c1nnnn1[*:2],[*:1]N=[N+]([O-])n1nnnc1[*:2],azole_ring,azoxy,linker,False,*N=[N+]([O-])n1nnnc1*||*c1nnnn1*,0.386172,229,229,5.94241,5.94241,6,0,False,False,1.01177,True,,0.953617,True,,0.810754,True,,1.25172,True,,0.978768,True,,0.935784,True,,-0.0654356,False,,,,
cand_007,actionable,[*:1]c1nnnn1[*:2],[*:1]N=[N+]([O-])n1nnc([*:2])n1,azole_ring,azoxy,linker,False,*N=[N+]([O-])n1nnc(*)n1||*c1nnnn1*,0.383065,259,259,5.90937,5.90937,6,0,False,False,0.973511,True,,0.966867,True,,0.837706,True,,1.25181,True,,0.973185,True,,0.906291,True,,-0.132316,True,,,,
cand_007,actionable,[*:2]c1nnnn1[*:1],[*:1]N=Nc1nnnn1[*:2],azole_ring,azo,linker,False,*N=Nc1nnnn1*||*c1nnnn1*,0.355949,350,350,4.82301,4.82301,6,0,False,False,1.32338,True,,0.730511,True,,0.358726,True,,1.1928,True,,0.655076,True,,0.562518,True,,0.123372,True,,,,
cand_007,actionable,[*:2]c1nnnn1[*:1],[*:1]N=Nc1nnn([*:2])n1,azole_ring,azo,linker,False,*N=Nc1nnn(*)n1||*c1nnnn1*,0.35656,356,356,4.40896,4.40896,6,0,False,False,1.26223,True,,0.639687,True,,0.340861,True,,1.06383,True,,0.590047,True,,0.512296,True,,0.111891,True,,,,
cand_007,actionable,[*:2]c1nnnn1[*:1],[*:1]N=Nn1nnnc1[*:2],azole_ring,azo,linker,False,*N=Nn1nnnc1*||*c1nnnn1*,0.356653,386,386,4.35206,4.35206,6,0,False,False,1.23532,True,,0.615186,True,,0.330104,True,,1.0263,True,,0.60749,True,,0.537659,True,,0.166134,True,,,,
cand_007,actionable,[*:2]c1nnnn1[*:1],[*:1]N=Nn1nnc([*:2])n1,azole_ring,azo,linker,False,*N=Nn1nnc(*)n1||*c1nnnn1*,0.355887,402,402,3.93208,3.93208,6,0,False,False,1.17085,True,,0.536145,True,,0.333633,True,,0.916776,True,,0.52508,True,,0.449589,True,,-0.0634601,False,,,,
cand_007,actionable,[*:1]c1nnnn1[*:2],[*:1]N=Nc1nnnn1[*:2],azole_ring,azo,linker,False,*N=Nc1nnnn1*||*c1nnnn1*,0.351097,336,336,3.75447,3.75447,6,0,False,False,1.17631,True,,0.503957,True,,0.330506,True,,0.868255,True,,0.473577,True,,0.401863,True,,0.159668,True,,,,
cand_007,actionable,[*:2]c1nnnn1[*:1],[*:1]NNn1nnnc1[*:2],azole_ring,hydrazo,linker,False,*NNn1nnnc1*||*c1nnnn1*,0.35995,369,369,3.64902,3.64902,6,0,False,False,0.89669,True,,0.272185,True,,0.0281111,True,,1.47287,True,,0.55144,True,,0.42772,True,,0.0963791,True,,,,
cand_007,actionable,[*:1]c1nnnn1[*:2],[*:1]N=Nc1nnn([*:2])n1,azole_ring,azo,linker,False,*N=Nc1nnn(*)n1||*c1nnnn1*,0.356667,329,329,3.62297,3.62297,6,0,False,False,1.12524,True,,0.47018,True,,0.353315,True,,0.823885,True,,0.464077,True,,0.38627,True,,0.0930074,True,,,,
cand_007,actionable,[*:1]c1nnnn1[*:2],[*:1]N=Nn1nnnc1[*:2],azole_ring,azo,linker,False,*N=Nn1nnnc1*||*c1nnnn1*,0.354557,319,319,3.49741,3.49741,6,0,False,False,1.09274,True,,0.42757,True,,0.346433,True,,0.758009,True,,0.470057,True,,0.402601,True,,0.219847,True,,,,
cand_007,actionable,[*:2]c1nnnn1[*:1],[*:1]NNc1nnnn1[*:2],azole_ring,hydrazo,linker,False,*NNc1nnnn1*||*c1nnnn1*,0.357605,308,308,3.39303,3.39303,6,0,False,False,0.844118,True,,0.200872,True,,0.0369562,True,,1.37573,True,,0.528407,True,,0.406946,True,,-0.0578213,False,,,,
cand_007,actionable,[*:2]c1nnnn1[*:1],[*:1]NNn1nnc([*:2])n1,azole_ring,hydrazo,linker,False,*NNn1nnc(*)n1||*c1nnnn1*,0.361736,393,393,3.28999,3.28999,6,0,False,False,0.833756,True,,0.207705,True,,0.0440876,True,,1.38185,True,,0.481115,True,,0.341475,True,,-0.243635,True,,,,
cand_007,actionable,[*:1]c1nnnn1[*:2],[*:1]N=Nn1nnc([*:2])n1,azole_ring,azo,linker,False,*N=Nn1nnc(*)n1||*c1nnnn1*,0.351134,325,325,3.02894,3.02894,6,0,False,False,1.03313,True,,0.332837,True,,0.326176,True,,0.62886,True,,0.384432,True,,0.323499,True,,0.0338713,False,,,,
cand_007,actionable,[*:2]c1nnnn1[*:1],[*:1]NNc1nnn([*:2])n1,azole_ring,hydrazo,linker,False,*NNc1nnn(*)n1||*c1nnnn1*,0.354073,326,326,2.92851,2.92851,6,0,False,False,0.787273,True,,0.125173,True,,0.0243631,True,,1.22938,True,,0.436184,True,,0.326137,True,,-0.0216373,False,,,,
cand_007,actionable,[*:1]c1nnnn1[*:2],[*:1]NNn1nnnc1[*:2],azole_ring,hydrazo,linker,False,*NNn1nnnc1*||*c1nnnn1*,0.353396,307,307,2.84277,2.84277,6,0,False,False,0.765018,True,,0.0848097,True,,0.0448634,True,,1.22263,True,,0.42504,True,,0.30041,True,,-0.0312679,False,,,,
cand_007,actionable,[*:1]c1nnnn1[*:2],[*:1]NNc1nnnn1[*:2],azole_ring,hydrazo,linker,False,*NNc1nnnn1*||*c1nnnn1*,0.352717,357,357,2.45199,2.43486,5,0,False,False,0.693648,True,,-0.0171293,False,,0.030827,True,,1.06987,True,,0.381362,True,,0.276284,True,,-0.0595134,False,,,,
cand_007,actionable,[*:1]c1nnnn1[*:2],[*:1]NNn1nnc([*:2])n1,azole_ring,hydrazo,linker,False,*NNn1nnc(*)n1||*c1nnnn1*,0.352662,318,318,2.24338,2.23116,5,0,False,False,0.681101,True,,-0.0122265,False,,0.0338148,True,,1.04967,True,,0.301504,True,,0.177294,True,,-0.248633,True,,,,
cand_007,actionable,[*:1]c1nnnn1[*:2],[*:1]c1nnn(N[N+](=O)[O-])c1[*:2],azole_ring,nitramine,linker,False,*c1nnn(N[N+](=O)[O-])c1*||*c1nnnn1*,0.412549,385,385,1.50783,1.54167,4,0,False,False,0.0006166,False,,0.433216,True,,0.343985,True,,0.0332176,False,,0.340516,True,,0.390115,True,,-0.462432,True,,,,
cand_007,actionable,[*:2]c1nnnn1[*:1],[*:1]c1nnn(N[N+](=O)[O-])c1[*:2],azole_ring,nitramine,linker,False,*c1nnn(N[N+](=O)[O-])c1*||*c1nnnn1*,0.410514,341,341,1.33352,1.28057,4,0,False,False,-0.0166058,False,,0.396025,True,,0.315102,True,,-0.0363459,False,,0.285464,True,,0.336933,True,,-0.491826,True,,,,
cand_007,actionable,[*:1]c1nnnn1[*:2],[*:2]c1nnnn1[*:1],azole_ring,azole_ring,linker,False,*c1nnnn1*||*c1nnnn1*,0.258476,1293,1293,0.21802,0.21802,5,0,False,True,0.0300112,True,2.03564,0.0417528,True,7.59256,0,False,0,0.057483,True,0.0054,0.0430979,True,-0.133505,0.0456756,True,-1.64416,-0.0465583,True,-120.345,,,
cand_008,actionable,[*:2]c1nnnn1[*:1],[*:1]N=[N+]([O-])n1nnnc1[*:2],azole_ring,azoxy,linker,False,*N=[N+]([O-])n1nnnc1*||*c1nnnn1*,0.392432,280,280,7.39917,7.39917,6,0,False,False,1.23564,True,,1.29928,True,,0.829576,True,,1.74442,True,,1.1854,True,,1.10485,True,,-0.100889,True,,,,
cand_008,actionable,[*:2]c1nnnn1[*:1],[*:1]N=[N+]([O-])c1nnnn1[*:2],azole_ring,azoxy,linker,False,*N=[N+]([O-])c1nnnn1*||*c1nnnn1*,0.380296,193,193,7.18294,7.18294,6,0,False,False,1.23795,True,,1.23659,True,,0.790892,True,,1.68949,True,,1.14851,True,,1.0795,True,,-0.171171,True,,,,
cand_008,actionable,[*:2]c1nnnn1[*:1],[*:1]N=[N+]([O-])n1nnc([*:2])n1,azole_ring,azoxy,linker,False,*N=[N+]([O-])n1nnc(*)n1||*c1nnnn1*,0.386847,275,275,7.07244,7.07244,6,0,False,False,1.19325,True,,1.21169,True,,0.802861,True,,1.64893,True,,1.14311,True,,1.07258,True,,-0.0690075,False,,,,
cand_008,actionable,[*:1]c1nnnn1[*:2],[*:1]c1nnnn1N=[N+]([*:2])[O-],azole_ring,azoxy,linker,False,*c1nnnn1*||*c1nnnn1N=[N+](*)[O-],0.384684,108,108,7.02768,7.02768,6,0,False,False,1.18176,True,,1.14919,True,,0.79885,True,,1.54468,True,,1.1966,True,,1.1566,True,,0.219111,True,,,,
cand_008,actionable,[*:1]c1nnnn1[*:2],[*:2]n1nnnc1N=[N+]([*:1])[O-],azole_ring,azoxy,linker,False,*c1nnnn1*||*n1nnnc1N=[N+](*)[O-],0.387609,122,122,6.97978,6.97978,6,0,False,False,1.16054,True,,1.17138,True,,0.834346,True,,1.60279,True,,1.14116,True,,1.06956,True,,0.160271,True,,,,
cand_008,actionable,[*:1]c1nnnn1[*:2],[*:1]n1nnnc1N=[N+]([*:2])[O-],azole_ring,azoxy,linker,False,*c1nnnn1*||*n1nnnc1N=[N+](*)[O-],0.381342,140,140,6.77105,6.77105,6,0,False,False,1.13232,True,,1.07776,True,,0.793782,True,,1.46168,True,,1.16784,True,,1.13768,True,,0.300078,True,,,,
cand_008,actionable,[*:1]c1nnnn1[*:2],[*:1]n1nnc(N=[N+]([*:2])[O-])n1,azole_ring,azoxy,linker,False,*c1nnnn1*||*n1nnc(N=[N+](*)[O-])n1,0.382376,243,243,6.74472,6.74472,6,0,False,False,1.09841,True,,1.08922,True,,0.804593,True,,1.45168,True,,1.16528,True,,1.13554,True,,0.218252,True,,,,
cand_008,actionable,[*:1]c1nnnn1[*:2],[*:1]N=[N+]([O-])c1nnnn1[*:2],azole_ring,azoxy,linker,False,*N=[N+]([O-])c1nnnn1*||*c1nnnn1*,0.387444,216,216,6.14634,6.14634,6,0,False,False,1.0166,True,,0.992261,True,,0.829325,True,,1.31178,True,,1.02557,True,,0.970802,True,,0.00583282,False,,,,
cand_008,actionable,[*:1]c1nnnn1[*:2],[*:2]n1nnc(N=[N+]([*:1])[O-])n1,azole_ring,azoxy,linker,False,*c1nnnn1*||*n1nnc(N=[N+](*)[O-])n1,0.381536,249,249,5.94401,5.94401,6,0,False,False,0.991857,True,,0.919359,True,,0.786746,True,,1.22979,True,,1.0227,True,,0.99356,True,,0.189938,True,,,,
cand_008,actionable,[*:1]c1nnnn1[*:2],[*:1]N=[N+]([O-])n1nnnc1[*:2],azole_ring,azoxy,linker,False,*N=[N+]([O-])n1nnnc1*||*c1nnnn1*,0.386172,229,229,5.94241,5.94241,6,0,False,False,1.01177,True,,0.953617,True,,0.810754,True,,1.25172,True,,0.978768,True,,0.935784,True,,-0.0654356,False,,,,
cand_008,actionable,[*:1]c1nnnn1[*:2],[*:1]N=[N+]([O-])n1nnc([*:2])n1,azole_ring,azoxy,linker,False,*N=[N+]([O-])n1nnc(*)n1||*c1nnnn1*,0.383065,259,259,5.90937,5.90937,6,0,False,False,0.973511,True,,0.966867,True,,0.837706,True,,1.25181,True,,0.973185,True,,0.906291,True,,-0.132316,True,,,,
cand_008,actionable,[*:2]c1nnnn1[*:1],[*:1]N=Nc1nnnn1[*:2],azole_ring,azo,linker,False,*N=Nc1nnnn1*||*c1nnnn1*,0.355949,350,350,4.82301,4.82301,6,0,False,False,1.32338,True,,0.730511,True,,0.358726,True,,1.1928,True,,0.655076,True,,0.562518,True,,0.123372,True,,,,
cand_008,actionable,[*:2]c1nnnn1[*:1],[*:1]N=Nc1nnn([*:2])n1,azole_ring,azo,linker,False,*N=Nc1nnn(*)n1||*c1nnnn1*,0.35656,356,356,4.40896,4.40896,6,0,False,False,1.26223,True,,0.639687,True,,0.340861,True,,1.06383,True,,0.590047,True,,0.512296,True,,0.111891,True,,,,
cand_008,actionable,[*:2]c1nnnn1[*:1],[*:1]N=Nn1nnnc1[*:2],azole_ring,azo,linker,False,*N=Nn1nnnc1*||*c1nnnn1*,0.356653,386,386,4.35206,4.35206,6,0,False,False,1.23532,True,,0.615186,True,,0.330104,True,,1.0263,True,,0.60749,True,,0.537659,True,,0.166134,True,,,,
cand_008,actionable,[*:2]c1nnnn1[*:1],[*:1]N=Nn1nnc([*:2])n1,azole_ring,azo,linker,False,*N=Nn1nnc(*)n1||*c1nnnn1*,0.355887,402,402,3.93208,3.93208,6,0,False,False,1.17085,True,,0.536145,True,,0.333633,True,,0.916776,True,,0.52508,True,,0.449589,True,,-0.0634601,False,,,,
cand_008,actionable,[*:1]c1nnnn1[*:2],[*:1]N=Nc1nnnn1[*:2],azole_ring,azo,linker,False,*N=Nc1nnnn1*||*c1nnnn1*,0.351097,336,336,3.75447,3.75447,6,0,False,False,1.17631,True,,0.503957,True,,0.330506,True,,0.868255,True,,0.473577,True,,0.401863,True,,0.159668,True,,,,
cand_008,actionable,[*:2]c1nnnn1[*:1],[*:1]NNn1nnnc1[*:2],azole_ring,hydrazo,linker,False,*NNn1nnnc1*||*c1nnnn1*,0.35995,369,369,3.64902,3.64902,6,0,False,False,0.89669,True,,0.272185,True,,0.0281111,True,,1.47287,True,,0.55144,True,,0.42772,True,,0.0963791,True,,,,
cand_008,actionable,[*:1]c1nnnn1[*:2],[*:1]N=Nc1nnn([*:2])n1,azole_ring,azo,linker,False,*N=Nc1nnn(*)n1||*c1nnnn1*,0.356667,329,329,3.62297,3.62297,6,0,False,False,1.12524,True,,0.47018,True,,0.353315,True,,0.823885,True,,0.464077,True,,0.38627,True,,0.0930074,True,,,,
cand_008,actionable,[*:1]c1nnnn1[*:2],[*:1]N=Nn1nnnc1[*:2],azole_ring,azo,linker,False,*N=Nn1nnnc1*||*c1nnnn1*,0.354557,319,319,3.49741,3.49741,6,0,False,False,1.09274,True,,0.42757,True,,0.346433,True,,0.758009,True,,0.470057,True,,0.402601,True,,0.219847,True,,,,
cand_008,actionable,[*:2]c1nnnn1[*:1],[*:1]NNc1nnnn1[*:2],azole_ring,hydrazo,linker,False,*NNc1nnnn1*||*c1nnnn1*,0.357605,308,308,3.39303,3.39303,6,0,False,False,0.844118,True,,0.200872,True,,0.0369562,True,,1.37573,True,,0.528407,True,,0.406946,True,,-0.0578213,False,,,,
cand_008,actionable,[*:2]c1nnnn1[*:1],[*:1]NNn1nnc([*:2])n1,azole_ring,hydrazo,linker,False,*NNn1nnc(*)n1||*c1nnnn1*,0.361736,393,393,3.28999,3.28999,6,0,False,False,0.833756,True,,0.207705,True,,0.0440876,True,,1.38185,True,,0.481115,True,,0.341475,True,,-0.243635,True,,,,
cand_008,actionable,[*:1]c1nnnn1[*:2],[*:1]N=Nn1nnc([*:2])n1,azole_ring,azo,linker,False,*N=Nn1nnc(*)n1||*c1nnnn1*,0.351134,325,325,3.02894,3.02894,6,0,False,False,1.03313,True,,0.332837,True,,0.326176,True,,0.62886,True,,0.384432,True,,0.323499,True,,0.0338713,False,,,,
cand_008,actionable,[*:2]c1nnnn1[*:1],[*:1]NNc1nnn([*:2])n1,azole_ring,hydrazo,linker,False,*NNc1nnn(*)n1||*c1nnnn1*,0.354073,326,326,2.92851,2.92851,6,0,False,False,0.787273,True,,0.125173,True,,0.0243631,True,,1.22938,True,,0.436184,True,,0.326137,True,,-0.0216373,False,,,,
cand_008,actionable,[*:1]c1nnnn1[*:2],[*:1]NNn1nnnc1[*:2],azole_ring,hydrazo,linker,False,*NNn1nnnc1*||*c1nnnn1*,0.353396,307,307,2.84277,2.84277,6,0,False,False,0.765018,True,,0.0848097,True,,0.0448634,True,,1.22263,True,,0.42504,True,,0.30041,True,,-0.0312679,False,,,,
cand_008,actionable,[*:1]c1nnnn1[*:2],[*:1]NNc1nnnn1[*:2],azole_ring,hydrazo,linker,False,*NNc1nnnn1*||*c1nnnn1*,0.352717,357,357,2.45199,2.43486,5,0,False,False,0.693648,True,,-0.0171293,False,,0.030827,True,,1.06987,True,,0.381362,True,,0.276284,True,,-0.0595134,False,,,,
cand_008,actionable,[*:1]c1nnnn1[*:2],[*:1]NNn1nnc([*:2])n1,azole_ring,hydrazo,linker,False,*NNn1nnc(*)n1||*c1nnnn1*,0.352662,318,318,2.24338,2.23116,5,0,False,False,0.681101,True,,-0.0122265,False,,0.0338148,True,,1.04967,True,,0.301504,True,,0.177294,True,,-0.248633,True,,,,
cand_008,actionable,[*:1]c1nnnn1[*:2],[*:1]c1nnn(N[N+](=O)[O-])c1[*:2],azole_ring,nitramine,linker,False,*c1nnn(N[N+](=O)[O-])c1*||*c1nnnn1*,0.412549,385,385,1.50783,1.54167,4,0,False,False,0.0006166,False,,0.433216,True,,0.343985,True,,0.0332176,False,,0.340516,True,,0.390115,True,,-0.462432,True,,,,
cand_008,actionable,[*:2]c1nnnn1[*:1],[*:1]c1nnn(N[N+](=O)[O-])c1[*:2],azole_ring,nitramine,linker,False,*c1nnn(N[N+](=O)[O-])c1*||*c1nnnn1*,0.410514,341,341,1.33352,1.28057,4,0,False,False,-0.0166058,False,,0.396025,True,,0.315102,True,,-0.0363459,False,,0.285464,True,,0.336933,True,,-0.491826,True,,,,
cand_008,actionable,[*:1]c1nnnn1[*:2],[*:2]c1nnnn1[*:1],azole_ring,azole_ring,linker,False,*c1nnnn1*||*c1nnnn1*,0.258476,1293,1293,0.21802,0.21802,5,0,False,True,0.0300112,True,-0.089106,0.0417528,True,-0.314718,0,False,0,0.057483,True,-0.0003,0.0430979,True,-0.0817569,0.0456756,True,-0.977623,-0.0465583,True,11.5337,,,
cand_009,actionable,[*:2]c1nnnn1[*:1],[*:1]N=[N+]([O-])n1nnnc1[*:2],azole_ring,azoxy,linker,False,*N=[N+]([O-])n1nnnc1*||*c1nnnn1*,0.392432,280,280,7.39917,7.39917,6,0,False,False,1.23564,True,,1.29928,True,,0.829576,True,,1.74442,True,,1.1854,True,,1.10485,True,,-0.100889,True,,,,
cand_009,actionable,[*:2]c1nnnn1[*:1],[*:1]N=[N+]([O-])c1nnnn1[*:2],azole_ring,azoxy,linker,False,*N=[N+]([O-])c1nnnn1*||*c1nnnn1*,0.380296,193,193,7.18294,7.18294,6,0,False,False,1.23795,True,,1.23659,True,,0.790892,True,,1.68949,True,,1.14851,True,,1.0795,True,,-0.171171,True,,,,
cand_009,actionable,[*:2]c1nnnn1[*:1],[*:1]N=[N+]([O-])n1nnc([*:2])n1,azole_ring,azoxy,linker,False,*N=[N+]([O-])n1nnc(*)n1||*c1nnnn1*,0.386847,275,275,7.07244,7.07244,6,0,False,False,1.19325,True,,1.21169,True,,0.802861,True,,1.64893,True,,1.14311,True,,1.07258,True,,-0.0690075,False,,,,
cand_009,actionable,[*:1]c1nnnn1[*:2],[*:1]c1nnnn1N=[N+]([*:2])[O-],azole_ring,azoxy,linker,False,*c1nnnn1*||*c1nnnn1N=[N+](*)[O-],0.384684,108,108,7.02768,7.02768,6,0,False,False,1.18176,True,,1.14919,True,,0.79885,True,,1.54468,True,,1.1966,True,,1.1566,True,,0.219111,True,,,,
cand_009,actionable,[*:1]c1nnnn1[*:2],[*:2]n1nnnc1N=[N+]([*:1])[O-],azole_ring,azoxy,linker,False,*c1nnnn1*||*n1nnnc1N=[N+](*)[O-],0.387609,122,122,6.97978,6.97978,6,0,False,False,1.16054,True,,1.17138,True,,0.834346,True,,1.60279,True,,1.14116,True,,1.06956,True,,0.160271,True,,,,
cand_009,actionable,[*:1]c1nnnn1[*:2],[*:1]n1nnnc1N=[N+]([*:2])[O-],azole_ring,azoxy,linker,False,*c1nnnn1*||*n1nnnc1N=[N+](*)[O-],0.381342,140,140,6.77105,6.77105,6,0,False,False,1.13232,True,,1.07776,True,,0.793782,True,,1.46168,True,,1.16784,True,,1.13768,True,,0.300078,True,,,,
cand_009,actionable,[*:1]c1nnnn1[*:2],[*:1]n1nnc(N=[N+]([*:2])[O-])n1,azole_ring,azoxy,linker,False,*c1nnnn1*||*n1nnc(N=[N+](*)[O-])n1,0.382376,243,243,6.74472,6.74472,6,0,False,False,1.09841,True,,1.08922,True,,0.804593,True,,1.45168,True,,1.16528,True,,1.13554,True,,0.218252,True,,,,
cand_009,actionable,[*:1]c1nnnn1[*:2],[*:1]N=[N+]([O-])c1nnnn1[*:2],azole_ring,azoxy,linker,False,*N=[N+]([O-])c1nnnn1*||*c1nnnn1*,0.387444,216,216,6.14634,6.14634,6,0,False,False,1.0166,True,,0.992261,True,,0.829325,True,,1.31178,True,,1.02557,True,,0.970802,True,,0.00583282,False,,,,
cand_009,actionable,[*:1]c1nnnn1[*:2],[*:2]n1nnc(N=[N+]([*:1])[O-])n1,azole_ring,azoxy,linker,False,*c1nnnn1*||*n1nnc(N=[N+](*)[O-])n1,0.381536,249,249,5.94401,5.94401,6,0,False,False,0.991857,True,,0.919359,True,,0.786746,True,,1.22979,True,,1.0227,True,,0.99356,True,,0.189938,True,,,,
cand_009,actionable,[*:1]c1nnnn1[*:2],[*:1]N=[N+]([O-])n1nnnc1[*:2],azole_ring,azoxy,linker,False,*N=[N+]([O-])n1nnnc1*||*c1nnnn1*,0.386172,229,229,5.94241,5.94241,6,0,False,False,1.01177,True,,0.953617,True,,0.810754,True,,1.25172,True,,0.978768,True,,0.935784,True,,-0.0654356,False,,,,
cand_009,actionable,[*:1]c1nnnn1[*:2],[*:1]N=[N+]([O-])n1nnc([*:2])n1,azole_ring,azoxy,linker,False,*N=[N+]([O-])n1nnc(*)n1||*c1nnnn1*,0.383065,259,259,5.90937,5.90937,6,0,False,False,0.973511,True,,0.966867,True,,0.837706,True,,1.25181,True,,0.973185,True,,0.906291,True,,-0.132316,True,,,,
cand_009,actionable,[*:2]c1nnnn1[*:1],[*:1]N=Nc1nnnn1[*:2],azole_ring,azo,linker,False,*N=Nc1nnnn1*||*c1nnnn1*,0.355949,350,350,4.82301,4.82301,6,0,False,False,1.32338,True,,0.730511,True,,0.358726,True,,1.1928,True,,0.655076,True,,0.562518,True,,0.123372,True,,,,
cand_009,actionable,[*:2]c1nnnn1[*:1],[*:1]N=Nc1nnn([*:2])n1,azole_ring,azo,linker,False,*N=Nc1nnn(*)n1||*c1nnnn1*,0.35656,356,356,4.40896,4.40896,6,0,False,False,1.26223,True,,0.639687,True,,0.340861,True,,1.06383,True,,0.590047,True,,0.512296,True,,0.111891,True,,,,
cand_009,actionable,[*:2]c1nnnn1[*:1],[*:1]N=Nn1nnnc1[*:2],azole_ring,azo,linker,False,*N=Nn1nnnc1*||*c1nnnn1*,0.356653,386,386,4.35206,4.35206,6,0,False,False,1.23532,True,,0.615186,True,,0.330104,True,,1.0263,True,,0.60749,True,,0.537659,True,,0.166134,True,,,,
cand_009,actionable,[*:2]c1nnnn1[*:1],[*:1]N=Nn1nnc([*:2])n1,azole_ring,azo,linker,False,*N=Nn1nnc(*)n1||*c1nnnn1*,0.355887,402,402,3.93208,3.93208,6,0,False,False,1.17085,True,,0.536145,True,,0.333633,True,,0.916776,True,,0.52508,True,,0.449589,True,,-0.0634601,False,,,,
cand_009,actionable,[*:1]c1nnnn1[*:2],[*:1]N=Nc1nnnn1[*:2],azole_ring,azo,linker,False,*N=Nc1nnnn1*||*c1nnnn1*,0.351097,336,336,3.75447,3.75447,6,0,False,False,1.17631,True,,0.503957,True,,0.330506,True,,0.868255,True,,0.473577,True,,0.401863,True,,0.159668,True,,,,
cand_009,actionable,[*:2]c1nnnn1[*:1],[*:1]NNn1nnnc1[*:2],azole_ring,hydrazo,linker,False,*NNn1nnnc1*||*c1nnnn1*,0.35995,369,369,3.64902,3.64902,6,0,False,False,0.89669,True,,0.272185,True,,0.0281111,True,,1.47287,True,,0.55144,True,,0.42772,True,,0.0963791,True,,,,
cand_009,actionable,[*:1]c1nnnn1[*:2],[*:1]N=Nc1nnn([*:2])n1,azole_ring,azo,linker,False,*N=Nc1nnn(*)n1||*c1nnnn1*,0.356667,329,329,3.62297,3.62297,6,0,False,False,1.12524,True,,0.47018,True,,0.353315,True,,0.823885,True,,0.464077,True,,0.38627,True,,0.0930074,True,,,,
cand_009,actionable,[*:1]c1nnnn1[*:2],[*:1]N=Nn1nnnc1[*:2],azole_ring,azo,linker,False,*N=Nn1nnnc1*||*c1nnnn1*,0.354557,319,319,3.49741,3.49741,6,0,False,False,1.09274,True,,0.42757,True,,0.346433,True,,0.758009,True,,0.470057,True,,0.402601,True,,0.219847,True,,,,
cand_009,actionable,[*:2]c1nnnn1[*:1],[*:1]NNc1nnnn1[*:2],azole_ring,hydrazo,linker,False,*NNc1nnnn1*||*c1nnnn1*,0.357605,308,308,3.39303,3.39303,6,0,False,False,0.844118,True,,0.200872,True,,0.0369562,True,,1.37573,True,,0.528407,True,,0.406946,True,,-0.0578213,False,,,,
cand_009,actionable,[*:2]c1nnnn1[*:1],[*:1]NNn1nnc([*:2])n1,azole_ring,hydrazo,linker,False,*NNn1nnc(*)n1||*c1nnnn1*,0.361736,393,393,3.28999,3.28999,6,0,False,False,0.833756,True,,0.207705,True,,0.0440876,True,,1.38185,True,,0.481115,True,,0.341475,True,,-0.243635,True,,,,
cand_009,actionable,[*:1]c1nnnn1[*:2],[*:1]N=Nn1nnc([*:2])n1,azole_ring,azo,linker,False,*N=Nn1nnc(*)n1||*c1nnnn1*,0.351134,325,325,3.02894,3.02894,6,0,False,False,1.03313,True,,0.332837,True,,0.326176,True,,0.62886,True,,0.384432,True,,0.323499,True,,0.0338713,False,,,,
cand_009,actionable,[*:2]c1nnnn1[*:1],[*:1]NNc1nnn([*:2])n1,azole_ring,hydrazo,linker,False,*NNc1nnn(*)n1||*c1nnnn1*,0.354073,326,326,2.92851,2.92851,6,0,False,False,0.787273,True,,0.125173,True,,0.0243631,True,,1.22938,True,,0.436184,True,,0.326137,True,,-0.0216373,False,,,,
cand_009,actionable,[*:1]c1nnnn1[*:2],[*:1]NNn1nnnc1[*:2],azole_ring,hydrazo,linker,False,*NNn1nnnc1*||*c1nnnn1*,0.353396,307,307,2.84277,2.84277,6,0,False,False,0.765018,True,,0.0848097,True,,0.0448634,True,,1.22263,True,,0.42504,True,,0.30041,True,,-0.0312679,False,,,,
cand_009,actionable,[*:1]c1nnnn1[*:2],[*:1]NNc1nnnn1[*:2],azole_ring,hydrazo,linker,False,*NNc1nnnn1*||*c1nnnn1*,0.352717,357,357,2.45199,2.43486,5,0,False,False,0.693648,True,,-0.0171293,False,,0.030827,True,,1.06987,True,,0.381362,True,,0.276284,True,,-0.0595134,False,,,,
cand_009,actionable,[*:1]c1nnnn1[*:2],[*:1]NNn1nnc([*:2])n1,azole_ring,hydrazo,linker,False,*NNn1nnc(*)n1||*c1nnnn1*,0.352662,318,318,2.24338,2.23116,5,0,False,False,0.681101,True,,-0.0122265,False,,0.0338148,True,,1.04967,True,,0.301504,True,,0.177294,True,,-0.248633,True,,,,
cand_009,actionable,[*:1]c1nnnn1[*:2],[*:1]c1nnn(N[N+](=O)[O-])c1[*:2],azole_ring,nitramine,linker,False,*c1nnn(N[N+](=O)[O-])c1*||*c1nnnn1*,0.412549,385,385,1.50783,1.54167,4,0,False,False,0.0006166,False,,0.433216,True,,0.343985,True,,0.0332176,False,,0.340516,True,,0.390115,True,,-0.462432,True,,,,
cand_009,actionable,[*:2]c1nnnn1[*:1],[*:1]c1nnn(N[N+](=O)[O-])c1[*:2],azole_ring,nitramine,linker,False,*c1nnn(N[N+](=O)[O-])c1*||*c1nnnn1*,0.410514,341,341,1.33352,1.28057,4,0,False,False,-0.0166058,False,,0.396025,True,,0.315102,True,,-0.0363459,False,,0.285464,True,,0.336933,True,,-0.491826,True,,,,
cand_009,actionable,[*:1]c1nnnn1[*:2],[*:2]c1nnnn1[*:1],azole_ring,azole_ring,linker,False,*c1nnnn1*||*c1nnnn1*,0.258476,1293,1293,0.21802,0.21802,5,0,False,False,0.0300112,True,,0.0417528,True,,0,False,,0.057483,True,,0.0430979,True,,0.0456756,True,,-0.0465583,True,,,,
cand_010,actionable,[*:2]c1nnnn1[*:1],[*:1]N=[N+]([O-])n1nnnc1[*:2],azole_ring,azoxy,linker,False,*N=[N+]([O-])n1nnnc1*||*c1nnnn1*,0.392432,280,280,7.39917,7.39917,6,0,False,False,1.23564,True,,1.29928,True,,0.829576,True,,1.74442,True,,1.1854,True,,1.10485,True,,-0.100889,True,,,,
cand_010,actionable,[*:2]c1nnnn1[*:1],[*:1]N=[N+]([O-])c1nnnn1[*:2],azole_ring,azoxy,linker,False,*N=[N+]([O-])c1nnnn1*||*c1nnnn1*,0.380296,193,193,7.18294,7.18294,6,0,False,False,1.23795,True,,1.23659,True,,0.790892,True,,1.68949,True,,1.14851,True,,1.0795,True,,-0.171171,True,,,,
cand_010,actionable,[*:2]c1nnnn1[*:1],[*:1]N=[N+]([O-])n1nnc([*:2])n1,azole_ring,azoxy,linker,False,*N=[N+]([O-])n1nnc(*)n1||*c1nnnn1*,0.386847,275,275,7.07244,7.07244,6,0,False,False,1.19325,True,,1.21169,True,,0.802861,True,,1.64893,True,,1.14311,True,,1.07258,True,,-0.0690075,False,,,,
cand_010,actionable,[*:1]c1nnnn1[*:2],[*:1]c1nnnn1N=[N+]([*:2])[O-],azole_ring,azoxy,linker,False,*c1nnnn1*||*c1nnnn1N=[N+](*)[O-],0.384684,108,108,7.02768,7.02768,6,0,False,False,1.18176,True,,1.14919,True,,0.79885,True,,1.54468,True,,1.1966,True,,1.1566,True,,0.219111,True,,,,
cand_010,actionable,[*:1]c1nnnn1[*:2],[*:2]n1nnnc1N=[N+]([*:1])[O-],azole_ring,azoxy,linker,False,*c1nnnn1*||*n1nnnc1N=[N+](*)[O-],0.387609,122,122,6.97978,6.97978,6,0,False,False,1.16054,True,,1.17138,True,,0.834346,True,,1.60279,True,,1.14116,True,,1.06956,True,,0.160271,True,,,,
cand_010,actionable,[*:1]c1nnnn1[*:2],[*:1]n1nnnc1N=[N+]([*:2])[O-],azole_ring,azoxy,linker,False,*c1nnnn1*||*n1nnnc1N=[N+](*)[O-],0.381342,140,140,6.77105,6.77105,6,0,False,False,1.13232,True,,1.07776,True,,0.793782,True,,1.46168,True,,1.16784,True,,1.13768,True,,0.300078,True,,,,
cand_010,actionable,[*:1]c1nnnn1[*:2],[*:1]n1nnc(N=[N+]([*:2])[O-])n1,azole_ring,azoxy,linker,False,*c1nnnn1*||*n1nnc(N=[N+](*)[O-])n1,0.382376,243,243,6.74472,6.74472,6,0,False,False,1.09841,True,,1.08922,True,,0.804593,True,,1.45168,True,,1.16528,True,,1.13554,True,,0.218252,True,,,,
cand_010,actionable,[*:1]n1ncnn1,[*:1]n1nnnc1[N+](=O)[O-],azole_ring,nitro,scaffold,False,*n1ncnn1||*n1nnnc1[N+](=O)[O-],0.395954,230,230,6.22863,6.22863,6,0,False,False,0.289934,True,,1.18885,True,,1.33358,True,,0.805375,True,,1.27622,True,,1.33468,True,,-0.792749,True,,,,
cand_010,actionable,[*:1]c1nnnn1[*:2],[*:1]N=[N+]([O-])c1nnnn1[*:2],azole_ring,azoxy,linker,False,*N=[N+]([O-])c1nnnn1*||*c1nnnn1*,0.387444,216,216,6.14634,6.14634,6,0,False,False,1.0166,True,,0.992261,True,,0.829325,True,,1.31178,True,,1.02557,True,,0.970802,True,,0.00583282,False,,,,
cand_010,actionable,[*:1]n1ncnn1,[*:1]c1nnnn1N[N+](=O)[O-],azole_ring,nitramine,scaffold,False,*c1nnnn1N[N+](=O)[O-]||*n1ncnn1,0.421195,242,242,6.03735,6.03735,6,0,False,False,0.422023,True,,0.923697,True,,1.28112,True,,0.853378,True,,1.25666,True,,1.30047,True,,-0.798837,True,,,,
cand_010,actionable,[*:1][H],[*:1]N[N+](=O)[O-],other,nitramine,substituent,False,*N[N+](=O)[O-]||*[H],0.189405,5877,5877,5.99818,5.99818,6,0,False,False,0.324233,True,,0.88904,True,,1.3388,True,,0.827536,True,,1.29303,True,,1.32554,True,,-0.514252,True,,,,
cand_010,actionable,[*:1]n1ncnn1,[*:1]c1nnnn1[N+](=O)[O-],azole_ring,nitro,scaffold,False,*c1nnnn1[N+](=O)[O-]||*n1ncnn1,0.393758,246,246,5.99056,5.99056,6,0,False,False,0.227716,True,,1.10422,True,,1.3216,True,,0.714507,True,,1.27547,True,,1.34705,True,,-0.605233,True,,,,
cand_010,actionable,[*:1][H],[*:1][N+](=O)[O-],other,nitro,substituent,False,*[H]||*[N+](=O)[O-],0.145088,11162,11162,5.96247,5.96247,6,0,False,False,0.234161,True,,1.20139,True,,1.33037,True,,0.785731,True,,1.1891,True,,1.22172,True,,-0.507219,True,,,,
cand_010,actionable,[*:1]c1nnnn1[*:2],[*:2]n1nnc(N=[N+]([*:1])[O-])n1,azole_ring,azoxy,linker,False,*c1nnnn1*||*n1nnc(N=[N+](*)[O-])n1,0.381536,249,249,5.94401,5.94401,6,0,False,False,0.991857,True,,0.919359,True,,0.786746,True,,1.22979,True,,1.0227,True,,0.99356,True,,0.189938,True,,,,
cand_010,actionable,[*:1]c1nnnn1[*:2],[*:1]N=[N+]([O-])n1nnnc1[*:2],azole_ring,azoxy,linker,False,*N=[N+]([O-])n1nnnc1*||*c1nnnn1*,0.386172,229,229,5.94241,5.94241,6,0,False,False,1.01177,True,,0.953617,True,,0.810754,True,,1.25172,True,,0.978768,True,,0.935784,True,,-0.0654356,False,,,,
cand_010,actionable,[*:1]n1ncnn1,[*:1]c1nnn(N[N+](=O)[O-])n1,azole_ring,nitramine,scaffold,False,*c1nnn(N[N+](=O)[O-])n1||*n1ncnn1,0.421008,220,220,5.9189,5.9189,6,0,False,False,0.398982,True,,0.868332,True,,1.2635,True,,0.830741,True,,1.25368,True,,1.30367,True,,-0.867255,True,,,,
cand_010,actionable,[*:1]c1nnnn1[*:2],[*:1]N=[N+]([O-])n1nnc([*:2])n1,azole_ring,azoxy,linker,False,*N=[N+]([O-])n1nnc(*)n1||*c1nnnn1*,0.383065,259,259,5.90937,5.90937,6,0,False,False,0.973511,True,,0.966867,True,,0.837706,True,,1.25181,True,,0.973185,True,,0.906291,True,,-0.132316,True,,,,
cand_010,actionable,[*:1]n1ncnn1,[*:1]n1nnnc1N[N+](=O)[O-],azole_ring,nitramine,scaffold,False,*n1ncnn1||*n1nnnc1N[N+](=O)[O-],0.417489,235,235,5.76359,5.76359,6,0,False,False,0.366529,True,,0.77827,True,,1.23648,True,,0.753862,True,,1.27637,True,,1.35207,True,,-0.59273,True,,,,
cand_010,actionable,[*:1]n1ncnn1,[*:1]c1nnn([N+](=O)[O-])n1,azole_ring,nitro,scaffold,False,*c1nnn([N+](=O)[O-])n1||*n1ncnn1,0.397299,228,228,5.74998,5.74998,6,0,False,False,0.165378,True,,1.06997,True,,1.34095,True,,0.612209,True,,1.24257,True,,1.3189,True,,-0.478844,True,,,,
cand_010,actionable,[*:1]n1ncnn1,[*:1]n1nnc([N+](=O)[O-])n1,azole_ring,nitro,scaffold,False,*n1ncnn1||*n1nnc([N+](=O)[O-])n1,0.395615,212,212,5.73048,5.73048,6,0,False,False,0.171635,True,,1.06769,True,,1.34351,True,,0.617809,True,,1.23121,True,,1.29863,True,,-0.672958,True,,,,
cand_010,actionable,[*:1]n1ncnn1,[*:1]c1nnnn1N=[N+]=[N-],azole_ring,azide,scaffold,False,*c1nnnn1N=[N+]=[N-]||*n1ncnn1,0.395546,222,222,5.66684,5.66684,6,0,False,False,1.85673,True,,0.828205,True,,0.665024,True,,0.865566,True,,0.744194,True,,0.707124,True,,0.234698,True,,,,
cand_010,actionable,[*:1]n1ncnn1,[*:1]n1nnc(N[N+](=O)[O-])n1,azole_ring,nitramine,scaffold,False,*n1ncnn1||*n1nnc(N[N+](=O)[O-])n1,0.419431,177,177,5.46311,5.46311,6,0,False,False,0.301468,True,,0.741202,True,,1.25217,True,,0.701098,True,,1.20463,True,,1.26254,True,,-0.772607,True,,,,
cand_010,actionable,[*:1]n1ncnn1,[*:1]c1nnn(N=[N+]=[N-])n1,azole_ring,azide,scaffold,False,*c1nnn(N=[N+]=[N-])n1||*n1ncnn1,0.395437,221,221,5.32475,5.32475,6,0,False,False,1.79373,True,,0.746861,True,,0.657509,True,,0.756751,True,,0.701191,True,,0.668711,True,,0.326378,True,,,,
cand_010,actionable,[*:2]c1nnnn1[*:1],[*:1]N=Nc1nnnn1[*:2],azole_ring,azo,linker,False,*N=Nc1nnnn1*||*c1nnnn1*,0.355949,350,350,4.82301,4.82301,6,0,False,False,1.32338,True,,0.730511,True,,0.358726,True,,1.1928,True,,0.655076,True,,0.562518,True,,0.123372,True,,,,
cand_010,actionable,[*:1][H],[*:1]N=[N+]=[N-],other,azide,substituent,False,*N=[N+]=[N-]||*[H],0.148547,5460,5460,4.78796,4.78796,6,0,False,True,1.6527,True,80.4773,0.623367,True,0.0420782,0.697449,True,4.60033,0.590303,True,-0.0091,0.634074,True,0.0931361,0.590066,True,0.988435,0.000225854,False,2.4904,,,
cand_010,actionable,[*:1]n1ncnn1,[*:1]n1nnnc1N=[N+]=[N-],azole_ring,azide,scaffold,False,*n1ncnn1||*n1nnnc1N=[N+]=[N-],0.393608,234,234,4.47693,4.47693,6,0,False,False,1.64049,True,,0.555787,True,,0.662647,True,,0.485648,True,,0.579372,True,,0.552986,True,,0.16454,True,,,,
cand_010,actionable,[*:2]c1nnnn1[*:1],[*:1]N=Nc1nnn([*:2])n1,azole_ring,azo,linker,False,*N=Nc1nnn(*)n1||*c1nnnn1*,0.35656,356,356,4.40896,4.40896,6,0,False,False,1.26223,True,,0.639687,True,,0.340861,True,,1.06383,True,,0.590047,True,,0.512296,True,,0.111891,True,,,,
cand_010,actionable,[*:2]c1nnnn1[*:1],[*:1]N=Nn1nnnc1[*:2],azole_ring,azo,linker,False,*N=Nn1nnnc1*||*c1nnnn1*,0.356653,386,386,4.35206,4.35206,6,0,False,False,1.23532,True,,0.615186,True,,0.330104,True,,1.0263,True,,0.60749,True,,0.537659,True,,0.166134,True,,,,
cand_010,actionable,[*:1]n1ncnn1,[*:1]n1nnc(N=[N+]=[N-])n1,azole_ring,azide,scaffold,False,*n1ncnn1||*n1nnc(N=[N+]=[N-])n1,0.39046,176,176,4.10694,4.10694,6,0,False,False,1.57988,True,,0.470815,True,,0.636573,True,,0.365713,True,,0.533431,True,,0.520528,True,,-0.168375,True,,,,
cand_010,actionable,[*:2]c1nnnn1[*:1],[*:1]N=Nn1nnc([*:2])n1,azole_ring,azo,linker,False,*N=Nn1nnc(*)n1||*c1nnnn1*,0.355887,402,402,3.93208,3.93208,6,0,False,False,1.17085,True,,0.536145,True,,0.333633,True,,0.916776,True,,0.52508,True,,0.449589,True,,-0.0634601,False,,,,
cand_010,actionable,[*:1]c1nnnn1[*:2],[*:1]N=Nc1nnnn1[*:2],azole_ring,azo,linker,False,*N=Nc1nnnn1*||*c1nnnn1*,0.351097,336,336,3.75447,3.75447,6,0,False,False,1.17631,True,,0.503957,True,,0.330506,True,,0.868255,True,,0.473577,True,,0.401863,True,,0.159668,True,,,,
cand_010,actionable,[*:2]c1nnnn1[*:1],[*:1]NNn1nnnc1[*:2],azole_ring,hydrazo,linker,False,*NNn1nnnc1*||*c1nnnn1*,0.35995,369,369,3.64902,3.64902,6,0,False,False,0.89669,True,,0.272185,True,,0.0281111,True,,1.47287,True,,0.55144,True,,0.42772,True,,0.0963791,True,,,,
cand_010,actionable,[*:1]c1nnnn1[*:2],[*:1]N=Nc1nnn([*:2])n1,azole_ring,azo,linker,False,*N=Nc1nnn(*)n1||*c1nnnn1*,0.356667,329,329,3.62297,3.62297,6,0,False,False,1.12524,True,,0.47018,True,,0.353315,True,,0.823885,True,,0.464077,True,,0.38627,True,,0.0930074,True,,,,
cand_010,actionable,[*:1]c1nnnn1[*:2],[*:1]N=Nn1nnnc1[*:2],azole_ring,azo,linker,False,*N=Nn1nnnc1*||*c1nnnn1*,0.354557,319,319,3.49741,3.49741,6,0,False,False,1.09274,True,,0.42757,True,,0.346433,True,,0.758009,True,,0.470057,True,,0.402601,True,,0.219847,True,,,,
cand_010,actionable,[*:2]c1nnnn1[*:1],[*:1]NNc1nnnn1[*:2],azole_ring,hydrazo,linker,False,*NNc1nnnn1*||*c1nnnn1*,0.357605,308,308,3.39303,3.39303,6,0,False,False,0.844118,True,,0.200872,True,,0.0369562,True,,1.37573,True,,0.528407,True,,0.406946,True,,-0.0578213,False,,,,
cand_010,actionable,[*:2]c1nnnn1[*:1],[*:1]NNn1nnc([*:2])n1,azole_ring,hydrazo,linker,False,*NNn1nnc(*)n1||*c1nnnn1*,0.361736,393,393,3.28999,3.28999,6,0,False,False,0.833756,True,,0.207705,True,,0.0440876,True,,1.38185,True,,0.481115,True,,0.341475,True,,-0.243635,True,,,,
cand_010,actionable,[*:1]c1nnnn1[*:2],[*:1]N=Nn1nnc([*:2])n1,azole_ring,azo,linker,False,*N=Nn1nnc(*)n1||*c1nnnn1*,0.351134,325,325,3.02894,3.02894,6,0,False,False,1.03313,True,,0.332837,True,,0.326176,True,,0.62886,True,,0.384432,True,,0.323499,True,,0.0338713,False,,,,
cand_010,actionable,[*:2]c1nnnn1[*:1],[*:1]NNc1nnn([*:2])n1,azole_ring,hydrazo,linker,False,*NNc1nnn(*)n1||*c1nnnn1*,0.354073,326,326,2.92851,2.92851,6,0,False,False,0.787273,True,,0.125173,True,,0.0243631,True,,1.22938,True,,0.436184,True,,0.326137,True,,-0.0216373,False,,,,
cand_010,actionable,[*:1]c1nnnn1[*:2],[*:1]NNn1nnnc1[*:2],azole_ring,hydrazo,linker,False,*NNn1nnnc1*||*c1nnnn1*,0.353396,307,307,2.84277,2.84277,6,0,False,False,0.765018,True,,0.0848097,True,,0.0448634,True,,1.22263,True,,0.42504,True,,0.30041,True,,-0.0312679,False,,,,
cand_010,actionable,[*:1]c1nnnn1[*:2],[*:1]NNc1nnnn1[*:2],azole_ring,hydrazo,linker,False,*NNc1nnnn1*||*c1nnnn1*,0.352717,357,357,2.45199,2.43486,5,0,False,False,0.693648,True,,-0.0171293,False,,0.030827,True,,1.06987,True,,0.381362,True,,0.276284,True,,-0.0595134,False,,,,
cand_010,actionable,[*:1]c1nnnn1[*:2],[*:1]NNn1nnc([*:2])n1,azole_ring,hydrazo,linker,False,*NNn1nnc(*)n1||*c1nnnn1*,0.352662,318,318,2.24338,2.23116,5,0,False,False,0.681101,True,,-0.0122265,False,,0.0338148,True,,1.04967,True,,0.301504,True,,0.177294,True,,-0.248633,True,,,,
cand_010,actionable,[*:1]c1nnnn1[*:2],[*:1]c1nnn(N[N+](=O)[O-])c1[*:2],azole_ring,nitramine,linker,False,*c1nnn(N[N+](=O)[O-])c1*||*c1nnnn1*,0.412549,385,385,1.50783,1.54167,4,0,False,False,0.0006166,False,,0.433216,True,,0.343985,True,,0.0332176,False,,0.340516,True,,0.390115,True,,-0.462432,True,,,,
cand_010,actionable,[*:2]c1nnnn1[*:1],[*:1]c1nnn(N[N+](=O)[O-])c1[*:2],azole_ring,nitramine,linker,False,*c1nnn(N[N+](=O)[O-])c1*||*c1nnnn1*,0.410514,341,341,1.33352,1.28057,4,0,False,False,-0.0166058,False,,0.396025,True,,0.315102,True,,-0.0363459,False,,0.285464,True,,0.336933,True,,-0.491826,True,,,,
cand_010,actionable,[*:1]n1ncnn1,[*:1]n1cnnn1,azole_ring,azole_ring,scaffold,False,*n1cnnn1||*n1ncnn1,0.31679,360,360,0.267555,0.267555,5,0,False,False,0.0337936,True,,0.0537874,True,,-0,False,,0.0835862,True,,0.0488291,True,,0.0475588,True,,-0.00339368,False,,,,
cand_010,actionable,[*:1]c1nnnn1[*:2],[*:2]c1nnnn1[*:1],azole_ring,azole_ring,linker,False,*c1nnnn1*||*c1nnnn1*,0.258476,1293,1293,0.21802,0.21802,5,0,False,False,0.0300112,True,,0.0417528,True,,0,False,,0.057483,True,,0.0430979,True,,0.0456756,True,,-0.0465583,True,,,,
cand_011,actionable,[*:2]c1nnnn1[*:1],[*:1]N=[N+]([O-])n1nnnc1[*:2],azole_ring,azoxy,linker,False,*N=[N+]([O-])n1nnnc1*||*c1nnnn1*,0.392432,280,280,7.39917,7.39917,6,0,False,False,1.23564,True,,1.29928,True,,0.829576,True,,1.74442,True,,1.1854,True,,1.10485,True,,-0.100889,True,,,,
cand_011,actionable,[*:2]c1nnnn1[*:1],[*:1]N=[N+]([O-])c1nnnn1[*:2],azole_ring,azoxy,linker,False,*N=[N+]([O-])c1nnnn1*||*c1nnnn1*,0.380296,193,193,7.18294,7.18294,6,0,False,False,1.23795,True,,1.23659,True,,0.790892,True,,1.68949,True,,1.14851,True,,1.0795,True,,-0.171171,True,,,,
cand_011,actionable,[*:2]c1nnnn1[*:1],[*:1]N=[N+]([O-])n1nnc([*:2])n1,azole_ring,azoxy,linker,False,*N=[N+]([O-])n1nnc(*)n1||*c1nnnn1*,0.386847,275,275,7.07244,7.07244,6,0,False,False,1.19325,True,,1.21169,True,,0.802861,True,,1.64893,True,,1.14311,True,,1.07258,True,,-0.0690075,False,,,,
cand_011,actionable,[*:1]c1nnnn1[*:2],[*:1]c1nnnn1N=[N+]([*:2])[O-],azole_ring,azoxy,linker,False,*c1nnnn1*||*c1nnnn1N=[N+](*)[O-],0.384684,108,108,7.02768,7.02768,6,0,False,False,1.18176,True,,1.14919,True,,0.79885,True,,1.54468,True,,1.1966,True,,1.1566,True,,0.219111,True,,,,
cand_011,actionable,[*:1]c1nnnn1[*:2],[*:2]n1nnnc1N=[N+]([*:1])[O-],azole_ring,azoxy,linker,False,*c1nnnn1*||*n1nnnc1N=[N+](*)[O-],0.387609,122,122,6.97978,6.97978,6,0,False,False,1.16054,True,,1.17138,True,,0.834346,True,,1.60279,True,,1.14116,True,,1.06956,True,,0.160271,True,,,,
cand_011,actionable,[*:1]c1nnnn1[*:2],[*:1]n1nnnc1N=[N+]([*:2])[O-],azole_ring,azoxy,linker,False,*c1nnnn1*||*n1nnnc1N=[N+](*)[O-],0.381342,140,140,6.77105,6.77105,6,0,False,False,1.13232,True,,1.07776,True,,0.793782,True,,1.46168,True,,1.16784,True,,1.13768,True,,0.300078,True,,,,
cand_011,actionable,[*:1]c1nnnn1[*:2],[*:1]n1nnc(N=[N+]([*:2])[O-])n1,azole_ring,azoxy,linker,False,*c1nnnn1*||*n1nnc(N=[N+](*)[O-])n1,0.382376,243,243,6.74472,6.74472,6,0,False,False,1.09841,True,,1.08922,True,,0.804593,True,,1.45168,True,,1.16528,True,,1.13554,True,,0.218252,True,,,,
cand_011,actionable,[*:1]c1nnnn1[*:2],[*:1]N=[N+]([O-])c1nnnn1[*:2],azole_ring,azoxy,linker,False,*N=[N+]([O-])c1nnnn1*||*c1nnnn1*,0.387444,216,216,6.14634,6.14634,6,0,False,False,1.0166,True,,0.992261,True,,0.829325,True,,1.31178,True,,1.02557,True,,0.970802,True,,0.00583282,False,,,,
cand_011,actionable,[*:1]c1nnnn1[*:2],[*:2]n1nnc(N=[N+]([*:1])[O-])n1,azole_ring,azoxy,linker,False,*c1nnnn1*||*n1nnc(N=[N+](*)[O-])n1,0.381536,249,249,5.94401,5.94401,6,0,False,False,0.991857,True,,0.919359,True,,0.786746,True,,1.22979,True,,1.0227,True,,0.99356,True,,0.189938,True,,,,
cand_011,actionable,[*:1]c1nnnn1[*:2],[*:1]N=[N+]([O-])n1nnnc1[*:2],azole_ring,azoxy,linker,False,*N=[N+]([O-])n1nnnc1*||*c1nnnn1*,0.386172,229,229,5.94241,5.94241,6,0,False,False,1.01177,True,,0.953617,True,,0.810754,True,,1.25172,True,,0.978768,True,,0.935784,True,,-0.0654356,False,,,,
cand_011,actionable,[*:1]c1nnnn1[*:2],[*:1]N=[N+]([O-])n1nnc([*:2])n1,azole_ring,azoxy,linker,False,*N=[N+]([O-])n1nnc(*)n1||*c1nnnn1*,0.383065,259,259,5.90937,5.90937,6,0,False,False,0.973511,True,,0.966867,True,,0.837706,True,,1.25181,True,,0.973185,True,,0.906291,True,,-0.132316,True,,,,
cand_011,actionable,[*:2]c1nnnn1[*:1],[*:1]N=Nc1nnnn1[*:2],azole_ring,azo,linker,False,*N=Nc1nnnn1*||*c1nnnn1*,0.355949,350,350,4.82301,4.82301,6,0,False,False,1.32338,True,,0.730511,True,,0.358726,True,,1.1928,True,,0.655076,True,,0.562518,True,,0.123372,True,,,,
cand_011,actionable,[*:2]c1nnnn1[*:1],[*:1]N=Nc1nnn([*:2])n1,azole_ring,azo,linker,False,*N=Nc1nnn(*)n1||*c1nnnn1*,0.35656,356,356,4.40896,4.40896,6,0,False,False,1.26223,True,,0.639687,True,,0.340861,True,,1.06383,True,,0.590047,True,,0.512296,True,,0.111891,True,,,,
cand_011,actionable,[*:2]c1nnnn1[*:1],[*:1]N=Nn1nnnc1[*:2],azole_ring,azo,linker,False,*N=Nn1nnnc1*||*c1nnnn1*,0.356653,386,386,4.35206,4.35206,6,0,False,False,1.23532,True,,0.615186,True,,0.330104,True,,1.0263,True,,0.60749,True,,0.537659,True,,0.166134,True,,,,
cand_011,actionable,[*:2]c1nnnn1[*:1],[*:1]N=Nn1nnc([*:2])n1,azole_ring,azo,linker,False,*N=Nn1nnc(*)n1||*c1nnnn1*,0.355887,402,402,3.93208,3.93208,6,0,False,False,1.17085,True,,0.536145,True,,0.333633,True,,0.916776,True,,0.52508,True,,0.449589,True,,-0.0634601,False,,,,
cand_011,actionable,[*:1]c1nnnn1[*:2],[*:1]N=Nc1nnnn1[*:2],azole_ring,azo,linker,False,*N=Nc1nnnn1*||*c1nnnn1*,0.351097,336,336,3.75447,3.75447,6,0,False,False,1.17631,True,,0.503957,True,,0.330506,True,,0.868255,True,,0.473577,True,,0.401863,True,,0.159668,True,,,,
cand_011,actionable,[*:2]c1nnnn1[*:1],[*:1]NNn1nnnc1[*:2],azole_ring,hydrazo,linker,False,*NNn1nnnc1*||*c1nnnn1*,0.35995,369,369,3.64902,3.64902,6,0,False,False,0.89669,True,,0.272185,True,,0.0281111,True,,1.47287,True,,0.55144,True,,0.42772,True,,0.0963791,True,,,,
cand_011,actionable,[*:1]c1nnnn1[*:2],[*:1]N=Nc1nnn([*:2])n1,azole_ring,azo,linker,False,*N=Nc1nnn(*)n1||*c1nnnn1*,0.356667,329,329,3.62297,3.62297,6,0,False,False,1.12524,True,,0.47018,True,,0.353315,True,,0.823885,True,,0.464077,True,,0.38627,True,,0.0930074,True,,,,
cand_011,actionable,[*:1]c1nnnn1[*:2],[*:1]N=Nn1nnnc1[*:2],azole_ring,azo,linker,False,*N=Nn1nnnc1*||*c1nnnn1*,0.354557,319,319,3.49741,3.49741,6,0,False,False,1.09274,True,,0.42757,True,,0.346433,True,,0.758009,True,,0.470057,True,,0.402601,True,,0.219847,True,,,,
cand_011,actionable,[*:2]c1nnnn1[*:1],[*:1]NNc1nnnn1[*:2],azole_ring,hydrazo,linker,False,*NNc1nnnn1*||*c1nnnn1*,0.357605,308,308,3.39303,3.39303,6,0,False,False,0.844118,True,,0.200872,True,,0.0369562,True,,1.37573,True,,0.528407,True,,0.406946,True,,-0.0578213,False,,,,
cand_011,actionable,[*:2]c1nnnn1[*:1],[*:1]NNn1nnc([*:2])n1,azole_ring,hydrazo,linker,False,*NNn1nnc(*)n1||*c1nnnn1*,0.361736,393,393,3.28999,3.28999,6,0,False,False,0.833756,True,,0.207705,True,,0.0440876,True,,1.38185,True,,0.481115,True,,0.341475,True,,-0.243635,True,,,,
cand_011,actionable,[*:1]c1nnnn1[*:2],[*:1]N=Nn1nnc([*:2])n1,azole_ring,azo,linker,False,*N=Nn1nnc(*)n1||*c1nnnn1*,0.351134,325,325,3.02894,3.02894,6,0,False,False,1.03313,True,,0.332837,True,,0.326176,True,,0.62886,True,,0.384432,True,,0.323499,True,,0.0338713,False,,,,
cand_011,actionable,[*:2]c1nnnn1[*:1],[*:1]NNc1nnn([*:2])n1,azole_ring,hydrazo,linker,False,*NNc1nnn(*)n1||*c1nnnn1*,0.354073,326,326,2.92851,2.92851,6,0,False,False,0.787273,True,,0.125173,True,,0.0243631,True,,1.22938,True,,0.436184,True,,0.326137,True,,-0.0216373,False,,,,
cand_011,actionable,[*:1]c1nnnn1[*:2],[*:1]NNn1nnnc1[*:2],azole_ring,hydrazo,linker,False,*NNn1nnnc1*||*c1nnnn1*,0.353396,307,307,2.84277,2.84277,6,0,False,False,0.765018,True,,0.0848097,True,,0.0448634,True,,1.22263,True,,0.42504,True,,0.30041,True,,-0.0312679,False,,,,
cand_011,actionable,[*:1]c1nnnn1[*:2],[*:1]NNc1nnnn1[*:2],azole_ring,hydrazo,linker,False,*NNc1nnnn1*||*c1nnnn1*,0.352717,357,357,2.45199,2.43486,5,0,False,False,0.693648,True,,-0.0171293,False,,0.030827,True,,1.06987,True,,0.381362,True,,0.276284,True,,-0.0595134,False,,,,
cand_011,actionable,[*:1]c1nnnn1[*:2],[*:1]NNn1nnc([*:2])n1,azole_ring,hydrazo,linker,False,*NNn1nnc(*)n1||*c1nnnn1*,0.352662,318,318,2.24338,2.23116,5,0,False,False,0.681101,True,,-0.0122265,False,,0.0338148,True,,1.04967,True,,0.301504,True,,0.177294,True,,-0.248633,True,,,,
cand_011,actionable,[*:1]c1nnnn1[*:2],[*:1]c1nnn(N[N+](=O)[O-])c1[*:2],azole_ring,nitramine,linker,False,*c1nnn(N[N+](=O)[O-])c1*||*c1nnnn1*,0.412549,385,385,1.50783,1.54167,4,0,False,False,0.0006166,False,,0.433216,True,,0.343985,True,,0.0332176,False,,0.340516,True,,0.390115,True,,-0.462432,True,,,,
cand_011,actionable,[*:2]c1nnnn1[*:1],[*:1]c1nnn(N[N+](=O)[O-])c1[*:2],azole_ring,nitramine,linker,False,*c1nnn(N[N+](=O)[O-])c1*||*c1nnnn1*,0.410514,341,341,1.33352,1.28057,4,0,False,False,-0.0166058,False,,0.396025,True,,0.315102,True,,-0.0363459,False,,0.285464,True,,0.336933,True,,-0.491826,True,,,,
cand_011,actionable,[*:1]Nc1nnnn1[*:2],[*:1]Nn1nnnc1[*:2],azole_ring,azole_ring,linker,False,*Nc1nnnn1*||*Nn1nnnc1*,0.295245,593,593,0.26645,0.260235,3,0,False,True,0.0673813,True,0.089106,0.0806674,True,0.314718,0,False,0,0.118401,True,0.0003,0.00547648,False,0.0817569,-0.0116915,False,0.977623,-0.0768478,True,-11.5337,,,
cand_011,actionable,[*:1]c1nnnn1[*:2],[*:2]c1nnnn1[*:1],azole_ring,azole_ring,linker,False,*c1nnnn1*||*c1nnnn1*,0.258476,1293,1293,0.21802,0.21802,5,0,False,True,0.0300112,True,0.089106,0.0417528,True,0.314718,0,False,0,0.057483,True,0.0003,0.0430979,True,0.0817569,0.0456756,True,0.977623,-0.0465583,True,-11.5337,,,
cand_012,actionable,[*:2]c1nnnn1[*:1],[*:1]N=[N+]([O-])n1nnnc1[*:2],azole_ring,azoxy,linker,False,*N=[N+]([O-])n1nnnc1*||*c1nnnn1*,0.392432,280,280,7.39917,7.39917,6,0,False,False,1.23564,True,,1.29928,True,,0.829576,True,,1.74442,True,,1.1854,True,,1.10485,True,,-0.100889,True,,,,
cand_012,actionable,[*:2]c1nnnn1[*:1],[*:1]N=[N+]([O-])c1nnnn1[*:2],azole_ring,azoxy,linker,False,*N=[N+]([O-])c1nnnn1*||*c1nnnn1*,0.380296,193,193,7.18294,7.18294,6,0,False,False,1.23795,True,,1.23659,True,,0.790892,True,,1.68949,True,,1.14851,True,,1.0795,True,,-0.171171,True,,,,
cand_012,actionable,[*:2]c1nnnn1[*:1],[*:1]N=[N+]([O-])n1nnc([*:2])n1,azole_ring,azoxy,linker,False,*N=[N+]([O-])n1nnc(*)n1||*c1nnnn1*,0.386847,275,275,7.07244,7.07244,6,0,False,False,1.19325,True,,1.21169,True,,0.802861,True,,1.64893,True,,1.14311,True,,1.07258,True,,-0.0690075,False,,,,
cand_012,actionable,[*:1]c1nnnn1[*:2],[*:1]c1nnnn1N=[N+]([*:2])[O-],azole_ring,azoxy,linker,False,*c1nnnn1*||*c1nnnn1N=[N+](*)[O-],0.384684,108,108,7.02768,7.02768,6,0,False,False,1.18176,True,,1.14919,True,,0.79885,True,,1.54468,True,,1.1966,True,,1.1566,True,,0.219111,True,,,,
cand_012,actionable,[*:1]c1nnnn1[*:2],[*:2]n1nnnc1N=[N+]([*:1])[O-],azole_ring,azoxy,linker,False,*c1nnnn1*||*n1nnnc1N=[N+](*)[O-],0.387609,122,122,6.97978,6.97978,6,0,False,False,1.16054,True,,1.17138,True,,0.834346,True,,1.60279,True,,1.14116,True,,1.06956,True,,0.160271,True,,,,
cand_012,actionable,[*:1]c1nnnn1[*:2],[*:1]n1nnnc1N=[N+]([*:2])[O-],azole_ring,azoxy,linker,False,*c1nnnn1*||*n1nnnc1N=[N+](*)[O-],0.381342,140,140,6.77105,6.77105,6,0,False,False,1.13232,True,,1.07776,True,,0.793782,True,,1.46168,True,,1.16784,True,,1.13768,True,,0.300078,True,,,,
cand_012,actionable,[*:1]c1nnnn1[*:2],[*:1]n1nnc(N=[N+]([*:2])[O-])n1,azole_ring,azoxy,linker,False,*c1nnnn1*||*n1nnc(N=[N+](*)[O-])n1,0.382376,243,243,6.74472,6.74472,6,0,False,False,1.09841,True,,1.08922,True,,0.804593,True,,1.45168,True,,1.16528,True,,1.13554,True,,0.218252,True,,,,
cand_012,actionable,[*:1]n1ncnn1,[*:1]n1nnnc1[N+](=O)[O-],azole_ring,nitro,scaffold,False,*n1ncnn1||*n1nnnc1[N+](=O)[O-],0.395954,230,230,6.22863,6.22863,6,0,False,True,0.289934,True,10.01,1.18885,True,177.456,1.33358,True,23.1911,0.805375,True,-0.0339,1.27622,True,0.310497,1.33468,True,3.29902,-0.792749,True,-153.829,,,
cand_012,actionable,[*:1]c1nnnn1[*:2],[*:1]N=[N+]([O-])c1nnnn1[*:2],azole_ring,azoxy,linker,False,*N=[N+]([O-])c1nnnn1*||*c1nnnn1*,0.387444,216,216,6.14634,6.14634,6,0,False,False,1.0166,True,,0.992261,True,,0.829325,True,,1.31178,True,,1.02557,True,,0.970802,True,,0.00583282,False,,,,
cand_012,actionable,[*:1]n1ncnn1,[*:1]c1nnnn1N[N+](=O)[O-],azole_ring,nitramine,scaffold,False,*c1nnnn1N[N+](=O)[O-]||*n1ncnn1,0.421195,242,242,6.03735,6.03735,6,0,False,False,0.422023,True,,0.923697,True,,1.28112,True,,0.853378,True,,1.25666,True,,1.30047,True,,-0.798837,True,,,,
cand_012,actionable,[*:1]n1ncnn1,[*:1]c1nnnn1[N+](=O)[O-],azole_ring,nitro,scaffold,False,*c1nnnn1[N+](=O)[O-]||*n1ncnn1,0.393758,246,246,5.99056,5.99056,6,0,False,False,0.227716,True,,1.10422,True,,1.3216,True,,0.714507,True,,1.27547,True,,1.34705,True,,-0.605233,True,,,,
cand_012,actionable,[*:1]c1nnnn1[*:2],[*:2]n1nnc(N=[N+]([*:1])[O-])n1,azole_ring,azoxy,linker,False,*c1nnnn1*||*n1nnc(N=[N+](*)[O-])n1,0.381536,249,249,5.94401,5.94401,6,0,False,False,0.991857,True,,0.919359,True,,0.786746,True,,1.22979,True,,1.0227,True,,0.99356,True,,0.189938,True,,,,
cand_012,actionable,[*:1]c1nnnn1[*:2],[*:1]N=[N+]([O-])n1nnnc1[*:2],azole_ring,azoxy,linker,False,*N=[N+]([O-])n1nnnc1*||*c1nnnn1*,0.386172,229,229,5.94241,5.94241,6,0,False,False,1.01177,True,,0.953617,True,,0.810754,True,,1.25172,True,,0.978768,True,,0.935784,True,,-0.0654356,False,,,,
cand_012,actionable,[*:1]n1ncnn1,[*:1]c1nnn(N[N+](=O)[O-])n1,azole_ring,nitramine,scaffold,False,*c1nnn(N[N+](=O)[O-])n1||*n1ncnn1,0.421008,220,220,5.9189,5.9189,6,0,False,False,0.398982,True,,0.868332,True,,1.2635,True,,0.830741,True,,1.25368,True,,1.30367,True,,-0.867255,True,,,,
cand_012,actionable,[*:1]c1nnnn1[*:2],[*:1]N=[N+]([O-])n1nnc([*:2])n1,azole_ring,azoxy,linker,False,*N=[N+]([O-])n1nnc(*)n1||*c1nnnn1*,0.383065,259,259,5.90937,5.90937,6,0,False,False,0.973511,True,,0.966867,True,,0.837706,True,,1.25181,True,,0.973185,True,,0.906291,True,,-0.132316,True,,,,
cand_012,actionable,[*:1]n1ncnn1,[*:1]n1nnnc1N[N+](=O)[O-],azole_ring,nitramine,scaffold,False,*n1ncnn1||*n1nnnc1N[N+](=O)[O-],0.417489,235,235,5.76359,5.76359,6,0,False,False,0.366529,True,,0.77827,True,,1.23648,True,,0.753862,True,,1.27637,True,,1.35207,True,,-0.59273,True,,,,
cand_012,actionable,[*:1]n1ncnn1,[*:1]c1nnn([N+](=O)[O-])n1,azole_ring,nitro,scaffold,False,*c1nnn([N+](=O)[O-])n1||*n1ncnn1,0.397299,228,228,5.74998,5.74998,6,0,False,True,0.165378,True,1.9506,1.06997,True,145.742,1.34095,True,23.1911,0.612209,True,-0.0576,1.24257,True,0.211347,1.3189,True,2.31522,-0.478844,True,-112.931,,,
cand_012,actionable,[*:1]n1ncnn1,[*:1]n1nnc([N+](=O)[O-])n1,azole_ring,nitro,scaffold,False,*n1ncnn1||*n1nnc([N+](=O)[O-])n1,0.395615,212,212,5.73048,5.73048,6,0,False,False,0.171635,True,,1.06769,True,,1.34351,True,,0.617809,True,,1.23121,True,,1.29863,True,,-0.672958,True,,,,
cand_012,actionable,[*:1]n1ncnn1,[*:1]c1nnnn1N=[N+]=[N-],azole_ring,azide,scaffold,False,*c1nnnn1N=[N+]=[N-]||*n1ncnn1,0.395546,222,222,5.66684,5.66684,6,0,False,True,1.85673,True,89.1646,0.828205,True,102.38,0.665024,True,10.097,0.865566,True,0.0036,0.744194,True,0.112743,0.707124,True,1.06205,0.234698,True,-24.772,,,
cand_012,actionable,[*:1]n1ncnn1,[*:1]n1nnc(N[N+](=O)[O-])n1,azole_ring,nitramine,scaffold,False,*n1ncnn1||*n1nnc(N[N+](=O)[O-])n1,0.419431,177,177,5.46311,5.46311,6,0,False,False,0.301468,True,,0.741202,True,,1.25217,True,,0.701098,True,,1.20463,True,,1.26254,True,,-0.772607,True,,,,
cand_012,actionable,[*:1]n1ncnn1,[*:1]c1nnn(N=[N+]=[N-])n1,azole_ring,azide,scaffold,False,*c1nnn(N=[N+]=[N-])n1||*n1ncnn1,0.395437,221,221,5.32475,5.32475,6,0,False,True,1.79373,True,86.913,0.746861,True,93.3788,0.657509,True,10.097,0.756751,True,-0.0036,0.701191,True,0.14598,0.668711,True,1.47331,0.326378,True,42.3396,,,
cand_012,actionable,[*:2]c1nnnn1[*:1],[*:1]N=Nc1nnnn1[*:2],azole_ring,azo,linker,False,*N=Nc1nnnn1*||*c1nnnn1*,0.355949,350,350,4.82301,4.82301,6,0,False,False,1.32338,True,,0.730511,True,,0.358726,True,,1.1928,True,,0.655076,True,,0.562518,True,,0.123372,True,,,,
cand_012,actionable,[*:1]n1ncnn1,[*:1]n1nnnc1N=[N+]=[N-],azole_ring,azide,scaffold,False,*n1ncnn1||*n1nnnc1N=[N+]=[N-],0.393608,234,234,4.47693,4.47693,6,0,False,True,1.64049,True,87.6403,0.555787,True,96.2863,0.662647,True,10.097,0.485648,True,-0.0013,0.579372,True,0.240215,0.552986,True,2.51913,0.16454,True,22.1368,,,
cand_012,actionable,[*:2]c1nnnn1[*:1],[*:1]N=Nc1nnn([*:2])n1,azole_ring,azo,linker,False,*N=Nc1nnn(*)n1||*c1nnnn1*,0.35656,356,356,4.40896,4.40896,6,0,False,False,1.26223,True,,0.639687,True,,0.340861,True,,1.06383,True,,0.590047,True,,0.512296,True,,0.111891,True,,,,
cand_012,actionable,[*:2]c1nnnn1[*:1],[*:1]N=Nn1nnnc1[*:2],azole_ring,azo,linker,False,*N=Nn1nnnc1*||*c1nnnn1*,0.356653,386,386,4.35206,4.35206,6,0,False,False,1.23532,True,,0.615186,True,,0.330104,True,,1.0263,True,,0.60749,True,,0.537659,True,,0.166134,True,,,,
cand_012,actionable,[*:1]n1ncnn1,[*:1]n1nnc(N=[N+]=[N-])n1,azole_ring,azide,scaffold,False,*n1ncnn1||*n1nnc(N=[N+]=[N-])n1,0.39046,176,176,4.10694,4.10694,6,0,False,False,1.57988,True,,0.470815,True,,0.636573,True,,0.365713,True,,0.533431,True,,0.520528,True,,-0.168375,True,,,,
cand_012,actionable,[*:2]c1nnnn1[*:1],[*:1]N=Nn1nnc([*:2])n1,azole_ring,azo,linker,False,*N=Nn1nnc(*)n1||*c1nnnn1*,0.355887,402,402,3.93208,3.93208,6,0,False,False,1.17085,True,,0.536145,True,,0.333633,True,,0.916776,True,,0.52508,True,,0.449589,True,,-0.0634601,False,,,,
cand_012,actionable,[*:1]NN[*:2],[*:1]N=[N+]([*:2])[O-],hydrazo,azoxy,linker,False,*N=[N+](*)[O-]||*NN*,0.149114,4015,4015,3.91186,3.91186,6,0,False,False,0.326838,True,,1.05673,True,,0.815419,True,,0.274361,True,,0.689952,True,,0.748555,True,,0.0589066,True,,,,
cand_012,actionable,[*:1]NNc1nnnn1[*:2],[*:1]N=[N+]([O-])c1nnnn1[*:2],hydrazo,azoxy,linker,False,*N=[N+]([O-])c1nnnn1*||*NNc1nnnn1*,0.384287,214,214,3.75585,3.75585,6,0,False,False,0.362753,True,,1.01537,True,,0.760783,True,,0.258081,True,,0.644325,True,,0.714542,True,,-0.0713196,False,,,,
cand_012,actionable,[*:1]c1nnnn1[*:2],[*:1]N=Nc1nnnn1[*:2],azole_ring,azo,linker,False,*N=Nc1nnnn1*||*c1nnnn1*,0.351097,336,336,3.75447,3.75447,6,0,False,False,1.17631,True,,0.503957,True,,0.330506,True,,0.868255,True,,0.473577,True,,0.401863,True,,0.159668,True,,,,
cand_012,actionable,[*:1]NNc1nnnn1[*:2],[*:2]n1nnnc1N=[N+]([*:1])[O-],hydrazo,azoxy,linker,False,*NNc1nnnn1*||*n1nnnc1N=[N+](*)[O-],0.385542,120,120,3.70025,3.70025,6,0,False,False,0.375266,True,,1.01536,True,,0.765685,True,,0.239057,True,,0.618406,True,,0.686471,True,,0.237506,True,,,,
cand_012,actionable,[*:1]NNc1nnnn1[*:2],[*:1]N=[N+]([O-])n1nnnc1[*:2],hydrazo,azoxy,linker,False,*N=[N+]([O-])n1nnnc1*||*NNc1nnnn1*,0.38066,248,248,3.66878,3.66878,6,0,False,False,0.361869,True,,1.0013,True,,0.755963,True,,0.251813,True,,0.616857,True,,0.680978,True,,-0.0748014,False,,,,
cand_012,actionable,[*:2]c1nnnn1[*:1],[*:1]NNn1nnnc1[*:2],azole_ring,hydrazo,linker,False,*NNn1nnnc1*||*c1nnnn1*,0.35995,369,369,3.64902,3.64902,6,0,False,False,0.89669,True,,0.272185,True,,0.0281111,True,,1.47287,True,,0.55144,True,,0.42772,True,,0.0963791,True,,,,
cand_012,actionable,[*:1]c1nnnn1[*:2],[*:1]N=Nc1nnn([*:2])n1,azole_ring,azo,linker,False,*N=Nc1nnn(*)n1||*c1nnnn1*,0.356667,329,329,3.62297,3.62297,6,0,False,False,1.12524,True,,0.47018,True,,0.353315,True,,0.823885,True,,0.464077,True,,0.38627,True,,0.0930074,True,,,,
cand_012,actionable,[*:1]NNc1nnnn1[*:2],[*:1]N=[N+]([O-])n1nnc([*:2])n1,hydrazo,azoxy,linker,False,*N=[N+]([O-])n1nnc(*)n1||*NNc1nnnn1*,0.385857,236,236,3.53371,3.53371,6,0,False,False,0.323345,True,,0.978208,True,,0.768124,True,,0.211525,True,,0.597316,True,,0.655192,True,,-0.173923,True,,,,
cand_012,actionable,[*:1]c1nnnn1[*:2],[*:1]N=Nn1nnnc1[*:2],azole_ring,azo,linker,False,*N=Nn1nnnc1*||*c1nnnn1*,0.354557,319,319,3.49741,3.49741,6,0,False,False,1.09274,True,,0.42757,True,,0.346433,True,,0.758009,True,,0.470057,True,,0.402601,True,,0.219847,True,,,,
cand_012,actionable,[*:1]NNc1nnnn1[*:2],[*:2]n1nnc(N=[N+]([*:1])[O-])n1,hydrazo,azoxy,linker,False,*NNc1nnnn1*||*n1nnc(N=[N+](*)[O-])n1,0.383099,238,238,3.46695,3.46695,6,0,False,False,0.2865,True,,0.905599,True,,0.762232,True,,0.164457,True,,0.636924,True,,0.711233,True,,0.199321,True,,,,
cand_012,actionable,[*:2]c1nnnn1[*:1],[*:1]NNc1nnnn1[*:2],azole_ring,hydrazo,linker,False,*NNc1nnnn1*||*c1nnnn1*,0.357605,308,308,3.39303,3.39303,6,0,False,False,0.844118,True,,0.200872,True,,0.0369562,True,,1.37573,True,,0.528407,True,,0.406946,True,,-0.0578213,False,,,,
cand_012,actionable,[*:2]c1nnnn1[*:1],[*:1]NNn1nnc([*:2])n1,azole_ring,hydrazo,linker,False,*NNn1nnc(*)n1||*c1nnnn1*,0.361736,393,393,3.28999,3.28999,6,0,False,False,0.833756,True,,0.207705,True,,0.0440876,True,,1.38185,True,,0.481115,True,,0.341475,True,,-0.243635,True,,,,
cand_012,actionable,[*:1]c1nnnn1[*:2],[*:1]N=Nn1nnc([*:2])n1,azole_ring,azo,linker,False,*N=Nn1nnc(*)n1||*c1nnnn1*,0.351134,325,325,3.02894,3.02894,6,0,False,False,1.03313,True,,0.332837,True,,0.326176,True,,0.62886,True,,0.384432,True,,0.323499,True,,0.0338713,False,,,,
cand_012,actionable,[*:2]c1nnnn1[*:1],[*:1]NNc1nnn([*:2])n1,azole_ring,hydrazo,linker,False,*NNc1nnn(*)n1||*c1nnnn1*,0.354073,326,326,2.92851,2.92851,6,0,False,False,0.787273,True,,0.125173,True,,0.0243631,True,,1.22938,True,,0.436184,True,,0.326137,True,,-0.0216373,False,,,,
cand_012,actionable,[*:1]c1nnnn1[*:2],[*:1]NNn1nnnc1[*:2],azole_ring,hydrazo,linker,False,*NNn1nnnc1*||*c1nnnn1*,0.353396,307,307,2.84277,2.84277,6,0,False,False,0.765018,True,,0.0848097,True,,0.0448634,True,,1.22263,True,,0.42504,True,,0.30041,True,,-0.0312679,False,,,,
cand_012,actionable,[*:1]c1nnnn1[*:2],[*:1]NNc1nnnn1[*:2],azole_ring,hydrazo,linker,False,*NNc1nnnn1*||*c1nnnn1*,0.352717,357,357,2.45199,2.43486,5,0,False,False,0.693648,True,,-0.0171293,False,,0.030827,True,,1.06987,True,,0.381362,True,,0.276284,True,,-0.0595134,False,,,,
cand_012,actionable,[*:1]c1nnnn1[*:2],[*:1]NNn1nnc([*:2])n1,azole_ring,hydrazo,linker,False,*NNn1nnc(*)n1||*c1nnnn1*,0.352662,318,318,2.24338,2.23116,5,0,False,False,0.681101,True,,-0.0122265,False,,0.0338148,True,,1.04967,True,,0.301504,True,,0.177294,True,,-0.248633,True,,,,
cand_012,actionable,[*:1]c1nnnn1[*:2],[*:1]c1nnn(N[N+](=O)[O-])c1[*:2],azole_ring,nitramine,linker,False,*c1nnn(N[N+](=O)[O-])c1*||*c1nnnn1*,0.412549,385,385,1.50783,1.54167,4,0,False,True,0.0006166,False,-9.6094,0.433216,True,54.0962,0.343985,True,6.27957,0.0332176,False,-0.1222,0.340516,True,-0.220309,0.390115,True,-1.51936,-0.462432,True,-123.784,,,
cand_012,actionable,[*:2]c1nnnn1[*:1],[*:1]c1nnn(N[N+](=O)[O-])c1[*:2],azole_ring,nitramine,linker,False,*c1nnn(N[N+](=O)[O-])c1*||*c1nnnn1*,0.410514,341,341,1.33352,1.28057,4,0,False,True,-0.0166058,False,-9.6094,0.396025,True,54.0962,0.315102,True,6.27957,-0.0363459,False,-0.1222,0.285464,True,-0.220309,0.336933,True,-1.51936,-0.491826,True,-123.784,,,
cand_012,actionable,[*:1]NNc1nnnn1[*:2],[*:1]NNn1nnnc1[*:2],hydrazo,hydrazo,linker,False,*NNc1nnnn1*||*NNn1nnnc1*,0.353639,345,345,0.286238,0.295714,4,0,False,False,0.0646865,True,,0.0784278,True,,0,False,,0.12108,True,,0.0220436,True,,0.009476,False,,-0.0180254,False,,,,
cand_012,actionable,[*:1]n1ncnn1,[*:1]n1cnnn1,azole_ring,azole_ring,scaffold,False,*n1cnnn1||*n1ncnn1,0.31679,360,360,0.267555,0.267555,5,0,False,True,0.0337936,True,3.47264,0.0537874,True,16.6052,-0,False,0,0.0835862,True,0.0143,0.0488291,True,0.0487204,0.0475588,True,0.454248,-0.00339368,False,-77.5928,,,
cand_012,actionable,[*:1]Nc1nnnn1[*:2],[*:1]Nn1nnnc1[*:2],azole_ring,azole_ring,linker,False,*Nc1nnnn1*||*Nn1nnnc1*,0.295245,593,593,0.26645,0.260235,3,0,False,False,0.0673813,True,,0.0806674,True,,0,False,,0.118401,True,,0.00547648,False,,-0.0116915,False,,-0.0768478,True,,,,
cand_012,actionable,[*:1]c1nnnn1[*:2],[*:2]c1nnnn1[*:1],azole_ring,azole_ring,linker,False,*c1nnnn1*||*c1nnnn1*,0.258476,1293,1293,0.21802,0.21802,5,0,False,False,0.0300112,True,,0.0417528,True,,0,False,,0.057483,True,,0.0430979,True,,0.0456756,True,,-0.0465583,True,,,,
cand_013,actionable,[*:2]c1nnn([*:1])n1,[*:1]N=[N+]([O-])c1nnnn1[*:2],azole_ring,azoxy,linker,False,*N=[N+]([O-])c1nnnn1*||*c1nnn(*)n1,0.385657,203,203,7.54054,7.54054,6,0,False,False,1.28787,True,,1.32943,True,,0.81574,True,,1.80839,True,,1.1937,True,,1.10541,True,,0.0821143,False,,,,
cand_013,actionable,[*:2]c1nnn([*:1])n1,[*:1]N=[N+]([O-])n1nnnc1[*:2],azole_ring,azoxy,linker,False,*N=[N+]([O-])n1nnnc1*||*c1nnn(*)n1,0.389037,291,291,7.46166,7.46166,6,0,False,False,1.26928,True,,1.34087,True,,0.814976,True,,1.77747,True,,1.16995,True,,1.08911,True,,0.0386994,False,,,,
cand_013,actionable,[*:2]c1nnn([*:1])n1,[*:1]N=[N+]([O-])n1nnc([*:2])n1,azole_ring,azoxy,linker,False,*N=[N+]([O-])n1nnc(*)n1||*c1nnn(*)n1,0.387464,272,272,7.25484,7.25484,6,0,False,False,1.24191,True,,1.27006,True,,0.792996,True,,1.73676,True,,1.14376,True,,1.06936,True,,-0.0477761,False,,,,
cand_013,actionable,[*:1]c1nnn([*:2])n1,[*:1]n1nnnc1N=[N+]([*:2])[O-],azole_ring,azoxy,linker,False,*c1nnn(*)n1||*n1nnnc1N=[N+](*)[O-],0.390172,133,133,7.1687,7.1687,6,0,False,False,1.19903,True,,1.22133,True,,0.836397,True,,1.61404,True,,1.17979,True,,1.11811,True,,0.382541,True,,,,
cand_013,actionable,[*:1]c1nnn([*:2])n1,[*:1]c1nnnn1N=[N+]([*:2])[O-],azole_ring,azoxy,linker,False,*c1nnn(*)n1||*c1nnnn1N=[N+](*)[O-],0.380492,118,118,6.98405,6.98405,6,0,False,False,1.23245,True,,1.15049,True,,0.745411,True,,1.5874,True,,1.15025,True,,1.11805,True,,0.295224,True,,,,
cand_013,actionable,[*:1]c1nnn([*:2])n1,[*:2]n1nnnc1N=[N+]([*:1])[O-],azole_ring,azoxy,linker,False,*c1nnn(*)n1||*n1nnnc1N=[N+](*)[O-],0.386228,129,129,6.9305,6.9305,6,0,False,False,1.22164,True,,1.20336,True,,0.791447,True,,1.6175,True,,1.07891,True,,1.01764,True,,0.0905416,False,,,,
cand_013,actionable,[*:1]c1nnn([*:2])n1,[*:1]n1nnc(N=[N+]([*:2])[O-])n1,azole_ring,azoxy,linker,False,*c1nnn(*)n1||*n1nnc(N=[N+](*)[O-])n1,0.378153,238,238,6.70442,6.70442,6,0,False,False,1.15867,True,,1.11382,True,,0.761466,True,,1.49629,True,,1.10497,True,,1.0692,True,,0.243363,True,,,,
cand_013,actionable,[*:1]c1nnn([*:2])n1,[*:1]N=[N+]([O-])c1nnnn1[*:2],azole_ring,azoxy,linker,False,*N=[N+]([O-])c1nnnn1*||*c1nnn(*)n1,0.38408,193,193,6.2752,6.2752,6,0,False,False,1.05157,True,,1.02736,True,,0.803237,True,,1.38052,True,,1.03234,True,,0.980179,True,,-0.0531092,False,,,,
cand_013,actionable,[*:1]c1nnn([*:2])n1,[*:2]n1nnc(N=[N+]([*:1])[O-])n1,azole_ring,azoxy,linker,False,*c1nnn(*)n1||*n1nnc(N=[N+](*)[O-])n1,0.383262,245,245,6.12532,6.12532,6,0,False,False,1.05729,True,,0.968287,True,,0.765806,True,,1.33239,True,,1.01607,True,,0.985474,True,,-0.000412203,False,,,,
cand_013,actionable,[*:1]c1nnn([*:2])n1,[*:1]N=[N+]([O-])n1nnnc1[*:2],azole_ring,azoxy,linker,False,*N=[N+]([O-])n1nnnc1*||*c1nnn(*)n1,0.382236,241,241,6.08289,6.08289,6,0,False,False,1.03381,True,,0.991957,True,,0.801599,True,,1.30846,True,,0.998561,True,,0.948499,True,,0.0401082,False,,,,
cand_013,actionable,[*:1][H],[*:1]N[N+](=O)[O-],other,nitramine,substituent,False,*N[N+](=O)[O-]||*[H],0.189405,5877,5877,5.99818,5.99818,6,0,False,False,0.324233,True,,0.88904,True,,1.3388,True,,0.827536,True,,1.29303,True,,1.32554,True,,-0.514252,True,,,,
cand_013,actionable,[*:1][H],[*:1][N+](=O)[O-],other,nitro,substituent,False,*[H]||*[N+](=O)[O-],0.145088,11162,11162,5.96247,5.96247,6,0,False,False,0.234161,True,,1.20139,True,,1.33037,True,,0.785731,True,,1.1891,True,,1.22172,True,,-0.507219,True,,,,
cand_013,actionable,[*:1]n1cnnn1,[*:1]n1nnnc1[N+](=O)[O-],azole_ring,nitro,scaffold,False,*n1cnnn1||*n1nnnc1[N+](=O)[O-],0.391358,197,197,5.91171,5.91171,6,0,False,False,0.273064,True,,1.1069,True,,1.29383,True,,0.770725,True,,1.20569,True,,1.2615,True,,-0.961467,True,,,,
cand_013,actionable,[*:1]n1cnnn1,[*:1]c1nnnn1N[N+](=O)[O-],azole_ring,nitramine,scaffold,False,*c1nnnn1N[N+](=O)[O-]||*n1cnnn1,0.421747,206,206,5.90055,5.90055,6,0,False,False,0.395863,True,,0.887343,True,,1.29369,True,,0.830264,True,,1.23043,True,,1.26296,True,,-0.742385,True,,,,
cand_013,actionable,[*:1]c1nnn([*:2])n1,[*:1]N=[N+]([O-])n1nnc([*:2])n1,azole_ring,azoxy,linker,False,*N=[N+]([O-])n1nnc(*)n1||*c1nnn(*)n1,0.381099,247,247,5.7921,5.7921,6,0,False,False,1.00262,True,,0.913101,True,,0.784638,True,,1.22695,True,,0.953992,True,,0.910809,True,,-0.0867995,False,,,,
cand_013,actionable,[*:1]n1cnnn1,[*:1]c1nnnn1[N+](=O)[O-],azole_ring,nitro,scaffold,False,*c1nnnn1[N+](=O)[O-]||*n1cnnn1,0.387251,243,243,5.5597,5.5597,6,0,False,False,0.191236,True,,0.979734,True,,1.27645,True,,0.618551,True,,1.20716,True,,1.28656,True,,-0.677783,True,,,,
cand_013,actionable,[*:1]n1cnnn1,[*:1]n1nnnc1N[N+](=O)[O-],azole_ring,nitramine,scaffold,False,*n1cnnn1||*n1nnnc1N[N+](=O)[O-],0.418723,164,164,5.5509,5.5509,6,0,False,False,0.329096,True,,0.736148,True,,1.22845,True,,0.686914,True,,1.24101,True,,1.32929,True,,-0.651655,True,,,,
cand_013,actionable,[*:1]n1cnnn1,[*:1]c1nnn([N+](=O)[O-])n1,azole_ring,nitro,scaffold,False,*c1nnn([N+](=O)[O-])n1||*n1cnnn1,0.397374,227,227,5.46536,5.46536,6,0,False,False,0.11473,True,,1.03099,True,,1.34929,True,,0.537146,True,,1.18159,True,,1.25162,True,,-0.509196,True,,,,
cand_013,actionable,[*:1]n1cnnn1,[*:1]c1nnn(N[N+](=O)[O-])n1,azole_ring,nitramine,scaffold,False,*c1nnn(N[N+](=O)[O-])n1||*n1cnnn1,0.418398,188,188,5.4048,5.4048,6,0,False,False,0.351237,True,,0.747068,True,,1.20353,True,,0.7056,True,,1.16263,True,,1.23474,True,,-0.916488,True,,,,
cand_013,actionable,[*:1]n1cnnn1,[*:1]n1nnc([N+](=O)[O-])n1,azole_ring,nitro,scaffold,False,*n1cnnn1||*n1nnc([N+](=O)[O-])n1,0.391663,249,249,5.37825,5.37825,6,0,False,False,0.144357,True,,0.948766,True,,1.29642,True,,0.545122,True,,1.18269,True,,1.26089,True,,-0.723643,True,,,,
cand_013,actionable,[*:1]n1cnnn1,[*:1]c1nnnn1N=[N+]=[N-],azole_ring,azide,scaffold,False,*c1nnnn1N=[N+]=[N-]||*n1cnnn1,0.391064,256,256,5.25695,5.25695,6,0,False,True,1.83292,True,87.1258,0.743577,True,94.396,0.627035,True,10.097,0.756638,True,-0.0028,0.66215,True,0.0970441,0.634623,True,0.93202,0.226794,True,86.5642,,,
cand_013,actionable,[*:1]n1cnnn1,[*:1]n1nnc(N[N+](=O)[O-])n1,azole_ring,nitramine,scaffold,False,*n1cnnn1||*n1nnc(N[N+](=O)[O-])n1,0.416918,230,230,5.18671,5.18671,6,0,False,False,0.274516,True,,0.695455,True,,1.24125,True,,0.611538,True,,1.15065,True,,1.21331,True,,-0.808248,True,,,,
cand_013,actionable,[*:1]n1cnnn1,[*:1]c1nnn(N=[N+]=[N-])n1,azole_ring,azide,scaffold,False,*c1nnn(N=[N+]=[N-])n1||*n1cnnn1,0.396984,204,204,5.12644,5.12644,6,0,False,True,1.75494,True,83.2421,0.708411,True,78.87,0.670692,True,10.097,0.687376,True,-0.0153,0.669258,True,-0.0542375,0.635763,True,-0.664786,0.324515,True,1.047,,,
cand_013,actionable,[*:2]c1nnn([*:1])n1,[*:1]N=Nc1nnnn1[*:2],azole_ring,azo,linker,False,*N=Nc1nnnn1*||*c1nnn(*)n1,0.355184,346,346,4.91008,4.91008,6,0,False,False,1.36786,True,,0.775218,True,,0.348896,True,,1.25446,True,,0.632322,True,,0.531322,True,,0.293685,True,,,,
cand_013,actionable,[*:1][H],[*:1]N=[N+]=[N-],other,azide,substituent,False,*N=[N+]=[N-]||*[H],0.148547,5460,5460,4.78796,4.78796,6,0,False,False,1.6527,True,,0.623367,True,,0.697449,True,,0.590303,True,,0.634074,True,,0.590066,True,,0.000225854,False,,,,
cand_013,actionable,[*:2]c1nnn([*:1])n1,[*:1]N=Nn1nnnc1[*:2],azole_ring,azo,linker,False,*N=Nn1nnnc1*||*c1nnn(*)n1,0.362383,398,398,4.67606,4.67606,6,0,False,False,1.27323,True,,0.697424,True,,0.363967,True,,1.14483,True,,0.646189,True,,0.550421,True,,0.275734,True,,,,
cand_013,actionable,[*:2]c1nnn([*:1])n1,[*:1]N=Nc1nnn([*:2])n1,azole_ring,azo,linker,False,*N=Nc1nnn(*)n1||*c1nnn(*)n1,0.356223,332,332,4.60116,4.60116,6,0,False,False,1.30023,True,,0.69689,True,,0.345385,True,,1.15463,True,,0.599149,True,,0.504875,True,,0.208527,True,,,,
cand_013,actionable,[*:1]n1cnnn1,[*:1]n1nnnc1N=[N+]=[N-],azole_ring,azide,scaffold,False,*n1cnnn1||*n1nnnc1N=[N+]=[N-],0.4,173,173,4.50066,4.50066,6,0,False,False,1.61274,True,,0.569006,True,,0.699722,True,,0.493093,True,,0.58453,True,,0.541571,True,,0.0771344,False,,,,
cand_013,actionable,[*:1]c1nnn([*:2])n1,[*:1]N=Nc1nnnn1[*:2],azole_ring,azo,linker,False,*N=Nc1nnnn1*||*c1nnn(*)n1,0.358491,342,342,4.22356,4.22356,6,0,False,False,1.24148,True,,0.622072,True,,0.350247,True,,1.03701,True,,0.531948,True,,0.44081,True,,0.143936,True,,,,
cand_013,actionable,[*:2]c1nnn([*:1])n1,[*:1]N=Nn1nnc([*:2])n1,azole_ring,azo,linker,False,*N=Nn1nnc(*)n1||*c1nnn(*)n1,0.35839,393,393,4.1863,4.1863,6,0,False,False,1.20702,True,,0.602688,True,,0.344701,True,,1.01106,True,,0.554789,True,,0.466045,True,,0.100027,True,,,,
cand_013,actionable,[*:1]NNc1nnn([*:2])n1,[*:2]n1nnnc1N=[N+]([*:1])[O-],hydrazo,azoxy,linker,False,*NNc1nnn(*)n1||*n1nnnc1N=[N+](*)[O-],0.38714,143,143,4.09268,4.09268,6,0,False,False,0.426165,True,,1.06872,True,,0.764736,True,,0.383076,True,,0.693991,True,,0.755986,True,,0.122658,False,,,,
cand_013,actionable,[*:1]NNc1nnn([*:2])n1,[*:1]N=[N+]([O-])c1nnnn1[*:2],hydrazo,azoxy,linker,False,*N=[N+]([O-])c1nnnn1*||*NNc1nnn(*)n1,0.376686,206,206,4.04017,4.04017,6,0,False,False,0.393024,True,,1.01706,True,,0.749352,True,,0.34812,True,,0.727939,True,,0.804679,True,,0.156998,True,,,,
cand_013,actionable,[*:1]NNc1nnn([*:2])n1,[*:1]N=[N+]([O-])n1nnnc1[*:2],hydrazo,azoxy,linker,False,*N=[N+]([O-])n1nnnc1*||*NNc1nnn(*)n1,0.3872,242,242,4.01267,4.01267,6,0,False,False,0.400389,True,,1.07723,True,,0.772572,True,,0.324559,True,,0.686478,True,,0.751436,True,,0.0367844,False,,,,
cand_013,actionable,[*:1]n1cnnn1,[*:1]n1nnc(N=[N+]=[N-])n1,azole_ring,azide,scaffold,False,*n1cnnn1||*n1nnc(N=[N+]=[N-])n1,0.396897,243,243,3.99797,3.99797,6,0,False,False,1.54735,True,,0.443323,True,,0.662316,True,,0.334195,True,,0.515139,True,,0.495649,True,,-0.352393,True,,,,
cand_013,actionable,[*:1]c1nnn([*:2])n1,[*:1]N=Nn1nnnc1[*:2],azole_ring,azo,linker,False,*N=Nn1nnnc1*||*c1nnn(*)n1,0.360747,334,334,3.99535,3.99535,6,0,False,False,1.16569,True,,0.546554,True,,0.362638,True,,0.942865,True,,0.534815,True,,0.442787,True,,0.111146,True,,,,
cand_013,actionable,[*:1]NNc1nnn([*:2])n1,[*:1]N=[N+]([O-])n1nnc([*:2])n1,hydrazo,azoxy,linker,False,*N=[N+]([O-])n1nnc(*)n1||*NNc1nnn(*)n1,0.385973,216,216,3.97732,3.97732,6,0,False,False,0.371775,True,,1.05598,True,,0.779648,True,,0.338369,True,,0.690065,True,,0.741484,True,,-0.01712,False,,,,
cand_013,actionable,[*:2]c1nnn([*:1])n1,[*:1]NNn1nnnc1[*:2],azole_ring,hydrazo,linker,False,*NNn1nnnc1*||*c1nnn(*)n1,0.363514,386,386,3.9581,3.9581,6,0,False,False,0.938024,True,,0.350252,True,,0.0500214,True,,1.58906,True,,0.588806,True,,0.441934,True,,0.179119,True,,,,
cand_013,actionable,[*:1]NN[*:2],[*:1]N=[N+]([*:2])[O-],hydrazo,azoxy,linker,False,*N=[N+](*)[O-]||*NN*,0.149114,4015,4015,3.91186,3.91186,6,0,False,False,0.326838,True,,1.05673,True,,0.815419,True,,0.274361,True,,0.689952,True,,0.748555,True,,0.0589066,True,,,,
cand_013,actionable,[*:1]c1nnn([*:2])n1,[*:1]N=Nc1nnn([*:2])n1,azole_ring,azo,linker,False,*N=Nc1nnn(*)n1||*c1nnn(*)n1,0.359132,350,350,3.90856,3.90856,6,0,False,False,1.18334,True,,0.547374,True,,0.349104,True,,0.932112,True,,0.490401,True,,0.406235,True,,0.040073,False,,,,
cand_013,actionable,[*:1]NNc1nnn([*:2])n1,[*:2]n1nnc(N=[N+]([*:1])[O-])n1,hydrazo,azoxy,linker,False,*NNc1nnn(*)n1||*n1nnc(N=[N+](*)[O-])n1,0.39045,231,231,3.75314,3.75314,6,0,False,False,0.31684,True,,1.02059,True,,0.789767,True,,0.208524,True,,0.675028,True,,0.742398,True,,0.276512,True,,,,
cand_013,actionable,[*:2]c1nnn([*:1])n1,[*:1]NNc1nnnn1[*:2],azole_ring,hydrazo,linker,False,*NNc1nnnn1*||*c1nnn(*)n1,0.353325,340,340,3.53394,3.53394,6,0,False,False,0.88454,True,,0.238912,True,,0.0334778,True,,1.43352,True,,0.53368,True,,0.40981,True,,0.0617399,False,,,,
cand_013,actionable,[*:2]c1nnn([*:1])n1,[*:1]NNn1nnc([*:2])n1,azole_ring,hydrazo,linker,False,*NNn1nnc(*)n1||*c1nnn(*)n1,0.360374,429,429,3.41725,3.41725,6,0,False,False,0.86855,True,,0.257969,True,,0.0453302,True,,1.43395,True,,0.479044,True,,0.332408,True,,-0.203337,True,,,,
cand_013,actionable,[*:2]c1nnn([*:1])n1,[*:1]NNc1nnn([*:2])n1,azole_ring,hydrazo,linker,False,*NNc1nnn(*)n1||*c1nnn(*)n1,0.357457,302,302,3.29623,3.29623,6,0,False,False,0.845114,True,,0.211921,True,,0.0430512,True,,1.37479,True,,0.47719,True,,0.344168,True,,0.0342877,False,,,,
cand_013,actionable,[*:1]c1nnn([*:2])n1,[*:1]N=Nn1nnc([*:2])n1,azole_ring,azo,linker,False,*N=Nn1nnc(*)n1||*c1nnn(*)n1,0.355385,330,330,3.29485,3.29485,6,0,False,False,1.08009,True,,0.405756,True,,0.332178,True,,0.731677,True,,0.409408,True,,0.335746,True,,-0.179887,True,,,,
cand_013,actionable,[*:1]c1nnn([*:2])n1,[*:1]NNn1nnnc1[*:2],azole_ring,hydrazo,linker,False,*NNn1nnnc1*||*c1nnn(*)n1,0.357043,365,365,3.13594,3.13594,6,0,False,False,0.826481,True,,0.183081,True,,0.0505623,True,,1.33815,True,,0.438654,True,,0.299012,True,,-0.0474263,False,,,,
cand_013,actionable,[*:1]c1nnn([*:2])n1,[*:1]NNc1nnnn1[*:2],azole_ring,hydrazo,linker,False,*NNc1nnnn1*||*c1nnn(*)n1,0.356148,336,336,2.73736,2.73736,6,0,False,False,0.743623,True,,0.0703049,True,,0.0427286,True,,1.17605,True,,0.412791,True,,0.291862,True,,-0.0271239,False,,,,
cand_013,actionable,[*:1]c1nnn([*:2])n1,[*:1]NNn1nnc([*:2])n1,azole_ring,hydrazo,linker,False,*NNn1nnc(*)n1||*c1nnn(*)n1,0.354712,335,335,2.57495,2.57495,6,0,False,False,0.753706,True,,0.0800358,True,,0.0327345,True,,1.18342,True,,0.3302,True,,0.194851,True,,-0.307741,True,,,,
cand_013,actionable,[*:1]c1nnn([*:2])n1,[*:1]NNc1nnn([*:2])n1,azole_ring,hydrazo,linker,False,*NNc1nnn(*)n1||*c1nnn(*)n1,0.350426,329,329,2.37486,2.37486,6,0,False,False,0.713205,True,,0.0268665,True,,0.0205211,True,,1.08548,True,,0.323148,True,,0.205645,True,,-0.209807,True,,,,
cand_013,actionable,[*:1]c1nnn([*:2])n1,[*:2]c1nnn(N[N+](=O)[O-])c1[*:1],azole_ring,nitramine,linker,False,*c1nnn(*)n1||*c1nnn(N[N+](=O)[O-])c1*,0.416782,335,335,1.85304,1.85304,6,0,False,True,0.0511008,True,-5.62667,0.526783,True,69.1722,0.350804,True,6.27957,0.12756,True,-0.1108,0.372822,True,-0.230656,0.423975,True,-1.70969,-0.409976,True,-3.1827,,,
cand_013,actionable,[*:1]c1nnn([*:2])n1,[*:1]c1nnn(N[N+](=O)[O-])c1[*:2],azole_ring,nitramine,linker,False,*c1nnn(*)n1||*c1nnn(N[N+](=O)[O-])c1*,0.406666,404,404,1.5689,1.5689,6,0,False,True,0.0474787,True,-5.62667,0.434563,True,69.1722,0.292453,True,6.27957,0.0733892,True,-0.1108,0.333097,True,-0.230656,0.387919,True,-1.70969,-0.431373,True,-3.1827,,,
cand_013,actionable,[*:1]Nc1nnn([*:2])n1,[*:1]Nn1nnnc1[*:2],azole_ring,azole_ring,linker,False,*Nc1nnn(*)n1||*Nn1nnnc1*,0.296781,590,590,0.586504,0.586504,5,0,False,True,0.112857,True,-6.09061,0.133311,True,-29.1235,-1.00442e-18,False,0,0.194414,True,-0.025,0.0770241,True,-0.00850133,0.068899,True,0.0480784,0.0758934,True,-67.6931,,,
cand_013,actionable,[*:1]NNc1nnn([*:2])n1,[*:1]NNn1nnnc1[*:2],hydrazo,hydrazo,linker,False,*NNc1nnn(*)n1||*NNn1nnnc1*,0.353525,331,331,0.524164,0.524164,5,0,False,True,0.0855983,True,-6.09061,0.103341,True,-29.1235,-1.79035e-18,False,0,0.158828,True,-0.025,0.088843,True,-0.00850133,0.087554,True,0.0480784,0.116797,True,-67.6931,,,
cand_013,actionable,[*:1]Nc1nnn([*:2])n1,[*:1]Nc1nnnn1[*:2],azole_ring,azole_ring,linker,False,*Nc1nnn(*)n1||*Nc1nnnn1*,0.296477,606,606,0.357168,0.357168,5,0,False,True,0.0518527,True,3.68536,0.0596833,True,17.6224,0,False,0,0.088328,True,0.0151,0.0743302,True,-0.000215165,0.082974,True,-0.0870407,0.152069,True,-33.3682,,,
cand_013,actionable,[*:1]c1nnn(N=[N+]=[N-])n1,[*:1]c1nnnn1N=[N+]=[N-],azide,azide,scaffold,False,*c1nnn(N=[N+]=[N-])n1||*c1nnnn1N=[N+]=[N-],0.395339,229,229,0.352403,0.352403,5,0,False,False,0.0738585,True,,0.0859202,True,,0,False,,0.119177,True,,0.038839,True,,0.034608,True,,-0.0988083,False,,,,
cand_013,actionable,[*:1]NNc1nnn([*:2])n1,[*:1]NNc1nnnn1[*:2],hydrazo,hydrazo,linker,False,*NNc1nnn(*)n1||*NNc1nnnn1*,0.358294,324,324,0.34326,0.34326,5,0,False,True,0.0475121,True,3.68536,0.0568088,True,17.6224,0,False,0,0.0882654,True,0.0151,0.0730358,True,-0.000215165,0.0776379,True,-0.0870407,0.150102,True,-33.3682,,,
cand_013,actionable,[*:1]c1nnn([*:2])n1,[*:2]c1nnnn1[*:1],azole_ring,azole_ring,linker,False,*c1nnn(*)n1||*c1nnnn1*,0.257644,2457,2457,0.31729,0.31729,5,0,False,True,0.0573355,True,-1.20262,0.0696148,True,-5.75055,-2.41191e-19,False,0,0.100322,True,-0.00495,0.0464741,True,-0.00435825,0.0435433,True,-0.0194811,0.109291,True,-50.5307,,,
cand_013,actionable,[*:1]Nc1nnn([*:2])n1,[*:1]Nn1nnc([*:2])n1,azole_ring,azole_ring,linker,False,*Nc1nnn(*)n1||*Nn1nnc(*)n1,0.294748,550,550,0.313818,0.313818,5,0,False,False,0.0666932,True,,0.0817783,True,,0,False,,0.121744,True,,0.0272393,True,,0.016363,True,,-0.116371,True,,,,
cand_013,actionable,[*:1]c1nnn([*:2])n1,[*:1]c1nnnn1[*:2],azole_ring,azole_ring,linker,False,*c1nnn(*)n1||*c1nnnn1*,0.258151,2833,2833,0.304252,0.304252,5,0,False,True,0.0551249,True,-1.20262,0.0662557,True,-5.75055,0,False,0,0.0947991,True,-0.00495,0.0449933,True,-0.00435825,0.0430791,True,-0.0194811,0.118519,True,-50.5307,,,
cand_013,actionable,[*:1]NNc1nnn([*:2])n1,[*:1]NNn1nnc([*:2])n1,hydrazo,hydrazo,linker,False,*NNc1nnn(*)n1||*NNn1nnc(*)n1,0.352913,315,315,0.1812,0.200351,3,0,False,False,0.0406317,True,,0.0529851,True,,0,False,,0.087583,True,,0.0149176,False,,0.00423405,False,,-0.179545,True,,,,
cand_013,actionable,[*:1]c1nnn([*:2])n1,[*:2]c1nnn([*:1])n1,azole_ring,azole_ring,linker,False,*c1nnn(*)n1||*c1nnn(*)n1,0.260615,1165,1165,0.0453822,0.0112472,2,0,False,False,-0.00809051,False,,-0.00850428,False,,0,False,,-0.0175402,False,,0.0185507,True,,0.0268315,True,,0.0700273,True,,,,
cand_014,actionable,[*:2]c1nnn([*:1])n1,[*:1]N=[N+]([O-])c1nnnn1[*:2],azole_ring,azoxy,linker,False,*N=[N+]([O-])c1nnnn1*||*c1nnn(*)n1,0.385657,203,203,7.54054,7.54054,6,0,False,False,1.28787,True,,1.32943,True,,0.81574,True,,1.80839,True,,1.1937,True,,1.10541,True,,0.0821143,False,,,,
cand_014,actionable,[*:2]c1nnn([*:1])n1,[*:1]N=[N+]([O-])n1nnnc1[*:2],azole_ring,azoxy,linker,False,*N=[N+]([O-])n1nnnc1*||*c1nnn(*)n1,0.389037,291,291,7.46166,7.46166,6,0,False,False,1.26928,True,,1.34087,True,,0.814976,True,,1.77747,True,,1.16995,True,,1.08911,True,,0.0386994,False,,,,
cand_014,actionable,[*:2]c1nnnn1[*:1],[*:1]N=[N+]([O-])n1nnnc1[*:2],azole_ring,azoxy,linker,False,*N=[N+]([O-])n1nnnc1*||*c1nnnn1*,0.392432,280,280,7.39917,7.39917,6,0,False,False,1.23564,True,,1.29928,True,,0.829576,True,,1.74442,True,,1.1854,True,,1.10485,True,,-0.100889,True,,,,
cand_014,actionable,[*:2]c1nnn([*:1])n1,[*:1]N=[N+]([O-])n1nnc([*:2])n1,azole_ring,azoxy,linker,False,*N=[N+]([O-])n1nnc(*)n1||*c1nnn(*)n1,0.387464,272,272,7.25484,7.25484,6,0,False,False,1.24191,True,,1.27006,True,,0.792996,True,,1.73676,True,,1.14376,True,,1.06936,True,,-0.0477761,False,,,,
cand_014,actionable,[*:2]c1nnnn1[*:1],[*:1]N=[N+]([O-])c1nnnn1[*:2],azole_ring,azoxy,linker,False,*N=[N+]([O-])c1nnnn1*||*c1nnnn1*,0.380296,193,193,7.18294,7.18294,6,0,False,False,1.23795,True,,1.23659,True,,0.790892,True,,1.68949,True,,1.14851,True,,1.0795,True,,-0.171171,True,,,,
cand_014,actionable,[*:1]c1nnn([*:2])n1,[*:1]n1nnnc1N=[N+]([*:2])[O-],azole_ring,azoxy,linker,False,*c1nnn(*)n1||*n1nnnc1N=[N+](*)[O-],0.390172,133,133,7.1687,7.1687,6,0,False,False,1.19903,True,,1.22133,True,,0.836397,True,,1.61404,True,,1.17979,True,,1.11811,True,,0.382541,True,,,,
cand_014,actionable,[*:2]c1nnnn1[*:1],[*:1]N=[N+]([O-])n1nnc([*:2])n1,azole_ring,azoxy,linker,False,*N=[N+]([O-])n1nnc(*)n1||*c1nnnn1*,0.386847,275,275,7.07244,7.07244,6,0,False,False,1.19325,True,,1.21169,True,,0.802861,True,,1.64893,True,,1.14311,True,,1.07258,True,,-0.0690075,False,,,,
cand_014,actionable,[*:1]c1nnnn1[*:2],[*:1]c1nnnn1N=[N+]([*:2])[O-],azole_ring,azoxy,linker,False,*c1nnnn1*||*c1nnnn1N=[N+](*)[O-],0.384684,108,108,7.02768,7.02768,6,0,False,False,1.18176,True,,1.14919,True,,0.79885,True,,1.54468,True,,1.1966,True,,1.1566,True,,0.219111,True,,,,
cand_014,actionable,[*:1]c1nnn([*:2])n1,[*:1]c1nnnn1N=[N+]([*:2])[O-],azole_ring,azoxy,linker,False,*c1nnn(*)n1||*c1nnnn1N=[N+](*)[O-],0.380492,118,118,6.98405,6.98405,6,0,False,False,1.23245,True,,1.15049,True,,0.745411,True,,1.5874,True,,1.15025,True,,1.11805,True,,0.295224,True,,,,
cand_014,actionable,[*:1]c1nnnn1[*:2],[*:2]n1nnnc1N=[N+]([*:1])[O-],azole_ring,azoxy,linker,False,*c1nnnn1*||*n1nnnc1N=[N+](*)[O-],0.387609,122,122,6.97978,6.97978,6,0,False,False,1.16054,True,,1.17138,True,,0.834346,True,,1.60279,True,,1.14116,True,,1.06956,True,,0.160271,True,,,,
cand_014,actionable,[*:1]c1nnn([*:2])n1,[*:2]n1nnnc1N=[N+]([*:1])[O-],azole_ring,azoxy,linker,False,*c1nnn(*)n1||*n1nnnc1N=[N+](*)[O-],0.386228,129,129,6.9305,6.9305,6,0,False,False,1.22164,True,,1.20336,True,,0.791447,True,,1.6175,True,,1.07891,True,,1.01764,True,,0.0905416,False,,,,
cand_014,actionable,[*:1]c1nnnn1[*:2],[*:1]n1nnnc1N=[N+]([*:2])[O-],azole_ring,azoxy,linker,False,*c1nnnn1*||*n1nnnc1N=[N+](*)[O-],0.381342,140,140,6.77105,6.77105,6,0,False,False,1.13232,True,,1.07776,True,,0.793782,True,,1.46168,True,,1.16784,True,,1.13768,True,,0.300078,True,,,,
cand_014,actionable,[*:1]c1nnnn1[*:2],[*:1]n1nnc(N=[N+]([*:2])[O-])n1,azole_ring,azoxy,linker,False,*c1nnnn1*||*n1nnc(N=[N+](*)[O-])n1,0.382376,243,243,6.74472,6.74472,6,0,False,False,1.09841,True,,1.08922,True,,0.804593,True,,1.45168,True,,1.16528,True,,1.13554,True,,0.218252,True,,,,
cand_014,actionable,[*:1]c1nnn([*:2])n1,[*:1]n1nnc(N=[N+]([*:2])[O-])n1,azole_ring,azoxy,linker,False,*c1nnn(*)n1||*n1nnc(N=[N+](*)[O-])n1,0.378153,238,238,6.70442,6.70442,6,0,False,False,1.15867,True,,1.11382,True,,0.761466,True,,1.49629,True,,1.10497,True,,1.0692,True,,0.243363,True,,,,
cand_014,actionable,[*:1]c1nnn([*:2])n1,[*:1]N=[N+]([O-])c1nnnn1[*:2],azole_ring,azoxy,linker,False,*N=[N+]([O-])c1nnnn1*||*c1nnn(*)n1,0.38408,193,193,6.2752,6.2752,6,0,False,False,1.05157,True,,1.02736,True,,0.803237,True,,1.38052,True,,1.03234,True,,0.980179,True,,-0.0531092,False,,,,
cand_014,actionable,[*:1]c1nnnn1[*:2],[*:1]N=[N+]([O-])c1nnnn1[*:2],azole_ring,azoxy,linker,False,*N=[N+]([O-])c1nnnn1*||*c1nnnn1*,0.387444,216,216,6.14634,6.14634,6,0,False,False,1.0166,True,,0.992261,True,,0.829325,True,,1.31178,True,,1.02557,True,,0.970802,True,,0.00583282,False,,,,
cand_014,actionable,[*:1]c1nnn([*:2])n1,[*:2]n1nnc(N=[N+]([*:1])[O-])n1,azole_ring,azoxy,linker,False,*c1nnn(*)n1||*n1nnc(N=[N+](*)[O-])n1,0.383262,245,245,6.12532,6.12532,6,0,False,False,1.05729,True,,0.968287,True,,0.765806,True,,1.33239,True,,1.01607,True,,0.985474,True,,-0.000412203,False,,,,
cand_014,actionable,[*:1]c1nnn([*:2])n1,[*:1]N=[N+]([O-])n1nnnc1[*:2],azole_ring,azoxy,linker,False,*N=[N+]([O-])n1nnnc1*||*c1nnn(*)n1,0.382236,241,241,6.08289,6.08289,6,0,False,False,1.03381,True,,0.991957,True,,0.801599,True,,1.30846,True,,0.998561,True,,0.948499,True,,0.0401082,False,,,,
cand_014,actionable,[*:1]c1nnnn1[*:2],[*:2]n1nnc(N=[N+]([*:1])[O-])n1,azole_ring,azoxy,linker,False,*c1nnnn1*||*n1nnc(N=[N+](*)[O-])n1,0.381536,249,249,5.94401,5.94401,6,0,False,False,0.991857,True,,0.919359,True,,0.786746,True,,1.22979,True,,1.0227,True,,0.99356,True,,0.189938,True,,,,
cand_014,actionable,[*:1]c1nnnn1[*:2],[*:1]N=[N+]([O-])n1nnnc1[*:2],azole_ring,azoxy,linker,False,*N=[N+]([O-])n1nnnc1*||*c1nnnn1*,0.386172,229,229,5.94241,5.94241,6,0,False,False,1.01177,True,,0.953617,True,,0.810754,True,,1.25172,True,,0.978768,True,,0.935784,True,,-0.0654356,False,,,,
cand_014,actionable,[*:1]c1nnnn1[*:2],[*:1]N=[N+]([O-])n1nnc([*:2])n1,azole_ring,azoxy,linker,False,*N=[N+]([O-])n1nnc(*)n1||*c1nnnn1*,0.383065,259,259,5.90937,5.90937,6,0,False,False,0.973511,True,,0.966867,True,,0.837706,True,,1.25181,True,,0.973185,True,,0.906291,True,,-0.132316,True,,,,
cand_014,actionable,[*:1]c1nnn([*:2])n1,[*:1]N=[N+]([O-])n1nnc([*:2])n1,azole_ring,azoxy,linker,False,*N=[N+]([O-])n1nnc(*)n1||*c1nnn(*)n1,0.381099,247,247,5.7921,5.7921,6,0,False,False,1.00262,True,,0.913101,True,,0.784638,True,,1.22695,True,,0.953992,True,,0.910809,True,,-0.0867995,False,,,,
cand_014,actionable,[*:2]c1nnn([*:1])n1,[*:1]N=Nc1nnnn1[*:2],azole_ring,azo,linker,False,*N=Nc1nnnn1*||*c1nnn(*)n1,0.355184,346,346,4.91008,4.91008,6,0,False,False,1.36786,True,,0.775218,True,,0.348896,True,,1.25446,True,,0.632322,True,,0.531322,True,,0.293685,True,,,,
cand_014,actionable,[*:2]c1nnnn1[*:1],[*:1]N=Nc1nnnn1[*:2],azole_ring,azo,linker,False,*N=Nc1nnnn1*||*c1nnnn1*,0.355949,350,350,4.82301,4.82301,6,0,False,False,1.32338,True,,0.730511,True,,0.358726,True,,1.1928,True,,0.655076,True,,0.562518,True,,0.123372,True,,,,
cand_014,actionable,[*:2]c1nnn([*:1])n1,[*:1]N=Nn1nnnc1[*:2],azole_ring,azo,linker,False,*N=Nn1nnnc1*||*c1nnn(*)n1,0.362383,398,398,4.67606,4.67606,6,0,False,False,1.27323,True,,0.697424,True,,0.363967,True,,1.14483,True,,0.646189,True,,0.550421,True,,0.275734,True,,,,
cand_014,actionable,[*:2]c1nnn([*:1])n1,[*:1]N=Nc1nnn([*:2])n1,azole_ring,azo,linker,False,*N=Nc1nnn(*)n1||*c1nnn(*)n1,0.356223,332,332,4.60116,4.60116,6,0,False,False,1.30023,True,,0.69689,True,,0.345385,True,,1.15463,True,,0.599149,True,,0.504875,True,,0.208527,True,,,,
cand_014,actionable,[*:2]c1nnnn1[*:1],[*:1]N=Nc1nnn([*:2])n1,azole_ring,azo,linker,False,*N=Nc1nnn(*)n1||*c1nnnn1*,0.35656,356,356,4.40896,4.40896,6,0,False,False,1.26223,True,,0.639687,True,,0.340861,True,,1.06383,True,,0.590047,True,,0.512296,True,,0.111891,True,,,,
cand_014,actionable,[*:2]c1nnnn1[*:1],[*:1]N=Nn1nnnc1[*:2],azole_ring,azo,linker,False,*N=Nn1nnnc1*||*c1nnnn1*,0.356653,386,386,4.35206,4.35206,6,0,False,False,1.23532,True,,0.615186,True,,0.330104,True,,1.0263,True,,0.60749,True,,0.537659,True,,0.166134,True,,,,
cand_014,actionable,[*:1]c1nnn([*:2])n1,[*:1]N=Nc1nnnn1[*:2],azole_ring,azo,linker,False,*N=Nc1nnnn1*||*c1nnn(*)n1,0.358491,342,342,4.22356,4.22356,6,0,False,False,1.24148,True,,0.622072,True,,0.350247,True,,1.03701,True,,0.531948,True,,0.44081,True,,0.143936,True,,,,
cand_014,actionable,[*:2]c1nnn([*:1])n1,[*:1]N=Nn1nnc([*:2])n1,azole_ring,azo,linker,False,*N=Nn1nnc(*)n1||*c1nnn(*)n1,0.35839,393,393,4.1863,4.1863,6,0,False,False,1.20702,True,,0.602688,True,,0.344701,True,,1.01106,True,,0.554789,True,,0.466045,True,,0.100027,True,,,,
cand_014,actionable,[*:1]c1nnn([*:2])n1,[*:1]N=Nn1nnnc1[*:2],azole_ring,azo,linker,False,*N=Nn1nnnc1*||*c1nnn(*)n1,0.360747,334,334,3.99535,3.99535,6,0,False,False,1.16569,True,,0.546554,True,,0.362638,True,,0.942865,True,,0.534815,True,,0.442787,True,,0.111146,True,,,,
cand_014,actionable,[*:2]c1nnn([*:1])n1,[*:1]NNn1nnnc1[*:2],azole_ring,hydrazo,linker,False,*NNn1nnnc1*||*c1nnn(*)n1,0.363514,386,386,3.9581,3.9581,6,0,False,False,0.938024,True,,0.350252,True,,0.0500214,True,,1.58906,True,,0.588806,True,,0.441934,True,,0.179119,True,,,,
cand_014,actionable,[*:2]c1nnnn1[*:1],[*:1]N=Nn1nnc([*:2])n1,azole_ring,azo,linker,False,*N=Nn1nnc(*)n1||*c1nnnn1*,0.355887,402,402,3.93208,3.93208,6,0,False,False,1.17085,True,,0.536145,True,,0.333633,True,,0.916776,True,,0.52508,True,,0.449589,True,,-0.0634601,False,,,,
cand_014,actionable,[*:1]c1nnn([*:2])n1,[*:1]N=Nc1nnn([*:2])n1,azole_ring,azo,linker,False,*N=Nc1nnn(*)n1||*c1nnn(*)n1,0.359132,350,350,3.90856,3.90856,6,0,False,False,1.18334,True,,0.547374,True,,0.349104,True,,0.932112,True,,0.490401,True,,0.406235,True,,0.040073,False,,,,
cand_014,actionable,[*:1]c1nnnn1[*:2],[*:1]N=Nc1nnnn1[*:2],azole_ring,azo,linker,False,*N=Nc1nnnn1*||*c1nnnn1*,0.351097,336,336,3.75447,3.75447,6,0,False,False,1.17631,True,,0.503957,True,,0.330506,True,,0.868255,True,,0.473577,True,,0.401863,True,,0.159668,True,,,,
cand_014,actionable,[*:2]c1nnnn1[*:1],[*:1]NNn1nnnc1[*:2],azole_ring,hydrazo,linker,False,*NNn1nnnc1*||*c1nnnn1*,0.35995,369,369,3.64902,3.64902,6,0,False,False,0.89669,True,,0.272185,True,,0.0281111,True,,1.47287,True,,0.55144,True,,0.42772,True,,0.0963791,True,,,,
cand_014,actionable,[*:1]c1nnnn1[*:2],[*:1]N=Nc1nnn([*:2])n1,azole_ring,azo,linker,False,*N=Nc1nnn(*)n1||*c1nnnn1*,0.356667,329,329,3.62297,3.62297,6,0,False,False,1.12524,True,,0.47018,True,,0.353315,True,,0.823885,True,,0.464077,True,,0.38627,True,,0.0930074,True,,,,
cand_014,actionable,[*:2]c1nnn([*:1])n1,[*:1]NNc1nnnn1[*:2],azole_ring,hydrazo,linker,False,*NNc1nnnn1*||*c1nnn(*)n1,0.353325,340,340,3.53394,3.53394,6,0,False,False,0.88454,True,,0.238912,True,,0.0334778,True,,1.43352,True,,0.53368,True,,0.40981,True,,0.0617399,False,,,,
cand_014,actionable,[*:1]c1nnnn1[*:2],[*:1]N=Nn1nnnc1[*:2],azole_ring,azo,linker,False,*N=Nn1nnnc1*||*c1nnnn1*,0.354557,319,319,3.49741,3.49741,6,0,False,False,1.09274,True,,0.42757,True,,0.346433,True,,0.758009,True,,0.470057,True,,0.402601,True,,0.219847,True,,,,
cand_014,actionable,[*:2]c1nnn([*:1])n1,[*:1]NNn1nnc([*:2])n1,azole_ring,hydrazo,linker,False,*NNn1nnc(*)n1||*c1nnn(*)n1,0.360374,429,429,3.41725,3.41725,6,0,False,False,0.86855,True,,0.257969,True,,0.0453302,True,,1.43395,True,,0.479044,True,,0.332408,True,,-0.203337,True,,,,
cand_014,actionable,[*:2]c1nnnn1[*:1],[*:1]NNc1nnnn1[*:2],azole_ring,hydrazo,linker,False,*NNc1nnnn1*||*c1nnnn1*,0.357605,308,308,3.39303,3.39303,6,0,False,False,0.844118,True,,0.200872,True,,0.0369562,True,,1.37573,True,,0.528407,True,,0.406946,True,,-0.0578213,False,,,,
cand_014,actionable,[*:2]c1nnn([*:1])n1,[*:1]NNc1nnn([*:2])n1,azole_ring,hydrazo,linker,False,*NNc1nnn(*)n1||*c1nnn(*)n1,0.357457,302,302,3.29623,3.29623,6,0,False,False,0.845114,True,,0.211921,True,,0.0430512,True,,1.37479,True,,0.47719,True,,0.344168,True,,0.0342877,False,,,,
cand_014,actionable,[*:1]c1nnn([*:2])n1,[*:1]N=Nn1nnc([*:2])n1,azole_ring,azo,linker,False,*N=Nn1nnc(*)n1||*c1nnn(*)n1,0.355385,330,330,3.29485,3.29485,6,0,False,False,1.08009,True,,0.405756,True,,0.332178,True,,0.731677,True,,0.409408,True,,0.335746,True,,-0.179887,True,,,,
cand_014,actionable,[*:2]c1nnnn1[*:1],[*:1]NNn1nnc([*:2])n1,azole_ring,hydrazo,linker,False,*NNn1nnc(*)n1||*c1nnnn1*,0.361736,393,393,3.28999,3.28999,6,0,False,False,0.833756,True,,0.207705,True,,0.0440876,True,,1.38185,True,,0.481115,True,,0.341475,True,,-0.243635,True,,,,
cand_014,actionable,[*:1]c1nnn([*:2])n1,[*:1]NNn1nnnc1[*:2],azole_ring,hydrazo,linker,False,*NNn1nnnc1*||*c1nnn(*)n1,0.357043,365,365,3.13594,3.13594,6,0,False,False,0.826481,True,,0.183081,True,,0.0505623,True,,1.33815,True,,0.438654,True,,0.299012,True,,-0.0474263,False,,,,
cand_014,actionable,[*:1]c1nnnn1[*:2],[*:1]N=Nn1nnc([*:2])n1,azole_ring,azo,linker,False,*N=Nn1nnc(*)n1||*c1nnnn1*,0.351134,325,325,3.02894,3.02894,6,0,False,False,1.03313,True,,0.332837,True,,0.326176,True,,0.62886,True,,0.384432,True,,0.323499,True,,0.0338713,False,,,,
cand_014,actionable,[*:2]c1nnnn1[*:1],[*:1]NNc1nnn([*:2])n1,azole_ring,hydrazo,linker,False,*NNc1nnn(*)n1||*c1nnnn1*,0.354073,326,326,2.92851,2.92851,6,0,False,False,0.787273,True,,0.125173,True,,0.0243631,True,,1.22938,True,,0.436184,True,,0.326137,True,,-0.0216373,False,,,,
cand_014,actionable,[*:1]c1nnnn1[*:2],[*:1]NNn1nnnc1[*:2],azole_ring,hydrazo,linker,False,*NNn1nnnc1*||*c1nnnn1*,0.353396,307,307,2.84277,2.84277,6,0,False,False,0.765018,True,,0.0848097,True,,0.0448634,True,,1.22263,True,,0.42504,True,,0.30041,True,,-0.0312679,False,,,,
cand_014,actionable,[*:1]c1nnn([*:2])n1,[*:1]NNc1nnnn1[*:2],azole_ring,hydrazo,linker,False,*NNc1nnnn1*||*c1nnn(*)n1,0.356148,336,336,2.73736,2.73736,6,0,False,False,0.743623,True,,0.0703049,True,,0.0427286,True,,1.17605,True,,0.412791,True,,0.291862,True,,-0.0271239,False,,,,
cand_014,actionable,[*:1]c1nnn([*:2])n1,[*:1]NNn1nnc([*:2])n1,azole_ring,hydrazo,linker,False,*NNn1nnc(*)n1||*c1nnn(*)n1,0.354712,335,335,2.57495,2.57495,6,0,False,False,0.753706,True,,0.0800358,True,,0.0327345,True,,1.18342,True,,0.3302,True,,0.194851,True,,-0.307741,True,,,,
cand_014,actionable,[*:1]c1nnnn1[*:2],[*:1]NNc1nnnn1[*:2],azole_ring,hydrazo,linker,False,*NNc1nnnn1*||*c1nnnn1*,0.352717,357,357,2.45199,2.43486,5,0,False,False,0.693648,True,,-0.0171293,False,,0.030827,True,,1.06987,True,,0.381362,True,,0.276284,True,,-0.0595134,False,,,,
cand_014,actionable,[*:1]c1nnn([*:2])n1,[*:1]NNc1nnn([*:2])n1,azole_ring,hydrazo,linker,False,*NNc1nnn(*)n1||*c1nnn(*)n1,0.350426,329,329,2.37486,2.37486,6,0,False,False,0.713205,True,,0.0268665,True,,0.0205211,True,,1.08548,True,,0.323148,True,,0.205645,True,,-0.209807,True,,,,
cand_014,actionable,[*:1]c1nnnn1[*:2],[*:1]NNn1nnc([*:2])n1,azole_ring,hydrazo,linker,False,*NNn1nnc(*)n1||*c1nnnn1*,0.352662,318,318,2.24338,2.23116,5,0,False,False,0.681101,True,,-0.0122265,False,,0.0338148,True,,1.04967,True,,0.301504,True,,0.177294,True,,-0.248633,True,,,,
cand_014,actionable,[*:1]c1nnn([*:2])n1,[*:2]c1nnn(N[N+](=O)[O-])c1[*:1],azole_ring,nitramine,linker,False,*c1nnn(*)n1||*c1nnn(N[N+](=O)[O-])c1*,0.416782,335,335,1.85304,1.85304,6,0,False,False,0.0511008,True,,0.526783,True,,0.350804,True,,0.12756,True,,0.372822,True,,0.423975,True,,-0.409976,True,,,,
cand_014,actionable,[*:1]c1nnn([*:2])n1,[*:1]c1nnn(N[N+](=O)[O-])c1[*:2],azole_ring,nitramine,linker,False,*c1nnn(*)n1||*c1nnn(N[N+](=O)[O-])c1*,0.406666,404,404,1.5689,1.5689,6,0,False,False,0.0474787,True,,0.434563,True,,0.292453,True,,0.0733892,True,,0.333097,True,,0.387919,True,,-0.431373,True,,,,
cand_014,actionable,[*:1]c1nnnn1[*:2],[*:1]c1nnn(N[N+](=O)[O-])c1[*:2],azole_ring,nitramine,linker,False,*c1nnn(N[N+](=O)[O-])c1*||*c1nnnn1*,0.412549,385,385,1.50783,1.54167,4,0,False,False,0.0006166,False,,0.433216,True,,0.343985,True,,0.0332176,False,,0.340516,True,,0.390115,True,,-0.462432,True,,,,
cand_014,actionable,[*:2]c1nnnn1[*:1],[*:1]c1nnn(N[N+](=O)[O-])c1[*:2],azole_ring,nitramine,linker,False,*c1nnn(N[N+](=O)[O-])c1*||*c1nnnn1*,0.410514,341,341,1.33352,1.28057,4,0,False,False,-0.0166058,False,,0.396025,True,,0.315102,True,,-0.0363459,False,,0.285464,True,,0.336933,True,,-0.491826,True,,,,
cand_014,actionable,[*:1]Nn1nnc([*:2])n1,[*:1]Nn1nnnc1[*:2],azole_ring,azole_ring,linker,False,*Nn1nnc(*)n1||*Nn1nnnc1*,0.299811,633,633,0.353273,0.353273,5,0,False,False,0.0577357,True,,0.0671624,True,,0,False,,0.0993867,True,,0.0630548,True,,0.0659334,True,,0.236509,True,,,,
cand_014,actionable,[*:1]c1nnn([*:2])n1,[*:2]c1nnnn1[*:1],azole_ring,azole_ring,linker,False,*c1nnn(*)n1||*c1nnnn1*,0.257644,2457,2457,0.31729,0.31729,5,0,False,False,0.0573355,True,,0.0696148,True,,-2.41191e-19,False,,0.100322,True,,0.0464741,True,,0.0435433,True,,0.109291,True,,,,
cand_014,actionable,[*:1]c1nnn([*:2])n1,[*:1]c1nnnn1[*:2],azole_ring,azole_ring,linker,False,*c1nnn(*)n1||*c1nnnn1*,0.258151,2833,2833,0.304252,0.304252,5,0,False,False,0.0551249,True,,0.0662557,True,,0,False,,0.0947991,True,,0.0449933,True,,0.0430791,True,,0.118519,True,,,,
cand_014,actionable,[*:1]c1nnnn1[*:2],[*:2]c1nnnn1[*:1],azole_ring,azole_ring,linker,False,*c1nnnn1*||*c1nnnn1*,0.258476,1293,1293,0.21802,0.21802,5,0,False,False,0.0300112,True,,0.0417528,True,,0,False,,0.057483,True,,0.0430979,True,,0.0456756,True,,-0.0465583,True,,,,
cand_014,actionable,[*:1]c1nnn(N[N+](=O)[O-])n1,[*:1]c1nnnn1N[N+](=O)[O-],nitramine,nitramine,scaffold,False,*c1nnn(N[N+](=O)[O-])n1||*c1nnnn1N[N+](=O)[O-],0.422033,209,209,0.178983,0.195204,3,0,False,False,0.0499769,True,,0.0541472,True,,0,False,,0.0748584,True,,0.0115004,False,,0.00472109,False,,0.0590661,False,,,,
cand_014,actionable,[*:1]Nn1nnc([*:2])n1,[*:1]Nc1nnnn1[*:2],azole_ring,azole_ring,linker,False,*Nc1nnnn1*||*Nn1nnc(*)n1,0.295317,577,577,0.147251,0.127895,2,0,False,False,-0.00447786,False,,-0.00725383,False,,-0,False,,-0.00762427,False,,0.0643502,True,,0.0829003,True,,0.280637,True,,,,
cand_014,actionable,[*:1]c1nnn([*:2])n1,[*:2]c1nnn([*:1])n1,azole_ring,azole_ring,linker,False,*c1nnn(*)n1||*c1nnn(*)n1,0.260615,1165,1165,0.0453822,0.0112472,2,0,False,False,-0.00809051,False,,-0.00850428,False,,0,False,,-0.0175402,False,,0.0185507,True,,0.0268315,True,,0.0700273,True,,,,
cand_015,actionable,[*:2]c1nnn([*:1])n1,[*:1]N=[N+]([O-])c1nnnn1[*:2],azole_ring,azoxy,linker,False,*N=[N+]([O-])c1nnnn1*||*c1nnn(*)n1,0.385657,203,203,7.54054,7.54054,6,0,False,False,1.28787,True,,1.32943,True,,0.81574,True,,1.80839,True,,1.1937,True,,1.10541,True,,0.0821143,False,,,,
cand_015,actionable,[*:2]c1nnn([*:1])n1,[*:1]N=[N+]([O-])n1nnnc1[*:2],azole_ring,azoxy,linker,False,*N=[N+]([O-])n1nnnc1*||*c1nnn(*)n1,0.389037,291,291,7.46166,7.46166,6,0,False,False,1.26928,True,,1.34087,True,,0.814976,True,,1.77747,True,,1.16995,True,,1.08911,True,,0.0386994,False,,,,
cand_015,actionable,[*:2]c1nnnn1[*:1],[*:1]N=[N+]([O-])n1nnnc1[*:2],azole_ring,azoxy,linker,False,*N=[N+]([O-])n1nnnc1*||*c1nnnn1*,0.392432,280,280,7.39917,7.39917,6,0,False,False,1.23564,True,,1.29928,True,,0.829576,True,,1.74442,True,,1.1854,True,,1.10485,True,,-0.100889,True,,,,
cand_015,actionable,[*:2]c1nnn([*:1])n1,[*:1]N=[N+]([O-])n1nnc([*:2])n1,azole_ring,azoxy,linker,False,*N=[N+]([O-])n1nnc(*)n1||*c1nnn(*)n1,0.387464,272,272,7.25484,7.25484,6,0,False,False,1.24191,True,,1.27006,True,,0.792996,True,,1.73676,True,,1.14376,True,,1.06936,True,,-0.0477761,False,,,,
cand_015,actionable,[*:2]c1nnnn1[*:1],[*:1]N=[N+]([O-])c1nnnn1[*:2],azole_ring,azoxy,linker,False,*N=[N+]([O-])c1nnnn1*||*c1nnnn1*,0.380296,193,193,7.18294,7.18294,6,0,False,False,1.23795,True,,1.23659,True,,0.790892,True,,1.68949,True,,1.14851,True,,1.0795,True,,-0.171171,True,,,,
cand_015,actionable,[*:1]c1nnn([*:2])n1,[*:1]n1nnnc1N=[N+]([*:2])[O-],azole_ring,azoxy,linker,False,*c1nnn(*)n1||*n1nnnc1N=[N+](*)[O-],0.390172,133,133,7.1687,7.1687,6,0,False,False,1.19903,True,,1.22133,True,,0.836397,True,,1.61404,True,,1.17979,True,,1.11811,True,,0.382541,True,,,,
cand_015,actionable,[*:2]c1nnnn1[*:1],[*:1]N=[N+]([O-])n1nnc([*:2])n1,azole_ring,azoxy,linker,False,*N=[N+]([O-])n1nnc(*)n1||*c1nnnn1*,0.386847,275,275,7.07244,7.07244,6,0,False,False,1.19325,True,,1.21169,True,,0.802861,True,,1.64893,True,,1.14311,True,,1.07258,True,,-0.0690075,False,,,,
cand_015,actionable,[*:1]c1nnnn1[*:2],[*:1]c1nnnn1N=[N+]([*:2])[O-],azole_ring,azoxy,linker,False,*c1nnnn1*||*c1nnnn1N=[N+](*)[O-],0.384684,108,108,7.02768,7.02768,6,0,False,False,1.18176,True,,1.14919,True,,0.79885,True,,1.54468,True,,1.1966,True,,1.1566,True,,0.219111,True,,,,
cand_015,actionable,[*:1]c1nnn([*:2])n1,[*:1]c1nnnn1N=[N+]([*:2])[O-],azole_ring,azoxy,linker,False,*c1nnn(*)n1||*c1nnnn1N=[N+](*)[O-],0.380492,118,118,6.98405,6.98405,6,0,False,False,1.23245,True,,1.15049,True,,0.745411,True,,1.5874,True,,1.15025,True,,1.11805,True,,0.295224,True,,,,
cand_015,actionable,[*:1]c1nnnn1[*:2],[*:2]n1nnnc1N=[N+]([*:1])[O-],azole_ring,azoxy,linker,False,*c1nnnn1*||*n1nnnc1N=[N+](*)[O-],0.387609,122,122,6.97978,6.97978,6,0,False,False,1.16054,True,,1.17138,True,,0.834346,True,,1.60279,True,,1.14116,True,,1.06956,True,,0.160271,True,,,,
cand_015,actionable,[*:1]c1nnn([*:2])n1,[*:2]n1nnnc1N=[N+]([*:1])[O-],azole_ring,azoxy,linker,False,*c1nnn(*)n1||*n1nnnc1N=[N+](*)[O-],0.386228,129,129,6.9305,6.9305,6,0,False,False,1.22164,True,,1.20336,True,,0.791447,True,,1.6175,True,,1.07891,True,,1.01764,True,,0.0905416,False,,,,
cand_015,actionable,[*:1]c1nnnn1[*:2],[*:1]n1nnnc1N=[N+]([*:2])[O-],azole_ring,azoxy,linker,False,*c1nnnn1*||*n1nnnc1N=[N+](*)[O-],0.381342,140,140,6.77105,6.77105,6,0,False,False,1.13232,True,,1.07776,True,,0.793782,True,,1.46168,True,,1.16784,True,,1.13768,True,,0.300078,True,,,,
cand_015,actionable,[*:1]c1nnnn1[*:2],[*:1]n1nnc(N=[N+]([*:2])[O-])n1,azole_ring,azoxy,linker,False,*c1nnnn1*||*n1nnc(N=[N+](*)[O-])n1,0.382376,243,243,6.74472,6.74472,6,0,False,False,1.09841,True,,1.08922,True,,0.804593,True,,1.45168,True,,1.16528,True,,1.13554,True,,0.218252,True,,,,
cand_015,actionable,[*:1]c1nnn([*:2])n1,[*:1]n1nnc(N=[N+]([*:2])[O-])n1,azole_ring,azoxy,linker,False,*c1nnn(*)n1||*n1nnc(N=[N+](*)[O-])n1,0.378153,238,238,6.70442,6.70442,6,0,False,False,1.15867,True,,1.11382,True,,0.761466,True,,1.49629,True,,1.10497,True,,1.0692,True,,0.243363,True,,,,
cand_015,actionable,[*:1]c1nnn([*:2])n1,[*:1]N=[N+]([O-])c1nnnn1[*:2],azole_ring,azoxy,linker,False,*N=[N+]([O-])c1nnnn1*||*c1nnn(*)n1,0.38408,193,193,6.2752,6.2752,6,0,False,False,1.05157,True,,1.02736,True,,0.803237,True,,1.38052,True,,1.03234,True,,0.980179,True,,-0.0531092,False,,,,
cand_015,actionable,[*:1]c1nnnn1[*:2],[*:1]N=[N+]([O-])c1nnnn1[*:2],azole_ring,azoxy,linker,False,*N=[N+]([O-])c1nnnn1*||*c1nnnn1*,0.387444,216,216,6.14634,6.14634,6,0,False,False,1.0166,True,,0.992261,True,,0.829325,True,,1.31178,True,,1.02557,True,,0.970802,True,,0.00583282,False,,,,
cand_015,actionable,[*:1]c1nnn([*:2])n1,[*:2]n1nnc(N=[N+]([*:1])[O-])n1,azole_ring,azoxy,linker,False,*c1nnn(*)n1||*n1nnc(N=[N+](*)[O-])n1,0.383262,245,245,6.12532,6.12532,6,0,False,False,1.05729,True,,0.968287,True,,0.765806,True,,1.33239,True,,1.01607,True,,0.985474,True,,-0.000412203,False,,,,
cand_015,actionable,[*:1]c1nnn([*:2])n1,[*:1]N=[N+]([O-])n1nnnc1[*:2],azole_ring,azoxy,linker,False,*N=[N+]([O-])n1nnnc1*||*c1nnn(*)n1,0.382236,241,241,6.08289,6.08289,6,0,False,False,1.03381,True,,0.991957,True,,0.801599,True,,1.30846,True,,0.998561,True,,0.948499,True,,0.0401082,False,,,,
cand_015,actionable,[*:1]c1nnnn1[*:2],[*:2]n1nnc(N=[N+]([*:1])[O-])n1,azole_ring,azoxy,linker,False,*c1nnnn1*||*n1nnc(N=[N+](*)[O-])n1,0.381536,249,249,5.94401,5.94401,6,0,False,False,0.991857,True,,0.919359,True,,0.786746,True,,1.22979,True,,1.0227,True,,0.99356,True,,0.189938,True,,,,
cand_015,actionable,[*:1]c1nnnn1[*:2],[*:1]N=[N+]([O-])n1nnnc1[*:2],azole_ring,azoxy,linker,False,*N=[N+]([O-])n1nnnc1*||*c1nnnn1*,0.386172,229,229,5.94241,5.94241,6,0,False,False,1.01177,True,,0.953617,True,,0.810754,True,,1.25172,True,,0.978768,True,,0.935784,True,,-0.0654356,False,,,,
cand_015,actionable,[*:1]c1nnnn1[*:2],[*:1]N=[N+]([O-])n1nnc([*:2])n1,azole_ring,azoxy,linker,False,*N=[N+]([O-])n1nnc(*)n1||*c1nnnn1*,0.383065,259,259,5.90937,5.90937,6,0,False,False,0.973511,True,,0.966867,True,,0.837706,True,,1.25181,True,,0.973185,True,,0.906291,True,,-0.132316,True,,,,
cand_015,actionable,[*:1]c1nnn([*:2])n1,[*:1]N=[N+]([O-])n1nnc([*:2])n1,azole_ring,azoxy,linker,False,*N=[N+]([O-])n1nnc(*)n1||*c1nnn(*)n1,0.381099,247,247,5.7921,5.7921,6,0,False,False,1.00262,True,,0.913101,True,,0.784638,True,,1.22695,True,,0.953992,True,,0.910809,True,,-0.0867995,False,,,,
cand_015,actionable,[*:2]c1nnn([*:1])n1,[*:1]N=Nc1nnnn1[*:2],azole_ring,azo,linker,False,*N=Nc1nnnn1*||*c1nnn(*)n1,0.355184,346,346,4.91008,4.91008,6,0,False,False,1.36786,True,,0.775218,True,,0.348896,True,,1.25446,True,,0.632322,True,,0.531322,True,,0.293685,True,,,,
cand_015,actionable,[*:2]c1nnnn1[*:1],[*:1]N=Nc1nnnn1[*:2],azole_ring,azo,linker,False,*N=Nc1nnnn1*||*c1nnnn1*,0.355949,350,350,4.82301,4.82301,6,0,False,False,1.32338,True,,0.730511,True,,0.358726,True,,1.1928,True,,0.655076,True,,0.562518,True,,0.123372,True,,,,
cand_015,actionable,[*:2]c1nnn([*:1])n1,[*:1]N=Nn1nnnc1[*:2],azole_ring,azo,linker,False,*N=Nn1nnnc1*||*c1nnn(*)n1,0.362383,398,398,4.67606,4.67606,6,0,False,False,1.27323,True,,0.697424,True,,0.363967,True,,1.14483,True,,0.646189,True,,0.550421,True,,0.275734,True,,,,
cand_015,actionable,[*:2]c1nnn([*:1])n1,[*:1]N=Nc1nnn([*:2])n1,azole_ring,azo,linker,False,*N=Nc1nnn(*)n1||*c1nnn(*)n1,0.356223,332,332,4.60116,4.60116,6,0,False,False,1.30023,True,,0.69689,True,,0.345385,True,,1.15463,True,,0.599149,True,,0.504875,True,,0.208527,True,,,,
cand_015,actionable,[*:2]c1nnnn1[*:1],[*:1]N=Nc1nnn([*:2])n1,azole_ring,azo,linker,False,*N=Nc1nnn(*)n1||*c1nnnn1*,0.35656,356,356,4.40896,4.40896,6,0,False,False,1.26223,True,,0.639687,True,,0.340861,True,,1.06383,True,,0.590047,True,,0.512296,True,,0.111891,True,,,,
cand_015,actionable,[*:2]c1nnnn1[*:1],[*:1]N=Nn1nnnc1[*:2],azole_ring,azo,linker,False,*N=Nn1nnnc1*||*c1nnnn1*,0.356653,386,386,4.35206,4.35206,6,0,False,False,1.23532,True,,0.615186,True,,0.330104,True,,1.0263,True,,0.60749,True,,0.537659,True,,0.166134,True,,,,
cand_015,actionable,[*:1]c1nnn([*:2])n1,[*:1]N=Nc1nnnn1[*:2],azole_ring,azo,linker,False,*N=Nc1nnnn1*||*c1nnn(*)n1,0.358491,342,342,4.22356,4.22356,6,0,False,False,1.24148,True,,0.622072,True,,0.350247,True,,1.03701,True,,0.531948,True,,0.44081,True,,0.143936,True,,,,
cand_015,actionable,[*:2]c1nnn([*:1])n1,[*:1]N=Nn1nnc([*:2])n1,azole_ring,azo,linker,False,*N=Nn1nnc(*)n1||*c1nnn(*)n1,0.35839,393,393,4.1863,4.1863,6,0,False,False,1.20702,True,,0.602688,True,,0.344701,True,,1.01106,True,,0.554789,True,,0.466045,True,,0.100027,True,,,,
cand_015,actionable,[*:1]c1nnn([*:2])n1,[*:1]N=Nn1nnnc1[*:2],azole_ring,azo,linker,False,*N=Nn1nnnc1*||*c1nnn(*)n1,0.360747,334,334,3.99535,3.99535,6,0,False,False,1.16569,True,,0.546554,True,,0.362638,True,,0.942865,True,,0.534815,True,,0.442787,True,,0.111146,True,,,,
cand_015,actionable,[*:2]c1nnn([*:1])n1,[*:1]NNn1nnnc1[*:2],azole_ring,hydrazo,linker,False,*NNn1nnnc1*||*c1nnn(*)n1,0.363514,386,386,3.9581,3.9581,6,0,False,False,0.938024,True,,0.350252,True,,0.0500214,True,,1.58906,True,,0.588806,True,,0.441934,True,,0.179119,True,,,,
cand_015,actionable,[*:2]c1nnnn1[*:1],[*:1]N=Nn1nnc([*:2])n1,azole_ring,azo,linker,False,*N=Nn1nnc(*)n1||*c1nnnn1*,0.355887,402,402,3.93208,3.93208,6,0,False,False,1.17085,True,,0.536145,True,,0.333633,True,,0.916776,True,,0.52508,True,,0.449589,True,,-0.0634601,False,,,,
cand_015,actionable,[*:1]c1nnn([*:2])n1,[*:1]N=Nc1nnn([*:2])n1,azole_ring,azo,linker,False,*N=Nc1nnn(*)n1||*c1nnn(*)n1,0.359132,350,350,3.90856,3.90856,6,0,False,False,1.18334,True,,0.547374,True,,0.349104,True,,0.932112,True,,0.490401,True,,0.406235,True,,0.040073,False,,,,
cand_015,actionable,[*:1]c1nnnn1[*:2],[*:1]N=Nc1nnnn1[*:2],azole_ring,azo,linker,False,*N=Nc1nnnn1*||*c1nnnn1*,0.351097,336,336,3.75447,3.75447,6,0,False,False,1.17631,True,,0.503957,True,,0.330506,True,,0.868255,True,,0.473577,True,,0.401863,True,,0.159668,True,,,,
cand_015,actionable,[*:2]c1nnnn1[*:1],[*:1]NNn1nnnc1[*:2],azole_ring,hydrazo,linker,False,*NNn1nnnc1*||*c1nnnn1*,0.35995,369,369,3.64902,3.64902,6,0,False,False,0.89669,True,,0.272185,True,,0.0281111,True,,1.47287,True,,0.55144,True,,0.42772,True,,0.0963791,True,,,,
cand_015,actionable,[*:1]c1nnnn1[*:2],[*:1]N=Nc1nnn([*:2])n1,azole_ring,azo,linker,False,*N=Nc1nnn(*)n1||*c1nnnn1*,0.356667,329,329,3.62297,3.62297,6,0,False,False,1.12524,True,,0.47018,True,,0.353315,True,,0.823885,True,,0.464077,True,,0.38627,True,,0.0930074,True,,,,
cand_015,actionable,[*:2]c1nnn([*:1])n1,[*:1]NNc1nnnn1[*:2],azole_ring,hydrazo,linker,False,*NNc1nnnn1*||*c1nnn(*)n1,0.353325,340,340,3.53394,3.53394,6,0,False,False,0.88454,True,,0.238912,True,,0.0334778,True,,1.43352,True,,0.53368,True,,0.40981,True,,0.0617399,False,,,,
cand_015,actionable,[*:1]c1nnnn1[*:2],[*:1]N=Nn1nnnc1[*:2],azole_ring,azo,linker,False,*N=Nn1nnnc1*||*c1nnnn1*,0.354557,319,319,3.49741,3.49741,6,0,False,False,1.09274,True,,0.42757,True,,0.346433,True,,0.758009,True,,0.470057,True,,0.402601,True,,0.219847,True,,,,
cand_015,actionable,[*:2]c1nnn([*:1])n1,[*:1]NNn1nnc([*:2])n1,azole_ring,hydrazo,linker,False,*NNn1nnc(*)n1||*c1nnn(*)n1,0.360374,429,429,3.41725,3.41725,6,0,False,False,0.86855,True,,0.257969,True,,0.0453302,True,,1.43395,True,,0.479044,True,,0.332408,True,,-0.203337,True,,,,
cand_015,actionable,[*:2]c1nnnn1[*:1],[*:1]NNc1nnnn1[*:2],azole_ring,hydrazo,linker,False,*NNc1nnnn1*||*c1nnnn1*,0.357605,308,308,3.39303,3.39303,6,0,False,False,0.844118,True,,0.200872,True,,0.0369562,True,,1.37573,True,,0.528407,True,,0.406946,True,,-0.0578213,False,,,,
cand_015,actionable,[*:2]c1nnn([*:1])n1,[*:1]NNc1nnn([*:2])n1,azole_ring,hydrazo,linker,False,*NNc1nnn(*)n1||*c1nnn(*)n1,0.357457,302,302,3.29623,3.29623,6,0,False,False,0.845114,True,,0.211921,True,,0.0430512,True,,1.37479,True,,0.47719,True,,0.344168,True,,0.0342877,False,,,,
cand_015,actionable,[*:1]c1nnn([*:2])n1,[*:1]N=Nn1nnc([*:2])n1,azole_ring,azo,linker,False,*N=Nn1nnc(*)n1||*c1nnn(*)n1,0.355385,330,330,3.29485,3.29485,6,0,False,False,1.08009,True,,0.405756,True,,0.332178,True,,0.731677,True,,0.409408,True,,0.335746,True,,-0.179887,True,,,,
cand_015,actionable,[*:2]c1nnnn1[*:1],[*:1]NNn1nnc([*:2])n1,azole_ring,hydrazo,linker,False,*NNn1nnc(*)n1||*c1nnnn1*,0.361736,393,393,3.28999,3.28999,6,0,False,False,0.833756,True,,0.207705,True,,0.0440876,True,,1.38185,True,,0.481115,True,,0.341475,True,,-0.243635,True,,,,
cand_015,actionable,[*:1]c1nnn([*:2])n1,[*:1]NNn1nnnc1[*:2],azole_ring,hydrazo,linker,False,*NNn1nnnc1*||*c1nnn(*)n1,0.357043,365,365,3.13594,3.13594,6,0,False,False,0.826481,True,,0.183081,True,,0.0505623,True,,1.33815,True,,0.438654,True,,0.299012,True,,-0.0474263,False,,,,
cand_015,actionable,[*:1]c1nnnn1[*:2],[*:1]N=Nn1nnc([*:2])n1,azole_ring,azo,linker,False,*N=Nn1nnc(*)n1||*c1nnnn1*,0.351134,325,325,3.02894,3.02894,6,0,False,False,1.03313,True,,0.332837,True,,0.326176,True,,0.62886,True,,0.384432,True,,0.323499,True,,0.0338713,False,,,,
cand_015,actionable,[*:2]c1nnnn1[*:1],[*:1]NNc1nnn([*:2])n1,azole_ring,hydrazo,linker,False,*NNc1nnn(*)n1||*c1nnnn1*,0.354073,326,326,2.92851,2.92851,6,0,False,False,0.787273,True,,0.125173,True,,0.0243631,True,,1.22938,True,,0.436184,True,,0.326137,True,,-0.0216373,False,,,,
cand_015,actionable,[*:1]c1nnnn1[*:2],[*:1]NNn1nnnc1[*:2],azole_ring,hydrazo,linker,False,*NNn1nnnc1*||*c1nnnn1*,0.353396,307,307,2.84277,2.84277,6,0,False,False,0.765018,True,,0.0848097,True,,0.0448634,True,,1.22263,True,,0.42504,True,,0.30041,True,,-0.0312679,False,,,,
cand_015,actionable,[*:1]c1nnn([*:2])n1,[*:1]NNc1nnnn1[*:2],azole_ring,hydrazo,linker,False,*NNc1nnnn1*||*c1nnn(*)n1,0.356148,336,336,2.73736,2.73736,6,0,False,False,0.743623,True,,0.0703049,True,,0.0427286,True,,1.17605,True,,0.412791,True,,0.291862,True,,-0.0271239,False,,,,
cand_015,actionable,[*:1]c1nnn([*:2])n1,[*:1]NNn1nnc([*:2])n1,azole_ring,hydrazo,linker,False,*NNn1nnc(*)n1||*c1nnn(*)n1,0.354712,335,335,2.57495,2.57495,6,0,False,False,0.753706,True,,0.0800358,True,,0.0327345,True,,1.18342,True,,0.3302,True,,0.194851,True,,-0.307741,True,,,,
cand_015,actionable,[*:1]c1nnnn1[*:2],[*:1]NNc1nnnn1[*:2],azole_ring,hydrazo,linker,False,*NNc1nnnn1*||*c1nnnn1*,0.352717,357,357,2.45199,2.43486,5,0,False,False,0.693648,True,,-0.0171293,False,,0.030827,True,,1.06987,True,,0.381362,True,,0.276284,True,,-0.0595134,False,,,,
cand_015,actionable,[*:1]c1nnn([*:2])n1,[*:1]NNc1nnn([*:2])n1,azole_ring,hydrazo,linker,False,*NNc1nnn(*)n1||*c1nnn(*)n1,0.350426,329,329,2.37486,2.37486,6,0,False,False,0.713205,True,,0.0268665,True,,0.0205211,True,,1.08548,True,,0.323148,True,,0.205645,True,,-0.209807,True,,,,
cand_015,actionable,[*:1]c1nnnn1[*:2],[*:1]NNn1nnc([*:2])n1,azole_ring,hydrazo,linker,False,*NNn1nnc(*)n1||*c1nnnn1*,0.352662,318,318,2.24338,2.23116,5,0,False,False,0.681101,True,,-0.0122265,False,,0.0338148,True,,1.04967,True,,0.301504,True,,0.177294,True,,-0.248633,True,,,,
cand_015,actionable,[*:1]c1nnn([*:2])n1,[*:2]c1nnn(N[N+](=O)[O-])c1[*:1],azole_ring,nitramine,linker,False,*c1nnn(*)n1||*c1nnn(N[N+](=O)[O-])c1*,0.416782,335,335,1.85304,1.85304,6,0,False,False,0.0511008,True,,0.526783,True,,0.350804,True,,0.12756,True,,0.372822,True,,0.423975,True,,-0.409976,True,,,,
cand_015,actionable,[*:1]c1nnn([*:2])n1,[*:1]c1nnn(N[N+](=O)[O-])c1[*:2],azole_ring,nitramine,linker,False,*c1nnn(*)n1||*c1nnn(N[N+](=O)[O-])c1*,0.406666,404,404,1.5689,1.5689,6,0,False,False,0.0474787,True,,0.434563,True,,0.292453,True,,0.0733892,True,,0.333097,True,,0.387919,True,,-0.431373,True,,,,
cand_015,actionable,[*:1]c1nnnn1[*:2],[*:1]c1nnn(N[N+](=O)[O-])c1[*:2],azole_ring,nitramine,linker,False,*c1nnn(N[N+](=O)[O-])c1*||*c1nnnn1*,0.412549,385,385,1.50783,1.54167,4,0,False,False,0.0006166,False,,0.433216,True,,0.343985,True,,0.0332176,False,,0.340516,True,,0.390115,True,,-0.462432,True,,,,
cand_015,actionable,[*:2]c1nnnn1[*:1],[*:1]c1nnn(N[N+](=O)[O-])c1[*:2],azole_ring,nitramine,linker,False,*c1nnn(N[N+](=O)[O-])c1*||*c1nnnn1*,0.410514,341,341,1.33352,1.28057,4,0,False,False,-0.0166058,False,,0.396025,True,,0.315102,True,,-0.0363459,False,,0.285464,True,,0.336933,True,,-0.491826,True,,,,
cand_015,actionable,[*:1]Nn1nnc([*:2])n1,[*:1]Nn1nnnc1[*:2],azole_ring,azole_ring,linker,False,*Nn1nnc(*)n1||*Nn1nnnc1*,0.299811,633,633,0.353273,0.353273,5,0,False,True,0.0577357,True,4.80735,0.0671624,True,15.9115,0,False,0,0.0993867,True,0.0118,0.0630548,True,0.0519458,0.0659334,True,0.547963,0.236509,True,-0.0619,,,
cand_015,actionable,[*:1]c1nnn([*:2])n1,[*:2]c1nnnn1[*:1],azole_ring,azole_ring,linker,False,*c1nnn(*)n1||*c1nnnn1*,0.257644,2457,2457,0.31729,0.31729,5,0,False,True,0.0573355,True,4.80735,0.0696148,True,15.9115,-2.41191e-19,False,0,0.100322,True,0.0118,0.0464741,True,0.0519458,0.0435433,True,0.547963,0.109291,True,-0.0619,,,
cand_015,actionable,[*:1]c1nnn([*:2])n1,[*:1]c1nnnn1[*:2],azole_ring,azole_ring,linker,False,*c1nnn(*)n1||*c1nnnn1*,0.258151,2833,2833,0.304252,0.304252,5,0,False,True,0.0551249,True,4.80735,0.0662557,True,15.9115,0,False,0,0.0947991,True,0.0118,0.0449933,True,0.0519458,0.0430791,True,0.547963,0.118519,True,-0.0619,,,
cand_015,actionable,[*:1]c1nnnn1[*:2],[*:2]c1nnnn1[*:1],azole_ring,azole_ring,linker,False,*c1nnnn1*||*c1nnnn1*,0.258476,1293,1293,0.21802,0.21802,5,0,False,False,0.0300112,True,,0.0417528,True,,0,False,,0.057483,True,,0.0430979,True,,0.0456756,True,,-0.0465583,True,,,,
cand_015,actionable,[*:1]c1nnn(N[N+](=O)[O-])n1,[*:1]c1nnnn1N[N+](=O)[O-],nitramine,nitramine,scaffold,False,*c1nnn(N[N+](=O)[O-])n1||*c1nnnn1N[N+](=O)[O-],0.422033,209,209,0.178983,0.195204,3,0,False,True,0.0499769,True,4.80735,0.0541472,True,15.9115,0,False,0,0.0748584,True,0.0118,0.0115004,False,0.0519458,0.00472109,False,0.547963,0.0590661,False,-0.0619,,,
cand_015,actionable,[*:1]Nn1nnc([*:2])n1,[*:1]Nc1nnnn1[*:2],azole_ring,azole_ring,linker,False,*Nc1nnnn1*||*Nn1nnc(*)n1,0.295317,577,577,0.147251,0.127895,2,0,False,False,-0.00447786,False,,-0.00725383,False,,-0,False,,-0.00762427,False,,0.0643502,True,,0.0829003,True,,0.280637,True,,,,
cand_015,actionable,[*:1]c1nnn([*:2])n1,[*:2]c1nnn([*:1])n1,azole_ring,azole_ring,linker,False,*c1nnn(*)n1||*c1nnn(*)n1,0.260615,1165,1165,0.0453822,0.0112472,2,0,False,False,-0.00809051,False,,-0.00850428,False,,0,False,,-0.0175402,False,,0.0185507,True,,0.0268315,True,,0.0700273,True,,,,
cand_016,actionable,[*:2]c1nnnn1[*:1],[*:1]N=[N+]([O-])n1nnnc1[*:2],azole_ring,azoxy,linker,False,*N=[N+]([O-])n1nnnc1*||*c1nnnn1*,0.392432,280,280,7.39917,7.39917,6,0,False,False,1.23564,True,,1.29928,True,,0.829576,True,,1.74442,True,,1.1854,True,,1.10485,True,,-0.100889,True,,,,
cand_016,actionable,[*:2]c1nnnn1[*:1],[*:1]N=[N+]([O-])c1nnnn1[*:2],azole_ring,azoxy,linker,False,*N=[N+]([O-])c1nnnn1*||*c1nnnn1*,0.380296,193,193,7.18294,7.18294,6,0,False,False,1.23795,True,,1.23659,True,,0.790892,True,,1.68949,True,,1.14851,True,,1.0795,True,,-0.171171,True,,,,
cand_016,actionable,[*:2]c1nnnn1[*:1],[*:1]N=[N+]([O-])n1nnc([*:2])n1,azole_ring,azoxy,linker,False,*N=[N+]([O-])n1nnc(*)n1||*c1nnnn1*,0.386847,275,275,7.07244,7.07244,6,0,False,False,1.19325,True,,1.21169,True,,0.802861,True,,1.64893,True,,1.14311,True,,1.07258,True,,-0.0690075,False,,,,
cand_016,actionable,[*:1]c1nnnn1[*:2],[*:1]c1nnnn1N=[N+]([*:2])[O-],azole_ring,azoxy,linker,False,*c1nnnn1*||*c1nnnn1N=[N+](*)[O-],0.384684,108,108,7.02768,7.02768,6,0,False,False,1.18176,True,,1.14919,True,,0.79885,True,,1.54468,True,,1.1966,True,,1.1566,True,,0.219111,True,,,,
cand_016,actionable,[*:1]c1nnnn1[*:2],[*:2]n1nnnc1N=[N+]([*:1])[O-],azole_ring,azoxy,linker,False,*c1nnnn1*||*n1nnnc1N=[N+](*)[O-],0.387609,122,122,6.97978,6.97978,6,0,False,False,1.16054,True,,1.17138,True,,0.834346,True,,1.60279,True,,1.14116,True,,1.06956,True,,0.160271,True,,,,
cand_016,actionable,[*:1]c1nnnn1[*:2],[*:1]n1nnnc1N=[N+]([*:2])[O-],azole_ring,azoxy,linker,False,*c1nnnn1*||*n1nnnc1N=[N+](*)[O-],0.381342,140,140,6.77105,6.77105,6,0,False,False,1.13232,True,,1.07776,True,,0.793782,True,,1.46168,True,,1.16784,True,,1.13768,True,,0.300078,True,,,,
cand_016,actionable,[*:1]c1nnnn1[*:2],[*:1]n1nnc(N=[N+]([*:2])[O-])n1,azole_ring,azoxy,linker,False,*c1nnnn1*||*n1nnc(N=[N+](*)[O-])n1,0.382376,243,243,6.74472,6.74472,6,0,False,False,1.09841,True,,1.08922,True,,0.804593,True,,1.45168,True,,1.16528,True,,1.13554,True,,0.218252,True,,,,
cand_016,actionable,[*:1]c1nnnn1[*:2],[*:1]N=[N+]([O-])c1nnnn1[*:2],azole_ring,azoxy,linker,False,*N=[N+]([O-])c1nnnn1*||*c1nnnn1*,0.387444,216,216,6.14634,6.14634,6,0,False,False,1.0166,True,,0.992261,True,,0.829325,True,,1.31178,True,,1.02557,True,,0.970802,True,,0.00583282,False,,,,
cand_016,actionable,[*:1]c1nnnn1[*:2],[*:2]n1nnc(N=[N+]([*:1])[O-])n1,azole_ring,azoxy,linker,False,*c1nnnn1*||*n1nnc(N=[N+](*)[O-])n1,0.381536,249,249,5.94401,5.94401,6,0,False,False,0.991857,True,,0.919359,True,,0.786746,True,,1.22979,True,,1.0227,True,,0.99356,True,,0.189938,True,,,,
cand_016,actionable,[*:1]c1nnnn1[*:2],[*:1]N=[N+]([O-])n1nnnc1[*:2],azole_ring,azoxy,linker,False,*N=[N+]([O-])n1nnnc1*||*c1nnnn1*,0.386172,229,229,5.94241,5.94241,6,0,False,False,1.01177,True,,0.953617,True,,0.810754,True,,1.25172,True,,0.978768,True,,0.935784,True,,-0.0654356,False,,,,
cand_016,actionable,[*:1]c1nnnn1[*:2],[*:1]N=[N+]([O-])n1nnc([*:2])n1,azole_ring,azoxy,linker,False,*N=[N+]([O-])n1nnc(*)n1||*c1nnnn1*,0.383065,259,259,5.90937,5.90937,6,0,False,False,0.973511,True,,0.966867,True,,0.837706,True,,1.25181,True,,0.973185,True,,0.906291,True,,-0.132316,True,,,,
cand_016,actionable,[*:2]c1nnnn1[*:1],[*:1]N=Nc1nnnn1[*:2],azole_ring,azo,linker,False,*N=Nc1nnnn1*||*c1nnnn1*,0.355949,350,350,4.82301,4.82301,6,0,False,False,1.32338,True,,0.730511,True,,0.358726,True,,1.1928,True,,0.655076,True,,0.562518,True,,0.123372,True,,,,
cand_016,actionable,[*:2]c1nnnn1[*:1],[*:1]N=Nc1nnn([*:2])n1,azole_ring,azo,linker,False,*N=Nc1nnn(*)n1||*c1nnnn1*,0.35656,356,356,4.40896,4.40896,6,0,False,False,1.26223,True,,0.639687,True,,0.340861,True,,1.06383,True,,0.590047,True,,0.512296,True,,0.111891,True,,,,
cand_016,actionable,[*:2]c1nnnn1[*:1],[*:1]N=Nn1nnnc1[*:2],azole_ring,azo,linker,False,*N=Nn1nnnc1*||*c1nnnn1*,0.356653,386,386,4.35206,4.35206,6,0,False,False,1.23532,True,,0.615186,True,,0.330104,True,,1.0263,True,,0.60749,True,,0.537659,True,,0.166134,True,,,,
cand_016,actionable,[*:2]c1nnnn1[*:1],[*:1]N=Nn1nnc([*:2])n1,azole_ring,azo,linker,False,*N=Nn1nnc(*)n1||*c1nnnn1*,0.355887,402,402,3.93208,3.93208,6,0,False,False,1.17085,True,,0.536145,True,,0.333633,True,,0.916776,True,,0.52508,True,,0.449589,True,,-0.0634601,False,,,,
cand_016,actionable,[*:1]NN[*:2],[*:1]N=[N+]([*:2])[O-],hydrazo,azoxy,linker,False,*N=[N+](*)[O-]||*NN*,0.149114,4015,4015,3.91186,3.91186,6,0,False,False,0.326838,True,,1.05673,True,,0.815419,True,,0.274361,True,,0.689952,True,,0.748555,True,,0.0589066,True,,,,
cand_016,actionable,[*:1]NNn1nnnc1[*:2],[*:2]c1nnnn1N=[N+]([*:1])[O-],hydrazo,azoxy,linker,False,*NNn1nnnc1*||*c1nnnn1N=[N+](*)[O-],0.38568,101,101,3.77562,3.77562,6,0,False,False,0.380087,True,,1.02672,True,,0.764026,True,,0.265424,True,,0.637316,True,,0.702048,True,,0.0876812,False,,,,
cand_016,actionable,[*:1]c1nnnn1[*:2],[*:1]N=Nc1nnnn1[*:2],azole_ring,azo,linker,False,*N=Nc1nnnn1*||*c1nnnn1*,0.351097,336,336,3.75447,3.75447,6,0,False,False,1.17631,True,,0.503957,True,,0.330506,True,,0.868255,True,,0.473577,True,,0.401863,True,,0.159668,True,,,,
cand_016,actionable,[*:2]c1nnnn1[*:1],[*:1]NNn1nnnc1[*:2],azole_ring,hydrazo,linker,False,*NNn1nnnc1*||*c1nnnn1*,0.35995,369,369,3.64902,3.64902,6,0,False,False,0.89669,True,,0.272185,True,,0.0281111,True,,1.47287,True,,0.55144,True,,0.42772,True,,0.0963791,True,,,,
cand_016,actionable,[*:1]c1nnnn1[*:2],[*:1]N=Nc1nnn([*:2])n1,azole_ring,azo,linker,False,*N=Nc1nnn(*)n1||*c1nnnn1*,0.356667,329,329,3.62297,3.62297,6,0,False,False,1.12524,True,,0.47018,True,,0.353315,True,,0.823885,True,,0.464077,True,,0.38627,True,,0.0930074,True,,,,
cand_016,actionable,[*:1]NNn1nnnc1[*:2],[*:2]n1nnnc1N=[N+]([*:1])[O-],hydrazo,azoxy,linker,False,*NNn1nnnc1*||*n1nnnc1N=[N+](*)[O-],0.381538,124,124,3.60962,3.60962,6,0,False,False,0.345137,True,,0.945393,True,,0.752178,True,,0.20836,True,,0.641248,True,,0.7173,True,,0.171068,True,,,,
cand_016,actionable,[*:1]NNn1nnnc1[*:2],[*:1]N=[N+]([O-])c1nnnn1[*:2],hydrazo,azoxy,linker,False,*N=[N+]([O-])c1nnnn1*||*NNn1nnnc1*,0.386492,196,196,3.58178,3.58178,6,0,False,False,0.304919,True,,0.977524,True,,0.7793,True,,0.185311,True,,0.633135,True,,0.701595,True,,-0.0112245,False,,,,
cand_016,actionable,[*:1]NNn1nnnc1[*:2],[*:1]N=[N+]([O-])n1nnnc1[*:2],hydrazo,azoxy,linker,False,*N=[N+]([O-])n1nnnc1*||*NNn1nnnc1*,0.383421,281,281,3.49913,3.49913,6,0,False,False,0.318368,True,,0.92779,True,,0.755612,True,,0.190758,True,,0.618484,True,,0.688114,True,,-0.124634,True,,,,
cand_016,actionable,[*:1]c1nnnn1[*:2],[*:1]N=Nn1nnnc1[*:2],azole_ring,azo,linker,False,*N=Nn1nnnc1*||*c1nnnn1*,0.354557,319,319,3.49741,3.49741,6,0,False,False,1.09274,True,,0.42757,True,,0.346433,True,,0.758009,True,,0.470057,True,,0.402601,True,,0.219847,True,,,,
cand_016,actionable,[*:2]c1nnnn1[*:1],[*:1]NNc1nnnn1[*:2],azole_ring,hydrazo,linker,False,*NNc1nnnn1*||*c1nnnn1*,0.357605,308,308,3.39303,3.39303,6,0,False,False,0.844118,True,,0.200872,True,,0.0369562,True,,1.37573,True,,0.528407,True,,0.406946,True,,-0.0578213,False,,,,
cand_016,actionable,[*:2]c1nnnn1[*:1],[*:1]NNn1nnc([*:2])n1,azole_ring,hydrazo,linker,False,*NNn1nnc(*)n1||*c1nnnn1*,0.361736,393,393,3.28999,3.28999,6,0,False,False,0.833756,True,,0.207705,True,,0.0440876,True,,1.38185,True,,0.481115,True,,0.341475,True,,-0.243635,True,,,,
cand_016,actionable,[*:1]NNn1nnnc1[*:2],[*:1]N=[N+]([O-])n1nnc([*:2])n1,hydrazo,azoxy,linker,False,*N=[N+]([O-])n1nnc(*)n1||*NNn1nnnc1*,0.388177,284,284,3.28792,3.28792,6,0,False,False,0.259273,True,,0.886412,True,,0.770162,True,,0.119598,True,,0.592501,True,,0.659977,True,,-0.176656,True,,,,
cand_016,actionable,[*:1]NNn1nnnc1[*:2],[*:2]n1nnc(N=[N+]([*:1])[O-])n1,hydrazo,azoxy,linker,False,*NNn1nnnc1*||*n1nnc(N=[N+](*)[O-])n1,0.383234,240,240,3.07909,3.1191,5,0,False,False,0.218088,True,,0.796665,True,,0.756166,True,,0.0400139,False,,0.610524,True,,0.697644,True,,0.162702,True,,,,
cand_016,actionable,[*:1]c1nnnn1[*:2],[*:1]N=Nn1nnc([*:2])n1,azole_ring,azo,linker,False,*N=Nn1nnc(*)n1||*c1nnnn1*,0.351134,325,325,3.02894,3.02894,6,0,False,False,1.03313,True,,0.332837,True,,0.326176,True,,0.62886,True,,0.384432,True,,0.323499,True,,0.0338713,False,,,,
cand_016,actionable,[*:2]c1nnnn1[*:1],[*:1]NNc1nnn([*:2])n1,azole_ring,hydrazo,linker,False,*NNc1nnn(*)n1||*c1nnnn1*,0.354073,326,326,2.92851,2.92851,6,0,False,False,0.787273,True,,0.125173,True,,0.0243631,True,,1.22938,True,,0.436184,True,,0.326137,True,,-0.0216373,False,,,,
cand_016,actionable,[*:1]c1nnnn1[*:2],[*:1]NNn1nnnc1[*:2],azole_ring,hydrazo,linker,False,*NNn1nnnc1*||*c1nnnn1*,0.353396,307,307,2.84277,2.84277,6,0,False,False,0.765018,True,,0.0848097,True,,0.0448634,True,,1.22263,True,,0.42504,True,,0.30041,True,,-0.0312679,False,,,,
cand_016,actionable,[*:1]c1nnnn1[*:2],[*:1]NNc1nnnn1[*:2],azole_ring,hydrazo,linker,False,*NNc1nnnn1*||*c1nnnn1*,0.352717,357,357,2.45199,2.43486,5,0,False,False,0.693648,True,,-0.0171293,False,,0.030827,True,,1.06987,True,,0.381362,True,,0.276284,True,,-0.0595134,False,,,,
cand_016,actionable,[*:1]c1nnnn1[*:2],[*:1]NNn1nnc([*:2])n1,azole_ring,hydrazo,linker,False,*NNn1nnc(*)n1||*c1nnnn1*,0.352662,318,318,2.24338,2.23116,5,0,False,False,0.681101,True,,-0.0122265,False,,0.0338148,True,,1.04967,True,,0.301504,True,,0.177294,True,,-0.248633,True,,,,
cand_016,actionable,[*:1]c1nnnn1[*:2],[*:1]c1nnn(N[N+](=O)[O-])c1[*:2],azole_ring,nitramine,linker,False,*c1nnn(N[N+](=O)[O-])c1*||*c1nnnn1*,0.412549,385,385,1.50783,1.54167,4,0,False,False,0.0006166,False,,0.433216,True,,0.343985,True,,0.0332176,False,,0.340516,True,,0.390115,True,,-0.462432,True,,,,
cand_016,actionable,[*:2]c1nnnn1[*:1],[*:1]c1nnn(N[N+](=O)[O-])c1[*:2],azole_ring,nitramine,linker,False,*c1nnn(N[N+](=O)[O-])c1*||*c1nnnn1*,0.410514,341,341,1.33352,1.28057,4,0,False,False,-0.0166058,False,,0.396025,True,,0.315102,True,,-0.0363459,False,,0.285464,True,,0.336933,True,,-0.491826,True,,,,
cand_016,actionable,[*:1]c1nnnn1[*:2],[*:2]c1nnnn1[*:1],azole_ring,azole_ring,linker,False,*c1nnnn1*||*c1nnnn1*,0.258476,1293,1293,0.21802,0.21802,5,0,False,False,0.0300112,True,,0.0417528,True,,0,False,,0.057483,True,,0.0430979,True,,0.0456756,True,,-0.0465583,True,,,,
cand_017,actionable,[*:2]c1nnn([*:1])n1,[*:1]N=[N+]([O-])c1nnnn1[*:2],azole_ring,azoxy,linker,False,*N=[N+]([O-])c1nnnn1*||*c1nnn(*)n1,0.385657,203,203,7.54054,7.54054,6,0,False,False,1.28787,True,,1.32943,True,,0.81574,True,,1.80839,True,,1.1937,True,,1.10541,True,,0.0821143,False,,,,
cand_017,actionable,[*:2]c1nnn([*:1])n1,[*:1]N=[N+]([O-])n1nnnc1[*:2],azole_ring,azoxy,linker,False,*N=[N+]([O-])n1nnnc1*||*c1nnn(*)n1,0.389037,291,291,7.46166,7.46166,6,0,False,False,1.26928,True,,1.34087,True,,0.814976,True,,1.77747,True,,1.16995,True,,1.08911,True,,0.0386994,False,,,,
cand_017,actionable,[*:2]c1nnnn1[*:1],[*:1]N=[N+]([O-])n1nnnc1[*:2],azole_ring,azoxy,linker,False,*N=[N+]([O-])n1nnnc1*||*c1nnnn1*,0.392432,280,280,7.39917,7.39917,6,0,False,False,1.23564,True,,1.29928,True,,0.829576,True,,1.74442,True,,1.1854,True,,1.10485,True,,-0.100889,True,,,,
cand_017,actionable,[*:2]c1nnn([*:1])n1,[*:1]N=[N+]([O-])n1nnc([*:2])n1,azole_ring,azoxy,linker,False,*N=[N+]([O-])n1nnc(*)n1||*c1nnn(*)n1,0.387464,272,272,7.25484,7.25484,6,0,False,False,1.24191,True,,1.27006,True,,0.792996,True,,1.73676,True,,1.14376,True,,1.06936,True,,-0.0477761,False,,,,
cand_017,actionable,[*:2]c1nnnn1[*:1],[*:1]N=[N+]([O-])c1nnnn1[*:2],azole_ring,azoxy,linker,False,*N=[N+]([O-])c1nnnn1*||*c1nnnn1*,0.380296,193,193,7.18294,7.18294,6,0,False,False,1.23795,True,,1.23659,True,,0.790892,True,,1.68949,True,,1.14851,True,,1.0795,True,,-0.171171,True,,,,
cand_017,actionable,[*:1]c1nnn([*:2])n1,[*:1]n1nnnc1N=[N+]([*:2])[O-],azole_ring,azoxy,linker,False,*c1nnn(*)n1||*n1nnnc1N=[N+](*)[O-],0.390172,133,133,7.1687,7.1687,6,0,False,False,1.19903,True,,1.22133,True,,0.836397,True,,1.61404,True,,1.17979,True,,1.11811,True,,0.382541,True,,,,
cand_017,actionable,[*:2]c1nnnn1[*:1],[*:1]N=[N+]([O-])n1nnc([*:2])n1,azole_ring,azoxy,linker,False,*N=[N+]([O-])n1nnc(*)n1||*c1nnnn1*,0.386847,275,275,7.07244,7.07244,6,0,False,False,1.19325,True,,1.21169,True,,0.802861,True,,1.64893,True,,1.14311,True,,1.07258,True,,-0.0690075,False,,,,
cand_017,actionable,[*:1]c1nnnn1[*:2],[*:1]c1nnnn1N=[N+]([*:2])[O-],azole_ring,azoxy,linker,False,*c1nnnn1*||*c1nnnn1N=[N+](*)[O-],0.384684,108,108,7.02768,7.02768,6,0,False,False,1.18176,True,,1.14919,True,,0.79885,True,,1.54468,True,,1.1966,True,,1.1566,True,,0.219111,True,,,,
cand_017,actionable,[*:1]c1nnn([*:2])n1,[*:1]c1nnnn1N=[N+]([*:2])[O-],azole_ring,azoxy,linker,False,*c1nnn(*)n1||*c1nnnn1N=[N+](*)[O-],0.380492,118,118,6.98405,6.98405,6,0,False,False,1.23245,True,,1.15049,True,,0.745411,True,,1.5874,True,,1.15025,True,,1.11805,True,,0.295224,True,,,,
cand_017,actionable,[*:1]c1nnnn1[*:2],[*:2]n1nnnc1N=[N+]([*:1])[O-],azole_ring,azoxy,linker,False,*c1nnnn1*||*n1nnnc1N=[N+](*)[O-],0.387609,122,122,6.97978,6.97978,6,0,False,False,1.16054,True,,1.17138,True,,0.834346,True,,1.60279,True,,1.14116,True,,1.06956,True,,0.160271,True,,,,
cand_017,actionable,[*:1]c1nnn([*:2])n1,[*:2]n1nnnc1N=[N+]([*:1])[O-],azole_ring,azoxy,linker,False,*c1nnn(*)n1||*n1nnnc1N=[N+](*)[O-],0.386228,129,129,6.9305,6.9305,6,0,False,False,1.22164,True,,1.20336,True,,0.791447,True,,1.6175,True,,1.07891,True,,1.01764,True,,0.0905416,False,,,,
cand_017,actionable,[*:1]c1nnnn1[*:2],[*:1]n1nnnc1N=[N+]([*:2])[O-],azole_ring,azoxy,linker,False,*c1nnnn1*||*n1nnnc1N=[N+](*)[O-],0.381342,140,140,6.77105,6.77105,6,0,False,False,1.13232,True,,1.07776,True,,0.793782,True,,1.46168,True,,1.16784,True,,1.13768,True,,0.300078,True,,,,
cand_017,actionable,[*:1]c1nnnn1[*:2],[*:1]n1nnc(N=[N+]([*:2])[O-])n1,azole_ring,azoxy,linker,False,*c1nnnn1*||*n1nnc(N=[N+](*)[O-])n1,0.382376,243,243,6.74472,6.74472,6,0,False,False,1.09841,True,,1.08922,True,,0.804593,True,,1.45168,True,,1.16528,True,,1.13554,True,,0.218252,True,,,,
cand_017,actionable,[*:1]c1nnn([*:2])n1,[*:1]n1nnc(N=[N+]([*:2])[O-])n1,azole_ring,azoxy,linker,False,*c1nnn(*)n1||*n1nnc(N=[N+](*)[O-])n1,0.378153,238,238,6.70442,6.70442,6,0,False,False,1.15867,True,,1.11382,True,,0.761466,True,,1.49629,True,,1.10497,True,,1.0692,True,,0.243363,True,,,,
cand_017,actionable,[*:1]c1nnn([*:2])n1,[*:1]N=[N+]([O-])c1nnnn1[*:2],azole_ring,azoxy,linker,False,*N=[N+]([O-])c1nnnn1*||*c1nnn(*)n1,0.38408,193,193,6.2752,6.2752,6,0,False,False,1.05157,True,,1.02736,True,,0.803237,True,,1.38052,True,,1.03234,True,,0.980179,True,,-0.0531092,False,,,,
cand_017,actionable,[*:1]c1nnnn1[*:2],[*:1]N=[N+]([O-])c1nnnn1[*:2],azole_ring,azoxy,linker,False,*N=[N+]([O-])c1nnnn1*||*c1nnnn1*,0.387444,216,216,6.14634,6.14634,6,0,False,False,1.0166,True,,0.992261,True,,0.829325,True,,1.31178,True,,1.02557,True,,0.970802,True,,0.00583282,False,,,,
cand_017,actionable,[*:1]c1nnn([*:2])n1,[*:2]n1nnc(N=[N+]([*:1])[O-])n1,azole_ring,azoxy,linker,False,*c1nnn(*)n1||*n1nnc(N=[N+](*)[O-])n1,0.383262,245,245,6.12532,6.12532,6,0,False,False,1.05729,True,,0.968287,True,,0.765806,True,,1.33239,True,,1.01607,True,,0.985474,True,,-0.000412203,False,,,,
cand_017,actionable,[*:1]c1nnn([*:2])n1,[*:1]N=[N+]([O-])n1nnnc1[*:2],azole_ring,azoxy,linker,False,*N=[N+]([O-])n1nnnc1*||*c1nnn(*)n1,0.382236,241,241,6.08289,6.08289,6,0,False,False,1.03381,True,,0.991957,True,,0.801599,True,,1.30846,True,,0.998561,True,,0.948499,True,,0.0401082,False,,,,
cand_017,actionable,[*:1]c1nnnn1[*:2],[*:2]n1nnc(N=[N+]([*:1])[O-])n1,azole_ring,azoxy,linker,False,*c1nnnn1*||*n1nnc(N=[N+](*)[O-])n1,0.381536,249,249,5.94401,5.94401,6,0,False,False,0.991857,True,,0.919359,True,,0.786746,True,,1.22979,True,,1.0227,True,,0.99356,True,,0.189938,True,,,,
cand_017,actionable,[*:1]c1nnnn1[*:2],[*:1]N=[N+]([O-])n1nnnc1[*:2],azole_ring,azoxy,linker,False,*N=[N+]([O-])n1nnnc1*||*c1nnnn1*,0.386172,229,229,5.94241,5.94241,6,0,False,False,1.01177,True,,0.953617,True,,0.810754,True,,1.25172,True,,0.978768,True,,0.935784,True,,-0.0654356,False,,,,
cand_017,actionable,[*:1]c1nnnn1[*:2],[*:1]N=[N+]([O-])n1nnc([*:2])n1,azole_ring,azoxy,linker,False,*N=[N+]([O-])n1nnc(*)n1||*c1nnnn1*,0.383065,259,259,5.90937,5.90937,6,0,False,False,0.973511,True,,0.966867,True,,0.837706,True,,1.25181,True,,0.973185,True,,0.906291,True,,-0.132316,True,,,,
cand_017,actionable,[*:1]c1nnn([*:2])n1,[*:1]N=[N+]([O-])n1nnc([*:2])n1,azole_ring,azoxy,linker,False,*N=[N+]([O-])n1nnc(*)n1||*c1nnn(*)n1,0.381099,247,247,5.7921,5.7921,6,0,False,False,1.00262,True,,0.913101,True,,0.784638,True,,1.22695,True,,0.953992,True,,0.910809,True,,-0.0867995,False,,,,
cand_017,actionable,[*:2]c1nnn([*:1])n1,[*:1]N=Nc1nnnn1[*:2],azole_ring,azo,linker,False,*N=Nc1nnnn1*||*c1nnn(*)n1,0.355184,346,346,4.91008,4.91008,6,0,False,False,1.36786,True,,0.775218,True,,0.348896,True,,1.25446,True,,0.632322,True,,0.531322,True,,0.293685,True,,,,
cand_017,actionable,[*:2]c1nnnn1[*:1],[*:1]N=Nc1nnnn1[*:2],azole_ring,azo,linker,False,*N=Nc1nnnn1*||*c1nnnn1*,0.355949,350,350,4.82301,4.82301,6,0,False,False,1.32338,True,,0.730511,True,,0.358726,True,,1.1928,True,,0.655076,True,,0.562518,True,,0.123372,True,,,,
cand_017,actionable,[*:2]c1nnn([*:1])n1,[*:1]N=Nn1nnnc1[*:2],azole_ring,azo,linker,False,*N=Nn1nnnc1*||*c1nnn(*)n1,0.362383,398,398,4.67606,4.67606,6,0,False,False,1.27323,True,,0.697424,True,,0.363967,True,,1.14483,True,,0.646189,True,,0.550421,True,,0.275734,True,,,,
cand_017,actionable,[*:2]c1nnn([*:1])n1,[*:1]N=Nc1nnn([*:2])n1,azole_ring,azo,linker,False,*N=Nc1nnn(*)n1||*c1nnn(*)n1,0.356223,332,332,4.60116,4.60116,6,0,False,False,1.30023,True,,0.69689,True,,0.345385,True,,1.15463,True,,0.599149,True,,0.504875,True,,0.208527,True,,,,
cand_017,actionable,[*:2]c1nnnn1[*:1],[*:1]N=Nc1nnn([*:2])n1,azole_ring,azo,linker,False,*N=Nc1nnn(*)n1||*c1nnnn1*,0.35656,356,356,4.40896,4.40896,6,0,False,False,1.26223,True,,0.639687,True,,0.340861,True,,1.06383,True,,0.590047,True,,0.512296,True,,0.111891,True,,,,
cand_017,actionable,[*:2]c1nnnn1[*:1],[*:1]N=Nn1nnnc1[*:2],azole_ring,azo,linker,False,*N=Nn1nnnc1*||*c1nnnn1*,0.356653,386,386,4.35206,4.35206,6,0,False,False,1.23532,True,,0.615186,True,,0.330104,True,,1.0263,True,,0.60749,True,,0.537659,True,,0.166134,True,,,,
cand_017,actionable,[*:1]c1nnn([*:2])n1,[*:1]N=Nc1nnnn1[*:2],azole_ring,azo,linker,False,*N=Nc1nnnn1*||*c1nnn(*)n1,0.358491,342,342,4.22356,4.22356,6,0,False,False,1.24148,True,,0.622072,True,,0.350247,True,,1.03701,True,,0.531948,True,,0.44081,True,,0.143936,True,,,,
cand_017,actionable,[*:2]c1nnn([*:1])n1,[*:1]N=Nn1nnc([*:2])n1,azole_ring,azo,linker,False,*N=Nn1nnc(*)n1||*c1nnn(*)n1,0.35839,393,393,4.1863,4.1863,6,0,False,False,1.20702,True,,0.602688,True,,0.344701,True,,1.01106,True,,0.554789,True,,0.466045,True,,0.100027,True,,,,
cand_017,actionable,[*:1]c1nnn([*:2])n1,[*:1]N=Nn1nnnc1[*:2],azole_ring,azo,linker,False,*N=Nn1nnnc1*||*c1nnn(*)n1,0.360747,334,334,3.99535,3.99535,6,0,False,False,1.16569,True,,0.546554,True,,0.362638,True,,0.942865,True,,0.534815,True,,0.442787,True,,0.111146,True,,,,
cand_017,actionable,[*:2]c1nnn([*:1])n1,[*:1]NNn1nnnc1[*:2],azole_ring,hydrazo,linker,False,*NNn1nnnc1*||*c1nnn(*)n1,0.363514,386,386,3.9581,3.9581,6,0,False,False,0.938024,True,,0.350252,True,,0.0500214,True,,1.58906,True,,0.588806,True,,0.441934,True,,0.179119,True,,,,
cand_017,actionable,[*:2]c1nnnn1[*:1],[*:1]N=Nn1nnc([*:2])n1,azole_ring,azo,linker,False,*N=Nn1nnc(*)n1||*c1nnnn1*,0.355887,402,402,3.93208,3.93208,6,0,False,False,1.17085,True,,0.536145,True,,0.333633,True,,0.916776,True,,0.52508,True,,0.449589,True,,-0.0634601,False,,,,
cand_017,actionable,[*:1]c1nnn([*:2])n1,[*:1]N=Nc1nnn([*:2])n1,azole_ring,azo,linker,False,*N=Nc1nnn(*)n1||*c1nnn(*)n1,0.359132,350,350,3.90856,3.90856,6,0,False,False,1.18334,True,,0.547374,True,,0.349104,True,,0.932112,True,,0.490401,True,,0.406235,True,,0.040073,False,,,,
cand_017,actionable,[*:1]c1nnnn1[*:2],[*:1]N=Nc1nnnn1[*:2],azole_ring,azo,linker,False,*N=Nc1nnnn1*||*c1nnnn1*,0.351097,336,336,3.75447,3.75447,6,0,False,False,1.17631,True,,0.503957,True,,0.330506,True,,0.868255,True,,0.473577,True,,0.401863,True,,0.159668,True,,,,
cand_017,actionable,[*:2]c1nnnn1[*:1],[*:1]NNn1nnnc1[*:2],azole_ring,hydrazo,linker,False,*NNn1nnnc1*||*c1nnnn1*,0.35995,369,369,3.64902,3.64902,6,0,False,False,0.89669,True,,0.272185,True,,0.0281111,True,,1.47287,True,,0.55144,True,,0.42772,True,,0.0963791,True,,,,
cand_017,actionable,[*:1]c1nnnn1[*:2],[*:1]N=Nc1nnn([*:2])n1,azole_ring,azo,linker,False,*N=Nc1nnn(*)n1||*c1nnnn1*,0.356667,329,329,3.62297,3.62297,6,0,False,False,1.12524,True,,0.47018,True,,0.353315,True,,0.823885,True,,0.464077,True,,0.38627,True,,0.0930074,True,,,,
cand_017,actionable,[*:2]c1nnn([*:1])n1,[*:1]NNc1nnnn1[*:2],azole_ring,hydrazo,linker,False,*NNc1nnnn1*||*c1nnn(*)n1,0.353325,340,340,3.53394,3.53394,6,0,False,False,0.88454,True,,0.238912,True,,0.0334778,True,,1.43352,True,,0.53368,True,,0.40981,True,,0.0617399,False,,,,
cand_017,actionable,[*:1]c1nnnn1[*:2],[*:1]N=Nn1nnnc1[*:2],azole_ring,azo,linker,False,*N=Nn1nnnc1*||*c1nnnn1*,0.354557,319,319,3.49741,3.49741,6,0,False,False,1.09274,True,,0.42757,True,,0.346433,True,,0.758009,True,,0.470057,True,,0.402601,True,,0.219847,True,,,,
cand_017,actionable,[*:2]c1nnn([*:1])n1,[*:1]NNn1nnc([*:2])n1,azole_ring,hydrazo,linker,False,*NNn1nnc(*)n1||*c1nnn(*)n1,0.360374,429,429,3.41725,3.41725,6,0,False,False,0.86855,True,,0.257969,True,,0.0453302,True,,1.43395,True,,0.479044,True,,0.332408,True,,-0.203337,True,,,,
cand_017,actionable,[*:2]c1nnnn1[*:1],[*:1]NNc1nnnn1[*:2],azole_ring,hydrazo,linker,False,*NNc1nnnn1*||*c1nnnn1*,0.357605,308,308,3.39303,3.39303,6,0,False,False,0.844118,True,,0.200872,True,,0.0369562,True,,1.37573,True,,0.528407,True,,0.406946,True,,-0.0578213,False,,,,
cand_017,actionable,[*:2]c1nnn([*:1])n1,[*:1]NNc1nnn([*:2])n1,azole_ring,hydrazo,linker,False,*NNc1nnn(*)n1||*c1nnn(*)n1,0.357457,302,302,3.29623,3.29623,6,0,False,False,0.845114,True,,0.211921,True,,0.0430512,True,,1.37479,True,,0.47719,True,,0.344168,True,,0.0342877,False,,,,
cand_017,actionable,[*:1]c1nnn([*:2])n1,[*:1]N=Nn1nnc([*:2])n1,azole_ring,azo,linker,False,*N=Nn1nnc(*)n1||*c1nnn(*)n1,0.355385,330,330,3.29485,3.29485,6,0,False,False,1.08009,True,,0.405756,True,,0.332178,True,,0.731677,True,,0.409408,True,,0.335746,True,,-0.179887,True,,,,
cand_017,actionable,[*:2]c1nnnn1[*:1],[*:1]NNn1nnc([*:2])n1,azole_ring,hydrazo,linker,False,*NNn1nnc(*)n1||*c1nnnn1*,0.361736,393,393,3.28999,3.28999,6,0,False,False,0.833756,True,,0.207705,True,,0.0440876,True,,1.38185,True,,0.481115,True,,0.341475,True,,-0.243635,True,,,,
cand_017,actionable,[*:1]c1nnn([*:2])n1,[*:1]NNn1nnnc1[*:2],azole_ring,hydrazo,linker,False,*NNn1nnnc1*||*c1nnn(*)n1,0.357043,365,365,3.13594,3.13594,6,0,False,False,0.826481,True,,0.183081,True,,0.0505623,True,,1.33815,True,,0.438654,True,,0.299012,True,,-0.0474263,False,,,,
cand_017,actionable,[*:1]c1nnnn1[*:2],[*:1]N=Nn1nnc([*:2])n1,azole_ring,azo,linker,False,*N=Nn1nnc(*)n1||*c1nnnn1*,0.351134,325,325,3.02894,3.02894,6,0,False,False,1.03313,True,,0.332837,True,,0.326176,True,,0.62886,True,,0.384432,True,,0.323499,True,,0.0338713,False,,,,
cand_017,actionable,[*:2]c1nnnn1[*:1],[*:1]NNc1nnn([*:2])n1,azole_ring,hydrazo,linker,False,*NNc1nnn(*)n1||*c1nnnn1*,0.354073,326,326,2.92851,2.92851,6,0,False,False,0.787273,True,,0.125173,True,,0.0243631,True,,1.22938,True,,0.436184,True,,0.326137,True,,-0.0216373,False,,,,
cand_017,actionable,[*:1]c1nnnn1[*:2],[*:1]NNn1nnnc1[*:2],azole_ring,hydrazo,linker,False,*NNn1nnnc1*||*c1nnnn1*,0.353396,307,307,2.84277,2.84277,6,0,False,False,0.765018,True,,0.0848097,True,,0.0448634,True,,1.22263,True,,0.42504,True,,0.30041,True,,-0.0312679,False,,,,
cand_017,actionable,[*:1]c1nnn([*:2])n1,[*:1]NNc1nnnn1[*:2],azole_ring,hydrazo,linker,False,*NNc1nnnn1*||*c1nnn(*)n1,0.356148,336,336,2.73736,2.73736,6,0,False,False,0.743623,True,,0.0703049,True,,0.0427286,True,,1.17605,True,,0.412791,True,,0.291862,True,,-0.0271239,False,,,,
cand_017,actionable,[*:1]c1nnn([*:2])n1,[*:1]NNn1nnc([*:2])n1,azole_ring,hydrazo,linker,False,*NNn1nnc(*)n1||*c1nnn(*)n1,0.354712,335,335,2.57495,2.57495,6,0,False,False,0.753706,True,,0.0800358,True,,0.0327345,True,,1.18342,True,,0.3302,True,,0.194851,True,,-0.307741,True,,,,
cand_017,actionable,[*:1]c1nnnn1[*:2],[*:1]NNc1nnnn1[*:2],azole_ring,hydrazo,linker,False,*NNc1nnnn1*||*c1nnnn1*,0.352717,357,357,2.45199,2.43486,5,0,False,False,0.693648,True,,-0.0171293,False,,0.030827,True,,1.06987,True,,0.381362,True,,0.276284,True,,-0.0595134,False,,,,
cand_017,actionable,[*:1]c1nnn([*:2])n1,[*:1]NNc1nnn([*:2])n1,azole_ring,hydrazo,linker,False,*NNc1nnn(*)n1||*c1nnn(*)n1,0.350426,329,329,2.37486,2.37486,6,0,False,False,0.713205,True,,0.0268665,True,,0.0205211,True,,1.08548,True,,0.323148,True,,0.205645,True,,-0.209807,True,,,,
cand_017,actionable,[*:1]c1nnnn1[*:2],[*:1]NNn1nnc([*:2])n1,azole_ring,hydrazo,linker,False,*NNn1nnc(*)n1||*c1nnnn1*,0.352662,318,318,2.24338,2.23116,5,0,False,False,0.681101,True,,-0.0122265,False,,0.0338148,True,,1.04967,True,,0.301504,True,,0.177294,True,,-0.248633,True,,,,
cand_017,actionable,[*:1]c1nnn([*:2])n1,[*:2]c1nnn(N[N+](=O)[O-])c1[*:1],azole_ring,nitramine,linker,False,*c1nnn(*)n1||*c1nnn(N[N+](=O)[O-])c1*,0.416782,335,335,1.85304,1.85304,6,0,False,False,0.0511008,True,,0.526783,True,,0.350804,True,,0.12756,True,,0.372822,True,,0.423975,True,,-0.409976,True,,,,
cand_017,actionable,[*:1]c1nnn([*:2])n1,[*:1]c1nnn(N[N+](=O)[O-])c1[*:2],azole_ring,nitramine,linker,False,*c1nnn(*)n1||*c1nnn(N[N+](=O)[O-])c1*,0.406666,404,404,1.5689,1.5689,6,0,False,False,0.0474787,True,,0.434563,True,,0.292453,True,,0.0733892,True,,0.333097,True,,0.387919,True,,-0.431373,True,,,,
cand_017,actionable,[*:1]c1nnnn1[*:2],[*:1]c1nnn(N[N+](=O)[O-])c1[*:2],azole_ring,nitramine,linker,False,*c1nnn(N[N+](=O)[O-])c1*||*c1nnnn1*,0.412549,385,385,1.50783,1.54167,4,0,False,False,0.0006166,False,,0.433216,True,,0.343985,True,,0.0332176,False,,0.340516,True,,0.390115,True,,-0.462432,True,,,,
cand_017,actionable,[*:2]c1nnnn1[*:1],[*:1]c1nnn(N[N+](=O)[O-])c1[*:2],azole_ring,nitramine,linker,False,*c1nnn(N[N+](=O)[O-])c1*||*c1nnnn1*,0.410514,341,341,1.33352,1.28057,4,0,False,False,-0.0166058,False,,0.396025,True,,0.315102,True,,-0.0363459,False,,0.285464,True,,0.336933,True,,-0.491826,True,,,,
cand_017,actionable,[*:1]n1nnc(N[N+](=O)[O-])n1,[*:1]c1nnnn1N[N+](=O)[O-],nitramine,nitramine,scaffold,False,*c1nnnn1N[N+](=O)[O-]||*n1nnc(N[N+](=O)[O-])n1,0.42612,240,240,0.621843,0.621843,5,0,False,False,0.143001,True,,0.160883,True,,-0,False,,0.222531,True,,0.0552503,True,,0.0401777,True,,0.0290161,False,,,,
cand_017,actionable,[*:1]Nc1nnn([*:2])n1,[*:1]Nn1nnnc1[*:2],azole_ring,azole_ring,linker,False,*Nc1nnn(*)n1||*Nn1nnnc1*,0.296781,590,590,0.586504,0.586504,5,0,False,False,0.112857,True,,0.133311,True,,-1.00442e-18,False,,0.194414,True,,0.0770241,True,,0.068899,True,,0.0758934,True,,,,
cand_017,actionable,[*:1]n1nnc(N[N+](=O)[O-])n1,[*:1]c1nnn(N[N+](=O)[O-])n1,nitramine,nitramine,scaffold,False,*c1nnn(N[N+](=O)[O-])n1||*n1nnc(N[N+](=O)[O-])n1,0.419189,217,217,0.414518,0.414518,5,0,False,False,0.0942139,True,,0.106322,True,,-0,False,,0.146046,True,,0.0382935,True,,0.0296424,True,,-0.00943077,False,,,,
cand_017,actionable,[*:1]n1nnc(N[N+](=O)[O-])n1,[*:1]n1nnnc1N[N+](=O)[O-],nitramine,nitramine,scaffold,False,*n1nnc(N[N+](=O)[O-])n1||*n1nnnc1N[N+](=O)[O-],0.421025,263,263,0.384195,0.384195,5,0,False,True,0.05792,True,5.2146,0.0632786,True,17.2595,0,False,0,0.0885686,True,0.0128,0.0797586,True,0.199006,0.0946692,True,2.34804,0.157912,True,1.3053,,,
cand_017,actionable,[*:1]Nc1nnn([*:2])n1,[*:1]Nc1nnnn1[*:2],azole_ring,azole_ring,linker,False,*Nc1nnn(*)n1||*Nc1nnnn1*,0.296477,606,606,0.357168,0.357168,5,0,False,True,0.0518527,True,5.2146,0.0596833,True,17.2595,0,False,0,0.088328,True,0.0128,0.0743302,True,0.199006,0.082974,True,2.34804,0.152069,True,1.3053,,,
cand_017,actionable,[*:1]c1nnn([*:2])n1,[*:2]c1nnnn1[*:1],azole_ring,azole_ring,linker,False,*c1nnn(*)n1||*c1nnnn1*,0.257644,2457,2457,0.31729,0.31729,5,0,False,True,0.0573355,True,5.2146,0.0696148,True,17.2595,-2.41191e-19,False,0,0.100322,True,0.0128,0.0464741,True,0.199006,0.0435433,True,2.34804,0.109291,True,1.3053,,,
cand_017,actionable,[*:1]Nc1nnn([*:2])n1,[*:1]Nn1nnc([*:2])n1,azole_ring,azole_ring,linker,False,*Nc1nnn(*)n1||*Nn1nnc(*)n1,0.294748,550,550,0.313818,0.313818,5,0,False,False,0.0666932,True,,0.0817783,True,,0,False,,0.121744,True,,0.0272393,True,,0.016363,True,,-0.116371,True,,,,
cand_017,actionable,[*:1]c1nnn([*:2])n1,[*:1]c1nnnn1[*:2],azole_ring,azole_ring,linker,False,*c1nnn(*)n1||*c1nnnn1*,0.258151,2833,2833,0.304252,0.304252,5,0,False,True,0.0551249,True,5.2146,0.0662557,True,17.2595,0,False,0,0.0947991,True,0.0128,0.0449933,True,0.199006,0.0430791,True,2.34804,0.118519,True,1.3053,,,
cand_017,actionable,[*:1]Nc1nnnn1[*:2],[*:1]Nn1nnnc1[*:2],azole_ring,azole_ring,linker,False,*Nc1nnnn1*||*Nn1nnnc1*,0.295245,593,593,0.26645,0.260235,3,0,False,False,0.0673813,True,,0.0806674,True,,0,False,,0.118401,True,,0.00547648,False,,-0.0116915,False,,-0.0768478,True,,,,
cand_017,actionable,[*:1]c1nnnn1[*:2],[*:2]c1nnnn1[*:1],azole_ring,azole_ring,linker,False,*c1nnnn1*||*c1nnnn1*,0.258476,1293,1293,0.21802,0.21802,5,0,False,False,0.0300112,True,,0.0417528,True,,0,False,,0.057483,True,,0.0430979,True,,0.0456756,True,,-0.0465583,True,,,,
cand_017,actionable,[*:1]c1nnn([*:2])n1,[*:2]c1nnn([*:1])n1,azole_ring,azole_ring,linker,False,*c1nnn(*)n1||*c1nnn(*)n1,0.260615,1165,1165,0.0453822,0.0112472,2,0,False,False,-0.00809051,False,,-0.00850428,False,,0,False,,-0.0175402,False,,0.0185507,True,,0.0268315,True,,0.0700273,True,,,,
cand_018,actionable,[*:2]c1nnnn1[*:1],[*:1]N=[N+]([O-])n1nnnc1[*:2],azole_ring,azoxy,linker,False,*N=[N+]([O-])n1nnnc1*||*c1nnnn1*,0.392432,280,280,7.39917,7.39917,6,0,False,False,1.23564,True,,1.29928,True,,0.829576,True,,1.74442,True,,1.1854,True,,1.10485,True,,-0.100889,True,,,,
cand_018,actionable,[*:2]c1nnnn1[*:1],[*:1]N=[N+]([O-])c1nnnn1[*:2],azole_ring,azoxy,linker,False,*N=[N+]([O-])c1nnnn1*||*c1nnnn1*,0.380296,193,193,7.18294,7.18294,6,0,False,False,1.23795,True,,1.23659,True,,0.790892,True,,1.68949,True,,1.14851,True,,1.0795,True,,-0.171171,True,,,,
cand_018,actionable,[*:2]c1nnnn1[*:1],[*:1]N=[N+]([O-])n1nnc([*:2])n1,azole_ring,azoxy,linker,False,*N=[N+]([O-])n1nnc(*)n1||*c1nnnn1*,0.386847,275,275,7.07244,7.07244,6,0,False,False,1.19325,True,,1.21169,True,,0.802861,True,,1.64893,True,,1.14311,True,,1.07258,True,,-0.0690075,False,,,,
cand_018,actionable,[*:1]c1nnnn1[*:2],[*:1]c1nnnn1N=[N+]([*:2])[O-],azole_ring,azoxy,linker,False,*c1nnnn1*||*c1nnnn1N=[N+](*)[O-],0.384684,108,108,7.02768,7.02768,6,0,False,False,1.18176,True,,1.14919,True,,0.79885,True,,1.54468,True,,1.1966,True,,1.1566,True,,0.219111,True,,,,
cand_018,actionable,[*:1]c1nnnn1[*:2],[*:2]n1nnnc1N=[N+]([*:1])[O-],azole_ring,azoxy,linker,False,*c1nnnn1*||*n1nnnc1N=[N+](*)[O-],0.387609,122,122,6.97978,6.97978,6,0,False,False,1.16054,True,,1.17138,True,,0.834346,True,,1.60279,True,,1.14116,True,,1.06956,True,,0.160271,True,,,,
cand_018,actionable,[*:1]c1nnnn1[*:2],[*:1]n1nnnc1N=[N+]([*:2])[O-],azole_ring,azoxy,linker,False,*c1nnnn1*||*n1nnnc1N=[N+](*)[O-],0.381342,140,140,6.77105,6.77105,6,0,False,False,1.13232,True,,1.07776,True,,0.793782,True,,1.46168,True,,1.16784,True,,1.13768,True,,0.300078,True,,,,
cand_018,actionable,[*:1]c1nnnn1[*:2],[*:1]n1nnc(N=[N+]([*:2])[O-])n1,azole_ring,azoxy,linker,False,*c1nnnn1*||*n1nnc(N=[N+](*)[O-])n1,0.382376,243,243,6.74472,6.74472,6,0,False,False,1.09841,True,,1.08922,True,,0.804593,True,,1.45168,True,,1.16528,True,,1.13554,True,,0.218252,True,,,,
cand_018,actionable,[*:1]c1nnnn1[*:2],[*:1]N=[N+]([O-])c1nnnn1[*:2],azole_ring,azoxy,linker,False,*N=[N+]([O-])c1nnnn1*||*c1nnnn1*,0.387444,216,216,6.14634,6.14634,6,0,False,False,1.0166,True,,0.992261,True,,0.829325,True,,1.31178,True,,1.02557,True,,0.970802,True,,0.00583282,False,,,,
cand_018,actionable,[*:1][H],[*:1]N[N+](=O)[O-],other,nitramine,substituent,False,*N[N+](=O)[O-]||*[H],0.189405,5877,5877,5.99818,5.99818,6,0,False,False,0.324233,True,,0.88904,True,,1.3388,True,,0.827536,True,,1.29303,True,,1.32554,True,,-0.514252,True,,,,
cand_018,actionable,[*:1][H],[*:1][N+](=O)[O-],other,nitro,substituent,False,*[H]||*[N+](=O)[O-],0.145088,11162,11162,5.96247,5.96247,6,0,False,False,0.234161,True,,1.20139,True,,1.33037,True,,0.785731,True,,1.1891,True,,1.22172,True,,-0.507219,True,,,,
cand_018,actionable,[*:1]c1nnnn1[*:2],[*:2]n1nnc(N=[N+]([*:1])[O-])n1,azole_ring,azoxy,linker,False,*c1nnnn1*||*n1nnc(N=[N+](*)[O-])n1,0.381536,249,249,5.94401,5.94401,6,0,False,False,0.991857,True,,0.919359,True,,0.786746,True,,1.22979,True,,1.0227,True,,0.99356,True,,0.189938,True,,,,
cand_018,actionable,[*:1]c1nnnn1[*:2],[*:1]N=[N+]([O-])n1nnnc1[*:2],azole_ring,azoxy,linker,False,*N=[N+]([O-])n1nnnc1*||*c1nnnn1*,0.386172,229,229,5.94241,5.94241,6,0,False,False,1.01177,True,,0.953617,True,,0.810754,True,,1.25172,True,,0.978768,True,,0.935784,True,,-0.0654356,False,,,,
cand_018,actionable,[*:1]n1cnnn1,[*:1]n1nnnc1[N+](=O)[O-],azole_ring,nitro,scaffold,False,*n1cnnn1||*n1nnnc1[N+](=O)[O-],0.391358,197,197,5.91171,5.91171,6,0,False,False,0.273064,True,,1.1069,True,,1.29383,True,,0.770725,True,,1.20569,True,,1.2615,True,,-0.961467,True,,,,
cand_018,actionable,[*:1]c1nnnn1[*:2],[*:1]N=[N+]([O-])n1nnc([*:2])n1,azole_ring,azoxy,linker,False,*N=[N+]([O-])n1nnc(*)n1||*c1nnnn1*,0.383065,259,259,5.90937,5.90937,6,0,False,False,0.973511,True,,0.966867,True,,0.837706,True,,1.25181,True,,0.973185,True,,0.906291,True,,-0.132316,True,,,,
cand_018,actionable,[*:1]n1cnnn1,[*:1]c1nnnn1N[N+](=O)[O-],azole_ring,nitramine,scaffold,False,*c1nnnn1N[N+](=O)[O-]||*n1cnnn1,0.421747,206,206,5.90055,5.90055,6,0,False,False,0.395863,True,,0.887343,True,,1.29369,True,,0.830264,True,,1.23043,True,,1.26296,True,,-0.742385,True,,,,
cand_018,actionable,[*:1]n1cnnn1,[*:1]c1nnnn1[N+](=O)[O-],azole_ring,nitro,scaffold,False,*c1nnnn1[N+](=O)[O-]||*n1cnnn1,0.387251,243,243,5.5597,5.5597,6,0,False,False,0.191236,True,,0.979734,True,,1.27645,True,,0.618551,True,,1.20716,True,,1.28656,True,,-0.677783,True,,,,
cand_018,actionable,[*:1]n1cnnn1,[*:1]n1nnnc1N[N+](=O)[O-],azole_ring,nitramine,scaffold,False,*n1cnnn1||*n1nnnc1N[N+](=O)[O-],0.418723,164,164,5.5509,5.5509,6,0,False,False,0.329096,True,,0.736148,True,,1.22845,True,,0.686914,True,,1.24101,True,,1.32929,True,,-0.651655,True,,,,
cand_018,actionable,[*:1]n1cnnn1,[*:1]c1nnn([N+](=O)[O-])n1,azole_ring,nitro,scaffold,False,*c1nnn([N+](=O)[O-])n1||*n1cnnn1,0.397374,227,227,5.46536,5.46536,6,0,False,False,0.11473,True,,1.03099,True,,1.34929,True,,0.537146,True,,1.18159,True,,1.25162,True,,-0.509196,True,,,,
cand_018,actionable,[*:1]n1cnnn1,[*:1]c1nnn(N[N+](=O)[O-])n1,azole_ring,nitramine,scaffold,False,*c1nnn(N[N+](=O)[O-])n1||*n1cnnn1,0.418398,188,188,5.4048,5.4048,6,0,False,False,0.351237,True,,0.747068,True,,1.20353,True,,0.7056,True,,1.16263,True,,1.23474,True,,-0.916488,True,,,,
cand_018,actionable,[*:1]n1cnnn1,[*:1]n1nnc([N+](=O)[O-])n1,azole_ring,nitro,scaffold,False,*n1cnnn1||*n1nnc([N+](=O)[O-])n1,0.391663,249,249,5.37825,5.37825,6,0,False,False,0.144357,True,,0.948766,True,,1.29642,True,,0.545122,True,,1.18269,True,,1.26089,True,,-0.723643,True,,,,
cand_018,actionable,[*:1]n1cnnn1,[*:1]c1nnnn1N=[N+]=[N-],azole_ring,azide,scaffold,False,*c1nnnn1N=[N+]=[N-]||*n1cnnn1,0.391064,256,256,5.25695,5.25695,6,0,False,False,1.83292,True,,0.743577,True,,0.627035,True,,0.756638,True,,0.66215,True,,0.634623,True,,0.226794,True,,,,
cand_018,actionable,[*:1]n1cnnn1,[*:1]n1nnc(N[N+](=O)[O-])n1,azole_ring,nitramine,scaffold,False,*n1cnnn1||*n1nnc(N[N+](=O)[O-])n1,0.416918,230,230,5.18671,5.18671,6,0,False,False,0.274516,True,,0.695455,True,,1.24125,True,,0.611538,True,,1.15065,True,,1.21331,True,,-0.808248,True,,,,
cand_018,actionable,[*:1]n1cnnn1,[*:1]c1nnn(N=[N+]=[N-])n1,azole_ring,azide,scaffold,False,*c1nnn(N=[N+]=[N-])n1||*n1cnnn1,0.396984,204,204,5.12644,5.12644,6,0,False,False,1.75494,True,,0.708411,True,,0.670692,True,,0.687376,True,,0.669258,True,,0.635763,True,,0.324515,True,,,,
cand_018,actionable,[*:2]c1nnnn1[*:1],[*:1]N=Nc1nnnn1[*:2],azole_ring,azo,linker,False,*N=Nc1nnnn1*||*c1nnnn1*,0.355949,350,350,4.82301,4.82301,6,0,False,False,1.32338,True,,0.730511,True,,0.358726,True,,1.1928,True,,0.655076,True,,0.562518,True,,0.123372,True,,,,
cand_018,actionable,[*:1][H],[*:1]N=[N+]=[N-],other,azide,substituent,False,*N=[N+]=[N-]||*[H],0.148547,5460,5460,4.78796,4.78796,6,0,False,True,1.6527,True,81.5485,0.623367,True,5.43457,0.697449,True,4.60033,0.590303,True,-0.0051,0.634074,True,0.0944211,0.590066,True,0.990556,0.000225854,False,2.9427,,,
cand_018,actionable,[*:1]n1cnnn1,[*:1]n1nnnc1N=[N+]=[N-],azole_ring,azide,scaffold,False,*n1cnnn1||*n1nnnc1N=[N+]=[N-],0.4,173,173,4.50066,4.50066,6,0,False,False,1.61274,True,,0.569006,True,,0.699722,True,,0.493093,True,,0.58453,True,,0.541571,True,,0.0771344,False,,,,
cand_018,actionable,[*:2]c1nnnn1[*:1],[*:1]N=Nc1nnn([*:2])n1,azole_ring,azo,linker,False,*N=Nc1nnn(*)n1||*c1nnnn1*,0.35656,356,356,4.40896,4.40896,6,0,False,False,1.26223,True,,0.639687,True,,0.340861,True,,1.06383,True,,0.590047,True,,0.512296,True,,0.111891,True,,,,
cand_018,actionable,[*:2]c1nnnn1[*:1],[*:1]N=Nn1nnnc1[*:2],azole_ring,azo,linker,False,*N=Nn1nnnc1*||*c1nnnn1*,0.356653,386,386,4.35206,4.35206,6,0,False,False,1.23532,True,,0.615186,True,,0.330104,True,,1.0263,True,,0.60749,True,,0.537659,True,,0.166134,True,,,,
cand_018,actionable,[*:1]n1cnnn1,[*:1]n1nnc(N=[N+]=[N-])n1,azole_ring,azide,scaffold,False,*n1cnnn1||*n1nnc(N=[N+]=[N-])n1,0.396897,243,243,3.99797,3.99797,6,0,False,False,1.54735,True,,0.443323,True,,0.662316,True,,0.334195,True,,0.515139,True,,0.495649,True,,-0.352393,True,,,,
cand_018,actionable,[*:2]c1nnnn1[*:1],[*:1]N=Nn1nnc([*:2])n1,azole_ring,azo,linker,False,*N=Nn1nnc(*)n1||*c1nnnn1*,0.355887,402,402,3.93208,3.93208,6,0,False,False,1.17085,True,,0.536145,True,,0.333633,True,,0.916776,True,,0.52508,True,,0.449589,True,,-0.0634601,False,,,,
cand_018,actionable,[*:1]c1nnnn1[*:2],[*:1]N=Nc1nnnn1[*:2],azole_ring,azo,linker,False,*N=Nc1nnnn1*||*c1nnnn1*,0.351097,336,336,3.75447,3.75447,6,0,False,False,1.17631,True,,0.503957,True,,0.330506,True,,0.868255,True,,0.473577,True,,0.401863,True,,0.159668,True,,,,
cand_018,actionable,[*:2]c1nnnn1[*:1],[*:1]NNn1nnnc1[*:2],azole_ring,hydrazo,linker,False,*NNn1nnnc1*||*c1nnnn1*,0.35995,369,369,3.64902,3.64902,6,0,False,False,0.89669,True,,0.272185,True,,0.0281111,True,,1.47287,True,,0.55144,True,,0.42772,True,,0.0963791,True,,,,
cand_018,actionable,[*:1]c1nnnn1[*:2],[*:1]N=Nc1nnn([*:2])n1,azole_ring,azo,linker,False,*N=Nc1nnn(*)n1||*c1nnnn1*,0.356667,329,329,3.62297,3.62297,6,0,False,False,1.12524,True,,0.47018,True,,0.353315,True,,0.823885,True,,0.464077,True,,0.38627,True,,0.0930074,True,,,,
cand_018,actionable,[*:1]c1nnnn1[*:2],[*:1]N=Nn1nnnc1[*:2],azole_ring,azo,linker,False,*N=Nn1nnnc1*||*c1nnnn1*,0.354557,319,319,3.49741,3.49741,6,0,False,False,1.09274,True,,0.42757,True,,0.346433,True,,0.758009,True,,0.470057,True,,0.402601,True,,0.219847,True,,,,
cand_018,actionable,[*:2]c1nnnn1[*:1],[*:1]NNc1nnnn1[*:2],azole_ring,hydrazo,linker,False,*NNc1nnnn1*||*c1nnnn1*,0.357605,308,308,3.39303,3.39303,6,0,False,False,0.844118,True,,0.200872,True,,0.0369562,True,,1.37573,True,,0.528407,True,,0.406946,True,,-0.0578213,False,,,,
cand_018,actionable,[*:2]c1nnnn1[*:1],[*:1]NNn1nnc([*:2])n1,azole_ring,hydrazo,linker,False,*NNn1nnc(*)n1||*c1nnnn1*,0.361736,393,393,3.28999,3.28999,6,0,False,False,0.833756,True,,0.207705,True,,0.0440876,True,,1.38185,True,,0.481115,True,,0.341475,True,,-0.243635,True,,,,
cand_018,actionable,[*:1]c1nnnn1[*:2],[*:1]N=Nn1nnc([*:2])n1,azole_ring,azo,linker,False,*N=Nn1nnc(*)n1||*c1nnnn1*,0.351134,325,325,3.02894,3.02894,6,0,False,False,1.03313,True,,0.332837,True,,0.326176,True,,0.62886,True,,0.384432,True,,0.323499,True,,0.0338713,False,,,,
cand_018,actionable,[*:2]c1nnnn1[*:1],[*:1]NNc1nnn([*:2])n1,azole_ring,hydrazo,linker,False,*NNc1nnn(*)n1||*c1nnnn1*,0.354073,326,326,2.92851,2.92851,6,0,False,False,0.787273,True,,0.125173,True,,0.0243631,True,,1.22938,True,,0.436184,True,,0.326137,True,,-0.0216373,False,,,,
cand_018,actionable,[*:1]c1nnnn1[*:2],[*:1]NNn1nnnc1[*:2],azole_ring,hydrazo,linker,False,*NNn1nnnc1*||*c1nnnn1*,0.353396,307,307,2.84277,2.84277,6,0,False,False,0.765018,True,,0.0848097,True,,0.0448634,True,,1.22263,True,,0.42504,True,,0.30041,True,,-0.0312679,False,,,,
cand_018,actionable,[*:1]c1nnnn1[*:2],[*:1]NNc1nnnn1[*:2],azole_ring,hydrazo,linker,False,*NNc1nnnn1*||*c1nnnn1*,0.352717,357,357,2.45199,2.43486,5,0,False,False,0.693648,True,,-0.0171293,False,,0.030827,True,,1.06987,True,,0.381362,True,,0.276284,True,,-0.0595134,False,,,,
cand_018,actionable,[*:1]c1nnnn1[*:2],[*:1]NNn1nnc([*:2])n1,azole_ring,hydrazo,linker,False,*NNn1nnc(*)n1||*c1nnnn1*,0.352662,318,318,2.24338,2.23116,5,0,False,False,0.681101,True,,-0.0122265,False,,0.0338148,True,,1.04967,True,,0.301504,True,,0.177294,True,,-0.248633,True,,,,
cand_018,actionable,[*:1]c1nnnn1[*:2],[*:1]c1nnn(N[N+](=O)[O-])c1[*:2],azole_ring,nitramine,linker,False,*c1nnn(N[N+](=O)[O-])c1*||*c1nnnn1*,0.412549,385,385,1.50783,1.54167,4,0,False,False,0.0006166,False,,0.433216,True,,0.343985,True,,0.0332176,False,,0.340516,True,,0.390115,True,,-0.462432,True,,,,
cand_018,actionable,[*:2]c1nnnn1[*:1],[*:1]c1nnn(N[N+](=O)[O-])c1[*:2],azole_ring,nitramine,linker,False,*c1nnn(N[N+](=O)[O-])c1*||*c1nnnn1*,0.410514,341,341,1.33352,1.28057,4,0,False,False,-0.0166058,False,,0.396025,True,,0.315102,True,,-0.0363459,False,,0.285464,True,,0.336933,True,,-0.491826,True,,,,
cand_018,actionable,[*:1]c1nnnn1[*:2],[*:2]c1nnnn1[*:1],azole_ring,azole_ring,linker,False,*c1nnnn1*||*c1nnnn1*,0.258476,1293,1293,0.21802,0.21802,5,0,False,False,0.0300112,True,,0.0417528,True,,0,False,,0.057483,True,,0.0430979,True,,0.0456756,True,,-0.0465583,True,,,,
cand_019,actionable,[*:2]c1nnn([*:1])n1,[*:1]N=[N+]([O-])c1nnnn1[*:2],azole_ring,azoxy,linker,False,*N=[N+]([O-])c1nnnn1*||*c1nnn(*)n1,0.385657,203,203,7.54054,7.54054,6,0,False,False,1.28787,True,,1.32943,True,,0.81574,True,,1.80839,True,,1.1937,True,,1.10541,True,,0.0821143,False,,,,
cand_019,actionable,[*:2]c1nnn([*:1])n1,[*:1]N=[N+]([O-])n1nnnc1[*:2],azole_ring,azoxy,linker,False,*N=[N+]([O-])n1nnnc1*||*c1nnn(*)n1,0.389037,291,291,7.46166,7.46166,6,0,False,False,1.26928,True,,1.34087,True,,0.814976,True,,1.77747,True,,1.16995,True,,1.08911,True,,0.0386994,False,,,,
cand_019,actionable,[*:2]c1nnnn1[*:1],[*:1]N=[N+]([O-])n1nnnc1[*:2],azole_ring,azoxy,linker,False,*N=[N+]([O-])n1nnnc1*||*c1nnnn1*,0.392432,280,280,7.39917,7.39917,6,0,False,False,1.23564,True,,1.29928,True,,0.829576,True,,1.74442,True,,1.1854,True,,1.10485,True,,-0.100889,True,,,,
cand_019,actionable,[*:2]c1nnn([*:1])n1,[*:1]N=[N+]([O-])n1nnc([*:2])n1,azole_ring,azoxy,linker,False,*N=[N+]([O-])n1nnc(*)n1||*c1nnn(*)n1,0.387464,272,272,7.25484,7.25484,6,0,False,False,1.24191,True,,1.27006,True,,0.792996,True,,1.73676,True,,1.14376,True,,1.06936,True,,-0.0477761,False,,,,
cand_019,actionable,[*:2]c1nnnn1[*:1],[*:1]N=[N+]([O-])c1nnnn1[*:2],azole_ring,azoxy,linker,False,*N=[N+]([O-])c1nnnn1*||*c1nnnn1*,0.380296,193,193,7.18294,7.18294,6,0,False,False,1.23795,True,,1.23659,True,,0.790892,True,,1.68949,True,,1.14851,True,,1.0795,True,,-0.171171,True,,,,
cand_019,actionable,[*:1]c1nnn([*:2])n1,[*:1]n1nnnc1N=[N+]([*:2])[O-],azole_ring,azoxy,linker,False,*c1nnn(*)n1||*n1nnnc1N=[N+](*)[O-],0.390172,133,133,7.1687,7.1687,6,0,False,False,1.19903,True,,1.22133,True,,0.836397,True,,1.61404,True,,1.17979,True,,1.11811,True,,0.382541,True,,,,
cand_019,actionable,[*:2]c1nnnn1[*:1],[*:1]N=[N+]([O-])n1nnc([*:2])n1,azole_ring,azoxy,linker,False,*N=[N+]([O-])n1nnc(*)n1||*c1nnnn1*,0.386847,275,275,7.07244,7.07244,6,0,False,False,1.19325,True,,1.21169,True,,0.802861,True,,1.64893,True,,1.14311,True,,1.07258,True,,-0.0690075,False,,,,
cand_019,actionable,[*:1]c1nnnn1[*:2],[*:1]c1nnnn1N=[N+]([*:2])[O-],azole_ring,azoxy,linker,False,*c1nnnn1*||*c1nnnn1N=[N+](*)[O-],0.384684,108,108,7.02768,7.02768,6,0,False,False,1.18176,True,,1.14919,True,,0.79885,True,,1.54468,True,,1.1966,True,,1.1566,True,,0.219111,True,,,,
cand_019,actionable,[*:1]c1nnn([*:2])n1,[*:1]c1nnnn1N=[N+]([*:2])[O-],azole_ring,azoxy,linker,False,*c1nnn(*)n1||*c1nnnn1N=[N+](*)[O-],0.380492,118,118,6.98405,6.98405,6,0,False,False,1.23245,True,,1.15049,True,,0.745411,True,,1.5874,True,,1.15025,True,,1.11805,True,,0.295224,True,,,,
cand_019,actionable,[*:1]c1nnnn1[*:2],[*:2]n1nnnc1N=[N+]([*:1])[O-],azole_ring,azoxy,linker,False,*c1nnnn1*||*n1nnnc1N=[N+](*)[O-],0.387609,122,122,6.97978,6.97978,6,0,False,False,1.16054,True,,1.17138,True,,0.834346,True,,1.60279,True,,1.14116,True,,1.06956,True,,0.160271,True,,,,
cand_019,actionable,[*:1]c1nnn([*:2])n1,[*:2]n1nnnc1N=[N+]([*:1])[O-],azole_ring,azoxy,linker,False,*c1nnn(*)n1||*n1nnnc1N=[N+](*)[O-],0.386228,129,129,6.9305,6.9305,6,0,False,False,1.22164,True,,1.20336,True,,0.791447,True,,1.6175,True,,1.07891,True,,1.01764,True,,0.0905416,False,,,,
cand_019,actionable,[*:1]c1nnnn1[*:2],[*:1]n1nnnc1N=[N+]([*:2])[O-],azole_ring,azoxy,linker,False,*c1nnnn1*||*n1nnnc1N=[N+](*)[O-],0.381342,140,140,6.77105,6.77105,6,0,False,False,1.13232,True,,1.07776,True,,0.793782,True,,1.46168,True,,1.16784,True,,1.13768,True,,0.300078,True,,,,
cand_019,actionable,[*:1]c1nnnn1[*:2],[*:1]n1nnc(N=[N+]([*:2])[O-])n1,azole_ring,azoxy,linker,False,*c1nnnn1*||*n1nnc(N=[N+](*)[O-])n1,0.382376,243,243,6.74472,6.74472,6,0,False,False,1.09841,True,,1.08922,True,,0.804593,True,,1.45168,True,,1.16528,True,,1.13554,True,,0.218252,True,,,,
cand_019,actionable,[*:1]c1nnn([*:2])n1,[*:1]n1nnc(N=[N+]([*:2])[O-])n1,azole_ring,azoxy,linker,False,*c1nnn(*)n1||*n1nnc(N=[N+](*)[O-])n1,0.378153,238,238,6.70442,6.70442,6,0,False,False,1.15867,True,,1.11382,True,,0.761466,True,,1.49629,True,,1.10497,True,,1.0692,True,,0.243363,True,,,,
cand_019,actionable,[*:1]c1nnn([*:2])n1,[*:1]N=[N+]([O-])c1nnnn1[*:2],azole_ring,azoxy,linker,False,*N=[N+]([O-])c1nnnn1*||*c1nnn(*)n1,0.38408,193,193,6.2752,6.2752,6,0,False,False,1.05157,True,,1.02736,True,,0.803237,True,,1.38052,True,,1.03234,True,,0.980179,True,,-0.0531092,False,,,,
cand_019,actionable,[*:1]c1nnnn1[*:2],[*:1]N=[N+]([O-])c1nnnn1[*:2],azole_ring,azoxy,linker,False,*N=[N+]([O-])c1nnnn1*||*c1nnnn1*,0.387444,216,216,6.14634,6.14634,6,0,False,False,1.0166,True,,0.992261,True,,0.829325,True,,1.31178,True,,1.02557,True,,0.970802,True,,0.00583282,False,,,,
cand_019,actionable,[*:1]c1nnn([*:2])n1,[*:2]n1nnc(N=[N+]([*:1])[O-])n1,azole_ring,azoxy,linker,False,*c1nnn(*)n1||*n1nnc(N=[N+](*)[O-])n1,0.383262,245,245,6.12532,6.12532,6,0,False,False,1.05729,True,,0.968287,True,,0.765806,True,,1.33239,True,,1.01607,True,,0.985474,True,,-0.000412203,False,,,,
cand_019,actionable,[*:1]c1nnn([*:2])n1,[*:1]N=[N+]([O-])n1nnnc1[*:2],azole_ring,azoxy,linker,False,*N=[N+]([O-])n1nnnc1*||*c1nnn(*)n1,0.382236,241,241,6.08289,6.08289,6,0,False,False,1.03381,True,,0.991957,True,,0.801599,True,,1.30846,True,,0.998561,True,,0.948499,True,,0.0401082,False,,,,
cand_019,actionable,[*:1]c1nnnn1[*:2],[*:2]n1nnc(N=[N+]([*:1])[O-])n1,azole_ring,azoxy,linker,False,*c1nnnn1*||*n1nnc(N=[N+](*)[O-])n1,0.381536,249,249,5.94401,5.94401,6,0,False,False,0.991857,True,,0.919359,True,,0.786746,True,,1.22979,True,,1.0227,True,,0.99356,True,,0.189938,True,,,,
cand_019,actionable,[*:1]c1nnnn1[*:2],[*:1]N=[N+]([O-])n1nnnc1[*:2],azole_ring,azoxy,linker,False,*N=[N+]([O-])n1nnnc1*||*c1nnnn1*,0.386172,229,229,5.94241,5.94241,6,0,False,False,1.01177,True,,0.953617,True,,0.810754,True,,1.25172,True,,0.978768,True,,0.935784,True,,-0.0654356,False,,,,
cand_019,actionable,[*:1]c1nnnn1[*:2],[*:1]N=[N+]([O-])n1nnc([*:2])n1,azole_ring,azoxy,linker,False,*N=[N+]([O-])n1nnc(*)n1||*c1nnnn1*,0.383065,259,259,5.90937,5.90937,6,0,False,False,0.973511,True,,0.966867,True,,0.837706,True,,1.25181,True,,0.973185,True,,0.906291,True,,-0.132316,True,,,,
cand_019,actionable,[*:1]c1nnn([*:2])n1,[*:1]N=[N+]([O-])n1nnc([*:2])n1,azole_ring,azoxy,linker,False,*N=[N+]([O-])n1nnc(*)n1||*c1nnn(*)n1,0.381099,247,247,5.7921,5.7921,6,0,False,False,1.00262,True,,0.913101,True,,0.784638,True,,1.22695,True,,0.953992,True,,0.910809,True,,-0.0867995,False,,,,
cand_019,actionable,[*:2]c1nnn([*:1])n1,[*:1]N=Nc1nnnn1[*:2],azole_ring,azo,linker,False,*N=Nc1nnnn1*||*c1nnn(*)n1,0.355184,346,346,4.91008,4.91008,6,0,False,False,1.36786,True,,0.775218,True,,0.348896,True,,1.25446,True,,0.632322,True,,0.531322,True,,0.293685,True,,,,
cand_019,actionable,[*:2]c1nnnn1[*:1],[*:1]N=Nc1nnnn1[*:2],azole_ring,azo,linker,False,*N=Nc1nnnn1*||*c1nnnn1*,0.355949,350,350,4.82301,4.82301,6,0,False,False,1.32338,True,,0.730511,True,,0.358726,True,,1.1928,True,,0.655076,True,,0.562518,True,,0.123372,True,,,,
cand_019,actionable,[*:2]c1nnn([*:1])n1,[*:1]N=Nn1nnnc1[*:2],azole_ring,azo,linker,False,*N=Nn1nnnc1*||*c1nnn(*)n1,0.362383,398,398,4.67606,4.67606,6,0,False,False,1.27323,True,,0.697424,True,,0.363967,True,,1.14483,True,,0.646189,True,,0.550421,True,,0.275734,True,,,,
cand_019,actionable,[*:2]c1nnn([*:1])n1,[*:1]N=Nc1nnn([*:2])n1,azole_ring,azo,linker,False,*N=Nc1nnn(*)n1||*c1nnn(*)n1,0.356223,332,332,4.60116,4.60116,6,0,False,False,1.30023,True,,0.69689,True,,0.345385,True,,1.15463,True,,0.599149,True,,0.504875,True,,0.208527,True,,,,
cand_019,actionable,[*:2]c1nnnn1[*:1],[*:1]N=Nc1nnn([*:2])n1,azole_ring,azo,linker,False,*N=Nc1nnn(*)n1||*c1nnnn1*,0.35656,356,356,4.40896,4.40896,6,0,False,False,1.26223,True,,0.639687,True,,0.340861,True,,1.06383,True,,0.590047,True,,0.512296,True,,0.111891,True,,,,
cand_019,actionable,[*:2]c1nnnn1[*:1],[*:1]N=Nn1nnnc1[*:2],azole_ring,azo,linker,False,*N=Nn1nnnc1*||*c1nnnn1*,0.356653,386,386,4.35206,4.35206,6,0,False,False,1.23532,True,,0.615186,True,,0.330104,True,,1.0263,True,,0.60749,True,,0.537659,True,,0.166134,True,,,,
cand_019,actionable,[*:1]c1nnn([*:2])n1,[*:1]N=Nc1nnnn1[*:2],azole_ring,azo,linker,False,*N=Nc1nnnn1*||*c1nnn(*)n1,0.358491,342,342,4.22356,4.22356,6,0,False,False,1.24148,True,,0.622072,True,,0.350247,True,,1.03701,True,,0.531948,True,,0.44081,True,,0.143936,True,,,,
cand_019,actionable,[*:2]c1nnn([*:1])n1,[*:1]N=Nn1nnc([*:2])n1,azole_ring,azo,linker,False,*N=Nn1nnc(*)n1||*c1nnn(*)n1,0.35839,393,393,4.1863,4.1863,6,0,False,False,1.20702,True,,0.602688,True,,0.344701,True,,1.01106,True,,0.554789,True,,0.466045,True,,0.100027,True,,,,
cand_019,actionable,[*:1]c1nnn([*:2])n1,[*:1]N=Nn1nnnc1[*:2],azole_ring,azo,linker,False,*N=Nn1nnnc1*||*c1nnn(*)n1,0.360747,334,334,3.99535,3.99535,6,0,False,False,1.16569,True,,0.546554,True,,0.362638,True,,0.942865,True,,0.534815,True,,0.442787,True,,0.111146,True,,,,
cand_019,actionable,[*:2]c1nnn([*:1])n1,[*:1]NNn1nnnc1[*:2],azole_ring,hydrazo,linker,False,*NNn1nnnc1*||*c1nnn(*)n1,0.363514,386,386,3.9581,3.9581,6,0,False,False,0.938024,True,,0.350252,True,,0.0500214,True,,1.58906,True,,0.588806,True,,0.441934,True,,0.179119,True,,,,
cand_019,actionable,[*:2]c1nnnn1[*:1],[*:1]N=Nn1nnc([*:2])n1,azole_ring,azo,linker,False,*N=Nn1nnc(*)n1||*c1nnnn1*,0.355887,402,402,3.93208,3.93208,6,0,False,False,1.17085,True,,0.536145,True,,0.333633,True,,0.916776,True,,0.52508,True,,0.449589,True,,-0.0634601,False,,,,
cand_019,actionable,[*:1]c1nnn([*:2])n1,[*:1]N=Nc1nnn([*:2])n1,azole_ring,azo,linker,False,*N=Nc1nnn(*)n1||*c1nnn(*)n1,0.359132,350,350,3.90856,3.90856,6,0,False,False,1.18334,True,,0.547374,True,,0.349104,True,,0.932112,True,,0.490401,True,,0.406235,True,,0.040073,False,,,,
cand_019,actionable,[*:1]c1nnnn1[*:2],[*:1]N=Nc1nnnn1[*:2],azole_ring,azo,linker,False,*N=Nc1nnnn1*||*c1nnnn1*,0.351097,336,336,3.75447,3.75447,6,0,False,False,1.17631,True,,0.503957,True,,0.330506,True,,0.868255,True,,0.473577,True,,0.401863,True,,0.159668,True,,,,
cand_019,actionable,[*:2]c1nnnn1[*:1],[*:1]NNn1nnnc1[*:2],azole_ring,hydrazo,linker,False,*NNn1nnnc1*||*c1nnnn1*,0.35995,369,369,3.64902,3.64902,6,0,False,False,0.89669,True,,0.272185,True,,0.0281111,True,,1.47287,True,,0.55144,True,,0.42772,True,,0.0963791,True,,,,
cand_019,actionable,[*:1]c1nnnn1[*:2],[*:1]N=Nc1nnn([*:2])n1,azole_ring,azo,linker,False,*N=Nc1nnn(*)n1||*c1nnnn1*,0.356667,329,329,3.62297,3.62297,6,0,False,False,1.12524,True,,0.47018,True,,0.353315,True,,0.823885,True,,0.464077,True,,0.38627,True,,0.0930074,True,,,,
cand_019,actionable,[*:2]c1nnn([*:1])n1,[*:1]NNc1nnnn1[*:2],azole_ring,hydrazo,linker,False,*NNc1nnnn1*||*c1nnn(*)n1,0.353325,340,340,3.53394,3.53394,6,0,False,False,0.88454,True,,0.238912,True,,0.0334778,True,,1.43352,True,,0.53368,True,,0.40981,True,,0.0617399,False,,,,
cand_019,actionable,[*:1]c1nnnn1[*:2],[*:1]N=Nn1nnnc1[*:2],azole_ring,azo,linker,False,*N=Nn1nnnc1*||*c1nnnn1*,0.354557,319,319,3.49741,3.49741,6,0,False,False,1.09274,True,,0.42757,True,,0.346433,True,,0.758009,True,,0.470057,True,,0.402601,True,,0.219847,True,,,,
cand_019,actionable,[*:2]c1nnn([*:1])n1,[*:1]NNn1nnc([*:2])n1,azole_ring,hydrazo,linker,False,*NNn1nnc(*)n1||*c1nnn(*)n1,0.360374,429,429,3.41725,3.41725,6,0,False,False,0.86855,True,,0.257969,True,,0.0453302,True,,1.43395,True,,0.479044,True,,0.332408,True,,-0.203337,True,,,,
cand_019,actionable,[*:2]c1nnnn1[*:1],[*:1]NNc1nnnn1[*:2],azole_ring,hydrazo,linker,False,*NNc1nnnn1*||*c1nnnn1*,0.357605,308,308,3.39303,3.39303,6,0,False,False,0.844118,True,,0.200872,True,,0.0369562,True,,1.37573,True,,0.528407,True,,0.406946,True,,-0.0578213,False,,,,
cand_019,actionable,[*:2]c1nnn([*:1])n1,[*:1]NNc1nnn([*:2])n1,azole_ring,hydrazo,linker,False,*NNc1nnn(*)n1||*c1nnn(*)n1,0.357457,302,302,3.29623,3.29623,6,0,False,False,0.845114,True,,0.211921,True,,0.0430512,True,,1.37479,True,,0.47719,True,,0.344168,True,,0.0342877,False,,,,
cand_019,actionable,[*:1]c1nnn([*:2])n1,[*:1]N=Nn1nnc([*:2])n1,azole_ring,azo,linker,False,*N=Nn1nnc(*)n1||*c1nnn(*)n1,0.355385,330,330,3.29485,3.29485,6,0,False,False,1.08009,True,,0.405756,True,,0.332178,True,,0.731677,True,,0.409408,True,,0.335746,True,,-0.179887,True,,,,
cand_019,actionable,[*:2]c1nnnn1[*:1],[*:1]NNn1nnc([*:2])n1,azole_ring,hydrazo,linker,False,*NNn1nnc(*)n1||*c1nnnn1*,0.361736,393,393,3.28999,3.28999,6,0,False,False,0.833756,True,,0.207705,True,,0.0440876,True,,1.38185,True,,0.481115,True,,0.341475,True,,-0.243635,True,,,,
cand_019,actionable,[*:1]c1nnn([*:2])n1,[*:1]NNn1nnnc1[*:2],azole_ring,hydrazo,linker,False,*NNn1nnnc1*||*c1nnn(*)n1,0.357043,365,365,3.13594,3.13594,6,0,False,False,0.826481,True,,0.183081,True,,0.0505623,True,,1.33815,True,,0.438654,True,,0.299012,True,,-0.0474263,False,,,,
cand_019,actionable,[*:1]c1nnnn1[*:2],[*:1]N=Nn1nnc([*:2])n1,azole_ring,azo,linker,False,*N=Nn1nnc(*)n1||*c1nnnn1*,0.351134,325,325,3.02894,3.02894,6,0,False,False,1.03313,True,,0.332837,True,,0.326176,True,,0.62886,True,,0.384432,True,,0.323499,True,,0.0338713,False,,,,
cand_019,actionable,[*:2]c1nnnn1[*:1],[*:1]NNc1nnn([*:2])n1,azole_ring,hydrazo,linker,False,*NNc1nnn(*)n1||*c1nnnn1*,0.354073,326,326,2.92851,2.92851,6,0,False,False,0.787273,True,,0.125173,True,,0.0243631,True,,1.22938,True,,0.436184,True,,0.326137,True,,-0.0216373,False,,,,
cand_019,actionable,[*:1]c1nnnn1[*:2],[*:1]NNn1nnnc1[*:2],azole_ring,hydrazo,linker,False,*NNn1nnnc1*||*c1nnnn1*,0.353396,307,307,2.84277,2.84277,6,0,False,False,0.765018,True,,0.0848097,True,,0.0448634,True,,1.22263,True,,0.42504,True,,0.30041,True,,-0.0312679,False,,,,
cand_019,actionable,[*:1]c1nnn([*:2])n1,[*:1]NNc1nnnn1[*:2],azole_ring,hydrazo,linker,False,*NNc1nnnn1*||*c1nnn(*)n1,0.356148,336,336,2.73736,2.73736,6,0,False,False,0.743623,True,,0.0703049,True,,0.0427286,True,,1.17605,True,,0.412791,True,,0.291862,True,,-0.0271239,False,,,,
cand_019,actionable,[*:1]c1nnn([*:2])n1,[*:1]NNn1nnc([*:2])n1,azole_ring,hydrazo,linker,False,*NNn1nnc(*)n1||*c1nnn(*)n1,0.354712,335,335,2.57495,2.57495,6,0,False,False,0.753706,True,,0.0800358,True,,0.0327345,True,,1.18342,True,,0.3302,True,,0.194851,True,,-0.307741,True,,,,
cand_019,actionable,[*:1]c1nnnn1[*:2],[*:1]NNc1nnnn1[*:2],azole_ring,hydrazo,linker,False,*NNc1nnnn1*||*c1nnnn1*,0.352717,357,357,2.45199,2.43486,5,0,False,False,0.693648,True,,-0.0171293,False,,0.030827,True,,1.06987,True,,0.381362,True,,0.276284,True,,-0.0595134,False,,,,
cand_019,actionable,[*:1]c1nnn([*:2])n1,[*:1]NNc1nnn([*:2])n1,azole_ring,hydrazo,linker,False,*NNc1nnn(*)n1||*c1nnn(*)n1,0.350426,329,329,2.37486,2.37486,6,0,False,False,0.713205,True,,0.0268665,True,,0.0205211,True,,1.08548,True,,0.323148,True,,0.205645,True,,-0.209807,True,,,,
cand_019,actionable,[*:1]c1nnnn1[*:2],[*:1]NNn1nnc([*:2])n1,azole_ring,hydrazo,linker,False,*NNn1nnc(*)n1||*c1nnnn1*,0.352662,318,318,2.24338,2.23116,5,0,False,False,0.681101,True,,-0.0122265,False,,0.0338148,True,,1.04967,True,,0.301504,True,,0.177294,True,,-0.248633,True,,,,
cand_019,actionable,[*:1]c1nnn([*:2])n1,[*:2]c1nnn(N[N+](=O)[O-])c1[*:1],azole_ring,nitramine,linker,False,*c1nnn(*)n1||*c1nnn(N[N+](=O)[O-])c1*,0.416782,335,335,1.85304,1.85304,6,0,False,False,0.0511008,True,,0.526783,True,,0.350804,True,,0.12756,True,,0.372822,True,,0.423975,True,,-0.409976,True,,,,
cand_019,actionable,[*:1]c1nnn([*:2])n1,[*:1]c1nnn(N[N+](=O)[O-])c1[*:2],azole_ring,nitramine,linker,False,*c1nnn(*)n1||*c1nnn(N[N+](=O)[O-])c1*,0.406666,404,404,1.5689,1.5689,6,0,False,False,0.0474787,True,,0.434563,True,,0.292453,True,,0.0733892,True,,0.333097,True,,0.387919,True,,-0.431373,True,,,,
cand_019,actionable,[*:1]c1nnnn1[*:2],[*:1]c1nnn(N[N+](=O)[O-])c1[*:2],azole_ring,nitramine,linker,False,*c1nnn(N[N+](=O)[O-])c1*||*c1nnnn1*,0.412549,385,385,1.50783,1.54167,4,0,False,False,0.0006166,False,,0.433216,True,,0.343985,True,,0.0332176,False,,0.340516,True,,0.390115,True,,-0.462432,True,,,,
cand_019,actionable,[*:2]c1nnnn1[*:1],[*:1]c1nnn(N[N+](=O)[O-])c1[*:2],azole_ring,nitramine,linker,False,*c1nnn(N[N+](=O)[O-])c1*||*c1nnnn1*,0.410514,341,341,1.33352,1.28057,4,0,False,False,-0.0166058,False,,0.396025,True,,0.315102,True,,-0.0363459,False,,0.285464,True,,0.336933,True,,-0.491826,True,,,,
cand_019,actionable,[*:1]n1nnc(N[N+](=O)[O-])n1,[*:1]c1nnnn1N[N+](=O)[O-],nitramine,nitramine,scaffold,False,*c1nnnn1N[N+](=O)[O-]||*n1nnc(N[N+](=O)[O-])n1,0.42612,240,240,0.621843,0.621843,5,0,False,False,0.143001,True,,0.160883,True,,-0,False,,0.222531,True,,0.0552503,True,,0.0401777,True,,0.0290161,False,,,,
cand_019,actionable,[*:1]Nc1nnn([*:2])n1,[*:1]Nn1nnnc1[*:2],azole_ring,azole_ring,linker,False,*Nc1nnn(*)n1||*Nn1nnnc1*,0.296781,590,590,0.586504,0.586504,5,0,False,False,0.112857,True,,0.133311,True,,-1.00442e-18,False,,0.194414,True,,0.0770241,True,,0.068899,True,,0.0758934,True,,,,
cand_019,actionable,[*:1]n1nnc(N[N+](=O)[O-])n1,[*:1]c1nnn(N[N+](=O)[O-])n1,nitramine,nitramine,scaffold,False,*c1nnn(N[N+](=O)[O-])n1||*n1nnc(N[N+](=O)[O-])n1,0.419189,217,217,0.414518,0.414518,5,0,False,False,0.0942139,True,,0.106322,True,,-0,False,,0.146046,True,,0.0382935,True,,0.0296424,True,,-0.00943077,False,,,,
cand_019,actionable,[*:1]n1nnc(N[N+](=O)[O-])n1,[*:1]n1nnnc1N[N+](=O)[O-],nitramine,nitramine,scaffold,False,*n1nnc(N[N+](=O)[O-])n1||*n1nnnc1N[N+](=O)[O-],0.421025,263,263,0.384195,0.384195,5,0,False,True,0.05792,True,0.51142,0.0632786,True,1.69272,0,False,0,0.0885686,True,0.0013,0.0797586,True,0.08408,0.0946692,True,1.01278,0.157912,True,0.0794,,,
cand_019,actionable,[*:1]Nc1nnn([*:2])n1,[*:1]Nc1nnnn1[*:2],azole_ring,azole_ring,linker,False,*Nc1nnn(*)n1||*Nc1nnnn1*,0.296477,606,606,0.357168,0.357168,5,0,False,True,0.0518527,True,0.51142,0.0596833,True,1.69272,0,False,0,0.088328,True,0.0013,0.0743302,True,0.08408,0.082974,True,1.01278,0.152069,True,0.0794,,,
cand_019,actionable,[*:1]c1nnn([*:2])n1,[*:2]c1nnnn1[*:1],azole_ring,azole_ring,linker,False,*c1nnn(*)n1||*c1nnnn1*,0.257644,2457,2457,0.31729,0.31729,5,0,False,True,0.0573355,True,0.51142,0.0696148,True,1.69272,-2.41191e-19,False,0,0.100322,True,0.0013,0.0464741,True,0.08408,0.0435433,True,1.01278,0.109291,True,0.0794,,,
cand_019,actionable,[*:1]Nc1nnn([*:2])n1,[*:1]Nn1nnc([*:2])n1,azole_ring,azole_ring,linker,False,*Nc1nnn(*)n1||*Nn1nnc(*)n1,0.294748,550,550,0.313818,0.313818,5,0,False,False,0.0666932,True,,0.0817783,True,,0,False,,0.121744,True,,0.0272393,True,,0.016363,True,,-0.116371,True,,,,
cand_019,actionable,[*:1]c1nnn([*:2])n1,[*:1]c1nnnn1[*:2],azole_ring,azole_ring,linker,False,*c1nnn(*)n1||*c1nnnn1*,0.258151,2833,2833,0.304252,0.304252,5,0,False,True,0.0551249,True,0.51142,0.0662557,True,1.69272,0,False,0,0.0947991,True,0.0013,0.0449933,True,0.08408,0.0430791,True,1.01278,0.118519,True,0.0794,,,
cand_019,actionable,[*:1]c1nnnn1[*:2],[*:2]c1nnnn1[*:1],azole_ring,azole_ring,linker,False,*c1nnnn1*||*c1nnnn1*,0.258476,1293,1293,0.21802,0.21802,5,0,False,False,0.0300112,True,,0.0417528,True,,0,False,,0.057483,True,,0.0430979,True,,0.0456756,True,,-0.0465583,True,,,,
cand_019,actionable,[*:1]c1nnn([*:2])n1,[*:2]c1nnn([*:1])n1,azole_ring,azole_ring,linker,False,*c1nnn(*)n1||*c1nnn(*)n1,0.260615,1165,1165,0.0453822,0.0112472,2,0,False,False,-0.00809051,False,,-0.00850428,False,,0,False,,-0.0175402,False,,0.0185507,True,,0.0268315,True,,0.0700273,True,,,,
cand_020,actionable,[*:1][H],[*:1]N[N+](=O)[O-],other,nitramine,substituent,False,*N[N+](=O)[O-]||*[H],0.189405,5877,5877,5.99818,5.99818,6,0,False,False,0.324233,True,,0.88904,True,,1.3388,True,,0.827536,True,,1.29303,True,,1.32554,True,,-0.514252,True,,,,
cand_020,actionable,[*:1][H],[*:1][N+](=O)[O-],other,nitro,substituent,False,*[H]||*[N+](=O)[O-],0.145088,11162,11162,5.96247,5.96247,6,0,False,False,0.234161,True,,1.20139,True,,1.33037,True,,0.785731,True,,1.1891,True,,1.22172,True,,-0.507219,True,,,,
cand_020,actionable,[*:1]n1cnnn1,[*:1]n1nnnc1[N+](=O)[O-],azole_ring,nitro,scaffold,False,*n1cnnn1||*n1nnnc1[N+](=O)[O-],0.391358,197,197,5.91171,5.91171,6,0,False,False,0.273064,True,,1.1069,True,,1.29383,True,,0.770725,True,,1.20569,True,,1.2615,True,,-0.961467,True,,,,
cand_020,actionable,[*:1]n1cnnn1,[*:1]c1nnnn1N[N+](=O)[O-],azole_ring,nitramine,scaffold,False,*c1nnnn1N[N+](=O)[O-]||*n1cnnn1,0.421747,206,206,5.90055,5.90055,6,0,False,False,0.395863,True,,0.887343,True,,1.29369,True,,0.830264,True,,1.23043,True,,1.26296,True,,-0.742385,True,,,,
cand_020,actionable,[*:1]n1cnnn1,[*:1]c1nnnn1[N+](=O)[O-],azole_ring,nitro,scaffold,False,*c1nnnn1[N+](=O)[O-]||*n1cnnn1,0.387251,243,243,5.5597,5.5597,6,0,False,False,0.191236,True,,0.979734,True,,1.27645,True,,0.618551,True,,1.20716,True,,1.28656,True,,-0.677783,True,,,,
cand_020,actionable,[*:1]n1cnnn1,[*:1]n1nnnc1N[N+](=O)[O-],azole_ring,nitramine,scaffold,False,*n1cnnn1||*n1nnnc1N[N+](=O)[O-],0.418723,164,164,5.5509,5.5509,6,0,False,False,0.329096,True,,0.736148,True,,1.22845,True,,0.686914,True,,1.24101,True,,1.32929,True,,-0.651655,True,,,,
cand_020,actionable,[*:1]n1cnnn1,[*:1]c1nnn([N+](=O)[O-])n1,azole_ring,nitro,scaffold,False,*c1nnn([N+](=O)[O-])n1||*n1cnnn1,0.397374,227,227,5.46536,5.46536,6,0,False,False,0.11473,True,,1.03099,True,,1.34929,True,,0.537146,True,,1.18159,True,,1.25162,True,,-0.509196,True,,,,
cand_020,actionable,[*:1]n1cnnn1,[*:1]c1nnn(N[N+](=O)[O-])n1,azole_ring,nitramine,scaffold,False,*c1nnn(N[N+](=O)[O-])n1||*n1cnnn1,0.418398,188,188,5.4048,5.4048,6,0,False,False,0.351237,True,,0.747068,True,,1.20353,True,,0.7056,True,,1.16263,True,,1.23474,True,,-0.916488,True,,,,
cand_020,actionable,[*:1]n1cnnn1,[*:1]n1nnc([N+](=O)[O-])n1,azole_ring,nitro,scaffold,False,*n1cnnn1||*n1nnc([N+](=O)[O-])n1,0.391663,249,249,5.37825,5.37825,6,0,False,False,0.144357,True,,0.948766,True,,1.29642,True,,0.545122,True,,1.18269,True,,1.26089,True,,-0.723643,True,,,,
cand_020,actionable,[*:1]n1cnnn1,[*:1]c1nnnn1N=[N+]=[N-],azole_ring,azide,scaffold,False,*c1nnnn1N=[N+]=[N-]||*n1cnnn1,0.391064,256,256,5.25695,5.25695,6,0,False,False,1.83292,True,,0.743577,True,,0.627035,True,,0.756638,True,,0.66215,True,,0.634623,True,,0.226794,True,,,,
cand_020,actionable,[*:1]n1cnnn1,[*:1]n1nnc(N[N+](=O)[O-])n1,azole_ring,nitramine,scaffold,False,*n1cnnn1||*n1nnc(N[N+](=O)[O-])n1,0.416918,230,230,5.18671,5.18671,6,0,False,False,0.274516,True,,0.695455,True,,1.24125,True,,0.611538,True,,1.15065,True,,1.21331,True,,-0.808248,True,,,,
cand_020,actionable,[*:1]n1cnnn1,[*:1]c1nnn(N=[N+]=[N-])n1,azole_ring,azide,scaffold,False,*c1nnn(N=[N+]=[N-])n1||*n1cnnn1,0.396984,204,204,5.12644,5.12644,6,0,False,False,1.75494,True,,0.708411,True,,0.670692,True,,0.687376,True,,0.669258,True,,0.635763,True,,0.324515,True,,,,
cand_020,actionable,[*:1][H],[*:1]N=[N+]=[N-],other,azide,substituent,False,*N=[N+]=[N-]||*[H],0.148547,5460,5460,4.78796,4.78796,6,0,False,True,1.6527,True,76.6752,0.623367,True,85.3915,0.697449,True,15.023,0.590303,True,-0.0355,0.634074,True,0.233981,0.590066,True,2.48919,0.000225854,False,58.2714,,,
cand_020,actionable,[*:1]n1cnnn1,[*:1]n1nnnc1N=[N+]=[N-],azole_ring,azide,scaffold,False,*n1cnnn1||*n1nnnc1N=[N+]=[N-],0.4,173,173,4.50066,4.50066,6,0,False,False,1.61274,True,,0.569006,True,,0.699722,True,,0.493093,True,,0.58453,True,,0.541571,True,,0.0771344,False,,,,
cand_020,actionable,[*:1]n1cnnn1,[*:1]n1nnc(N=[N+]=[N-])n1,azole_ring,azide,scaffold,False,*n1cnnn1||*n1nnc(N=[N+]=[N-])n1,0.396897,243,243,3.99797,3.99797,6,0,False,False,1.54735,True,,0.443323,True,,0.662316,True,,0.334195,True,,0.515139,True,,0.495649,True,,-0.352393,True,,,,
cand_020,actionable,[*:1]NN[*:2],[*:1]N=[N+]([*:2])[O-],hydrazo,azoxy,linker,False,*N=[N+](*)[O-]||*NN*,0.149114,4015,4015,3.91186,3.91186,6,0,False,True,0.326838,True,18.4092,1.05673,True,308.389,0.815419,True,21.9565,0.274361,True,-0.0515,0.689952,True,-0.0187674,0.748555,True,-0.0112267,0.0589066,True,17.2459,,,
cand_021,actionable,[*:2]c1nnn([*:1])n1,[*:1]N=[N+]([O-])c1nnnn1[*:2],azole_ring,azoxy,linker,False,*N=[N+]([O-])c1nnnn1*||*c1nnn(*)n1,0.385657,203,203,7.54054,7.54054,6,0,False,False,1.28787,True,,1.32943,True,,0.81574,True,,1.80839,True,,1.1937,True,,1.10541,True,,0.0821143,False,,,,
cand_021,actionable,[*:2]c1nnn([*:1])n1,[*:1]N=[N+]([O-])n1nnnc1[*:2],azole_ring,azoxy,linker,False,*N=[N+]([O-])n1nnnc1*||*c1nnn(*)n1,0.389037,291,291,7.46166,7.46166,6,0,False,False,1.26928,True,,1.34087,True,,0.814976,True,,1.77747,True,,1.16995,True,,1.08911,True,,0.0386994,False,,,,
cand_021,actionable,[*:2]c1nnnn1[*:1],[*:1]N=[N+]([O-])n1nnnc1[*:2],azole_ring,azoxy,linker,False,*N=[N+]([O-])n1nnnc1*||*c1nnnn1*,0.392432,280,280,7.39917,7.39917,6,0,False,False,1.23564,True,,1.29928,True,,0.829576,True,,1.74442,True,,1.1854,True,,1.10485,True,,-0.100889,True,,,,
cand_021,actionable,[*:2]c1nnn([*:1])n1,[*:1]N=[N+]([O-])n1nnc([*:2])n1,azole_ring,azoxy,linker,False,*N=[N+]([O-])n1nnc(*)n1||*c1nnn(*)n1,0.387464,272,272,7.25484,7.25484,6,0,False,False,1.24191,True,,1.27006,True,,0.792996,True,,1.73676,True,,1.14376,True,,1.06936,True,,-0.0477761,False,,,,
cand_021,actionable,[*:2]c1nnnn1[*:1],[*:1]N=[N+]([O-])c1nnnn1[*:2],azole_ring,azoxy,linker,False,*N=[N+]([O-])c1nnnn1*||*c1nnnn1*,0.380296,193,193,7.18294,7.18294,6,0,False,False,1.23795,True,,1.23659,True,,0.790892,True,,1.68949,True,,1.14851,True,,1.0795,True,,-0.171171,True,,,,
cand_021,actionable,[*:1]c1nnn([*:2])n1,[*:1]n1nnnc1N=[N+]([*:2])[O-],azole_ring,azoxy,linker,False,*c1nnn(*)n1||*n1nnnc1N=[N+](*)[O-],0.390172,133,133,7.1687,7.1687,6,0,False,False,1.19903,True,,1.22133,True,,0.836397,True,,1.61404,True,,1.17979,True,,1.11811,True,,0.382541,True,,,,
cand_021,actionable,[*:2]c1nnnn1[*:1],[*:1]N=[N+]([O-])n1nnc([*:2])n1,azole_ring,azoxy,linker,False,*N=[N+]([O-])n1nnc(*)n1||*c1nnnn1*,0.386847,275,275,7.07244,7.07244,6,0,False,False,1.19325,True,,1.21169,True,,0.802861,True,,1.64893,True,,1.14311,True,,1.07258,True,,-0.0690075,False,,,,
cand_021,actionable,[*:1]c1nnnn1[*:2],[*:1]c1nnnn1N=[N+]([*:2])[O-],azole_ring,azoxy,linker,False,*c1nnnn1*||*c1nnnn1N=[N+](*)[O-],0.384684,108,108,7.02768,7.02768,6,0,False,False,1.18176,True,,1.14919,True,,0.79885,True,,1.54468,True,,1.1966,True,,1.1566,True,,0.219111,True,,,,
cand_021,actionable,[*:1]c1nnn([*:2])n1,[*:1]c1nnnn1N=[N+]([*:2])[O-],azole_ring,azoxy,linker,False,*c1nnn(*)n1||*c1nnnn1N=[N+](*)[O-],0.380492,118,118,6.98405,6.98405,6,0,False,False,1.23245,True,,1.15049,True,,0.745411,True,,1.5874,True,,1.15025,True,,1.11805,True,,0.295224,True,,,,
cand_021,actionable,[*:1]c1nnnn1[*:2],[*:2]n1nnnc1N=[N+]([*:1])[O-],azole_ring,azoxy,linker,False,*c1nnnn1*||*n1nnnc1N=[N+](*)[O-],0.387609,122,122,6.97978,6.97978,6,0,False,False,1.16054,True,,1.17138,True,,0.834346,True,,1.60279,True,,1.14116,True,,1.06956,True,,0.160271,True,,,,
cand_021,actionable,[*:1]c1nnn([*:2])n1,[*:2]n1nnnc1N=[N+]([*:1])[O-],azole_ring,azoxy,linker,False,*c1nnn(*)n1||*n1nnnc1N=[N+](*)[O-],0.386228,129,129,6.9305,6.9305,6,0,False,False,1.22164,True,,1.20336,True,,0.791447,True,,1.6175,True,,1.07891,True,,1.01764,True,,0.0905416,False,,,,
cand_021,actionable,[*:1]c1nnnn1[*:2],[*:1]n1nnnc1N=[N+]([*:2])[O-],azole_ring,azoxy,linker,False,*c1nnnn1*||*n1nnnc1N=[N+](*)[O-],0.381342,140,140,6.77105,6.77105,6,0,False,False,1.13232,True,,1.07776,True,,0.793782,True,,1.46168,True,,1.16784,True,,1.13768,True,,0.300078,True,,,,
cand_021,actionable,[*:1]c1nnnn1[*:2],[*:1]n1nnc(N=[N+]([*:2])[O-])n1,azole_ring,azoxy,linker,False,*c1nnnn1*||*n1nnc(N=[N+](*)[O-])n1,0.382376,243,243,6.74472,6.74472,6,0,False,False,1.09841,True,,1.08922,True,,0.804593,True,,1.45168,True,,1.16528,True,,1.13554,True,,0.218252,True,,,,
cand_021,actionable,[*:1]c1nnn([*:2])n1,[*:1]n1nnc(N=[N+]([*:2])[O-])n1,azole_ring,azoxy,linker,False,*c1nnn(*)n1||*n1nnc(N=[N+](*)[O-])n1,0.378153,238,238,6.70442,6.70442,6,0,False,False,1.15867,True,,1.11382,True,,0.761466,True,,1.49629,True,,1.10497,True,,1.0692,True,,0.243363,True,,,,
cand_021,actionable,[*:1]c1nnn([*:2])n1,[*:1]N=[N+]([O-])c1nnnn1[*:2],azole_ring,azoxy,linker,False,*N=[N+]([O-])c1nnnn1*||*c1nnn(*)n1,0.38408,193,193,6.2752,6.2752,6,0,False,False,1.05157,True,,1.02736,True,,0.803237,True,,1.38052,True,,1.03234,True,,0.980179,True,,-0.0531092,False,,,,
cand_021,actionable,[*:1]c1nnnn1[*:2],[*:1]N=[N+]([O-])c1nnnn1[*:2],azole_ring,azoxy,linker,False,*N=[N+]([O-])c1nnnn1*||*c1nnnn1*,0.387444,216,216,6.14634,6.14634,6,0,False,False,1.0166,True,,0.992261,True,,0.829325,True,,1.31178,True,,1.02557,True,,0.970802,True,,0.00583282,False,,,,
cand_021,actionable,[*:1]c1nnn([*:2])n1,[*:2]n1nnc(N=[N+]([*:1])[O-])n1,azole_ring,azoxy,linker,False,*c1nnn(*)n1||*n1nnc(N=[N+](*)[O-])n1,0.383262,245,245,6.12532,6.12532,6,0,False,False,1.05729,True,,0.968287,True,,0.765806,True,,1.33239,True,,1.01607,True,,0.985474,True,,-0.000412203,False,,,,
cand_021,actionable,[*:1]c1nnn([*:2])n1,[*:1]N=[N+]([O-])n1nnnc1[*:2],azole_ring,azoxy,linker,False,*N=[N+]([O-])n1nnnc1*||*c1nnn(*)n1,0.382236,241,241,6.08289,6.08289,6,0,False,False,1.03381,True,,0.991957,True,,0.801599,True,,1.30846,True,,0.998561,True,,0.948499,True,,0.0401082,False,,,,
cand_021,actionable,[*:1]c1nnnn1[*:2],[*:2]n1nnc(N=[N+]([*:1])[O-])n1,azole_ring,azoxy,linker,False,*c1nnnn1*||*n1nnc(N=[N+](*)[O-])n1,0.381536,249,249,5.94401,5.94401,6,0,False,False,0.991857,True,,0.919359,True,,0.786746,True,,1.22979,True,,1.0227,True,,0.99356,True,,0.189938,True,,,,
cand_021,actionable,[*:1]c1nnnn1[*:2],[*:1]N=[N+]([O-])n1nnnc1[*:2],azole_ring,azoxy,linker,False,*N=[N+]([O-])n1nnnc1*||*c1nnnn1*,0.386172,229,229,5.94241,5.94241,6,0,False,False,1.01177,True,,0.953617,True,,0.810754,True,,1.25172,True,,0.978768,True,,0.935784,True,,-0.0654356,False,,,,
cand_021,actionable,[*:1]c1nnnn1[*:2],[*:1]N=[N+]([O-])n1nnc([*:2])n1,azole_ring,azoxy,linker,False,*N=[N+]([O-])n1nnc(*)n1||*c1nnnn1*,0.383065,259,259,5.90937,5.90937,6,0,False,False,0.973511,True,,0.966867,True,,0.837706,True,,1.25181,True,,0.973185,True,,0.906291,True,,-0.132316,True,,,,
cand_021,actionable,[*:1]c1nnn([*:2])n1,[*:1]N=[N+]([O-])n1nnc([*:2])n1,azole_ring,azoxy,linker,False,*N=[N+]([O-])n1nnc(*)n1||*c1nnn(*)n1,0.381099,247,247,5.7921,5.7921,6,0,False,False,1.00262,True,,0.913101,True,,0.784638,True,,1.22695,True,,0.953992,True,,0.910809,True,,-0.0867995,False,,,,
cand_021,actionable,[*:2]c1nnn([*:1])n1,[*:1]N=Nc1nnnn1[*:2],azole_ring,azo,linker,False,*N=Nc1nnnn1*||*c1nnn(*)n1,0.355184,346,346,4.91008,4.91008,6,0,False,False,1.36786,True,,0.775218,True,,0.348896,True,,1.25446,True,,0.632322,True,,0.531322,True,,0.293685,True,,,,
cand_021,actionable,[*:2]c1nnnn1[*:1],[*:1]N=Nc1nnnn1[*:2],azole_ring,azo,linker,False,*N=Nc1nnnn1*||*c1nnnn1*,0.355949,350,350,4.82301,4.82301,6,0,False,False,1.32338,True,,0.730511,True,,0.358726,True,,1.1928,True,,0.655076,True,,0.562518,True,,0.123372,True,,,,
cand_021,actionable,[*:2]c1nnn([*:1])n1,[*:1]N=Nn1nnnc1[*:2],azole_ring,azo,linker,False,*N=Nn1nnnc1*||*c1nnn(*)n1,0.362383,398,398,4.67606,4.67606,6,0,False,False,1.27323,True,,0.697424,True,,0.363967,True,,1.14483,True,,0.646189,True,,0.550421,True,,0.275734,True,,,,
cand_021,actionable,[*:2]c1nnn([*:1])n1,[*:1]N=Nc1nnn([*:2])n1,azole_ring,azo,linker,False,*N=Nc1nnn(*)n1||*c1nnn(*)n1,0.356223,332,332,4.60116,4.60116,6,0,False,False,1.30023,True,,0.69689,True,,0.345385,True,,1.15463,True,,0.599149,True,,0.504875,True,,0.208527,True,,,,
cand_021,actionable,[*:2]c1nnnn1[*:1],[*:1]N=Nc1nnn([*:2])n1,azole_ring,azo,linker,False,*N=Nc1nnn(*)n1||*c1nnnn1*,0.35656,356,356,4.40896,4.40896,6,0,False,False,1.26223,True,,0.639687,True,,0.340861,True,,1.06383,True,,0.590047,True,,0.512296,True,,0.111891,True,,,,
cand_021,actionable,[*:2]c1nnnn1[*:1],[*:1]N=Nn1nnnc1[*:2],azole_ring,azo,linker,False,*N=Nn1nnnc1*||*c1nnnn1*,0.356653,386,386,4.35206,4.35206,6,0,False,False,1.23532,True,,0.615186,True,,0.330104,True,,1.0263,True,,0.60749,True,,0.537659,True,,0.166134,True,,,,
cand_021,actionable,[*:1]c1nnn([*:2])n1,[*:1]N=Nc1nnnn1[*:2],azole_ring,azo,linker,False,*N=Nc1nnnn1*||*c1nnn(*)n1,0.358491,342,342,4.22356,4.22356,6,0,False,False,1.24148,True,,0.622072,True,,0.350247,True,,1.03701,True,,0.531948,True,,0.44081,True,,0.143936,True,,,,
cand_021,actionable,[*:2]c1nnn([*:1])n1,[*:1]N=Nn1nnc([*:2])n1,azole_ring,azo,linker,False,*N=Nn1nnc(*)n1||*c1nnn(*)n1,0.35839,393,393,4.1863,4.1863,6,0,False,False,1.20702,True,,0.602688,True,,0.344701,True,,1.01106,True,,0.554789,True,,0.466045,True,,0.100027,True,,,,
cand_021,actionable,[*:1]c1nnn([*:2])n1,[*:1]N=Nn1nnnc1[*:2],azole_ring,azo,linker,False,*N=Nn1nnnc1*||*c1nnn(*)n1,0.360747,334,334,3.99535,3.99535,6,0,False,False,1.16569,True,,0.546554,True,,0.362638,True,,0.942865,True,,0.534815,True,,0.442787,True,,0.111146,True,,,,
cand_021,actionable,[*:2]c1nnn([*:1])n1,[*:1]NNn1nnnc1[*:2],azole_ring,hydrazo,linker,False,*NNn1nnnc1*||*c1nnn(*)n1,0.363514,386,386,3.9581,3.9581,6,0,False,False,0.938024,True,,0.350252,True,,0.0500214,True,,1.58906,True,,0.588806,True,,0.441934,True,,0.179119,True,,,,
cand_021,actionable,[*:2]c1nnnn1[*:1],[*:1]N=Nn1nnc([*:2])n1,azole_ring,azo,linker,False,*N=Nn1nnc(*)n1||*c1nnnn1*,0.355887,402,402,3.93208,3.93208,6,0,False,False,1.17085,True,,0.536145,True,,0.333633,True,,0.916776,True,,0.52508,True,,0.449589,True,,-0.0634601,False,,,,
cand_021,actionable,[*:1]c1nnn([*:2])n1,[*:1]N=Nc1nnn([*:2])n1,azole_ring,azo,linker,False,*N=Nc1nnn(*)n1||*c1nnn(*)n1,0.359132,350,350,3.90856,3.90856,6,0,False,False,1.18334,True,,0.547374,True,,0.349104,True,,0.932112,True,,0.490401,True,,0.406235,True,,0.040073,False,,,,
cand_021,actionable,[*:1]c1nnnn1[*:2],[*:1]N=Nc1nnnn1[*:2],azole_ring,azo,linker,False,*N=Nc1nnnn1*||*c1nnnn1*,0.351097,336,336,3.75447,3.75447,6,0,False,False,1.17631,True,,0.503957,True,,0.330506,True,,0.868255,True,,0.473577,True,,0.401863,True,,0.159668,True,,,,
cand_021,actionable,[*:2]c1nnnn1[*:1],[*:1]NNn1nnnc1[*:2],azole_ring,hydrazo,linker,False,*NNn1nnnc1*||*c1nnnn1*,0.35995,369,369,3.64902,3.64902,6,0,False,False,0.89669,True,,0.272185,True,,0.0281111,True,,1.47287,True,,0.55144,True,,0.42772,True,,0.0963791,True,,,,
cand_021,actionable,[*:1]c1nnnn1[*:2],[*:1]N=Nc1nnn([*:2])n1,azole_ring,azo,linker,False,*N=Nc1nnn(*)n1||*c1nnnn1*,0.356667,329,329,3.62297,3.62297,6,0,False,False,1.12524,True,,0.47018,True,,0.353315,True,,0.823885,True,,0.464077,True,,0.38627,True,,0.0930074,True,,,,
cand_021,actionable,[*:2]c1nnn([*:1])n1,[*:1]NNc1nnnn1[*:2],azole_ring,hydrazo,linker,False,*NNc1nnnn1*||*c1nnn(*)n1,0.353325,340,340,3.53394,3.53394,6,0,False,False,0.88454,True,,0.238912,True,,0.0334778,True,,1.43352,True,,0.53368,True,,0.40981,True,,0.0617399,False,,,,
cand_021,actionable,[*:1]c1nnnn1[*:2],[*:1]N=Nn1nnnc1[*:2],azole_ring,azo,linker,False,*N=Nn1nnnc1*||*c1nnnn1*,0.354557,319,319,3.49741,3.49741,6,0,False,False,1.09274,True,,0.42757,True,,0.346433,True,,0.758009,True,,0.470057,True,,0.402601,True,,0.219847,True,,,,
cand_021,actionable,[*:2]c1nnn([*:1])n1,[*:1]NNn1nnc([*:2])n1,azole_ring,hydrazo,linker,False,*NNn1nnc(*)n1||*c1nnn(*)n1,0.360374,429,429,3.41725,3.41725,6,0,False,False,0.86855,True,,0.257969,True,,0.0453302,True,,1.43395,True,,0.479044,True,,0.332408,True,,-0.203337,True,,,,
cand_021,actionable,[*:2]c1nnnn1[*:1],[*:1]NNc1nnnn1[*:2],azole_ring,hydrazo,linker,False,*NNc1nnnn1*||*c1nnnn1*,0.357605,308,308,3.39303,3.39303,6,0,False,False,0.844118,True,,0.200872,True,,0.0369562,True,,1.37573,True,,0.528407,True,,0.406946,True,,-0.0578213,False,,,,
cand_021,actionable,[*:2]c1nnn([*:1])n1,[*:1]NNc1nnn([*:2])n1,azole_ring,hydrazo,linker,False,*NNc1nnn(*)n1||*c1nnn(*)n1,0.357457,302,302,3.29623,3.29623,6,0,False,False,0.845114,True,,0.211921,True,,0.0430512,True,,1.37479,True,,0.47719,True,,0.344168,True,,0.0342877,False,,,,
cand_021,actionable,[*:1]c1nnn([*:2])n1,[*:1]N=Nn1nnc([*:2])n1,azole_ring,azo,linker,False,*N=Nn1nnc(*)n1||*c1nnn(*)n1,0.355385,330,330,3.29485,3.29485,6,0,False,False,1.08009,True,,0.405756,True,,0.332178,True,,0.731677,True,,0.409408,True,,0.335746,True,,-0.179887,True,,,,
cand_021,actionable,[*:2]c1nnnn1[*:1],[*:1]NNn1nnc([*:2])n1,azole_ring,hydrazo,linker,False,*NNn1nnc(*)n1||*c1nnnn1*,0.361736,393,393,3.28999,3.28999,6,0,False,False,0.833756,True,,0.207705,True,,0.0440876,True,,1.38185,True,,0.481115,True,,0.341475,True,,-0.243635,True,,,,
cand_021,actionable,[*:1]c1nnn([*:2])n1,[*:1]NNn1nnnc1[*:2],azole_ring,hydrazo,linker,False,*NNn1nnnc1*||*c1nnn(*)n1,0.357043,365,365,3.13594,3.13594,6,0,False,False,0.826481,True,,0.183081,True,,0.0505623,True,,1.33815,True,,0.438654,True,,0.299012,True,,-0.0474263,False,,,,
cand_021,actionable,[*:1]c1nnnn1[*:2],[*:1]N=Nn1nnc([*:2])n1,azole_ring,azo,linker,False,*N=Nn1nnc(*)n1||*c1nnnn1*,0.351134,325,325,3.02894,3.02894,6,0,False,False,1.03313,True,,0.332837,True,,0.326176,True,,0.62886,True,,0.384432,True,,0.323499,True,,0.0338713,False,,,,
cand_021,actionable,[*:2]c1nnnn1[*:1],[*:1]NNc1nnn([*:2])n1,azole_ring,hydrazo,linker,False,*NNc1nnn(*)n1||*c1nnnn1*,0.354073,326,326,2.92851,2.92851,6,0,False,False,0.787273,True,,0.125173,True,,0.0243631,True,,1.22938,True,,0.436184,True,,0.326137,True,,-0.0216373,False,,,,
cand_021,actionable,[*:1]c1nnnn1[*:2],[*:1]NNn1nnnc1[*:2],azole_ring,hydrazo,linker,False,*NNn1nnnc1*||*c1nnnn1*,0.353396,307,307,2.84277,2.84277,6,0,False,False,0.765018,True,,0.0848097,True,,0.0448634,True,,1.22263,True,,0.42504,True,,0.30041,True,,-0.0312679,False,,,,
cand_021,actionable,[*:1]c1nnn([*:2])n1,[*:1]NNc1nnnn1[*:2],azole_ring,hydrazo,linker,False,*NNc1nnnn1*||*c1nnn(*)n1,0.356148,336,336,2.73736,2.73736,6,0,False,False,0.743623,True,,0.0703049,True,,0.0427286,True,,1.17605,True,,0.412791,True,,0.291862,True,,-0.0271239,False,,,,
cand_021,actionable,[*:1]c1nnn([*:2])n1,[*:1]NNn1nnc([*:2])n1,azole_ring,hydrazo,linker,False,*NNn1nnc(*)n1||*c1nnn(*)n1,0.354712,335,335,2.57495,2.57495,6,0,False,False,0.753706,True,,0.0800358,True,,0.0327345,True,,1.18342,True,,0.3302,True,,0.194851,True,,-0.307741,True,,,,
cand_021,actionable,[*:1]c1nnnn1[*:2],[*:1]NNc1nnnn1[*:2],azole_ring,hydrazo,linker,False,*NNc1nnnn1*||*c1nnnn1*,0.352717,357,357,2.45199,2.43486,5,0,False,False,0.693648,True,,-0.0171293,False,,0.030827,True,,1.06987,True,,0.381362,True,,0.276284,True,,-0.0595134,False,,,,
cand_021,actionable,[*:1]c1nnn([*:2])n1,[*:1]NNc1nnn([*:2])n1,azole_ring,hydrazo,linker,False,*NNc1nnn(*)n1||*c1nnn(*)n1,0.350426,329,329,2.37486,2.37486,6,0,False,False,0.713205,True,,0.0268665,True,,0.0205211,True,,1.08548,True,,0.323148,True,,0.205645,True,,-0.209807,True,,,,
cand_021,actionable,[*:1]c1nnnn1[*:2],[*:1]NNn1nnc([*:2])n1,azole_ring,hydrazo,linker,False,*NNn1nnc(*)n1||*c1nnnn1*,0.352662,318,318,2.24338,2.23116,5,0,False,False,0.681101,True,,-0.0122265,False,,0.0338148,True,,1.04967,True,,0.301504,True,,0.177294,True,,-0.248633,True,,,,
cand_021,actionable,[*:1]c1nnn([*:2])n1,[*:2]c1nnn(N[N+](=O)[O-])c1[*:1],azole_ring,nitramine,linker,False,*c1nnn(*)n1||*c1nnn(N[N+](=O)[O-])c1*,0.416782,335,335,1.85304,1.85304,6,0,False,False,0.0511008,True,,0.526783,True,,0.350804,True,,0.12756,True,,0.372822,True,,0.423975,True,,-0.409976,True,,,,
cand_021,actionable,[*:1]c1nnn([*:2])n1,[*:1]c1nnn(N[N+](=O)[O-])c1[*:2],azole_ring,nitramine,linker,False,*c1nnn(*)n1||*c1nnn(N[N+](=O)[O-])c1*,0.406666,404,404,1.5689,1.5689,6,0,False,False,0.0474787,True,,0.434563,True,,0.292453,True,,0.0733892,True,,0.333097,True,,0.387919,True,,-0.431373,True,,,,
cand_021,actionable,[*:1]c1nnnn1[*:2],[*:1]c1nnn(N[N+](=O)[O-])c1[*:2],azole_ring,nitramine,linker,False,*c1nnn(N[N+](=O)[O-])c1*||*c1nnnn1*,0.412549,385,385,1.50783,1.54167,4,0,False,False,0.0006166,False,,0.433216,True,,0.343985,True,,0.0332176,False,,0.340516,True,,0.390115,True,,-0.462432,True,,,,
cand_021,actionable,[*:2]c1nnnn1[*:1],[*:1]c1nnn(N[N+](=O)[O-])c1[*:2],azole_ring,nitramine,linker,False,*c1nnn(N[N+](=O)[O-])c1*||*c1nnnn1*,0.410514,341,341,1.33352,1.28057,4,0,False,False,-0.0166058,False,,0.396025,True,,0.315102,True,,-0.0363459,False,,0.285464,True,,0.336933,True,,-0.491826,True,,,,
cand_021,actionable,[*:1]c1nnn(N=[N+]=[N-])n1,[*:1]c1nnnn1N=[N+]=[N-],azide,azide,scaffold,False,*c1nnn(N=[N+]=[N-])n1||*c1nnnn1N=[N+]=[N-],0.395339,229,229,0.352403,0.352403,5,0,False,True,0.0738585,True,4.7697,0.0859202,True,17.7901,0,False,0,0.119177,True,0.0127,0.038839,True,0.120509,0.034608,True,1.34695,-0.0988083,False,16.7843,,,
cand_021,actionable,[*:1]c1nnn([*:2])n1,[*:2]c1nnnn1[*:1],azole_ring,azole_ring,linker,False,*c1nnn(*)n1||*c1nnnn1*,0.257644,2457,2457,0.31729,0.31729,5,0,False,True,0.0573355,True,4.7697,0.0696148,True,17.7901,-2.41191e-19,False,0,0.100322,True,0.0127,0.0464741,True,0.120509,0.0435433,True,1.34695,0.109291,True,16.7843,,,
cand_021,actionable,[*:1]c1nnn([*:2])n1,[*:1]c1nnnn1[*:2],azole_ring,azole_ring,linker,False,*c1nnn(*)n1||*c1nnnn1*,0.258151,2833,2833,0.304252,0.304252,5,0,False,True,0.0551249,True,4.7697,0.0662557,True,17.7901,0,False,0,0.0947991,True,0.0127,0.0449933,True,0.120509,0.0430791,True,1.34695,0.118519,True,16.7843,,,
cand_021,actionable,[*:1]c1nnnn1[*:2],[*:2]c1nnnn1[*:1],azole_ring,azole_ring,linker,False,*c1nnnn1*||*c1nnnn1*,0.258476,1293,1293,0.21802,0.21802,5,0,False,True,0.0300112,True,-1.73506,0.0417528,True,-6.47146,0,False,0,0.057483,True,-0.0046,0.0430979,True,0.149957,0.0456756,True,1.80855,-0.0465583,True,117.016,,,
cand_021,actionable,[*:1]c1nnn([*:2])n1,[*:2]c1nnn([*:1])n1,azole_ring,azole_ring,linker,False,*c1nnn(*)n1||*c1nnn(*)n1,0.260615,1165,1165,0.0453822,0.0112472,2,0,False,True,-0.00809051,False,-3.49836,-0.00850428,False,-13.0482,0,False,0,-0.0175402,False,-0.0093,0.0185507,True,-0.0621485,0.0268315,True,-0.668243,0.0700273,True,-10.6967,,,
cand_022,actionable,[*:2]c1nnn([*:1])n1,[*:1]N=[N+]([O-])c1nnnn1[*:2],azole_ring,azoxy,linker,False,*N=[N+]([O-])c1nnnn1*||*c1nnn(*)n1,0.385657,203,203,7.54054,7.54054,6,0,False,False,1.28787,True,,1.32943,True,,0.81574,True,,1.80839,True,,1.1937,True,,1.10541,True,,0.0821143,False,,,,
cand_022,actionable,[*:2]c1nnn([*:1])n1,[*:1]N=[N+]([O-])n1nnnc1[*:2],azole_ring,azoxy,linker,False,*N=[N+]([O-])n1nnnc1*||*c1nnn(*)n1,0.389037,291,291,7.46166,7.46166,6,0,False,False,1.26928,True,,1.34087,True,,0.814976,True,,1.77747,True,,1.16995,True,,1.08911,True,,0.0386994,False,,,,
cand_022,actionable,[*:2]c1nnnn1[*:1],[*:1]N=[N+]([O-])n1nnnc1[*:2],azole_ring,azoxy,linker,False,*N=[N+]([O-])n1nnnc1*||*c1nnnn1*,0.392432,280,280,7.39917,7.39917,6,0,False,False,1.23564,True,,1.29928,True,,0.829576,True,,1.74442,True,,1.1854,True,,1.10485,True,,-0.100889,True,,,,
cand_022,actionable,[*:2]c1nnn([*:1])n1,[*:1]N=[N+]([O-])n1nnc([*:2])n1,azole_ring,azoxy,linker,False,*N=[N+]([O-])n1nnc(*)n1||*c1nnn(*)n1,0.387464,272,272,7.25484,7.25484,6,0,False,False,1.24191,True,,1.27006,True,,0.792996,True,,1.73676,True,,1.14376,True,,1.06936,True,,-0.0477761,False,,,,
cand_022,actionable,[*:2]c1nnnn1[*:1],[*:1]N=[N+]([O-])c1nnnn1[*:2],azole_ring,azoxy,linker,False,*N=[N+]([O-])c1nnnn1*||*c1nnnn1*,0.380296,193,193,7.18294,7.18294,6,0,False,False,1.23795,True,,1.23659,True,,0.790892,True,,1.68949,True,,1.14851,True,,1.0795,True,,-0.171171,True,,,,
cand_022,actionable,[*:1]c1nnn([*:2])n1,[*:1]n1nnnc1N=[N+]([*:2])[O-],azole_ring,azoxy,linker,False,*c1nnn(*)n1||*n1nnnc1N=[N+](*)[O-],0.390172,133,133,7.1687,7.1687,6,0,False,False,1.19903,True,,1.22133,True,,0.836397,True,,1.61404,True,,1.17979,True,,1.11811,True,,0.382541,True,,,,
cand_022,actionable,[*:2]c1nnnn1[*:1],[*:1]N=[N+]([O-])n1nnc([*:2])n1,azole_ring,azoxy,linker,False,*N=[N+]([O-])n1nnc(*)n1||*c1nnnn1*,0.386847,275,275,7.07244,7.07244,6,0,False,False,1.19325,True,,1.21169,True,,0.802861,True,,1.64893,True,,1.14311,True,,1.07258,True,,-0.0690075,False,,,,
cand_022,actionable,[*:1]c1nnnn1[*:2],[*:1]c1nnnn1N=[N+]([*:2])[O-],azole_ring,azoxy,linker,False,*c1nnnn1*||*c1nnnn1N=[N+](*)[O-],0.384684,108,108,7.02768,7.02768,6,0,False,False,1.18176,True,,1.14919,True,,0.79885,True,,1.54468,True,,1.1966,True,,1.1566,True,,0.219111,True,,,,
cand_022,actionable,[*:1]c1nnn([*:2])n1,[*:1]c1nnnn1N=[N+]([*:2])[O-],azole_ring,azoxy,linker,False,*c1nnn(*)n1||*c1nnnn1N=[N+](*)[O-],0.380492,118,118,6.98405,6.98405,6,0,False,False,1.23245,True,,1.15049,True,,0.745411,True,,1.5874,True,,1.15025,True,,1.11805,True,,0.295224,True,,,,
cand_022,actionable,[*:1]c1nnnn1[*:2],[*:2]n1nnnc1N=[N+]([*:1])[O-],azole_ring,azoxy,linker,False,*c1nnnn1*||*n1nnnc1N=[N+](*)[O-],0.387609,122,122,6.97978,6.97978,6,0,False,False,1.16054,True,,1.17138,True,,0.834346,True,,1.60279,True,,1.14116,True,,1.06956,True,,0.160271,True,,,,
cand_022,actionable,[*:1]c1nnn([*:2])n1,[*:2]n1nnnc1N=[N+]([*:1])[O-],azole_ring,azoxy,linker,False,*c1nnn(*)n1||*n1nnnc1N=[N+](*)[O-],0.386228,129,129,6.9305,6.9305,6,0,False,False,1.22164,True,,1.20336,True,,0.791447,True,,1.6175,True,,1.07891,True,,1.01764,True,,0.0905416,False,,,,
cand_022,actionable,[*:1]c1nnnn1[*:2],[*:1]n1nnnc1N=[N+]([*:2])[O-],azole_ring,azoxy,linker,False,*c1nnnn1*||*n1nnnc1N=[N+](*)[O-],0.381342,140,140,6.77105,6.77105,6,0,False,False,1.13232,True,,1.07776,True,,0.793782,True,,1.46168,True,,1.16784,True,,1.13768,True,,0.300078,True,,,,
cand_022,actionable,[*:1]c1nnnn1[*:2],[*:1]n1nnc(N=[N+]([*:2])[O-])n1,azole_ring,azoxy,linker,False,*c1nnnn1*||*n1nnc(N=[N+](*)[O-])n1,0.382376,243,243,6.74472,6.74472,6,0,False,False,1.09841,True,,1.08922,True,,0.804593,True,,1.45168,True,,1.16528,True,,1.13554,True,,0.218252,True,,,,
cand_022,actionable,[*:1]c1nnn([*:2])n1,[*:1]n1nnc(N=[N+]([*:2])[O-])n1,azole_ring,azoxy,linker,False,*c1nnn(*)n1||*n1nnc(N=[N+](*)[O-])n1,0.378153,238,238,6.70442,6.70442,6,0,False,False,1.15867,True,,1.11382,True,,0.761466,True,,1.49629,True,,1.10497,True,,1.0692,True,,0.243363,True,,,,
cand_022,actionable,[*:1]c1nnn([*:2])n1,[*:1]N=[N+]([O-])c1nnnn1[*:2],azole_ring,azoxy,linker,False,*N=[N+]([O-])c1nnnn1*||*c1nnn(*)n1,0.38408,193,193,6.2752,6.2752,6,0,False,False,1.05157,True,,1.02736,True,,0.803237,True,,1.38052,True,,1.03234,True,,0.980179,True,,-0.0531092,False,,,,
cand_022,actionable,[*:1]c1nnnn1[*:2],[*:1]N=[N+]([O-])c1nnnn1[*:2],azole_ring,azoxy,linker,False,*N=[N+]([O-])c1nnnn1*||*c1nnnn1*,0.387444,216,216,6.14634,6.14634,6,0,False,False,1.0166,True,,0.992261,True,,0.829325,True,,1.31178,True,,1.02557,True,,0.970802,True,,0.00583282,False,,,,
cand_022,actionable,[*:1]c1nnn([*:2])n1,[*:2]n1nnc(N=[N+]([*:1])[O-])n1,azole_ring,azoxy,linker,False,*c1nnn(*)n1||*n1nnc(N=[N+](*)[O-])n1,0.383262,245,245,6.12532,6.12532,6,0,False,False,1.05729,True,,0.968287,True,,0.765806,True,,1.33239,True,,1.01607,True,,0.985474,True,,-0.000412203,False,,,,
cand_022,actionable,[*:1]c1nnn([*:2])n1,[*:1]N=[N+]([O-])n1nnnc1[*:2],azole_ring,azoxy,linker,False,*N=[N+]([O-])n1nnnc1*||*c1nnn(*)n1,0.382236,241,241,6.08289,6.08289,6,0,False,False,1.03381,True,,0.991957,True,,0.801599,True,,1.30846,True,,0.998561,True,,0.948499,True,,0.0401082,False,,,,
cand_022,actionable,[*:1]c1nnnn1[*:2],[*:2]n1nnc(N=[N+]([*:1])[O-])n1,azole_ring,azoxy,linker,False,*c1nnnn1*||*n1nnc(N=[N+](*)[O-])n1,0.381536,249,249,5.94401,5.94401,6,0,False,False,0.991857,True,,0.919359,True,,0.786746,True,,1.22979,True,,1.0227,True,,0.99356,True,,0.189938,True,,,,
cand_022,actionable,[*:1]c1nnnn1[*:2],[*:1]N=[N+]([O-])n1nnnc1[*:2],azole_ring,azoxy,linker,False,*N=[N+]([O-])n1nnnc1*||*c1nnnn1*,0.386172,229,229,5.94241,5.94241,6,0,False,False,1.01177,True,,0.953617,True,,0.810754,True,,1.25172,True,,0.978768,True,,0.935784,True,,-0.0654356,False,,,,
cand_022,actionable,[*:1]c1nnnn1[*:2],[*:1]N=[N+]([O-])n1nnc([*:2])n1,azole_ring,azoxy,linker,False,*N=[N+]([O-])n1nnc(*)n1||*c1nnnn1*,0.383065,259,259,5.90937,5.90937,6,0,False,False,0.973511,True,,0.966867,True,,0.837706,True,,1.25181,True,,0.973185,True,,0.906291,True,,-0.132316,True,,,,
cand_022,actionable,[*:1]c1nnn([*:2])n1,[*:1]N=[N+]([O-])n1nnc([*:2])n1,azole_ring,azoxy,linker,False,*N=[N+]([O-])n1nnc(*)n1||*c1nnn(*)n1,0.381099,247,247,5.7921,5.7921,6,0,False,False,1.00262,True,,0.913101,True,,0.784638,True,,1.22695,True,,0.953992,True,,0.910809,True,,-0.0867995,False,,,,
cand_022,actionable,[*:2]c1nnn([*:1])n1,[*:1]N=Nc1nnnn1[*:2],azole_ring,azo,linker,False,*N=Nc1nnnn1*||*c1nnn(*)n1,0.355184,346,346,4.91008,4.91008,6,0,False,False,1.36786,True,,0.775218,True,,0.348896,True,,1.25446,True,,0.632322,True,,0.531322,True,,0.293685,True,,,,
cand_022,actionable,[*:2]c1nnnn1[*:1],[*:1]N=Nc1nnnn1[*:2],azole_ring,azo,linker,False,*N=Nc1nnnn1*||*c1nnnn1*,0.355949,350,350,4.82301,4.82301,6,0,False,False,1.32338,True,,0.730511,True,,0.358726,True,,1.1928,True,,0.655076,True,,0.562518,True,,0.123372,True,,,,
cand_022,actionable,[*:2]c1nnn([*:1])n1,[*:1]N=Nn1nnnc1[*:2],azole_ring,azo,linker,False,*N=Nn1nnnc1*||*c1nnn(*)n1,0.362383,398,398,4.67606,4.67606,6,0,False,False,1.27323,True,,0.697424,True,,0.363967,True,,1.14483,True,,0.646189,True,,0.550421,True,,0.275734,True,,,,
cand_022,actionable,[*:2]c1nnn([*:1])n1,[*:1]N=Nc1nnn([*:2])n1,azole_ring,azo,linker,False,*N=Nc1nnn(*)n1||*c1nnn(*)n1,0.356223,332,332,4.60116,4.60116,6,0,False,False,1.30023,True,,0.69689,True,,0.345385,True,,1.15463,True,,0.599149,True,,0.504875,True,,0.208527,True,,,,
cand_022,actionable,[*:2]c1nnnn1[*:1],[*:1]N=Nc1nnn([*:2])n1,azole_ring,azo,linker,False,*N=Nc1nnn(*)n1||*c1nnnn1*,0.35656,356,356,4.40896,4.40896,6,0,False,False,1.26223,True,,0.639687,True,,0.340861,True,,1.06383,True,,0.590047,True,,0.512296,True,,0.111891,True,,,,
cand_022,actionable,[*:2]c1nnnn1[*:1],[*:1]N=Nn1nnnc1[*:2],azole_ring,azo,linker,False,*N=Nn1nnnc1*||*c1nnnn1*,0.356653,386,386,4.35206,4.35206,6,0,False,False,1.23532,True,,0.615186,True,,0.330104,True,,1.0263,True,,0.60749,True,,0.537659,True,,0.166134,True,,,,
cand_022,actionable,[*:1]c1nnn([*:2])n1,[*:1]N=Nc1nnnn1[*:2],azole_ring,azo,linker,False,*N=Nc1nnnn1*||*c1nnn(*)n1,0.358491,342,342,4.22356,4.22356,6,0,False,False,1.24148,True,,0.622072,True,,0.350247,True,,1.03701,True,,0.531948,True,,0.44081,True,,0.143936,True,,,,
cand_022,actionable,[*:2]c1nnn([*:1])n1,[*:1]N=Nn1nnc([*:2])n1,azole_ring,azo,linker,False,*N=Nn1nnc(*)n1||*c1nnn(*)n1,0.35839,393,393,4.1863,4.1863,6,0,False,False,1.20702,True,,0.602688,True,,0.344701,True,,1.01106,True,,0.554789,True,,0.466045,True,,0.100027,True,,,,
cand_022,actionable,[*:1]NNc1nnn([*:2])n1,[*:2]n1nnnc1N=[N+]([*:1])[O-],hydrazo,azoxy,linker,False,*NNc1nnn(*)n1||*n1nnnc1N=[N+](*)[O-],0.38714,143,143,4.09268,4.09268,6,0,False,False,0.426165,True,,1.06872,True,,0.764736,True,,0.383076,True,,0.693991,True,,0.755986,True,,0.122658,False,,,,
cand_022,actionable,[*:1]NNc1nnn([*:2])n1,[*:1]N=[N+]([O-])c1nnnn1[*:2],hydrazo,azoxy,linker,False,*N=[N+]([O-])c1nnnn1*||*NNc1nnn(*)n1,0.376686,206,206,4.04017,4.04017,6,0,False,False,0.393024,True,,1.01706,True,,0.749352,True,,0.34812,True,,0.727939,True,,0.804679,True,,0.156998,True,,,,
cand_022,actionable,[*:1]NNc1nnn([*:2])n1,[*:1]N=[N+]([O-])n1nnnc1[*:2],hydrazo,azoxy,linker,False,*N=[N+]([O-])n1nnnc1*||*NNc1nnn(*)n1,0.3872,242,242,4.01267,4.01267,6,0,False,True,0.400389,True,16.4976,1.07723,True,153.474,0.772572,True,13.8092,0.324559,True,-0.0292,0.686478,True,0.111742,0.751436,True,1.19544,0.0367844,False,-27.5252,,,
cand_022,actionable,[*:1]c1nnn([*:2])n1,[*:1]N=Nn1nnnc1[*:2],azole_ring,azo,linker,False,*N=Nn1nnnc1*||*c1nnn(*)n1,0.360747,334,334,3.99535,3.99535,6,0,False,False,1.16569,True,,0.546554,True,,0.362638,True,,0.942865,True,,0.534815,True,,0.442787,True,,0.111146,True,,,,
cand_022,actionable,[*:1]NNc1nnn([*:2])n1,[*:1]N=[N+]([O-])n1nnc([*:2])n1,hydrazo,azoxy,linker,False,*N=[N+]([O-])n1nnc(*)n1||*NNc1nnn(*)n1,0.385973,216,216,3.97732,3.97732,6,0,False,False,0.371775,True,,1.05598,True,,0.779648,True,,0.338369,True,,0.690065,True,,0.741484,True,,-0.01712,False,,,,
cand_022,actionable,[*:2]c1nnn([*:1])n1,[*:1]NNn1nnnc1[*:2],azole_ring,hydrazo,linker,False,*NNn1nnnc1*||*c1nnn(*)n1,0.363514,386,386,3.9581,3.9581,6,0,False,False,0.938024,True,,0.350252,True,,0.0500214,True,,1.58906,True,,0.588806,True,,0.441934,True,,0.179119,True,,,,
cand_022,actionable,[*:2]c1nnnn1[*:1],[*:1]N=Nn1nnc([*:2])n1,azole_ring,azo,linker,False,*N=Nn1nnc(*)n1||*c1nnnn1*,0.355887,402,402,3.93208,3.93208,6,0,False,False,1.17085,True,,0.536145,True,,0.333633,True,,0.916776,True,,0.52508,True,,0.449589,True,,-0.0634601,False,,,,
cand_022,actionable,[*:1]NN[*:2],[*:1]N=[N+]([*:2])[O-],hydrazo,azoxy,linker,False,*N=[N+](*)[O-]||*NN*,0.149114,4015,4015,3.91186,3.91186,6,0,False,False,0.326838,True,,1.05673,True,,0.815419,True,,0.274361,True,,0.689952,True,,0.748555,True,,0.0589066,True,,,,
cand_022,actionable,[*:1]c1nnn([*:2])n1,[*:1]N=Nc1nnn([*:2])n1,azole_ring,azo,linker,False,*N=Nc1nnn(*)n1||*c1nnn(*)n1,0.359132,350,350,3.90856,3.90856,6,0,False,False,1.18334,True,,0.547374,True,,0.349104,True,,0.932112,True,,0.490401,True,,0.406235,True,,0.040073,False,,,,
cand_022,actionable,[*:1]NNc1nnnn1[*:2],[*:1]N=[N+]([O-])c1nnnn1[*:2],hydrazo,azoxy,linker,False,*N=[N+]([O-])c1nnnn1*||*NNc1nnnn1*,0.384287,214,214,3.75585,3.75585,6,0,False,False,0.362753,True,,1.01537,True,,0.760783,True,,0.258081,True,,0.644325,True,,0.714542,True,,-0.0713196,False,,,,
cand_022,actionable,[*:1]c1nnnn1[*:2],[*:1]N=Nc1nnnn1[*:2],azole_ring,azo,linker,False,*N=Nc1nnnn1*||*c1nnnn1*,0.351097,336,336,3.75447,3.75447,6,0,False,False,1.17631,True,,0.503957,True,,0.330506,True,,0.868255,True,,0.473577,True,,0.401863,True,,0.159668,True,,,,
cand_022,actionable,[*:1]NNc1nnn([*:2])n1,[*:2]n1nnc(N=[N+]([*:1])[O-])n1,hydrazo,azoxy,linker,False,*NNc1nnn(*)n1||*n1nnc(N=[N+](*)[O-])n1,0.39045,231,231,3.75314,3.75314,6,0,False,False,0.31684,True,,1.02059,True,,0.789767,True,,0.208524,True,,0.675028,True,,0.742398,True,,0.276512,True,,,,
cand_022,actionable,[*:1]NNc1nnnn1[*:2],[*:2]n1nnnc1N=[N+]([*:1])[O-],hydrazo,azoxy,linker,False,*NNc1nnnn1*||*n1nnnc1N=[N+](*)[O-],0.385542,120,120,3.70025,3.70025,6,0,False,False,0.375266,True,,1.01536,True,,0.765685,True,,0.239057,True,,0.618406,True,,0.686471,True,,0.237506,True,,,,
cand_022,actionable,[*:1]NNc1nnnn1[*:2],[*:1]N=[N+]([O-])n1nnnc1[*:2],hydrazo,azoxy,linker,False,*N=[N+]([O-])n1nnnc1*||*NNc1nnnn1*,0.38066,248,248,3.66878,3.66878,6,0,False,False,0.361869,True,,1.0013,True,,0.755963,True,,0.251813,True,,0.616857,True,,0.680978,True,,-0.0748014,False,,,,
cand_022,actionable,[*:2]c1nnnn1[*:1],[*:1]NNn1nnnc1[*:2],azole_ring,hydrazo,linker,False,*NNn1nnnc1*||*c1nnnn1*,0.35995,369,369,3.64902,3.64902,6,0,False,False,0.89669,True,,0.272185,True,,0.0281111,True,,1.47287,True,,0.55144,True,,0.42772,True,,0.0963791,True,,,,
cand_022,actionable,[*:1]c1nnnn1[*:2],[*:1]N=Nc1nnn([*:2])n1,azole_ring,azo,linker,False,*N=Nc1nnn(*)n1||*c1nnnn1*,0.356667,329,329,3.62297,3.62297,6,0,False,False,1.12524,True,,0.47018,True,,0.353315,True,,0.823885,True,,0.464077,True,,0.38627,True,,0.0930074,True,,,,
cand_022,actionable,[*:2]c1nnn([*:1])n1,[*:1]NNc1nnnn1[*:2],azole_ring,hydrazo,linker,False,*NNc1nnnn1*||*c1nnn(*)n1,0.353325,340,340,3.53394,3.53394,6,0,False,False,0.88454,True,,0.238912,True,,0.0334778,True,,1.43352,True,,0.53368,True,,0.40981,True,,0.0617399,False,,,,
cand_022,actionable,[*:1]NNc1nnnn1[*:2],[*:1]N=[N+]([O-])n1nnc([*:2])n1,hydrazo,azoxy,linker,False,*N=[N+]([O-])n1nnc(*)n1||*NNc1nnnn1*,0.385857,236,236,3.53371,3.53371,6,0,False,False,0.323345,True,,0.978208,True,,0.768124,True,,0.211525,True,,0.597316,True,,0.655192,True,,-0.173923,True,,,,
cand_022,actionable,[*:1]c1nnnn1[*:2],[*:1]N=Nn1nnnc1[*:2],azole_ring,azo,linker,False,*N=Nn1nnnc1*||*c1nnnn1*,0.354557,319,319,3.49741,3.49741,6,0,False,False,1.09274,True,,0.42757,True,,0.346433,True,,0.758009,True,,0.470057,True,,0.402601,True,,0.219847,True,,,,
cand_022,actionable,[*:1]NNc1nnnn1[*:2],[*:2]n1nnc(N=[N+]([*:1])[O-])n1,hydrazo,azoxy,linker,False,*NNc1nnnn1*||*n1nnc(N=[N+](*)[O-])n1,0.383099,238,238,3.46695,3.46695,6,0,False,False,0.2865,True,,0.905599,True,,0.762232,True,,0.164457,True,,0.636924,True,,0.711233,True,,0.199321,True,,,,
cand_022,actionable,[*:2]c1nnn([*:1])n1,[*:1]NNn1nnc([*:2])n1,azole_ring,hydrazo,linker,False,*NNn1nnc(*)n1||*c1nnn(*)n1,0.360374,429,429,3.41725,3.41725,6,0,False,False,0.86855,True,,0.257969,True,,0.0453302,True,,1.43395,True,,0.479044,True,,0.332408,True,,-0.203337,True,,,,
cand_022,actionable,[*:2]c1nnnn1[*:1],[*:1]NNc1nnnn1[*:2],azole_ring,hydrazo,linker,False,*NNc1nnnn1*||*c1nnnn1*,0.357605,308,308,3.39303,3.39303,6,0,False,False,0.844118,True,,0.200872,True,,0.0369562,True,,1.37573,True,,0.528407,True,,0.406946,True,,-0.0578213,False,,,,
cand_022,actionable,[*:2]c1nnn([*:1])n1,[*:1]NNc1nnn([*:2])n1,azole_ring,hydrazo,linker,False,*NNc1nnn(*)n1||*c1nnn(*)n1,0.357457,302,302,3.29623,3.29623,6,0,False,False,0.845114,True,,0.211921,True,,0.0430512,True,,1.37479,True,,0.47719,True,,0.344168,True,,0.0342877,False,,,,
cand_022,actionable,[*:1]c1nnn([*:2])n1,[*:1]N=Nn1nnc([*:2])n1,azole_ring,azo,linker,False,*N=Nn1nnc(*)n1||*c1nnn(*)n1,0.355385,330,330,3.29485,3.29485,6,0,False,False,1.08009,True,,0.405756,True,,0.332178,True,,0.731677,True,,0.409408,True,,0.335746,True,,-0.179887,True,,,,
cand_022,actionable,[*:2]c1nnnn1[*:1],[*:1]NNn1nnc([*:2])n1,azole_ring,hydrazo,linker,False,*NNn1nnc(*)n1||*c1nnnn1*,0.361736,393,393,3.28999,3.28999,6,0,False,False,0.833756,True,,0.207705,True,,0.0440876,True,,1.38185,True,,0.481115,True,,0.341475,True,,-0.243635,True,,,,
cand_022,actionable,[*:1]c1nnn([*:2])n1,[*:1]NNn1nnnc1[*:2],azole_ring,hydrazo,linker,False,*NNn1nnnc1*||*c1nnn(*)n1,0.357043,365,365,3.13594,3.13594,6,0,False,False,0.826481,True,,0.183081,True,,0.0505623,True,,1.33815,True,,0.438654,True,,0.299012,True,,-0.0474263,False,,,,
cand_022,actionable,[*:1]c1nnnn1[*:2],[*:1]N=Nn1nnc([*:2])n1,azole_ring,azo,linker,False,*N=Nn1nnc(*)n1||*c1nnnn1*,0.351134,325,325,3.02894,3.02894,6,0,False,False,1.03313,True,,0.332837,True,,0.326176,True,,0.62886,True,,0.384432,True,,0.323499,True,,0.0338713,False,,,,
cand_022,actionable,[*:2]c1nnnn1[*:1],[*:1]NNc1nnn([*:2])n1,azole_ring,hydrazo,linker,False,*NNc1nnn(*)n1||*c1nnnn1*,0.354073,326,326,2.92851,2.92851,6,0,False,False,0.787273,True,,0.125173,True,,0.0243631,True,,1.22938,True,,0.436184,True,,0.326137,True,,-0.0216373,False,,,,
cand_022,actionable,[*:1]c1nnnn1[*:2],[*:1]NNn1nnnc1[*:2],azole_ring,hydrazo,linker,False,*NNn1nnnc1*||*c1nnnn1*,0.353396,307,307,2.84277,2.84277,6,0,False,False,0.765018,True,,0.0848097,True,,0.0448634,True,,1.22263,True,,0.42504,True,,0.30041,True,,-0.0312679,False,,,,
cand_022,actionable,[*:1]c1nnn([*:2])n1,[*:1]NNc1nnnn1[*:2],azole_ring,hydrazo,linker,False,*NNc1nnnn1*||*c1nnn(*)n1,0.356148,336,336,2.73736,2.73736,6,0,False,False,0.743623,True,,0.0703049,True,,0.0427286,True,,1.17605,True,,0.412791,True,,0.291862,True,,-0.0271239,False,,,,
cand_022,actionable,[*:1]c1nnn([*:2])n1,[*:1]NNn1nnc([*:2])n1,azole_ring,hydrazo,linker,False,*NNn1nnc(*)n1||*c1nnn(*)n1,0.354712,335,335,2.57495,2.57495,6,0,False,False,0.753706,True,,0.0800358,True,,0.0327345,True,,1.18342,True,,0.3302,True,,0.194851,True,,-0.307741,True,,,,
cand_022,actionable,[*:1]c1nnnn1[*:2],[*:1]NNc1nnnn1[*:2],azole_ring,hydrazo,linker,False,*NNc1nnnn1*||*c1nnnn1*,0.352717,357,357,2.45199,2.43486,5,0,False,False,0.693648,True,,-0.0171293,False,,0.030827,True,,1.06987,True,,0.381362,True,,0.276284,True,,-0.0595134,False,,,,
cand_022,actionable,[*:1]c1nnn([*:2])n1,[*:1]NNc1nnn([*:2])n1,azole_ring,hydrazo,linker,False,*NNc1nnn(*)n1||*c1nnn(*)n1,0.350426,329,329,2.37486,2.37486,6,0,False,False,0.713205,True,,0.0268665,True,,0.0205211,True,,1.08548,True,,0.323148,True,,0.205645,True,,-0.209807,True,,,,
cand_022,actionable,[*:1]c1nnnn1[*:2],[*:1]NNn1nnc([*:2])n1,azole_ring,hydrazo,linker,False,*NNn1nnc(*)n1||*c1nnnn1*,0.352662,318,318,2.24338,2.23116,5,0,False,False,0.681101,True,,-0.0122265,False,,0.0338148,True,,1.04967,True,,0.301504,True,,0.177294,True,,-0.248633,True,,,,
cand_022,actionable,[*:1]c1nnn([*:2])n1,[*:2]c1nnn(N[N+](=O)[O-])c1[*:1],azole_ring,nitramine,linker,False,*c1nnn(*)n1||*c1nnn(N[N+](=O)[O-])c1*,0.416782,335,335,1.85304,1.85304,6,0,False,False,0.0511008,True,,0.526783,True,,0.350804,True,,0.12756,True,,0.372822,True,,0.423975,True,,-0.409976,True,,,,
cand_022,actionable,[*:1]c1nnn([*:2])n1,[*:1]c1nnn(N[N+](=O)[O-])c1[*:2],azole_ring,nitramine,linker,False,*c1nnn(*)n1||*c1nnn(N[N+](=O)[O-])c1*,0.406666,404,404,1.5689,1.5689,6,0,False,False,0.0474787,True,,0.434563,True,,0.292453,True,,0.0733892,True,,0.333097,True,,0.387919,True,,-0.431373,True,,,,
cand_022,actionable,[*:1]c1nnnn1[*:2],[*:1]c1nnn(N[N+](=O)[O-])c1[*:2],azole_ring,nitramine,linker,False,*c1nnn(N[N+](=O)[O-])c1*||*c1nnnn1*,0.412549,385,385,1.50783,1.54167,4,0,False,False,0.0006166,False,,0.433216,True,,0.343985,True,,0.0332176,False,,0.340516,True,,0.390115,True,,-0.462432,True,,,,
cand_022,actionable,[*:2]c1nnnn1[*:1],[*:1]c1nnn(N[N+](=O)[O-])c1[*:2],azole_ring,nitramine,linker,False,*c1nnn(N[N+](=O)[O-])c1*||*c1nnnn1*,0.410514,341,341,1.33352,1.28057,4,0,False,False,-0.0166058,False,,0.396025,True,,0.315102,True,,-0.0363459,False,,0.285464,True,,0.336933,True,,-0.491826,True,,,,
cand_022,actionable,[*:1]Nc1nnn([*:2])n1,[*:1]Nn1nnnc1[*:2],azole_ring,azole_ring,linker,False,*Nc1nnn(*)n1||*Nn1nnnc1*,0.296781,590,590,0.586504,0.586504,5,0,False,True,0.112857,True,0.727283,0.133311,True,2.9075,-1.00442e-18,False,0,0.194414,True,0.0023,0.0770241,True,0.0942349,0.068899,True,1.04582,0.0758934,True,-20.2028,,,
cand_022,actionable,[*:1]NNc1nnn([*:2])n1,[*:1]NNn1nnnc1[*:2],hydrazo,hydrazo,linker,False,*NNc1nnn(*)n1||*NNn1nnnc1*,0.353525,331,331,0.524164,0.524164,5,0,False,True,0.0855983,True,0.727283,0.103341,True,2.9075,-1.79035e-18,False,0,0.158828,True,0.0023,0.088843,True,0.0942349,0.087554,True,1.04582,0.116797,True,-20.2028,,,
cand_022,actionable,[*:1]Nc1nnn([*:2])n1,[*:1]Nc1nnnn1[*:2],azole_ring,azole_ring,linker,False,*Nc1nnn(*)n1||*Nc1nnnn1*,0.296477,606,606,0.357168,0.357168,5,0,False,True,0.0518527,True,2.2515,0.0596833,True,9.00098,0,False,0,0.088328,True,0.0072,0.0743302,True,-0.0332365,0.082974,True,-0.411259,0.152069,True,-67.1116,,,
cand_022,actionable,[*:1]c1nnn(N=[N+]=[N-])n1,[*:1]c1nnnn1N=[N+]=[N-],azide,azide,scaffold,False,*c1nnn(N=[N+]=[N-])n1||*c1nnnn1N=[N+]=[N-],0.395339,229,229,0.352403,0.352403,5,0,False,True,0.0738585,True,2.2515,0.0859202,True,9.00098,0,False,0,0.119177,True,0.0072,0.038839,True,-0.0332365,0.034608,True,-0.411259,-0.0988083,False,-67.1116,,,
cand_022,actionable,[*:1]NNc1nnn([*:2])n1,[*:1]NNc1nnnn1[*:2],hydrazo,hydrazo,linker,False,*NNc1nnn(*)n1||*NNc1nnnn1*,0.358294,324,324,0.34326,0.34326,5,0,False,True,0.0475121,True,2.2515,0.0568088,True,9.00098,0,False,0,0.0882654,True,0.0072,0.0730358,True,-0.0332365,0.0776379,True,-0.411259,0.150102,True,-67.1116,,,
cand_022,actionable,[*:1]c1nnn([*:2])n1,[*:2]c1nnnn1[*:1],azole_ring,azole_ring,linker,False,*c1nnn(*)n1||*c1nnnn1*,0.257644,2457,2457,0.31729,0.31729,5,0,False,True,0.0573355,True,1.48939,0.0696148,True,5.95424,-2.41191e-19,False,0,0.100322,True,0.00475,0.0464741,True,0.0304992,0.0435433,True,0.31728,0.109291,True,-43.6572,,,
cand_022,actionable,[*:1]Nc1nnn([*:2])n1,[*:1]Nn1nnc([*:2])n1,azole_ring,azole_ring,linker,False,*Nc1nnn(*)n1||*Nn1nnc(*)n1,0.294748,550,550,0.313818,0.313818,5,0,False,False,0.0666932,True,,0.0817783,True,,0,False,,0.121744,True,,0.0272393,True,,0.016363,True,,-0.116371,True,,,,
cand_022,actionable,[*:1]c1nnn([*:2])n1,[*:1]c1nnnn1[*:2],azole_ring,azole_ring,linker,False,*c1nnn(*)n1||*c1nnnn1*,0.258151,2833,2833,0.304252,0.304252,5,0,False,True,0.0551249,True,1.48939,0.0662557,True,5.95424,0,False,0,0.0947991,True,0.00475,0.0449933,True,0.0304992,0.0430791,True,0.31728,0.118519,True,-43.6572,,,
cand_022,actionable,[*:1]NNc1nnnn1[*:2],[*:1]NNn1nnnc1[*:2],hydrazo,hydrazo,linker,False,*NNc1nnnn1*||*NNn1nnnc1*,0.353639,345,345,0.286238,0.295714,4,0,False,False,0.0646865,True,,0.0784278,True,,0,False,,0.12108,True,,0.0220436,True,,0.009476,False,,-0.0180254,False,,,,
cand_022,actionable,[*:1]Nc1nnnn1[*:2],[*:1]Nn1nnnc1[*:2],azole_ring,azole_ring,linker,False,*Nc1nnnn1*||*Nn1nnnc1*,0.295245,593,593,0.26645,0.260235,3,0,False,False,0.0673813,True,,0.0806674,True,,0,False,,0.118401,True,,0.00547648,False,,-0.0116915,False,,-0.0768478,True,,,,
cand_022,actionable,[*:1]c1nnnn1[*:2],[*:2]c1nnnn1[*:1],azole_ring,azole_ring,linker,False,*c1nnnn1*||*c1nnnn1*,0.258476,1293,1293,0.21802,0.21802,5,0,False,False,0.0300112,True,,0.0417528,True,,0,False,,0.057483,True,,0.0430979,True,,0.0456756,True,,-0.0465583,True,,,,
cand_022,actionable,[*:1]NNc1nnn([*:2])n1,[*:1]NNn1nnc([*:2])n1,hydrazo,hydrazo,linker,False,*NNc1nnn(*)n1||*NNn1nnc(*)n1,0.352913,315,315,0.1812,0.200351,3,0,False,False,0.0406317,True,,0.0529851,True,,0,False,,0.087583,True,,0.0149176,False,,0.00423405,False,,-0.179545,True,,,,
cand_022,actionable,[*:1]c1nnn([*:2])n1,[*:2]c1nnn([*:1])n1,azole_ring,azole_ring,linker,False,*c1nnn(*)n1||*c1nnn(*)n1,0.260615,1165,1165,0.0453822,0.0112472,2,0,False,False,-0.00809051,False,,-0.00850428,False,,0,False,,-0.0175402,False,,0.0185507,True,,0.0268315,True,,0.0700273,True,,,,
cand_023,actionable,[*:2]c1nnn([*:1])n1,[*:1]N=[N+]([O-])c1nnnn1[*:2],azole_ring,azoxy,linker,False,*N=[N+]([O-])c1nnnn1*||*c1nnn(*)n1,0.385657,203,203,7.54054,7.54054,6,0,False,False,1.28787,True,,1.32943,True,,0.81574,True,,1.80839,True,,1.1937,True,,1.10541,True,,0.0821143,False,,,,
cand_023,actionable,[*:2]c1nnn([*:1])n1,[*:1]N=[N+]([O-])n1nnnc1[*:2],azole_ring,azoxy,linker,False,*N=[N+]([O-])n1nnnc1*||*c1nnn(*)n1,0.389037,291,291,7.46166,7.46166,6,0,False,False,1.26928,True,,1.34087,True,,0.814976,True,,1.77747,True,,1.16995,True,,1.08911,True,,0.0386994,False,,,,
cand_023,actionable,[*:2]c1nnn([*:1])n1,[*:1]N=[N+]([O-])n1nnc([*:2])n1,azole_ring,azoxy,linker,False,*N=[N+]([O-])n1nnc(*)n1||*c1nnn(*)n1,0.387464,272,272,7.25484,7.25484,6,0,False,False,1.24191,True,,1.27006,True,,0.792996,True,,1.73676,True,,1.14376,True,,1.06936,True,,-0.0477761,False,,,,
cand_023,actionable,[*:1]c1nnn([*:2])n1,[*:1]n1nnnc1N=[N+]([*:2])[O-],azole_ring,azoxy,linker,False,*c1nnn(*)n1||*n1nnnc1N=[N+](*)[O-],0.390172,133,133,7.1687,7.1687,6,0,False,False,1.19903,True,,1.22133,True,,0.836397,True,,1.61404,True,,1.17979,True,,1.11811,True,,0.382541,True,,,,
cand_023,actionable,[*:1]c1nnn([*:2])n1,[*:1]c1nnnn1N=[N+]([*:2])[O-],azole_ring,azoxy,linker,False,*c1nnn(*)n1||*c1nnnn1N=[N+](*)[O-],0.380492,118,118,6.98405,6.98405,6,0,False,False,1.23245,True,,1.15049,True,,0.745411,True,,1.5874,True,,1.15025,True,,1.11805,True,,0.295224,True,,,,
cand_023,actionable,[*:1]c1nnn([*:2])n1,[*:2]n1nnnc1N=[N+]([*:1])[O-],azole_ring,azoxy,linker,False,*c1nnn(*)n1||*n1nnnc1N=[N+](*)[O-],0.386228,129,129,6.9305,6.9305,6,0,False,False,1.22164,True,,1.20336,True,,0.791447,True,,1.6175,True,,1.07891,True,,1.01764,True,,0.0905416,False,,,,
cand_023,actionable,[*:1]c1nnn([*:2])n1,[*:1]n1nnc(N=[N+]([*:2])[O-])n1,azole_ring,azoxy,linker,False,*c1nnn(*)n1||*n1nnc(N=[N+](*)[O-])n1,0.378153,238,238,6.70442,6.70442,6,0,False,False,1.15867,True,,1.11382,True,,0.761466,True,,1.49629,True,,1.10497,True,,1.0692,True,,0.243363,True,,,,
cand_023,actionable,[*:1]c1nnn([*:2])n1,[*:1]N=[N+]([O-])c1nnnn1[*:2],azole_ring,azoxy,linker,False,*N=[N+]([O-])c1nnnn1*||*c1nnn(*)n1,0.38408,193,193,6.2752,6.2752,6,0,False,False,1.05157,True,,1.02736,True,,0.803237,True,,1.38052,True,,1.03234,True,,0.980179,True,,-0.0531092,False,,,,
cand_023,actionable,[*:1]c1nnn([*:2])n1,[*:2]n1nnc(N=[N+]([*:1])[O-])n1,azole_ring,azoxy,linker,False,*c1nnn(*)n1||*n1nnc(N=[N+](*)[O-])n1,0.383262,245,245,6.12532,6.12532,6,0,False,False,1.05729,True,,0.968287,True,,0.765806,True,,1.33239,True,,1.01607,True,,0.985474,True,,-0.000412203,False,,,,
cand_023,actionable,[*:1]c1nnn([*:2])n1,[*:1]N=[N+]([O-])n1nnnc1[*:2],azole_ring,azoxy,linker,False,*N=[N+]([O-])n1nnnc1*||*c1nnn(*)n1,0.382236,241,241,6.08289,6.08289,6,0,False,False,1.03381,True,,0.991957,True,,0.801599,True,,1.30846,True,,0.998561,True,,0.948499,True,,0.0401082,False,,,,
cand_023,actionable,[*:1]c1nnn([*:2])n1,[*:1]N=[N+]([O-])n1nnc([*:2])n1,azole_ring,azoxy,linker,False,*N=[N+]([O-])n1nnc(*)n1||*c1nnn(*)n1,0.381099,247,247,5.7921,5.7921,6,0,False,False,1.00262,True,,0.913101,True,,0.784638,True,,1.22695,True,,0.953992,True,,0.910809,True,,-0.0867995,False,,,,
cand_023,actionable,[*:2]c1nnn([*:1])n1,[*:1]N=Nc1nnnn1[*:2],azole_ring,azo,linker,False,*N=Nc1nnnn1*||*c1nnn(*)n1,0.355184,346,346,4.91008,4.91008,6,0,False,False,1.36786,True,,0.775218,True,,0.348896,True,,1.25446,True,,0.632322,True,,0.531322,True,,0.293685,True,,,,
cand_023,actionable,[*:2]c1nnn([*:1])n1,[*:1]N=Nn1nnnc1[*:2],azole_ring,azo,linker,False,*N=Nn1nnnc1*||*c1nnn(*)n1,0.362383,398,398,4.67606,4.67606,6,0,False,False,1.27323,True,,0.697424,True,,0.363967,True,,1.14483,True,,0.646189,True,,0.550421,True,,0.275734,True,,,,
cand_023,actionable,[*:2]c1nnn([*:1])n1,[*:1]N=Nc1nnn([*:2])n1,azole_ring,azo,linker,False,*N=Nc1nnn(*)n1||*c1nnn(*)n1,0.356223,332,332,4.60116,4.60116,6,0,False,False,1.30023,True,,0.69689,True,,0.345385,True,,1.15463,True,,0.599149,True,,0.504875,True,,0.208527,True,,,,
cand_023,actionable,[*:1]c1nnn([*:2])n1,[*:1]N=Nc1nnnn1[*:2],azole_ring,azo,linker,False,*N=Nc1nnnn1*||*c1nnn(*)n1,0.358491,342,342,4.22356,4.22356,6,0,False,False,1.24148,True,,0.622072,True,,0.350247,True,,1.03701,True,,0.531948,True,,0.44081,True,,0.143936,True,,,,
cand_023,actionable,[*:2]c1nnn([*:1])n1,[*:1]N=Nn1nnc([*:2])n1,azole_ring,azo,linker,False,*N=Nn1nnc(*)n1||*c1nnn(*)n1,0.35839,393,393,4.1863,4.1863,6,0,False,False,1.20702,True,,0.602688,True,,0.344701,True,,1.01106,True,,0.554789,True,,0.466045,True,,0.100027,True,,,,
cand_023,actionable,[*:1]c1nnn([*:2])n1,[*:1]N=Nn1nnnc1[*:2],azole_ring,azo,linker,False,*N=Nn1nnnc1*||*c1nnn(*)n1,0.360747,334,334,3.99535,3.99535,6,0,False,False,1.16569,True,,0.546554,True,,0.362638,True,,0.942865,True,,0.534815,True,,0.442787,True,,0.111146,True,,,,
cand_023,actionable,[*:2]c1nnn([*:1])n1,[*:1]NNn1nnnc1[*:2],azole_ring,hydrazo,linker,False,*NNn1nnnc1*||*c1nnn(*)n1,0.363514,386,386,3.9581,3.9581,6,0,False,False,0.938024,True,,0.350252,True,,0.0500214,True,,1.58906,True,,0.588806,True,,0.441934,True,,0.179119,True,,,,
cand_023,actionable,[*:1]c1nnn([*:2])n1,[*:1]N=Nc1nnn([*:2])n1,azole_ring,azo,linker,False,*N=Nc1nnn(*)n1||*c1nnn(*)n1,0.359132,350,350,3.90856,3.90856,6,0,False,False,1.18334,True,,0.547374,True,,0.349104,True,,0.932112,True,,0.490401,True,,0.406235,True,,0.040073,False,,,,
cand_023,actionable,[*:2]c1nnn([*:1])n1,[*:1]NNc1nnnn1[*:2],azole_ring,hydrazo,linker,False,*NNc1nnnn1*||*c1nnn(*)n1,0.353325,340,340,3.53394,3.53394,6,0,False,False,0.88454,True,,0.238912,True,,0.0334778,True,,1.43352,True,,0.53368,True,,0.40981,True,,0.0617399,False,,,,
cand_023,actionable,[*:2]c1nnn([*:1])n1,[*:1]NNn1nnc([*:2])n1,azole_ring,hydrazo,linker,False,*NNn1nnc(*)n1||*c1nnn(*)n1,0.360374,429,429,3.41725,3.41725,6,0,False,False,0.86855,True,,0.257969,True,,0.0453302,True,,1.43395,True,,0.479044,True,,0.332408,True,,-0.203337,True,,,,
cand_023,actionable,[*:2]c1nnn([*:1])n1,[*:1]NNc1nnn([*:2])n1,azole_ring,hydrazo,linker,False,*NNc1nnn(*)n1||*c1nnn(*)n1,0.357457,302,302,3.29623,3.29623,6,0,False,False,0.845114,True,,0.211921,True,,0.0430512,True,,1.37479,True,,0.47719,True,,0.344168,True,,0.0342877,False,,,,
cand_023,actionable,[*:1]c1nnn([*:2])n1,[*:1]N=Nn1nnc([*:2])n1,azole_ring,azo,linker,False,*N=Nn1nnc(*)n1||*c1nnn(*)n1,0.355385,330,330,3.29485,3.29485,6,0,False,False,1.08009,True,,0.405756,True,,0.332178,True,,0.731677,True,,0.409408,True,,0.335746,True,,-0.179887,True,,,,
cand_023,actionable,[*:1]c1nnn([*:2])n1,[*:1]NNn1nnnc1[*:2],azole_ring,hydrazo,linker,False,*NNn1nnnc1*||*c1nnn(*)n1,0.357043,365,365,3.13594,3.13594,6,0,False,False,0.826481,True,,0.183081,True,,0.0505623,True,,1.33815,True,,0.438654,True,,0.299012,True,,-0.0474263,False,,,,
cand_023,actionable,[*:1]c1nnn([*:2])n1,[*:1]NNc1nnnn1[*:2],azole_ring,hydrazo,linker,False,*NNc1nnnn1*||*c1nnn(*)n1,0.356148,336,336,2.73736,2.73736,6,0,False,False,0.743623,True,,0.0703049,True,,0.0427286,True,,1.17605,True,,0.412791,True,,0.291862,True,,-0.0271239,False,,,,
cand_023,actionable,[*:1]c1nnn([*:2])n1,[*:1]NNn1nnc([*:2])n1,azole_ring,hydrazo,linker,False,*NNn1nnc(*)n1||*c1nnn(*)n1,0.354712,335,335,2.57495,2.57495,6,0,False,False,0.753706,True,,0.0800358,True,,0.0327345,True,,1.18342,True,,0.3302,True,,0.194851,True,,-0.307741,True,,,,
cand_023,actionable,[*:1]c1nnn([*:2])n1,[*:1]NNc1nnn([*:2])n1,azole_ring,hydrazo,linker,False,*NNc1nnn(*)n1||*c1nnn(*)n1,0.350426,329,329,2.37486,2.37486,6,0,False,False,0.713205,True,,0.0268665,True,,0.0205211,True,,1.08548,True,,0.323148,True,,0.205645,True,,-0.209807,True,,,,
cand_023,actionable,[*:1]c1nnn([*:2])n1,[*:2]c1nnn(N[N+](=O)[O-])c1[*:1],azole_ring,nitramine,linker,False,*c1nnn(*)n1||*c1nnn(N[N+](=O)[O-])c1*,0.416782,335,335,1.85304,1.85304,6,0,False,False,0.0511008,True,,0.526783,True,,0.350804,True,,0.12756,True,,0.372822,True,,0.423975,True,,-0.409976,True,,,,
cand_023,actionable,[*:1]c1nnn([*:2])n1,[*:1]c1nnn(N[N+](=O)[O-])c1[*:2],azole_ring,nitramine,linker,False,*c1nnn(*)n1||*c1nnn(N[N+](=O)[O-])c1*,0.406666,404,404,1.5689,1.5689,6,0,False,False,0.0474787,True,,0.434563,True,,0.292453,True,,0.0733892,True,,0.333097,True,,0.387919,True,,-0.431373,True,,,,
cand_023,actionable,[*:1]n1nnc(N[N+](=O)[O-])n1,[*:1]c1nnnn1N[N+](=O)[O-],nitramine,nitramine,scaffold,False,*c1nnnn1N[N+](=O)[O-]||*n1nnc(N[N+](=O)[O-])n1,0.42612,240,240,0.621843,0.621843,5,0,False,False,0.143001,True,,0.160883,True,,-0,False,,0.222531,True,,0.0552503,True,,0.0401777,True,,0.0290161,False,,,,
cand_023,actionable,[*:1]Nc1nnn([*:2])n1,[*:1]Nn1nnnc1[*:2],azole_ring,azole_ring,linker,False,*Nc1nnn(*)n1||*Nn1nnnc1*,0.296781,590,590,0.586504,0.586504,5,0,False,False,0.112857,True,,0.133311,True,,-1.00442e-18,False,,0.194414,True,,0.0770241,True,,0.068899,True,,0.0758934,True,,,,
cand_023,actionable,[*:1]n1nnc(N[N+](=O)[O-])n1,[*:1]c1nnn(N[N+](=O)[O-])n1,nitramine,nitramine,scaffold,False,*c1nnn(N[N+](=O)[O-])n1||*n1nnc(N[N+](=O)[O-])n1,0.419189,217,217,0.414518,0.414518,5,0,False,False,0.0942139,True,,0.106322,True,,-0,False,,0.146046,True,,0.0382935,True,,0.0296424,True,,-0.00943077,False,,,,
cand_023,actionable,[*:1]n1nnc(N[N+](=O)[O-])n1,[*:1]n1nnnc1N[N+](=O)[O-],nitramine,nitramine,scaffold,False,*n1nnc(N[N+](=O)[O-])n1||*n1nnnc1N[N+](=O)[O-],0.421025,263,263,0.384195,0.384195,5,0,False,True,0.05792,True,-0.03012,0.0632786,True,-0.0996922,0,False,0,0.0885686,True,0,0.0797586,True,0.0241574,0.0946692,True,0.29089,0.157912,True,-0.3843,,,
cand_023,actionable,[*:1]Nc1nnn([*:2])n1,[*:1]Nc1nnnn1[*:2],azole_ring,azole_ring,linker,False,*Nc1nnn(*)n1||*Nc1nnnn1*,0.296477,606,606,0.357168,0.357168,5,0,False,True,0.0518527,True,-0.03012,0.0596833,True,-0.0996922,0,False,0,0.088328,True,0,0.0743302,True,0.0241574,0.082974,True,0.29089,0.152069,True,-0.3843,,,
cand_023,actionable,[*:1]c1nnn([*:2])n1,[*:2]c1nnnn1[*:1],azole_ring,azole_ring,linker,False,*c1nnn(*)n1||*c1nnnn1*,0.257644,2457,2457,0.31729,0.31729,5,0,False,True,0.0573355,True,-0.03012,0.0696148,True,-0.0996922,-2.41191e-19,False,0,0.100322,True,0,0.0464741,True,0.0241574,0.0435433,True,0.29089,0.109291,True,-0.3843,,,
cand_023,actionable,[*:1]Nc1nnn([*:2])n1,[*:1]Nn1nnc([*:2])n1,azole_ring,azole_ring,linker,False,*Nc1nnn(*)n1||*Nn1nnc(*)n1,0.294748,550,550,0.313818,0.313818,5,0,False,False,0.0666932,True,,0.0817783,True,,0,False,,0.121744,True,,0.0272393,True,,0.016363,True,,-0.116371,True,,,,
cand_023,actionable,[*:1]c1nnn([*:2])n1,[*:1]c1nnnn1[*:2],azole_ring,azole_ring,linker,False,*c1nnn(*)n1||*c1nnnn1*,0.258151,2833,2833,0.304252,0.304252,5,0,False,True,0.0551249,True,-0.03012,0.0662557,True,-0.0996922,0,False,0,0.0947991,True,0,0.0449933,True,0.0241574,0.0430791,True,0.29089,0.118519,True,-0.3843,,,
cand_023,actionable,[*:1]c1nnn([*:2])n1,[*:2]c1nnn([*:1])n1,azole_ring,azole_ring,linker,False,*c1nnn(*)n1||*c1nnn(*)n1,0.260615,1165,1165,0.0453822,0.0112472,2,0,False,False,-0.00809051,False,,-0.00850428,False,,0,False,,-0.0175402,False,,0.0185507,True,,0.0268315,True,,0.0700273,True,,,,
cand_024,actionable,[*:2]c1nnn([*:1])n1,[*:1]N=[N+]([O-])c1nnnn1[*:2],azole_ring,azoxy,linker,False,*N=[N+]([O-])c1nnnn1*||*c1nnn(*)n1,0.385657,203,203,7.54054,7.54054,6,0,False,False,1.28787,True,,1.32943,True,,0.81574,True,,1.80839,True,,1.1937,True,,1.10541,True,,0.0821143,False,,,,
cand_024,actionable,[*:2]c1nnn([*:1])n1,[*:1]N=[N+]([O-])n1nnnc1[*:2],azole_ring,azoxy,linker,False,*N=[N+]([O-])n1nnnc1*||*c1nnn(*)n1,0.389037,291,291,7.46166,7.46166,6,0,False,False,1.26928,True,,1.34087,True,,0.814976,True,,1.77747,True,,1.16995,True,,1.08911,True,,0.0386994,False,,,,
cand_024,actionable,[*:2]c1nnnn1[*:1],[*:1]N=[N+]([O-])n1nnnc1[*:2],azole_ring,azoxy,linker,False,*N=[N+]([O-])n1nnnc1*||*c1nnnn1*,0.392432,280,280,7.39917,7.39917,6,0,False,False,1.23564,True,,1.29928,True,,0.829576,True,,1.74442,True,,1.1854,True,,1.10485,True,,-0.100889,True,,,,
cand_024,actionable,[*:2]c1nnn([*:1])n1,[*:1]N=[N+]([O-])n1nnc([*:2])n1,azole_ring,azoxy,linker,False,*N=[N+]([O-])n1nnc(*)n1||*c1nnn(*)n1,0.387464,272,272,7.25484,7.25484,6,0,False,False,1.24191,True,,1.27006,True,,0.792996,True,,1.73676,True,,1.14376,True,,1.06936,True,,-0.0477761,False,,,,
cand_024,actionable,[*:2]c1nnnn1[*:1],[*:1]N=[N+]([O-])c1nnnn1[*:2],azole_ring,azoxy,linker,False,*N=[N+]([O-])c1nnnn1*||*c1nnnn1*,0.380296,193,193,7.18294,7.18294,6,0,False,False,1.23795,True,,1.23659,True,,0.790892,True,,1.68949,True,,1.14851,True,,1.0795,True,,-0.171171,True,,,,
cand_024,actionable,[*:1]c1nnn([*:2])n1,[*:1]n1nnnc1N=[N+]([*:2])[O-],azole_ring,azoxy,linker,False,*c1nnn(*)n1||*n1nnnc1N=[N+](*)[O-],0.390172,133,133,7.1687,7.1687,6,0,False,False,1.19903,True,,1.22133,True,,0.836397,True,,1.61404,True,,1.17979,True,,1.11811,True,,0.382541,True,,,,
cand_024,actionable,[*:2]c1nnnn1[*:1],[*:1]N=[N+]([O-])n1nnc([*:2])n1,azole_ring,azoxy,linker,False,*N=[N+]([O-])n1nnc(*)n1||*c1nnnn1*,0.386847,275,275,7.07244,7.07244,6,0,False,False,1.19325,True,,1.21169,True,,0.802861,True,,1.64893,True,,1.14311,True,,1.07258,True,,-0.0690075,False,,,,
cand_024,actionable,[*:1]c1nnnn1[*:2],[*:1]c1nnnn1N=[N+]([*:2])[O-],azole_ring,azoxy,linker,False,*c1nnnn1*||*c1nnnn1N=[N+](*)[O-],0.384684,108,108,7.02768,7.02768,6,0,False,False,1.18176,True,,1.14919,True,,0.79885,True,,1.54468,True,,1.1966,True,,1.1566,True,,0.219111,True,,,,
cand_024,actionable,[*:1]c1nnn([*:2])n1,[*:1]c1nnnn1N=[N+]([*:2])[O-],azole_ring,azoxy,linker,False,*c1nnn(*)n1||*c1nnnn1N=[N+](*)[O-],0.380492,118,118,6.98405,6.98405,6,0,False,False,1.23245,True,,1.15049,True,,0.745411,True,,1.5874,True,,1.15025,True,,1.11805,True,,0.295224,True,,,,
cand_024,actionable,[*:1]c1nnnn1[*:2],[*:2]n1nnnc1N=[N+]([*:1])[O-],azole_ring,azoxy,linker,False,*c1nnnn1*||*n1nnnc1N=[N+](*)[O-],0.387609,122,122,6.97978,6.97978,6,0,False,False,1.16054,True,,1.17138,True,,0.834346,True,,1.60279,True,,1.14116,True,,1.06956,True,,0.160271,True,,,,
cand_024,actionable,[*:1]c1nnn([*:2])n1,[*:2]n1nnnc1N=[N+]([*:1])[O-],azole_ring,azoxy,linker,False,*c1nnn(*)n1||*n1nnnc1N=[N+](*)[O-],0.386228,129,129,6.9305,6.9305,6,0,False,False,1.22164,True,,1.20336,True,,0.791447,True,,1.6175,True,,1.07891,True,,1.01764,True,,0.0905416,False,,,,
cand_024,actionable,[*:1]c1nnnn1[*:2],[*:1]n1nnnc1N=[N+]([*:2])[O-],azole_ring,azoxy,linker,False,*c1nnnn1*||*n1nnnc1N=[N+](*)[O-],0.381342,140,140,6.77105,6.77105,6,0,False,False,1.13232,True,,1.07776,True,,0.793782,True,,1.46168,True,,1.16784,True,,1.13768,True,,0.300078,True,,,,
cand_024,actionable,[*:1]c1nnnn1[*:2],[*:1]n1nnc(N=[N+]([*:2])[O-])n1,azole_ring,azoxy,linker,False,*c1nnnn1*||*n1nnc(N=[N+](*)[O-])n1,0.382376,243,243,6.74472,6.74472,6,0,False,False,1.09841,True,,1.08922,True,,0.804593,True,,1.45168,True,,1.16528,True,,1.13554,True,,0.218252,True,,,,
cand_024,actionable,[*:1]c1nnn([*:2])n1,[*:1]n1nnc(N=[N+]([*:2])[O-])n1,azole_ring,azoxy,linker,False,*c1nnn(*)n1||*n1nnc(N=[N+](*)[O-])n1,0.378153,238,238,6.70442,6.70442,6,0,False,False,1.15867,True,,1.11382,True,,0.761466,True,,1.49629,True,,1.10497,True,,1.0692,True,,0.243363,True,,,,
cand_024,actionable,[*:1]c1nnn([*:2])n1,[*:1]N=[N+]([O-])c1nnnn1[*:2],azole_ring,azoxy,linker,False,*N=[N+]([O-])c1nnnn1*||*c1nnn(*)n1,0.38408,193,193,6.2752,6.2752,6,0,False,False,1.05157,True,,1.02736,True,,0.803237,True,,1.38052,True,,1.03234,True,,0.980179,True,,-0.0531092,False,,,,
cand_024,actionable,[*:1]c1nnnn1[*:2],[*:1]N=[N+]([O-])c1nnnn1[*:2],azole_ring,azoxy,linker,False,*N=[N+]([O-])c1nnnn1*||*c1nnnn1*,0.387444,216,216,6.14634,6.14634,6,0,False,False,1.0166,True,,0.992261,True,,0.829325,True,,1.31178,True,,1.02557,True,,0.970802,True,,0.00583282,False,,,,
cand_024,actionable,[*:1]c1nnn([*:2])n1,[*:2]n1nnc(N=[N+]([*:1])[O-])n1,azole_ring,azoxy,linker,False,*c1nnn(*)n1||*n1nnc(N=[N+](*)[O-])n1,0.383262,245,245,6.12532,6.12532,6,0,False,False,1.05729,True,,0.968287,True,,0.765806,True,,1.33239,True,,1.01607,True,,0.985474,True,,-0.000412203,False,,,,
cand_024,actionable,[*:1]c1nnn([*:2])n1,[*:1]N=[N+]([O-])n1nnnc1[*:2],azole_ring,azoxy,linker,False,*N=[N+]([O-])n1nnnc1*||*c1nnn(*)n1,0.382236,241,241,6.08289,6.08289,6,0,False,False,1.03381,True,,0.991957,True,,0.801599,True,,1.30846,True,,0.998561,True,,0.948499,True,,0.0401082,False,,,,
cand_024,actionable,[*:1]c1nnnn1[*:2],[*:2]n1nnc(N=[N+]([*:1])[O-])n1,azole_ring,azoxy,linker,False,*c1nnnn1*||*n1nnc(N=[N+](*)[O-])n1,0.381536,249,249,5.94401,5.94401,6,0,False,False,0.991857,True,,0.919359,True,,0.786746,True,,1.22979,True,,1.0227,True,,0.99356,True,,0.189938,True,,,,
cand_024,actionable,[*:1]c1nnnn1[*:2],[*:1]N=[N+]([O-])n1nnnc1[*:2],azole_ring,azoxy,linker,False,*N=[N+]([O-])n1nnnc1*||*c1nnnn1*,0.386172,229,229,5.94241,5.94241,6,0,False,False,1.01177,True,,0.953617,True,,0.810754,True,,1.25172,True,,0.978768,True,,0.935784,True,,-0.0654356,False,,,,
cand_024,actionable,[*:1]c1nnnn1[*:2],[*:1]N=[N+]([O-])n1nnc([*:2])n1,azole_ring,azoxy,linker,False,*N=[N+]([O-])n1nnc(*)n1||*c1nnnn1*,0.383065,259,259,5.90937,5.90937,6,0,False,False,0.973511,True,,0.966867,True,,0.837706,True,,1.25181,True,,0.973185,True,,0.906291,True,,-0.132316,True,,,,
cand_024,actionable,[*:1]c1nnn([*:2])n1,[*:1]N=[N+]([O-])n1nnc([*:2])n1,azole_ring,azoxy,linker,False,*N=[N+]([O-])n1nnc(*)n1||*c1nnn(*)n1,0.381099,247,247,5.7921,5.7921,6,0,False,False,1.00262,True,,0.913101,True,,0.784638,True,,1.22695,True,,0.953992,True,,0.910809,True,,-0.0867995,False,,,,
cand_024,actionable,[*:2]c1nnn([*:1])n1,[*:1]N=Nc1nnnn1[*:2],azole_ring,azo,linker,False,*N=Nc1nnnn1*||*c1nnn(*)n1,0.355184,346,346,4.91008,4.91008,6,0,False,False,1.36786,True,,0.775218,True,,0.348896,True,,1.25446,True,,0.632322,True,,0.531322,True,,0.293685,True,,,,
cand_024,actionable,[*:2]c1nnnn1[*:1],[*:1]N=Nc1nnnn1[*:2],azole_ring,azo,linker,False,*N=Nc1nnnn1*||*c1nnnn1*,0.355949,350,350,4.82301,4.82301,6,0,False,False,1.32338,True,,0.730511,True,,0.358726,True,,1.1928,True,,0.655076,True,,0.562518,True,,0.123372,True,,,,
cand_024,actionable,[*:2]c1nnn([*:1])n1,[*:1]N=Nn1nnnc1[*:2],azole_ring,azo,linker,False,*N=Nn1nnnc1*||*c1nnn(*)n1,0.362383,398,398,4.67606,4.67606,6,0,False,False,1.27323,True,,0.697424,True,,0.363967,True,,1.14483,True,,0.646189,True,,0.550421,True,,0.275734,True,,,,
cand_024,actionable,[*:2]c1nnn([*:1])n1,[*:1]N=Nc1nnn([*:2])n1,azole_ring,azo,linker,False,*N=Nc1nnn(*)n1||*c1nnn(*)n1,0.356223,332,332,4.60116,4.60116,6,0,False,False,1.30023,True,,0.69689,True,,0.345385,True,,1.15463,True,,0.599149,True,,0.504875,True,,0.208527,True,,,,
cand_024,actionable,[*:2]c1nnnn1[*:1],[*:1]N=Nc1nnn([*:2])n1,azole_ring,azo,linker,False,*N=Nc1nnn(*)n1||*c1nnnn1*,0.35656,356,356,4.40896,4.40896,6,0,False,False,1.26223,True,,0.639687,True,,0.340861,True,,1.06383,True,,0.590047,True,,0.512296,True,,0.111891,True,,,,
cand_024,actionable,[*:2]c1nnnn1[*:1],[*:1]N=Nn1nnnc1[*:2],azole_ring,azo,linker,False,*N=Nn1nnnc1*||*c1nnnn1*,0.356653,386,386,4.35206,4.35206,6,0,False,False,1.23532,True,,0.615186,True,,0.330104,True,,1.0263,True,,0.60749,True,,0.537659,True,,0.166134,True,,,,
cand_024,actionable,[*:1]c1nnn([*:2])n1,[*:1]N=Nc1nnnn1[*:2],azole_ring,azo,linker,False,*N=Nc1nnnn1*||*c1nnn(*)n1,0.358491,342,342,4.22356,4.22356,6,0,False,False,1.24148,True,,0.622072,True,,0.350247,True,,1.03701,True,,0.531948,True,,0.44081,True,,0.143936,True,,,,
cand_024,actionable,[*:2]c1nnn([*:1])n1,[*:1]N=Nn1nnc([*:2])n1,azole_ring,azo,linker,False,*N=Nn1nnc(*)n1||*c1nnn(*)n1,0.35839,393,393,4.1863,4.1863,6,0,False,False,1.20702,True,,0.602688,True,,0.344701,True,,1.01106,True,,0.554789,True,,0.466045,True,,0.100027,True,,,,
cand_024,actionable,[*:1]c1nnn([*:2])n1,[*:1]N=Nn1nnnc1[*:2],azole_ring,azo,linker,False,*N=Nn1nnnc1*||*c1nnn(*)n1,0.360747,334,334,3.99535,3.99535,6,0,False,False,1.16569,True,,0.546554,True,,0.362638,True,,0.942865,True,,0.534815,True,,0.442787,True,,0.111146,True,,,,
cand_024,actionable,[*:2]c1nnn([*:1])n1,[*:1]NNn1nnnc1[*:2],azole_ring,hydrazo,linker,False,*NNn1nnnc1*||*c1nnn(*)n1,0.363514,386,386,3.9581,3.9581,6,0,False,False,0.938024,True,,0.350252,True,,0.0500214,True,,1.58906,True,,0.588806,True,,0.441934,True,,0.179119,True,,,,
cand_024,actionable,[*:2]c1nnnn1[*:1],[*:1]N=Nn1nnc([*:2])n1,azole_ring,azo,linker,False,*N=Nn1nnc(*)n1||*c1nnnn1*,0.355887,402,402,3.93208,3.93208,6,0,False,False,1.17085,True,,0.536145,True,,0.333633,True,,0.916776,True,,0.52508,True,,0.449589,True,,-0.0634601,False,,,,
cand_024,actionable,[*:1]c1nnn([*:2])n1,[*:1]N=Nc1nnn([*:2])n1,azole_ring,azo,linker,False,*N=Nc1nnn(*)n1||*c1nnn(*)n1,0.359132,350,350,3.90856,3.90856,6,0,False,False,1.18334,True,,0.547374,True,,0.349104,True,,0.932112,True,,0.490401,True,,0.406235,True,,0.040073,False,,,,
cand_024,actionable,[*:1]c1nnnn1[*:2],[*:1]N=Nc1nnnn1[*:2],azole_ring,azo,linker,False,*N=Nc1nnnn1*||*c1nnnn1*,0.351097,336,336,3.75447,3.75447,6,0,False,False,1.17631,True,,0.503957,True,,0.330506,True,,0.868255,True,,0.473577,True,,0.401863,True,,0.159668,True,,,,
cand_024,actionable,[*:2]c1nnnn1[*:1],[*:1]NNn1nnnc1[*:2],azole_ring,hydrazo,linker,False,*NNn1nnnc1*||*c1nnnn1*,0.35995,369,369,3.64902,3.64902,6,0,False,False,0.89669,True,,0.272185,True,,0.0281111,True,,1.47287,True,,0.55144,True,,0.42772,True,,0.0963791,True,,,,
cand_024,actionable,[*:1]c1nnnn1[*:2],[*:1]N=Nc1nnn([*:2])n1,azole_ring,azo,linker,False,*N=Nc1nnn(*)n1||*c1nnnn1*,0.356667,329,329,3.62297,3.62297,6,0,False,False,1.12524,True,,0.47018,True,,0.353315,True,,0.823885,True,,0.464077,True,,0.38627,True,,0.0930074,True,,,,
cand_024,actionable,[*:2]c1nnn([*:1])n1,[*:1]NNc1nnnn1[*:2],azole_ring,hydrazo,linker,False,*NNc1nnnn1*||*c1nnn(*)n1,0.353325,340,340,3.53394,3.53394,6,0,False,False,0.88454,True,,0.238912,True,,0.0334778,True,,1.43352,True,,0.53368,True,,0.40981,True,,0.0617399,False,,,,
cand_024,actionable,[*:1]c1nnnn1[*:2],[*:1]N=Nn1nnnc1[*:2],azole_ring,azo,linker,False,*N=Nn1nnnc1*||*c1nnnn1*,0.354557,319,319,3.49741,3.49741,6,0,False,False,1.09274,True,,0.42757,True,,0.346433,True,,0.758009,True,,0.470057,True,,0.402601,True,,0.219847,True,,,,
cand_024,actionable,[*:2]c1nnn([*:1])n1,[*:1]NNn1nnc([*:2])n1,azole_ring,hydrazo,linker,False,*NNn1nnc(*)n1||*c1nnn(*)n1,0.360374,429,429,3.41725,3.41725,6,0,False,False,0.86855,True,,0.257969,True,,0.0453302,True,,1.43395,True,,0.479044,True,,0.332408,True,,-0.203337,True,,,,
cand_024,actionable,[*:2]c1nnnn1[*:1],[*:1]NNc1nnnn1[*:2],azole_ring,hydrazo,linker,False,*NNc1nnnn1*||*c1nnnn1*,0.357605,308,308,3.39303,3.39303,6,0,False,False,0.844118,True,,0.200872,True,,0.0369562,True,,1.37573,True,,0.528407,True,,0.406946,True,,-0.0578213,False,,,,
cand_024,actionable,[*:2]c1nnn([*:1])n1,[*:1]NNc1nnn([*:2])n1,azole_ring,hydrazo,linker,False,*NNc1nnn(*)n1||*c1nnn(*)n1,0.357457,302,302,3.29623,3.29623,6,0,False,False,0.845114,True,,0.211921,True,,0.0430512,True,,1.37479,True,,0.47719,True,,0.344168,True,,0.0342877,False,,,,
cand_024,actionable,[*:1]c1nnn([*:2])n1,[*:1]N=Nn1nnc([*:2])n1,azole_ring,azo,linker,False,*N=Nn1nnc(*)n1||*c1nnn(*)n1,0.355385,330,330,3.29485,3.29485,6,0,False,False,1.08009,True,,0.405756,True,,0.332178,True,,0.731677,True,,0.409408,True,,0.335746,True,,-0.179887,True,,,,
cand_024,actionable,[*:2]c1nnnn1[*:1],[*:1]NNn1nnc([*:2])n1,azole_ring,hydrazo,linker,False,*NNn1nnc(*)n1||*c1nnnn1*,0.361736,393,393,3.28999,3.28999,6,0,False,False,0.833756,True,,0.207705,True,,0.0440876,True,,1.38185,True,,0.481115,True,,0.341475,True,,-0.243635,True,,,,
cand_024,actionable,[*:1]c1nnn([*:2])n1,[*:1]NNn1nnnc1[*:2],azole_ring,hydrazo,linker,False,*NNn1nnnc1*||*c1nnn(*)n1,0.357043,365,365,3.13594,3.13594,6,0,False,False,0.826481,True,,0.183081,True,,0.0505623,True,,1.33815,True,,0.438654,True,,0.299012,True,,-0.0474263,False,,,,
cand_024,actionable,[*:1]c1nnnn1[*:2],[*:1]N=Nn1nnc([*:2])n1,azole_ring,azo,linker,False,*N=Nn1nnc(*)n1||*c1nnnn1*,0.351134,325,325,3.02894,3.02894,6,0,False,False,1.03313,True,,0.332837,True,,0.326176,True,,0.62886,True,,0.384432,True,,0.323499,True,,0.0338713,False,,,,
cand_024,actionable,[*:2]c1nnnn1[*:1],[*:1]NNc1nnn([*:2])n1,azole_ring,hydrazo,linker,False,*NNc1nnn(*)n1||*c1nnnn1*,0.354073,326,326,2.92851,2.92851,6,0,False,False,0.787273,True,,0.125173,True,,0.0243631,True,,1.22938,True,,0.436184,True,,0.326137,True,,-0.0216373,False,,,,
cand_024,actionable,[*:1]c1nnnn1[*:2],[*:1]NNn1nnnc1[*:2],azole_ring,hydrazo,linker,False,*NNn1nnnc1*||*c1nnnn1*,0.353396,307,307,2.84277,2.84277,6,0,False,False,0.765018,True,,0.0848097,True,,0.0448634,True,,1.22263,True,,0.42504,True,,0.30041,True,,-0.0312679,False,,,,
cand_024,actionable,[*:1]c1nnn([*:2])n1,[*:1]NNc1nnnn1[*:2],azole_ring,hydrazo,linker,False,*NNc1nnnn1*||*c1nnn(*)n1,0.356148,336,336,2.73736,2.73736,6,0,False,False,0.743623,True,,0.0703049,True,,0.0427286,True,,1.17605,True,,0.412791,True,,0.291862,True,,-0.0271239,False,,,,
cand_024,actionable,[*:1]c1nnn([*:2])n1,[*:1]NNn1nnc([*:2])n1,azole_ring,hydrazo,linker,False,*NNn1nnc(*)n1||*c1nnn(*)n1,0.354712,335,335,2.57495,2.57495,6,0,False,False,0.753706,True,,0.0800358,True,,0.0327345,True,,1.18342,True,,0.3302,True,,0.194851,True,,-0.307741,True,,,,
cand_024,actionable,[*:1]c1nnnn1[*:2],[*:1]NNc1nnnn1[*:2],azole_ring,hydrazo,linker,False,*NNc1nnnn1*||*c1nnnn1*,0.352717,357,357,2.45199,2.43486,5,0,False,False,0.693648,True,,-0.0171293,False,,0.030827,True,,1.06987,True,,0.381362,True,,0.276284,True,,-0.0595134,False,,,,
cand_024,actionable,[*:1]c1nnn([*:2])n1,[*:1]NNc1nnn([*:2])n1,azole_ring,hydrazo,linker,False,*NNc1nnn(*)n1||*c1nnn(*)n1,0.350426,329,329,2.37486,2.37486,6,0,False,False,0.713205,True,,0.0268665,True,,0.0205211,True,,1.08548,True,,0.323148,True,,0.205645,True,,-0.209807,True,,,,
cand_024,actionable,[*:1]c1nnnn1[*:2],[*:1]NNn1nnc([*:2])n1,azole_ring,hydrazo,linker,False,*NNn1nnc(*)n1||*c1nnnn1*,0.352662,318,318,2.24338,2.23116,5,0,False,False,0.681101,True,,-0.0122265,False,,0.0338148,True,,1.04967,True,,0.301504,True,,0.177294,True,,-0.248633,True,,,,
cand_024,actionable,[*:1]c1nnn([*:2])n1,[*:2]c1nnn(N[N+](=O)[O-])c1[*:1],azole_ring,nitramine,linker,False,*c1nnn(*)n1||*c1nnn(N[N+](=O)[O-])c1*,0.416782,335,335,1.85304,1.85304,6,0,False,False,0.0511008,True,,0.526783,True,,0.350804,True,,0.12756,True,,0.372822,True,,0.423975,True,,-0.409976,True,,,,
cand_024,actionable,[*:1]c1nnn([*:2])n1,[*:1]c1nnn(N[N+](=O)[O-])c1[*:2],azole_ring,nitramine,linker,False,*c1nnn(*)n1||*c1nnn(N[N+](=O)[O-])c1*,0.406666,404,404,1.5689,1.5689,6,0,False,False,0.0474787,True,,0.434563,True,,0.292453,True,,0.0733892,True,,0.333097,True,,0.387919,True,,-0.431373,True,,,,
cand_024,actionable,[*:1]c1nnnn1[*:2],[*:1]c1nnn(N[N+](=O)[O-])c1[*:2],azole_ring,nitramine,linker,False,*c1nnn(N[N+](=O)[O-])c1*||*c1nnnn1*,0.412549,385,385,1.50783,1.54167,4,0,False,False,0.0006166,False,,0.433216,True,,0.343985,True,,0.0332176,False,,0.340516,True,,0.390115,True,,-0.462432,True,,,,
cand_024,actionable,[*:2]c1nnnn1[*:1],[*:1]c1nnn(N[N+](=O)[O-])c1[*:2],azole_ring,nitramine,linker,False,*c1nnn(N[N+](=O)[O-])c1*||*c1nnnn1*,0.410514,341,341,1.33352,1.28057,4,0,False,False,-0.0166058,False,,0.396025,True,,0.315102,True,,-0.0363459,False,,0.285464,True,,0.336933,True,,-0.491826,True,,,,
cand_024,actionable,[*:1]n1nnc([N+](=O)[O-])n1,[*:1]n1nnnc1[N+](=O)[O-],nitro,nitro,scaffold,False,*n1nnc([N+](=O)[O-])n1||*n1nnnc1[N+](=O)[O-],0.396669,256,256,0.478722,0.484966,4,0,False,True,0.121016,True,4.44339,0.140866,True,16.573,0,False,0,0.191116,True,0.0118,0.0257241,True,0.0296455,0.00624426,False,0.279145,-0.133817,True,19.8986,,,
cand_024,actionable,[*:1]c1nnn([*:2])n1,[*:2]c1nnnn1[*:1],azole_ring,azole_ring,linker,False,*c1nnn(*)n1||*c1nnnn1*,0.257644,2457,2457,0.31729,0.31729,5,0,False,True,0.0573355,True,3.42557,0.0696148,True,12.7767,-2.41191e-19,False,0,0.100322,True,0.0091,0.0464741,True,0.0963977,0.0435433,True,1.10123,0.109291,True,80.0708,,,
cand_024,actionable,[*:1]c1nnn([*:2])n1,[*:1]c1nnnn1[*:2],azole_ring,azole_ring,linker,False,*c1nnn(*)n1||*c1nnnn1*,0.258151,2833,2833,0.304252,0.304252,5,0,False,True,0.0551249,True,3.42557,0.0662557,True,12.7767,0,False,0,0.0947991,True,0.0091,0.0449933,True,0.0963977,0.0430791,True,1.10123,0.118519,True,80.0708,,,
cand_024,actionable,[*:1]n1nnc([N+](=O)[O-])n1,[*:1]c1nnnn1[N+](=O)[O-],nitro,nitro,scaffold,False,*c1nnnn1[N+](=O)[O-]||*n1nnc([N+](=O)[O-])n1,0.397897,246,246,0.259307,0.259307,5,0,False,True,0.0483262,True,2.40775,0.0586571,True,8.98047,-0,False,0,0.075547,True,0.0064,0.0381836,True,0.16315,0.0385934,True,1.92331,0.106097,True,140.243,,,
cand_024,actionable,[*:1]c1nnnn1[*:2],[*:2]c1nnnn1[*:1],azole_ring,azole_ring,linker,False,*c1nnnn1*||*c1nnnn1*,0.258476,1293,1293,0.21802,0.21802,5,0,False,False,0.0300112,True,,0.0417528,True,,0,False,,0.057483,True,,0.0430979,True,,0.0456756,True,,-0.0465583,True,,,,
cand_024,actionable,[*:1]c1nnn([*:2])n1,[*:2]c1nnn([*:1])n1,azole_ring,azole_ring,linker,False,*c1nnn(*)n1||*c1nnn(*)n1,0.260615,1165,1165,0.0453822,0.0112472,2,0,False,False,-0.00809051,False,,-0.00850428,False,,0,False,,-0.0175402,False,,0.0185507,True,,0.0268315,True,,0.0700273,True,,,,
cand_025,actionable,[*:2]c1nnn([*:1])n1,[*:1]N=[N+]([O-])c1nnnn1[*:2],azole_ring,azoxy,linker,False,*N=[N+]([O-])c1nnnn1*||*c1nnn(*)n1,0.385657,203,203,7.54054,7.54054,6,0,False,False,1.28787,True,,1.32943,True,,0.81574,True,,1.80839,True,,1.1937,True,,1.10541,True,,0.0821143,False,,,,
cand_025,actionable,[*:2]c1nnn([*:1])n1,[*:1]N=[N+]([O-])n1nnnc1[*:2],azole_ring,azoxy,linker,False,*N=[N+]([O-])n1nnnc1*||*c1nnn(*)n1,0.389037,291,291,7.46166,7.46166,6,0,False,False,1.26928,True,,1.34087,True,,0.814976,True,,1.77747,True,,1.16995,True,,1.08911,True,,0.0386994,False,,,,
cand_025,actionable,[*:2]c1nnnn1[*:1],[*:1]N=[N+]([O-])n1nnnc1[*:2],azole_ring,azoxy,linker,False,*N=[N+]([O-])n1nnnc1*||*c1nnnn1*,0.392432,280,280,7.39917,7.39917,6,0,False,False,1.23564,True,,1.29928,True,,0.829576,True,,1.74442,True,,1.1854,True,,1.10485,True,,-0.100889,True,,,,
cand_025,actionable,[*:2]c1nnn([*:1])n1,[*:1]N=[N+]([O-])n1nnc([*:2])n1,azole_ring,azoxy,linker,False,*N=[N+]([O-])n1nnc(*)n1||*c1nnn(*)n1,0.387464,272,272,7.25484,7.25484,6,0,False,False,1.24191,True,,1.27006,True,,0.792996,True,,1.73676,True,,1.14376,True,,1.06936,True,,-0.0477761,False,,,,
cand_025,actionable,[*:2]c1nnnn1[*:1],[*:1]N=[N+]([O-])c1nnnn1[*:2],azole_ring,azoxy,linker,False,*N=[N+]([O-])c1nnnn1*||*c1nnnn1*,0.380296,193,193,7.18294,7.18294,6,0,False,False,1.23795,True,,1.23659,True,,0.790892,True,,1.68949,True,,1.14851,True,,1.0795,True,,-0.171171,True,,,,
cand_025,actionable,[*:1]c1nnn([*:2])n1,[*:1]n1nnnc1N=[N+]([*:2])[O-],azole_ring,azoxy,linker,False,*c1nnn(*)n1||*n1nnnc1N=[N+](*)[O-],0.390172,133,133,7.1687,7.1687,6,0,False,False,1.19903,True,,1.22133,True,,0.836397,True,,1.61404,True,,1.17979,True,,1.11811,True,,0.382541,True,,,,
cand_025,actionable,[*:2]c1nnnn1[*:1],[*:1]N=[N+]([O-])n1nnc([*:2])n1,azole_ring,azoxy,linker,False,*N=[N+]([O-])n1nnc(*)n1||*c1nnnn1*,0.386847,275,275,7.07244,7.07244,6,0,False,False,1.19325,True,,1.21169,True,,0.802861,True,,1.64893,True,,1.14311,True,,1.07258,True,,-0.0690075,False,,,,
cand_025,actionable,[*:1]c1nnnn1[*:2],[*:1]c1nnnn1N=[N+]([*:2])[O-],azole_ring,azoxy,linker,False,*c1nnnn1*||*c1nnnn1N=[N+](*)[O-],0.384684,108,108,7.02768,7.02768,6,0,False,False,1.18176,True,,1.14919,True,,0.79885,True,,1.54468,True,,1.1966,True,,1.1566,True,,0.219111,True,,,,
cand_025,actionable,[*:1]c1nnn([*:2])n1,[*:1]c1nnnn1N=[N+]([*:2])[O-],azole_ring,azoxy,linker,False,*c1nnn(*)n1||*c1nnnn1N=[N+](*)[O-],0.380492,118,118,6.98405,6.98405,6,0,False,False,1.23245,True,,1.15049,True,,0.745411,True,,1.5874,True,,1.15025,True,,1.11805,True,,0.295224,True,,,,
cand_025,actionable,[*:1]c1nnnn1[*:2],[*:2]n1nnnc1N=[N+]([*:1])[O-],azole_ring,azoxy,linker,False,*c1nnnn1*||*n1nnnc1N=[N+](*)[O-],0.387609,122,122,6.97978,6.97978,6,0,False,False,1.16054,True,,1.17138,True,,0.834346,True,,1.60279,True,,1.14116,True,,1.06956,True,,0.160271,True,,,,
cand_025,actionable,[*:1]c1nnn([*:2])n1,[*:2]n1nnnc1N=[N+]([*:1])[O-],azole_ring,azoxy,linker,False,*c1nnn(*)n1||*n1nnnc1N=[N+](*)[O-],0.386228,129,129,6.9305,6.9305,6,0,False,False,1.22164,True,,1.20336,True,,0.791447,True,,1.6175,True,,1.07891,True,,1.01764,True,,0.0905416,False,,,,
cand_025,actionable,[*:1]c1nnnn1[*:2],[*:1]n1nnnc1N=[N+]([*:2])[O-],azole_ring,azoxy,linker,False,*c1nnnn1*||*n1nnnc1N=[N+](*)[O-],0.381342,140,140,6.77105,6.77105,6,0,False,False,1.13232,True,,1.07776,True,,0.793782,True,,1.46168,True,,1.16784,True,,1.13768,True,,0.300078,True,,,,
cand_025,actionable,[*:1]c1nnnn1[*:2],[*:1]n1nnc(N=[N+]([*:2])[O-])n1,azole_ring,azoxy,linker,False,*c1nnnn1*||*n1nnc(N=[N+](*)[O-])n1,0.382376,243,243,6.74472,6.74472,6,0,False,False,1.09841,True,,1.08922,True,,0.804593,True,,1.45168,True,,1.16528,True,,1.13554,True,,0.218252,True,,,,
cand_025,actionable,[*:1]c1nnn([*:2])n1,[*:1]n1nnc(N=[N+]([*:2])[O-])n1,azole_ring,azoxy,linker,False,*c1nnn(*)n1||*n1nnc(N=[N+](*)[O-])n1,0.378153,238,238,6.70442,6.70442,6,0,False,False,1.15867,True,,1.11382,True,,0.761466,True,,1.49629,True,,1.10497,True,,1.0692,True,,0.243363,True,,,,
cand_025,actionable,[*:1]c1nnn([*:2])n1,[*:1]N=[N+]([O-])c1nnnn1[*:2],azole_ring,azoxy,linker,False,*N=[N+]([O-])c1nnnn1*||*c1nnn(*)n1,0.38408,193,193,6.2752,6.2752,6,0,False,False,1.05157,True,,1.02736,True,,0.803237,True,,1.38052,True,,1.03234,True,,0.980179,True,,-0.0531092,False,,,,
cand_025,actionable,[*:1]c1nnnn1[*:2],[*:1]N=[N+]([O-])c1nnnn1[*:2],azole_ring,azoxy,linker,False,*N=[N+]([O-])c1nnnn1*||*c1nnnn1*,0.387444,216,216,6.14634,6.14634,6,0,False,False,1.0166,True,,0.992261,True,,0.829325,True,,1.31178,True,,1.02557,True,,0.970802,True,,0.00583282,False,,,,
cand_025,actionable,[*:1]c1nnn([*:2])n1,[*:2]n1nnc(N=[N+]([*:1])[O-])n1,azole_ring,azoxy,linker,False,*c1nnn(*)n1||*n1nnc(N=[N+](*)[O-])n1,0.383262,245,245,6.12532,6.12532,6,0,False,False,1.05729,True,,0.968287,True,,0.765806,True,,1.33239,True,,1.01607,True,,0.985474,True,,-0.000412203,False,,,,
cand_025,actionable,[*:1]c1nnn([*:2])n1,[*:1]N=[N+]([O-])n1nnnc1[*:2],azole_ring,azoxy,linker,False,*N=[N+]([O-])n1nnnc1*||*c1nnn(*)n1,0.382236,241,241,6.08289,6.08289,6,0,False,False,1.03381,True,,0.991957,True,,0.801599,True,,1.30846,True,,0.998561,True,,0.948499,True,,0.0401082,False,,,,
cand_025,actionable,[*:1]c1nnnn1[*:2],[*:2]n1nnc(N=[N+]([*:1])[O-])n1,azole_ring,azoxy,linker,False,*c1nnnn1*||*n1nnc(N=[N+](*)[O-])n1,0.381536,249,249,5.94401,5.94401,6,0,False,False,0.991857,True,,0.919359,True,,0.786746,True,,1.22979,True,,1.0227,True,,0.99356,True,,0.189938,True,,,,
cand_025,actionable,[*:1]c1nnnn1[*:2],[*:1]N=[N+]([O-])n1nnnc1[*:2],azole_ring,azoxy,linker,False,*N=[N+]([O-])n1nnnc1*||*c1nnnn1*,0.386172,229,229,5.94241,5.94241,6,0,False,False,1.01177,True,,0.953617,True,,0.810754,True,,1.25172,True,,0.978768,True,,0.935784,True,,-0.0654356,False,,,,
cand_025,actionable,[*:1]c1nnnn1[*:2],[*:1]N=[N+]([O-])n1nnc([*:2])n1,azole_ring,azoxy,linker,False,*N=[N+]([O-])n1nnc(*)n1||*c1nnnn1*,0.383065,259,259,5.90937,5.90937,6,0,False,False,0.973511,True,,0.966867,True,,0.837706,True,,1.25181,True,,0.973185,True,,0.906291,True,,-0.132316,True,,,,
cand_025,actionable,[*:1]c1nnn([*:2])n1,[*:1]N=[N+]([O-])n1nnc([*:2])n1,azole_ring,azoxy,linker,False,*N=[N+]([O-])n1nnc(*)n1||*c1nnn(*)n1,0.381099,247,247,5.7921,5.7921,6,0,False,False,1.00262,True,,0.913101,True,,0.784638,True,,1.22695,True,,0.953992,True,,0.910809,True,,-0.0867995,False,,,,
cand_025,actionable,[*:2]c1nnn([*:1])n1,[*:1]N=Nc1nnnn1[*:2],azole_ring,azo,linker,False,*N=Nc1nnnn1*||*c1nnn(*)n1,0.355184,346,346,4.91008,4.91008,6,0,False,False,1.36786,True,,0.775218,True,,0.348896,True,,1.25446,True,,0.632322,True,,0.531322,True,,0.293685,True,,,,
cand_025,actionable,[*:2]c1nnnn1[*:1],[*:1]N=Nc1nnnn1[*:2],azole_ring,azo,linker,False,*N=Nc1nnnn1*||*c1nnnn1*,0.355949,350,350,4.82301,4.82301,6,0,False,False,1.32338,True,,0.730511,True,,0.358726,True,,1.1928,True,,0.655076,True,,0.562518,True,,0.123372,True,,,,
cand_025,actionable,[*:2]c1nnn([*:1])n1,[*:1]N=Nn1nnnc1[*:2],azole_ring,azo,linker,False,*N=Nn1nnnc1*||*c1nnn(*)n1,0.362383,398,398,4.67606,4.67606,6,0,False,False,1.27323,True,,0.697424,True,,0.363967,True,,1.14483,True,,0.646189,True,,0.550421,True,,0.275734,True,,,,
cand_025,actionable,[*:2]c1nnn([*:1])n1,[*:1]N=Nc1nnn([*:2])n1,azole_ring,azo,linker,False,*N=Nc1nnn(*)n1||*c1nnn(*)n1,0.356223,332,332,4.60116,4.60116,6,0,False,False,1.30023,True,,0.69689,True,,0.345385,True,,1.15463,True,,0.599149,True,,0.504875,True,,0.208527,True,,,,
cand_025,actionable,[*:2]c1nnnn1[*:1],[*:1]N=Nc1nnn([*:2])n1,azole_ring,azo,linker,False,*N=Nc1nnn(*)n1||*c1nnnn1*,0.35656,356,356,4.40896,4.40896,6,0,False,False,1.26223,True,,0.639687,True,,0.340861,True,,1.06383,True,,0.590047,True,,0.512296,True,,0.111891,True,,,,
cand_025,actionable,[*:2]c1nnnn1[*:1],[*:1]N=Nn1nnnc1[*:2],azole_ring,azo,linker,False,*N=Nn1nnnc1*||*c1nnnn1*,0.356653,386,386,4.35206,4.35206,6,0,False,False,1.23532,True,,0.615186,True,,0.330104,True,,1.0263,True,,0.60749,True,,0.537659,True,,0.166134,True,,,,
cand_025,actionable,[*:1]c1nnn([*:2])n1,[*:1]N=Nc1nnnn1[*:2],azole_ring,azo,linker,False,*N=Nc1nnnn1*||*c1nnn(*)n1,0.358491,342,342,4.22356,4.22356,6,0,False,False,1.24148,True,,0.622072,True,,0.350247,True,,1.03701,True,,0.531948,True,,0.44081,True,,0.143936,True,,,,
cand_025,actionable,[*:2]c1nnn([*:1])n1,[*:1]N=Nn1nnc([*:2])n1,azole_ring,azo,linker,False,*N=Nn1nnc(*)n1||*c1nnn(*)n1,0.35839,393,393,4.1863,4.1863,6,0,False,False,1.20702,True,,0.602688,True,,0.344701,True,,1.01106,True,,0.554789,True,,0.466045,True,,0.100027,True,,,,
cand_025,actionable,[*:1]c1nnn([*:2])n1,[*:1]N=Nn1nnnc1[*:2],azole_ring,azo,linker,False,*N=Nn1nnnc1*||*c1nnn(*)n1,0.360747,334,334,3.99535,3.99535,6,0,False,False,1.16569,True,,0.546554,True,,0.362638,True,,0.942865,True,,0.534815,True,,0.442787,True,,0.111146,True,,,,
cand_025,actionable,[*:2]c1nnn([*:1])n1,[*:1]NNn1nnnc1[*:2],azole_ring,hydrazo,linker,False,*NNn1nnnc1*||*c1nnn(*)n1,0.363514,386,386,3.9581,3.9581,6,0,False,False,0.938024,True,,0.350252,True,,0.0500214,True,,1.58906,True,,0.588806,True,,0.441934,True,,0.179119,True,,,,
cand_025,actionable,[*:2]c1nnnn1[*:1],[*:1]N=Nn1nnc([*:2])n1,azole_ring,azo,linker,False,*N=Nn1nnc(*)n1||*c1nnnn1*,0.355887,402,402,3.93208,3.93208,6,0,False,False,1.17085,True,,0.536145,True,,0.333633,True,,0.916776,True,,0.52508,True,,0.449589,True,,-0.0634601,False,,,,
cand_025,actionable,[*:1]c1nnn([*:2])n1,[*:1]N=Nc1nnn([*:2])n1,azole_ring,azo,linker,False,*N=Nc1nnn(*)n1||*c1nnn(*)n1,0.359132,350,350,3.90856,3.90856,6,0,False,False,1.18334,True,,0.547374,True,,0.349104,True,,0.932112,True,,0.490401,True,,0.406235,True,,0.040073,False,,,,
cand_025,actionable,[*:1]c1nnnn1[*:2],[*:1]N=Nc1nnnn1[*:2],azole_ring,azo,linker,False,*N=Nc1nnnn1*||*c1nnnn1*,0.351097,336,336,3.75447,3.75447,6,0,False,False,1.17631,True,,0.503957,True,,0.330506,True,,0.868255,True,,0.473577,True,,0.401863,True,,0.159668,True,,,,
cand_025,actionable,[*:2]c1nnnn1[*:1],[*:1]NNn1nnnc1[*:2],azole_ring,hydrazo,linker,False,*NNn1nnnc1*||*c1nnnn1*,0.35995,369,369,3.64902,3.64902,6,0,False,False,0.89669,True,,0.272185,True,,0.0281111,True,,1.47287,True,,0.55144,True,,0.42772,True,,0.0963791,True,,,,
cand_025,actionable,[*:1]c1nnnn1[*:2],[*:1]N=Nc1nnn([*:2])n1,azole_ring,azo,linker,False,*N=Nc1nnn(*)n1||*c1nnnn1*,0.356667,329,329,3.62297,3.62297,6,0,False,False,1.12524,True,,0.47018,True,,0.353315,True,,0.823885,True,,0.464077,True,,0.38627,True,,0.0930074,True,,,,
cand_025,actionable,[*:2]c1nnn([*:1])n1,[*:1]NNc1nnnn1[*:2],azole_ring,hydrazo,linker,False,*NNc1nnnn1*||*c1nnn(*)n1,0.353325,340,340,3.53394,3.53394,6,0,False,False,0.88454,True,,0.238912,True,,0.0334778,True,,1.43352,True,,0.53368,True,,0.40981,True,,0.0617399,False,,,,
cand_025,actionable,[*:1]c1nnnn1[*:2],[*:1]N=Nn1nnnc1[*:2],azole_ring,azo,linker,False,*N=Nn1nnnc1*||*c1nnnn1*,0.354557,319,319,3.49741,3.49741,6,0,False,False,1.09274,True,,0.42757,True,,0.346433,True,,0.758009,True,,0.470057,True,,0.402601,True,,0.219847,True,,,,
cand_025,actionable,[*:2]c1nnn([*:1])n1,[*:1]NNn1nnc([*:2])n1,azole_ring,hydrazo,linker,False,*NNn1nnc(*)n1||*c1nnn(*)n1,0.360374,429,429,3.41725,3.41725,6,0,False,False,0.86855,True,,0.257969,True,,0.0453302,True,,1.43395,True,,0.479044,True,,0.332408,True,,-0.203337,True,,,,
cand_025,actionable,[*:2]c1nnnn1[*:1],[*:1]NNc1nnnn1[*:2],azole_ring,hydrazo,linker,False,*NNc1nnnn1*||*c1nnnn1*,0.357605,308,308,3.39303,3.39303,6,0,False,False,0.844118,True,,0.200872,True,,0.0369562,True,,1.37573,True,,0.528407,True,,0.406946,True,,-0.0578213,False,,,,
cand_025,actionable,[*:2]c1nnn([*:1])n1,[*:1]NNc1nnn([*:2])n1,azole_ring,hydrazo,linker,False,*NNc1nnn(*)n1||*c1nnn(*)n1,0.357457,302,302,3.29623,3.29623,6,0,False,False,0.845114,True,,0.211921,True,,0.0430512,True,,1.37479,True,,0.47719,True,,0.344168,True,,0.0342877,False,,,,
cand_025,actionable,[*:1]c1nnn([*:2])n1,[*:1]N=Nn1nnc([*:2])n1,azole_ring,azo,linker,False,*N=Nn1nnc(*)n1||*c1nnn(*)n1,0.355385,330,330,3.29485,3.29485,6,0,False,False,1.08009,True,,0.405756,True,,0.332178,True,,0.731677,True,,0.409408,True,,0.335746,True,,-0.179887,True,,,,
cand_025,actionable,[*:2]c1nnnn1[*:1],[*:1]NNn1nnc([*:2])n1,azole_ring,hydrazo,linker,False,*NNn1nnc(*)n1||*c1nnnn1*,0.361736,393,393,3.28999,3.28999,6,0,False,False,0.833756,True,,0.207705,True,,0.0440876,True,,1.38185,True,,0.481115,True,,0.341475,True,,-0.243635,True,,,,
cand_025,actionable,[*:1]c1nnn([*:2])n1,[*:1]NNn1nnnc1[*:2],azole_ring,hydrazo,linker,False,*NNn1nnnc1*||*c1nnn(*)n1,0.357043,365,365,3.13594,3.13594,6,0,False,False,0.826481,True,,0.183081,True,,0.0505623,True,,1.33815,True,,0.438654,True,,0.299012,True,,-0.0474263,False,,,,
cand_025,actionable,[*:1]c1nnnn1[*:2],[*:1]N=Nn1nnc([*:2])n1,azole_ring,azo,linker,False,*N=Nn1nnc(*)n1||*c1nnnn1*,0.351134,325,325,3.02894,3.02894,6,0,False,False,1.03313,True,,0.332837,True,,0.326176,True,,0.62886,True,,0.384432,True,,0.323499,True,,0.0338713,False,,,,
cand_025,actionable,[*:2]c1nnnn1[*:1],[*:1]NNc1nnn([*:2])n1,azole_ring,hydrazo,linker,False,*NNc1nnn(*)n1||*c1nnnn1*,0.354073,326,326,2.92851,2.92851,6,0,False,False,0.787273,True,,0.125173,True,,0.0243631,True,,1.22938,True,,0.436184,True,,0.326137,True,,-0.0216373,False,,,,
cand_025,actionable,[*:1]c1nnnn1[*:2],[*:1]NNn1nnnc1[*:2],azole_ring,hydrazo,linker,False,*NNn1nnnc1*||*c1nnnn1*,0.353396,307,307,2.84277,2.84277,6,0,False,False,0.765018,True,,0.0848097,True,,0.0448634,True,,1.22263,True,,0.42504,True,,0.30041,True,,-0.0312679,False,,,,
cand_025,actionable,[*:1]c1nnn([*:2])n1,[*:1]NNc1nnnn1[*:2],azole_ring,hydrazo,linker,False,*NNc1nnnn1*||*c1nnn(*)n1,0.356148,336,336,2.73736,2.73736,6,0,False,False,0.743623,True,,0.0703049,True,,0.0427286,True,,1.17605,True,,0.412791,True,,0.291862,True,,-0.0271239,False,,,,
cand_025,actionable,[*:1]c1nnn([*:2])n1,[*:1]NNn1nnc([*:2])n1,azole_ring,hydrazo,linker,False,*NNn1nnc(*)n1||*c1nnn(*)n1,0.354712,335,335,2.57495,2.57495,6,0,False,False,0.753706,True,,0.0800358,True,,0.0327345,True,,1.18342,True,,0.3302,True,,0.194851,True,,-0.307741,True,,,,
cand_025,actionable,[*:1]c1nnnn1[*:2],[*:1]NNc1nnnn1[*:2],azole_ring,hydrazo,linker,False,*NNc1nnnn1*||*c1nnnn1*,0.352717,357,357,2.45199,2.43486,5,0,False,False,0.693648,True,,-0.0171293,False,,0.030827,True,,1.06987,True,,0.381362,True,,0.276284,True,,-0.0595134,False,,,,
cand_025,actionable,[*:1]c1nnn([*:2])n1,[*:1]NNc1nnn([*:2])n1,azole_ring,hydrazo,linker,False,*NNc1nnn(*)n1||*c1nnn(*)n1,0.350426,329,329,2.37486,2.37486,6,0,False,False,0.713205,True,,0.0268665,True,,0.0205211,True,,1.08548,True,,0.323148,True,,0.205645,True,,-0.209807,True,,,,
cand_025,actionable,[*:1]c1nnnn1[*:2],[*:1]NNn1nnc([*:2])n1,azole_ring,hydrazo,linker,False,*NNn1nnc(*)n1||*c1nnnn1*,0.352662,318,318,2.24338,2.23116,5,0,False,False,0.681101,True,,-0.0122265,False,,0.0338148,True,,1.04967,True,,0.301504,True,,0.177294,True,,-0.248633,True,,,,
cand_025,actionable,[*:1]c1nnn([*:2])n1,[*:2]c1nnn(N[N+](=O)[O-])c1[*:1],azole_ring,nitramine,linker,False,*c1nnn(*)n1||*c1nnn(N[N+](=O)[O-])c1*,0.416782,335,335,1.85304,1.85304,6,0,False,False,0.0511008,True,,0.526783,True,,0.350804,True,,0.12756,True,,0.372822,True,,0.423975,True,,-0.409976,True,,,,
cand_025,actionable,[*:1]c1nnn([*:2])n1,[*:1]c1nnn(N[N+](=O)[O-])c1[*:2],azole_ring,nitramine,linker,False,*c1nnn(*)n1||*c1nnn(N[N+](=O)[O-])c1*,0.406666,404,404,1.5689,1.5689,6,0,False,False,0.0474787,True,,0.434563,True,,0.292453,True,,0.0733892,True,,0.333097,True,,0.387919,True,,-0.431373,True,,,,
cand_025,actionable,[*:1]c1nnnn1[*:2],[*:1]c1nnn(N[N+](=O)[O-])c1[*:2],azole_ring,nitramine,linker,False,*c1nnn(N[N+](=O)[O-])c1*||*c1nnnn1*,0.412549,385,385,1.50783,1.54167,4,0,False,False,0.0006166,False,,0.433216,True,,0.343985,True,,0.0332176,False,,0.340516,True,,0.390115,True,,-0.462432,True,,,,
cand_025,actionable,[*:2]c1nnnn1[*:1],[*:1]c1nnn(N[N+](=O)[O-])c1[*:2],azole_ring,nitramine,linker,False,*c1nnn(N[N+](=O)[O-])c1*||*c1nnnn1*,0.410514,341,341,1.33352,1.28057,4,0,False,False,-0.0166058,False,,0.396025,True,,0.315102,True,,-0.0363459,False,,0.285464,True,,0.336933,True,,-0.491826,True,,,,
cand_025,actionable,[*:1]n1nnc(N[N+](=O)[O-])n1,[*:1]c1nnnn1N[N+](=O)[O-],nitramine,nitramine,scaffold,False,*c1nnnn1N[N+](=O)[O-]||*n1nnc(N[N+](=O)[O-])n1,0.42612,240,240,0.621843,0.621843,5,0,False,True,0.143001,True,3.67909,0.160883,True,12.9943,-0,False,0,0.222531,True,0.0096,0.0552503,True,0.076952,0.0401777,True,0.862096,0.0290161,False,-14.8883,,,
cand_025,actionable,[*:1]Nc1nnn([*:2])n1,[*:1]Nn1nnnc1[*:2],azole_ring,azole_ring,linker,False,*Nc1nnn(*)n1||*Nn1nnnc1*,0.296781,590,590,0.586504,0.586504,5,0,False,True,0.112857,True,3.67909,0.133311,True,12.9943,-1.00442e-18,False,0,0.194414,True,0.0096,0.0770241,True,0.076952,0.068899,True,0.862096,0.0758934,True,-14.8883,,,
cand_025,actionable,[*:1]n1nnc(N[N+](=O)[O-])n1,[*:1]c1nnn(N[N+](=O)[O-])n1,nitramine,nitramine,scaffold,False,*c1nnn(N[N+](=O)[O-])n1||*n1nnc(N[N+](=O)[O-])n1,0.419189,217,217,0.414518,0.414518,5,0,False,False,0.0942139,True,,0.106322,True,,-0,False,,0.146046,True,,0.0382935,True,,0.0296424,True,,-0.00943077,False,,,,
cand_025,actionable,[*:1]n1nnc(N[N+](=O)[O-])n1,[*:1]n1nnnc1N[N+](=O)[O-],nitramine,nitramine,scaffold,False,*n1nnc(N[N+](=O)[O-])n1||*n1nnnc1N[N+](=O)[O-],0.421025,263,263,0.384195,0.384195,5,0,False,True,0.05792,True,3.58998,0.0632786,True,12.6796,0,False,0,0.0885686,True,0.0093,0.0797586,True,-0.00480488,0.0946692,True,-0.115526,0.157912,True,-3.3546,,,
cand_025,actionable,[*:1]Nc1nnn([*:2])n1,[*:1]Nc1nnnn1[*:2],azole_ring,azole_ring,linker,False,*Nc1nnn(*)n1||*Nc1nnnn1*,0.296477,606,606,0.357168,0.357168,5,0,False,True,0.0518527,True,3.58998,0.0596833,True,12.6796,0,False,0,0.088328,True,0.0093,0.0743302,True,-0.00480488,0.082974,True,-0.115526,0.152069,True,-3.3546,,,
cand_025,actionable,[*:1]c1nnn([*:2])n1,[*:2]c1nnnn1[*:1],azole_ring,azole_ring,linker,False,*c1nnn(*)n1||*c1nnnn1*,0.257644,2457,2457,0.31729,0.31729,5,0,False,True,0.0573355,True,3.63454,0.0696148,True,12.837,-2.41191e-19,False,0,0.100322,True,0.00945,0.0464741,True,0.0360736,0.0435433,True,0.373285,0.109291,True,-9.12145,,,
cand_025,actionable,[*:1]Nc1nnn([*:2])n1,[*:1]Nn1nnc([*:2])n1,azole_ring,azole_ring,linker,False,*Nc1nnn(*)n1||*Nn1nnc(*)n1,0.294748,550,550,0.313818,0.313818,5,0,False,False,0.0666932,True,,0.0817783,True,,0,False,,0.121744,True,,0.0272393,True,,0.016363,True,,-0.116371,True,,,,
cand_025,actionable,[*:1]c1nnn([*:2])n1,[*:1]c1nnnn1[*:2],azole_ring,azole_ring,linker,False,*c1nnn(*)n1||*c1nnnn1*,0.258151,2833,2833,0.304252,0.304252,5,0,False,True,0.0551249,True,3.63454,0.0662557,True,12.837,0,False,0,0.0947991,True,0.00945,0.0449933,True,0.0360736,0.0430791,True,0.373285,0.118519,True,-9.12145,,,
cand_025,actionable,[*:1]c1nnnn1[*:2],[*:2]c1nnnn1[*:1],azole_ring,azole_ring,linker,False,*c1nnnn1*||*c1nnnn1*,0.258476,1293,1293,0.21802,0.21802,5,0,False,False,0.0300112,True,,0.0417528,True,,0,False,,0.057483,True,,0.0430979,True,,0.0456756,True,,-0.0465583,True,,,,
cand_025,actionable,[*:1]c1nnn([*:2])n1,[*:2]c1nnn([*:1])n1,azole_ring,azole_ring,linker,False,*c1nnn(*)n1||*c1nnn(*)n1,0.260615,1165,1165,0.0453822,0.0112472,2,0,False,False,-0.00809051,False,,-0.00850428,False,,0,False,,-0.0175402,False,,0.0185507,True,,0.0268315,True,,0.0700273,True,,,,
cand_026,actionable,[*:2]c1nnn([*:1])n1,[*:1]N=[N+]([O-])c1nnnn1[*:2],azole_ring,azoxy,linker,False,*N=[N+]([O-])c1nnnn1*||*c1nnn(*)n1,0.385657,203,203,7.54054,7.54054,6,0,False,False,1.28787,True,,1.32943,True,,0.81574,True,,1.80839,True,,1.1937,True,,1.10541,True,,0.0821143,False,,,,
cand_026,actionable,[*:2]c1nnn([*:1])n1,[*:1]N=[N+]([O-])n1nnnc1[*:2],azole_ring,azoxy,linker,False,*N=[N+]([O-])n1nnnc1*||*c1nnn(*)n1,0.389037,291,291,7.46166,7.46166,6,0,False,False,1.26928,True,,1.34087,True,,0.814976,True,,1.77747,True,,1.16995,True,,1.08911,True,,0.0386994,False,,,,
cand_026,actionable,[*:2]c1nnnn1[*:1],[*:1]N=[N+]([O-])n1nnnc1[*:2],azole_ring,azoxy,linker,False,*N=[N+]([O-])n1nnnc1*||*c1nnnn1*,0.392432,280,280,7.39917,7.39917,6,0,False,False,1.23564,True,,1.29928,True,,0.829576,True,,1.74442,True,,1.1854,True,,1.10485,True,,-0.100889,True,,,,
cand_026,actionable,[*:2]c1nnn([*:1])n1,[*:1]N=[N+]([O-])n1nnc([*:2])n1,azole_ring,azoxy,linker,False,*N=[N+]([O-])n1nnc(*)n1||*c1nnn(*)n1,0.387464,272,272,7.25484,7.25484,6,0,False,False,1.24191,True,,1.27006,True,,0.792996,True,,1.73676,True,,1.14376,True,,1.06936,True,,-0.0477761,False,,,,
cand_026,actionable,[*:2]c1nnnn1[*:1],[*:1]N=[N+]([O-])c1nnnn1[*:2],azole_ring,azoxy,linker,False,*N=[N+]([O-])c1nnnn1*||*c1nnnn1*,0.380296,193,193,7.18294,7.18294,6,0,False,False,1.23795,True,,1.23659,True,,0.790892,True,,1.68949,True,,1.14851,True,,1.0795,True,,-0.171171,True,,,,
cand_026,actionable,[*:1]c1nnn([*:2])n1,[*:1]n1nnnc1N=[N+]([*:2])[O-],azole_ring,azoxy,linker,False,*c1nnn(*)n1||*n1nnnc1N=[N+](*)[O-],0.390172,133,133,7.1687,7.1687,6,0,False,False,1.19903,True,,1.22133,True,,0.836397,True,,1.61404,True,,1.17979,True,,1.11811,True,,0.382541,True,,,,
cand_026,actionable,[*:2]c1nnnn1[*:1],[*:1]N=[N+]([O-])n1nnc([*:2])n1,azole_ring,azoxy,linker,False,*N=[N+]([O-])n1nnc(*)n1||*c1nnnn1*,0.386847,275,275,7.07244,7.07244,6,0,False,False,1.19325,True,,1.21169,True,,0.802861,True,,1.64893,True,,1.14311,True,,1.07258,True,,-0.0690075,False,,,,
cand_026,actionable,[*:1]c1nnnn1[*:2],[*:1]c1nnnn1N=[N+]([*:2])[O-],azole_ring,azoxy,linker,False,*c1nnnn1*||*c1nnnn1N=[N+](*)[O-],0.384684,108,108,7.02768,7.02768,6,0,False,False,1.18176,True,,1.14919,True,,0.79885,True,,1.54468,True,,1.1966,True,,1.1566,True,,0.219111,True,,,,
cand_026,actionable,[*:1]c1nnn([*:2])n1,[*:1]c1nnnn1N=[N+]([*:2])[O-],azole_ring,azoxy,linker,False,*c1nnn(*)n1||*c1nnnn1N=[N+](*)[O-],0.380492,118,118,6.98405,6.98405,6,0,False,False,1.23245,True,,1.15049,True,,0.745411,True,,1.5874,True,,1.15025,True,,1.11805,True,,0.295224,True,,,,
cand_026,actionable,[*:1]c1nnnn1[*:2],[*:2]n1nnnc1N=[N+]([*:1])[O-],azole_ring,azoxy,linker,False,*c1nnnn1*||*n1nnnc1N=[N+](*)[O-],0.387609,122,122,6.97978,6.97978,6,0,False,False,1.16054,True,,1.17138,True,,0.834346,True,,1.60279,True,,1.14116,True,,1.06956,True,,0.160271,True,,,,
cand_026,actionable,[*:1]c1nnn([*:2])n1,[*:2]n1nnnc1N=[N+]([*:1])[O-],azole_ring,azoxy,linker,False,*c1nnn(*)n1||*n1nnnc1N=[N+](*)[O-],0.386228,129,129,6.9305,6.9305,6,0,False,False,1.22164,True,,1.20336,True,,0.791447,True,,1.6175,True,,1.07891,True,,1.01764,True,,0.0905416,False,,,,
cand_026,actionable,[*:1]c1nnnn1[*:2],[*:1]n1nnnc1N=[N+]([*:2])[O-],azole_ring,azoxy,linker,False,*c1nnnn1*||*n1nnnc1N=[N+](*)[O-],0.381342,140,140,6.77105,6.77105,6,0,False,False,1.13232,True,,1.07776,True,,0.793782,True,,1.46168,True,,1.16784,True,,1.13768,True,,0.300078,True,,,,
cand_026,actionable,[*:1]c1nnnn1[*:2],[*:1]n1nnc(N=[N+]([*:2])[O-])n1,azole_ring,azoxy,linker,False,*c1nnnn1*||*n1nnc(N=[N+](*)[O-])n1,0.382376,243,243,6.74472,6.74472,6,0,False,False,1.09841,True,,1.08922,True,,0.804593,True,,1.45168,True,,1.16528,True,,1.13554,True,,0.218252,True,,,,
cand_026,actionable,[*:1]c1nnn([*:2])n1,[*:1]n1nnc(N=[N+]([*:2])[O-])n1,azole_ring,azoxy,linker,False,*c1nnn(*)n1||*n1nnc(N=[N+](*)[O-])n1,0.378153,238,238,6.70442,6.70442,6,0,False,False,1.15867,True,,1.11382,True,,0.761466,True,,1.49629,True,,1.10497,True,,1.0692,True,,0.243363,True,,,,
cand_026,actionable,[*:1]c1nnn([*:2])n1,[*:1]N=[N+]([O-])c1nnnn1[*:2],azole_ring,azoxy,linker,False,*N=[N+]([O-])c1nnnn1*||*c1nnn(*)n1,0.38408,193,193,6.2752,6.2752,6,0,False,False,1.05157,True,,1.02736,True,,0.803237,True,,1.38052,True,,1.03234,True,,0.980179,True,,-0.0531092,False,,,,
cand_026,actionable,[*:1]c1nnnn1[*:2],[*:1]N=[N+]([O-])c1nnnn1[*:2],azole_ring,azoxy,linker,False,*N=[N+]([O-])c1nnnn1*||*c1nnnn1*,0.387444,216,216,6.14634,6.14634,6,0,False,False,1.0166,True,,0.992261,True,,0.829325,True,,1.31178,True,,1.02557,True,,0.970802,True,,0.00583282,False,,,,
cand_026,actionable,[*:1]c1nnn([*:2])n1,[*:2]n1nnc(N=[N+]([*:1])[O-])n1,azole_ring,azoxy,linker,False,*c1nnn(*)n1||*n1nnc(N=[N+](*)[O-])n1,0.383262,245,245,6.12532,6.12532,6,0,False,False,1.05729,True,,0.968287,True,,0.765806,True,,1.33239,True,,1.01607,True,,0.985474,True,,-0.000412203,False,,,,
cand_026,actionable,[*:1]c1nnn([*:2])n1,[*:1]N=[N+]([O-])n1nnnc1[*:2],azole_ring,azoxy,linker,False,*N=[N+]([O-])n1nnnc1*||*c1nnn(*)n1,0.382236,241,241,6.08289,6.08289,6,0,False,False,1.03381,True,,0.991957,True,,0.801599,True,,1.30846,True,,0.998561,True,,0.948499,True,,0.0401082,False,,,,
cand_026,actionable,[*:1]c1nnnn1[*:2],[*:2]n1nnc(N=[N+]([*:1])[O-])n1,azole_ring,azoxy,linker,False,*c1nnnn1*||*n1nnc(N=[N+](*)[O-])n1,0.381536,249,249,5.94401,5.94401,6,0,False,False,0.991857,True,,0.919359,True,,0.786746,True,,1.22979,True,,1.0227,True,,0.99356,True,,0.189938,True,,,,
cand_026,actionable,[*:1]c1nnnn1[*:2],[*:1]N=[N+]([O-])n1nnnc1[*:2],azole_ring,azoxy,linker,False,*N=[N+]([O-])n1nnnc1*||*c1nnnn1*,0.386172,229,229,5.94241,5.94241,6,0,False,False,1.01177,True,,0.953617,True,,0.810754,True,,1.25172,True,,0.978768,True,,0.935784,True,,-0.0654356,False,,,,
cand_026,actionable,[*:1]c1nnnn1[*:2],[*:1]N=[N+]([O-])n1nnc([*:2])n1,azole_ring,azoxy,linker,False,*N=[N+]([O-])n1nnc(*)n1||*c1nnnn1*,0.383065,259,259,5.90937,5.90937,6,0,False,False,0.973511,True,,0.966867,True,,0.837706,True,,1.25181,True,,0.973185,True,,0.906291,True,,-0.132316,True,,,,
cand_026,actionable,[*:1]c1nnn([*:2])n1,[*:1]N=[N+]([O-])n1nnc([*:2])n1,azole_ring,azoxy,linker,False,*N=[N+]([O-])n1nnc(*)n1||*c1nnn(*)n1,0.381099,247,247,5.7921,5.7921,6,0,False,False,1.00262,True,,0.913101,True,,0.784638,True,,1.22695,True,,0.953992,True,,0.910809,True,,-0.0867995,False,,,,
cand_026,actionable,[*:2]c1nnn([*:1])n1,[*:1]N=Nc1nnnn1[*:2],azole_ring,azo,linker,False,*N=Nc1nnnn1*||*c1nnn(*)n1,0.355184,346,346,4.91008,4.91008,6,0,False,False,1.36786,True,,0.775218,True,,0.348896,True,,1.25446,True,,0.632322,True,,0.531322,True,,0.293685,True,,,,
cand_026,actionable,[*:2]c1nnnn1[*:1],[*:1]N=Nc1nnnn1[*:2],azole_ring,azo,linker,False,*N=Nc1nnnn1*||*c1nnnn1*,0.355949,350,350,4.82301,4.82301,6,0,False,False,1.32338,True,,0.730511,True,,0.358726,True,,1.1928,True,,0.655076,True,,0.562518,True,,0.123372,True,,,,
cand_026,actionable,[*:2]c1nnn([*:1])n1,[*:1]N=Nn1nnnc1[*:2],azole_ring,azo,linker,False,*N=Nn1nnnc1*||*c1nnn(*)n1,0.362383,398,398,4.67606,4.67606,6,0,False,False,1.27323,True,,0.697424,True,,0.363967,True,,1.14483,True,,0.646189,True,,0.550421,True,,0.275734,True,,,,
cand_026,actionable,[*:2]c1nnn([*:1])n1,[*:1]N=Nc1nnn([*:2])n1,azole_ring,azo,linker,False,*N=Nc1nnn(*)n1||*c1nnn(*)n1,0.356223,332,332,4.60116,4.60116,6,0,False,False,1.30023,True,,0.69689,True,,0.345385,True,,1.15463,True,,0.599149,True,,0.504875,True,,0.208527,True,,,,
cand_026,actionable,[*:2]c1nnnn1[*:1],[*:1]N=Nc1nnn([*:2])n1,azole_ring,azo,linker,False,*N=Nc1nnn(*)n1||*c1nnnn1*,0.35656,356,356,4.40896,4.40896,6,0,False,False,1.26223,True,,0.639687,True,,0.340861,True,,1.06383,True,,0.590047,True,,0.512296,True,,0.111891,True,,,,
cand_026,actionable,[*:2]c1nnnn1[*:1],[*:1]N=Nn1nnnc1[*:2],azole_ring,azo,linker,False,*N=Nn1nnnc1*||*c1nnnn1*,0.356653,386,386,4.35206,4.35206,6,0,False,False,1.23532,True,,0.615186,True,,0.330104,True,,1.0263,True,,0.60749,True,,0.537659,True,,0.166134,True,,,,
cand_026,actionable,[*:1]c1nnn([*:2])n1,[*:1]N=Nc1nnnn1[*:2],azole_ring,azo,linker,False,*N=Nc1nnnn1*||*c1nnn(*)n1,0.358491,342,342,4.22356,4.22356,6,0,False,False,1.24148,True,,0.622072,True,,0.350247,True,,1.03701,True,,0.531948,True,,0.44081,True,,0.143936,True,,,,
cand_026,actionable,[*:2]c1nnn([*:1])n1,[*:1]N=Nn1nnc([*:2])n1,azole_ring,azo,linker,False,*N=Nn1nnc(*)n1||*c1nnn(*)n1,0.35839,393,393,4.1863,4.1863,6,0,False,False,1.20702,True,,0.602688,True,,0.344701,True,,1.01106,True,,0.554789,True,,0.466045,True,,0.100027,True,,,,
cand_026,actionable,[*:1]c1nnn([*:2])n1,[*:1]N=Nn1nnnc1[*:2],azole_ring,azo,linker,False,*N=Nn1nnnc1*||*c1nnn(*)n1,0.360747,334,334,3.99535,3.99535,6,0,False,False,1.16569,True,,0.546554,True,,0.362638,True,,0.942865,True,,0.534815,True,,0.442787,True,,0.111146,True,,,,
cand_026,actionable,[*:2]c1nnn([*:1])n1,[*:1]NNn1nnnc1[*:2],azole_ring,hydrazo,linker,False,*NNn1nnnc1*||*c1nnn(*)n1,0.363514,386,386,3.9581,3.9581,6,0,False,False,0.938024,True,,0.350252,True,,0.0500214,True,,1.58906,True,,0.588806,True,,0.441934,True,,0.179119,True,,,,
cand_026,actionable,[*:2]c1nnnn1[*:1],[*:1]N=Nn1nnc([*:2])n1,azole_ring,azo,linker,False,*N=Nn1nnc(*)n1||*c1nnnn1*,0.355887,402,402,3.93208,3.93208,6,0,False,False,1.17085,True,,0.536145,True,,0.333633,True,,0.916776,True,,0.52508,True,,0.449589,True,,-0.0634601,False,,,,
cand_026,actionable,[*:1]c1nnn([*:2])n1,[*:1]N=Nc1nnn([*:2])n1,azole_ring,azo,linker,False,*N=Nc1nnn(*)n1||*c1nnn(*)n1,0.359132,350,350,3.90856,3.90856,6,0,False,False,1.18334,True,,0.547374,True,,0.349104,True,,0.932112,True,,0.490401,True,,0.406235,True,,0.040073,False,,,,
cand_026,actionable,[*:1]c1nnnn1[*:2],[*:1]N=Nc1nnnn1[*:2],azole_ring,azo,linker,False,*N=Nc1nnnn1*||*c1nnnn1*,0.351097,336,336,3.75447,3.75447,6,0,False,False,1.17631,True,,0.503957,True,,0.330506,True,,0.868255,True,,0.473577,True,,0.401863,True,,0.159668,True,,,,
cand_026,actionable,[*:2]c1nnnn1[*:1],[*:1]NNn1nnnc1[*:2],azole_ring,hydrazo,linker,False,*NNn1nnnc1*||*c1nnnn1*,0.35995,369,369,3.64902,3.64902,6,0,False,False,0.89669,True,,0.272185,True,,0.0281111,True,,1.47287,True,,0.55144,True,,0.42772,True,,0.0963791,True,,,,
cand_026,actionable,[*:1]c1nnnn1[*:2],[*:1]N=Nc1nnn([*:2])n1,azole_ring,azo,linker,False,*N=Nc1nnn(*)n1||*c1nnnn1*,0.356667,329,329,3.62297,3.62297,6,0,False,False,1.12524,True,,0.47018,True,,0.353315,True,,0.823885,True,,0.464077,True,,0.38627,True,,0.0930074,True,,,,
cand_026,actionable,[*:2]c1nnn([*:1])n1,[*:1]NNc1nnnn1[*:2],azole_ring,hydrazo,linker,False,*NNc1nnnn1*||*c1nnn(*)n1,0.353325,340,340,3.53394,3.53394,6,0,False,False,0.88454,True,,0.238912,True,,0.0334778,True,,1.43352,True,,0.53368,True,,0.40981,True,,0.0617399,False,,,,
cand_026,actionable,[*:1]c1nnnn1[*:2],[*:1]N=Nn1nnnc1[*:2],azole_ring,azo,linker,False,*N=Nn1nnnc1*||*c1nnnn1*,0.354557,319,319,3.49741,3.49741,6,0,False,False,1.09274,True,,0.42757,True,,0.346433,True,,0.758009,True,,0.470057,True,,0.402601,True,,0.219847,True,,,,
cand_026,actionable,[*:2]c1nnn([*:1])n1,[*:1]NNn1nnc([*:2])n1,azole_ring,hydrazo,linker,False,*NNn1nnc(*)n1||*c1nnn(*)n1,0.360374,429,429,3.41725,3.41725,6,0,False,False,0.86855,True,,0.257969,True,,0.0453302,True,,1.43395,True,,0.479044,True,,0.332408,True,,-0.203337,True,,,,
cand_026,actionable,[*:2]c1nnnn1[*:1],[*:1]NNc1nnnn1[*:2],azole_ring,hydrazo,linker,False,*NNc1nnnn1*||*c1nnnn1*,0.357605,308,308,3.39303,3.39303,6,0,False,False,0.844118,True,,0.200872,True,,0.0369562,True,,1.37573,True,,0.528407,True,,0.406946,True,,-0.0578213,False,,,,
cand_026,actionable,[*:2]c1nnn([*:1])n1,[*:1]NNc1nnn([*:2])n1,azole_ring,hydrazo,linker,False,*NNc1nnn(*)n1||*c1nnn(*)n1,0.357457,302,302,3.29623,3.29623,6,0,False,False,0.845114,True,,0.211921,True,,0.0430512,True,,1.37479,True,,0.47719,True,,0.344168,True,,0.0342877,False,,,,
cand_026,actionable,[*:1]c1nnn([*:2])n1,[*:1]N=Nn1nnc([*:2])n1,azole_ring,azo,linker,False,*N=Nn1nnc(*)n1||*c1nnn(*)n1,0.355385,330,330,3.29485,3.29485,6,0,False,False,1.08009,True,,0.405756,True,,0.332178,True,,0.731677,True,,0.409408,True,,0.335746,True,,-0.179887,True,,,,
cand_026,actionable,[*:2]c1nnnn1[*:1],[*:1]NNn1nnc([*:2])n1,azole_ring,hydrazo,linker,False,*NNn1nnc(*)n1||*c1nnnn1*,0.361736,393,393,3.28999,3.28999,6,0,False,False,0.833756,True,,0.207705,True,,0.0440876,True,,1.38185,True,,0.481115,True,,0.341475,True,,-0.243635,True,,,,
cand_026,actionable,[*:1]c1nnn([*:2])n1,[*:1]NNn1nnnc1[*:2],azole_ring,hydrazo,linker,False,*NNn1nnnc1*||*c1nnn(*)n1,0.357043,365,365,3.13594,3.13594,6,0,False,False,0.826481,True,,0.183081,True,,0.0505623,True,,1.33815,True,,0.438654,True,,0.299012,True,,-0.0474263,False,,,,
cand_026,actionable,[*:1]c1nnnn1[*:2],[*:1]N=Nn1nnc([*:2])n1,azole_ring,azo,linker,False,*N=Nn1nnc(*)n1||*c1nnnn1*,0.351134,325,325,3.02894,3.02894,6,0,False,False,1.03313,True,,0.332837,True,,0.326176,True,,0.62886,True,,0.384432,True,,0.323499,True,,0.0338713,False,,,,
cand_026,actionable,[*:2]c1nnnn1[*:1],[*:1]NNc1nnn([*:2])n1,azole_ring,hydrazo,linker,False,*NNc1nnn(*)n1||*c1nnnn1*,0.354073,326,326,2.92851,2.92851,6,0,False,False,0.787273,True,,0.125173,True,,0.0243631,True,,1.22938,True,,0.436184,True,,0.326137,True,,-0.0216373,False,,,,
cand_026,actionable,[*:1]c1nnnn1[*:2],[*:1]NNn1nnnc1[*:2],azole_ring,hydrazo,linker,False,*NNn1nnnc1*||*c1nnnn1*,0.353396,307,307,2.84277,2.84277,6,0,False,False,0.765018,True,,0.0848097,True,,0.0448634,True,,1.22263,True,,0.42504,True,,0.30041,True,,-0.0312679,False,,,,
cand_026,actionable,[*:1]c1nnn([*:2])n1,[*:1]NNc1nnnn1[*:2],azole_ring,hydrazo,linker,False,*NNc1nnnn1*||*c1nnn(*)n1,0.356148,336,336,2.73736,2.73736,6,0,False,False,0.743623,True,,0.0703049,True,,0.0427286,True,,1.17605,True,,0.412791,True,,0.291862,True,,-0.0271239,False,,,,
cand_026,actionable,[*:1]c1nnn([*:2])n1,[*:1]NNn1nnc([*:2])n1,azole_ring,hydrazo,linker,False,*NNn1nnc(*)n1||*c1nnn(*)n1,0.354712,335,335,2.57495,2.57495,6,0,False,False,0.753706,True,,0.0800358,True,,0.0327345,True,,1.18342,True,,0.3302,True,,0.194851,True,,-0.307741,True,,,,
cand_026,actionable,[*:1]c1nnnn1[*:2],[*:1]NNc1nnnn1[*:2],azole_ring,hydrazo,linker,False,*NNc1nnnn1*||*c1nnnn1*,0.352717,357,357,2.45199,2.43486,5,0,False,False,0.693648,True,,-0.0171293,False,,0.030827,True,,1.06987,True,,0.381362,True,,0.276284,True,,-0.0595134,False,,,,
cand_026,actionable,[*:1]c1nnn([*:2])n1,[*:1]NNc1nnn([*:2])n1,azole_ring,hydrazo,linker,False,*NNc1nnn(*)n1||*c1nnn(*)n1,0.350426,329,329,2.37486,2.37486,6,0,False,False,0.713205,True,,0.0268665,True,,0.0205211,True,,1.08548,True,,0.323148,True,,0.205645,True,,-0.209807,True,,,,
cand_026,actionable,[*:1]c1nnnn1[*:2],[*:1]NNn1nnc([*:2])n1,azole_ring,hydrazo,linker,False,*NNn1nnc(*)n1||*c1nnnn1*,0.352662,318,318,2.24338,2.23116,5,0,False,False,0.681101,True,,-0.0122265,False,,0.0338148,True,,1.04967,True,,0.301504,True,,0.177294,True,,-0.248633,True,,,,
cand_026,actionable,[*:1]c1nnn([*:2])n1,[*:2]c1nnn(N[N+](=O)[O-])c1[*:1],azole_ring,nitramine,linker,False,*c1nnn(*)n1||*c1nnn(N[N+](=O)[O-])c1*,0.416782,335,335,1.85304,1.85304,6,0,False,False,0.0511008,True,,0.526783,True,,0.350804,True,,0.12756,True,,0.372822,True,,0.423975,True,,-0.409976,True,,,,
cand_026,actionable,[*:1]c1nnn([*:2])n1,[*:1]c1nnn(N[N+](=O)[O-])c1[*:2],azole_ring,nitramine,linker,False,*c1nnn(*)n1||*c1nnn(N[N+](=O)[O-])c1*,0.406666,404,404,1.5689,1.5689,6,0,False,False,0.0474787,True,,0.434563,True,,0.292453,True,,0.0733892,True,,0.333097,True,,0.387919,True,,-0.431373,True,,,,
cand_026,actionable,[*:1]c1nnnn1[*:2],[*:1]c1nnn(N[N+](=O)[O-])c1[*:2],azole_ring,nitramine,linker,False,*c1nnn(N[N+](=O)[O-])c1*||*c1nnnn1*,0.412549,385,385,1.50783,1.54167,4,0,False,False,0.0006166,False,,0.433216,True,,0.343985,True,,0.0332176,False,,0.340516,True,,0.390115,True,,-0.462432,True,,,,
cand_026,actionable,[*:2]c1nnnn1[*:1],[*:1]c1nnn(N[N+](=O)[O-])c1[*:2],azole_ring,nitramine,linker,False,*c1nnn(N[N+](=O)[O-])c1*||*c1nnnn1*,0.410514,341,341,1.33352,1.28057,4,0,False,False,-0.0166058,False,,0.396025,True,,0.315102,True,,-0.0363459,False,,0.285464,True,,0.336933,True,,-0.491826,True,,,,
cand_026,actionable,[*:1]Nn1nnc([*:2])n1,[*:1]Nn1nnnc1[*:2],azole_ring,azole_ring,linker,False,*Nn1nnc(*)n1||*Nn1nnnc1*,0.299811,633,633,0.353273,0.353273,5,0,False,True,0.0577357,True,0.029493,0.0671624,True,0.0976169,0,False,0,0.0993867,True,0.0001,0.0630548,True,0.00284713,0.0659334,True,0.0343058,0.236509,True,-0.808,,,
cand_026,actionable,[*:1]c1nnn([*:2])n1,[*:2]c1nnnn1[*:1],azole_ring,azole_ring,linker,False,*c1nnn(*)n1||*c1nnnn1*,0.257644,2457,2457,0.31729,0.31729,5,0,False,True,0.0573355,True,0.029493,0.0696148,True,0.0976169,-2.41191e-19,False,0,0.100322,True,0.0001,0.0464741,True,0.00284713,0.0435433,True,0.0343058,0.109291,True,-0.808,,,
cand_026,actionable,[*:1]c1nnn([*:2])n1,[*:1]c1nnnn1[*:2],azole_ring,azole_ring,linker,False,*c1nnn(*)n1||*c1nnnn1*,0.258151,2833,2833,0.304252,0.304252,5,0,False,True,0.0551249,True,0.029493,0.0662557,True,0.0976169,0,False,0,0.0947991,True,0.0001,0.0449933,True,0.00284713,0.0430791,True,0.0343058,0.118519,True,-0.808,,,
cand_026,actionable,[*:1]Nc1nnnn1[*:2],[*:1]Nn1nnnc1[*:2],azole_ring,azole_ring,linker,False,*Nc1nnnn1*||*Nn1nnnc1*,0.295245,593,593,0.26645,0.260235,3,0,False,False,0.0673813,True,,0.0806674,True,,0,False,,0.118401,True,,0.00547648,False,,-0.0116915,False,,-0.0768478,True,,,,
cand_026,actionable,[*:1]c1nnnn1[*:2],[*:2]c1nnnn1[*:1],azole_ring,azole_ring,linker,False,*c1nnnn1*||*c1nnnn1*,0.258476,1293,1293,0.21802,0.21802,5,0,False,False,0.0300112,True,,0.0417528,True,,0,False,,0.057483,True,,0.0430979,True,,0.0456756,True,,-0.0465583,True,,,,
cand_026,actionable,[*:1]c1nnn(N[N+](=O)[O-])n1,[*:1]c1nnnn1N[N+](=O)[O-],nitramine,nitramine,scaffold,False,*c1nnn(N[N+](=O)[O-])n1||*c1nnnn1N[N+](=O)[O-],0.422033,209,209,0.178983,0.195204,3,0,False,True,0.0499769,True,0.029493,0.0541472,True,0.0976169,0,False,0,0.0748584,True,0.0001,0.0115004,False,0.00284713,0.00472109,False,0.0343058,0.0590661,False,-0.808,,,
cand_026,actionable,[*:1]Nn1nnc([*:2])n1,[*:1]Nc1nnnn1[*:2],azole_ring,azole_ring,linker,False,*Nc1nnnn1*||*Nn1nnc(*)n1,0.295317,577,577,0.147251,0.127895,2,0,False,False,-0.00447786,False,,-0.00725383,False,,-0,False,,-0.00762427,False,,0.0643502,True,,0.0829003,True,,0.280637,True,,,,
cand_026,actionable,[*:1]c1nnn([*:2])n1,[*:2]c1nnn([*:1])n1,azole_ring,azole_ring,linker,False,*c1nnn(*)n1||*c1nnn(*)n1,0.260615,1165,1165,0.0453822,0.0112472,2,0,False,False,-0.00809051,False,,-0.00850428,False,,0,False,,-0.0175402,False,,0.0185507,True,,0.0268315,True,,0.0700273,True,,,,
cand_027,actionable,[*:2]c1nnn([*:1])n1,[*:1]N=[N+]([O-])c1nnnn1[*:2],azole_ring,azoxy,linker,False,*N=[N+]([O-])c1nnnn1*||*c1nnn(*)n1,0.385657,203,203,7.54054,7.54054,6,0,False,False,1.28787,True,,1.32943,True,,0.81574,True,,1.80839,True,,1.1937,True,,1.10541,True,,0.0821143,False,,,,
cand_027,actionable,[*:2]c1nnn([*:1])n1,[*:1]N=[N+]([O-])n1nnnc1[*:2],azole_ring,azoxy,linker,False,*N=[N+]([O-])n1nnnc1*||*c1nnn(*)n1,0.389037,291,291,7.46166,7.46166,6,0,False,False,1.26928,True,,1.34087,True,,0.814976,True,,1.77747,True,,1.16995,True,,1.08911,True,,0.0386994,False,,,,
cand_027,actionable,[*:2]c1nnn([*:1])n1,[*:1]N=[N+]([O-])n1nnc([*:2])n1,azole_ring,azoxy,linker,False,*N=[N+]([O-])n1nnc(*)n1||*c1nnn(*)n1,0.387464,272,272,7.25484,7.25484,6,0,False,False,1.24191,True,,1.27006,True,,0.792996,True,,1.73676,True,,1.14376,True,,1.06936,True,,-0.0477761,False,,,,
cand_027,actionable,[*:1]c1nnn([*:2])n1,[*:1]n1nnnc1N=[N+]([*:2])[O-],azole_ring,azoxy,linker,False,*c1nnn(*)n1||*n1nnnc1N=[N+](*)[O-],0.390172,133,133,7.1687,7.1687,6,0,False,False,1.19903,True,,1.22133,True,,0.836397,True,,1.61404,True,,1.17979,True,,1.11811,True,,0.382541,True,,,,
cand_027,actionable,[*:1]c1nnn([*:2])n1,[*:1]c1nnnn1N=[N+]([*:2])[O-],azole_ring,azoxy,linker,False,*c1nnn(*)n1||*c1nnnn1N=[N+](*)[O-],0.380492,118,118,6.98405,6.98405,6,0,False,False,1.23245,True,,1.15049,True,,0.745411,True,,1.5874,True,,1.15025,True,,1.11805,True,,0.295224,True,,,,
cand_027,actionable,[*:1]c1nnn([*:2])n1,[*:2]n1nnnc1N=[N+]([*:1])[O-],azole_ring,azoxy,linker,False,*c1nnn(*)n1||*n1nnnc1N=[N+](*)[O-],0.386228,129,129,6.9305,6.9305,6,0,False,False,1.22164,True,,1.20336,True,,0.791447,True,,1.6175,True,,1.07891,True,,1.01764,True,,0.0905416,False,,,,
cand_027,actionable,[*:1]c1nnn([*:2])n1,[*:1]n1nnc(N=[N+]([*:2])[O-])n1,azole_ring,azoxy,linker,False,*c1nnn(*)n1||*n1nnc(N=[N+](*)[O-])n1,0.378153,238,238,6.70442,6.70442,6,0,False,False,1.15867,True,,1.11382,True,,0.761466,True,,1.49629,True,,1.10497,True,,1.0692,True,,0.243363,True,,,,
cand_027,actionable,[*:1]c1nnn([*:2])n1,[*:1]N=[N+]([O-])c1nnnn1[*:2],azole_ring,azoxy,linker,False,*N=[N+]([O-])c1nnnn1*||*c1nnn(*)n1,0.38408,193,193,6.2752,6.2752,6,0,False,False,1.05157,True,,1.02736,True,,0.803237,True,,1.38052,True,,1.03234,True,,0.980179,True,,-0.0531092,False,,,,
cand_027,actionable,[*:1]c1nnn([*:2])n1,[*:2]n1nnc(N=[N+]([*:1])[O-])n1,azole_ring,azoxy,linker,False,*c1nnn(*)n1||*n1nnc(N=[N+](*)[O-])n1,0.383262,245,245,6.12532,6.12532,6,0,False,False,1.05729,True,,0.968287,True,,0.765806,True,,1.33239,True,,1.01607,True,,0.985474,True,,-0.000412203,False,,,,
cand_027,actionable,[*:1]c1nnn([*:2])n1,[*:1]N=[N+]([O-])n1nnnc1[*:2],azole_ring,azoxy,linker,False,*N=[N+]([O-])n1nnnc1*||*c1nnn(*)n1,0.382236,241,241,6.08289,6.08289,6,0,False,False,1.03381,True,,0.991957,True,,0.801599,True,,1.30846,True,,0.998561,True,,0.948499,True,,0.0401082,False,,,,
cand_027,actionable,[*:1]c1nnn([*:2])n1,[*:1]N=[N+]([O-])n1nnc([*:2])n1,azole_ring,azoxy,linker,False,*N=[N+]([O-])n1nnc(*)n1||*c1nnn(*)n1,0.381099,247,247,5.7921,5.7921,6,0,False,False,1.00262,True,,0.913101,True,,0.784638,True,,1.22695,True,,0.953992,True,,0.910809,True,,-0.0867995,False,,,,
cand_027,actionable,[*:2]c1nnn([*:1])n1,[*:1]N=Nc1nnnn1[*:2],azole_ring,azo,linker,False,*N=Nc1nnnn1*||*c1nnn(*)n1,0.355184,346,346,4.91008,4.91008,6,0,False,False,1.36786,True,,0.775218,True,,0.348896,True,,1.25446,True,,0.632322,True,,0.531322,True,,0.293685,True,,,,
cand_027,actionable,[*:2]c1nnn([*:1])n1,[*:1]N=Nn1nnnc1[*:2],azole_ring,azo,linker,False,*N=Nn1nnnc1*||*c1nnn(*)n1,0.362383,398,398,4.67606,4.67606,6,0,False,False,1.27323,True,,0.697424,True,,0.363967,True,,1.14483,True,,0.646189,True,,0.550421,True,,0.275734,True,,,,
cand_027,actionable,[*:2]c1nnn([*:1])n1,[*:1]N=Nc1nnn([*:2])n1,azole_ring,azo,linker,False,*N=Nc1nnn(*)n1||*c1nnn(*)n1,0.356223,332,332,4.60116,4.60116,6,0,False,False,1.30023,True,,0.69689,True,,0.345385,True,,1.15463,True,,0.599149,True,,0.504875,True,,0.208527,True,,,,
cand_027,actionable,[*:1]c1nnn([*:2])n1,[*:1]N=Nc1nnnn1[*:2],azole_ring,azo,linker,False,*N=Nc1nnnn1*||*c1nnn(*)n1,0.358491,342,342,4.22356,4.22356,6,0,False,False,1.24148,True,,0.622072,True,,0.350247,True,,1.03701,True,,0.531948,True,,0.44081,True,,0.143936,True,,,,
cand_027,actionable,[*:2]c1nnn([*:1])n1,[*:1]N=Nn1nnc([*:2])n1,azole_ring,azo,linker,False,*N=Nn1nnc(*)n1||*c1nnn(*)n1,0.35839,393,393,4.1863,4.1863,6,0,False,False,1.20702,True,,0.602688,True,,0.344701,True,,1.01106,True,,0.554789,True,,0.466045,True,,0.100027,True,,,,
cand_027,actionable,[*:1]NNc1nnn([*:2])n1,[*:2]n1nnnc1N=[N+]([*:1])[O-],hydrazo,azoxy,linker,False,*NNc1nnn(*)n1||*n1nnnc1N=[N+](*)[O-],0.38714,143,143,4.09268,4.09268,6,0,False,False,0.426165,True,,1.06872,True,,0.764736,True,,0.383076,True,,0.693991,True,,0.755986,True,,0.122658,False,,,,
cand_027,actionable,[*:1]NNc1nnn([*:2])n1,[*:1]N=[N+]([O-])c1nnnn1[*:2],hydrazo,azoxy,linker,False,*N=[N+]([O-])c1nnnn1*||*NNc1nnn(*)n1,0.376686,206,206,4.04017,4.04017,6,0,False,False,0.393024,True,,1.01706,True,,0.749352,True,,0.34812,True,,0.727939,True,,0.804679,True,,0.156998,True,,,,
cand_027,actionable,[*:1]NNc1nnn([*:2])n1,[*:1]N=[N+]([O-])n1nnnc1[*:2],hydrazo,azoxy,linker,False,*N=[N+]([O-])n1nnnc1*||*NNc1nnn(*)n1,0.3872,242,242,4.01267,4.01267,6,0,False,False,0.400389,True,,1.07723,True,,0.772572,True,,0.324559,True,,0.686478,True,,0.751436,True,,0.0367844,False,,,,
cand_027,actionable,[*:1]c1nnn([*:2])n1,[*:1]N=Nn1nnnc1[*:2],azole_ring,azo,linker,False,*N=Nn1nnnc1*||*c1nnn(*)n1,0.360747,334,334,3.99535,3.99535,6,0,False,False,1.16569,True,,0.546554,True,,0.362638,True,,0.942865,True,,0.534815,True,,0.442787,True,,0.111146,True,,,,
cand_027,actionable,[*:1]NNc1nnn([*:2])n1,[*:1]N=[N+]([O-])n1nnc([*:2])n1,hydrazo,azoxy,linker,False,*N=[N+]([O-])n1nnc(*)n1||*NNc1nnn(*)n1,0.385973,216,216,3.97732,3.97732,6,0,False,False,0.371775,True,,1.05598,True,,0.779648,True,,0.338369,True,,0.690065,True,,0.741484,True,,-0.01712,False,,,,
cand_027,actionable,[*:2]c1nnn([*:1])n1,[*:1]NNn1nnnc1[*:2],azole_ring,hydrazo,linker,False,*NNn1nnnc1*||*c1nnn(*)n1,0.363514,386,386,3.9581,3.9581,6,0,False,False,0.938024,True,,0.350252,True,,0.0500214,True,,1.58906,True,,0.588806,True,,0.441934,True,,0.179119,True,,,,
cand_027,actionable,[*:1]NN[*:2],[*:1]N=[N+]([*:2])[O-],hydrazo,azoxy,linker,False,*N=[N+](*)[O-]||*NN*,0.149114,4015,4015,3.91186,3.91186,6,0,False,False,0.326838,True,,1.05673,True,,0.815419,True,,0.274361,True,,0.689952,True,,0.748555,True,,0.0589066,True,,,,
cand_027,actionable,[*:1]c1nnn([*:2])n1,[*:1]N=Nc1nnn([*:2])n1,azole_ring,azo,linker,False,*N=Nc1nnn(*)n1||*c1nnn(*)n1,0.359132,350,350,3.90856,3.90856,6,0,False,False,1.18334,True,,0.547374,True,,0.349104,True,,0.932112,True,,0.490401,True,,0.406235,True,,0.040073,False,,,,
cand_027,actionable,[*:1]NNc1nnn([*:2])n1,[*:2]n1nnc(N=[N+]([*:1])[O-])n1,hydrazo,azoxy,linker,False,*NNc1nnn(*)n1||*n1nnc(N=[N+](*)[O-])n1,0.39045,231,231,3.75314,3.75314,6,0,False,False,0.31684,True,,1.02059,True,,0.789767,True,,0.208524,True,,0.675028,True,,0.742398,True,,0.276512,True,,,,
cand_027,actionable,[*:2]c1nnn([*:1])n1,[*:1]NNc1nnnn1[*:2],azole_ring,hydrazo,linker,False,*NNc1nnnn1*||*c1nnn(*)n1,0.353325,340,340,3.53394,3.53394,6,0,False,False,0.88454,True,,0.238912,True,,0.0334778,True,,1.43352,True,,0.53368,True,,0.40981,True,,0.0617399,False,,,,
cand_027,actionable,[*:2]c1nnn([*:1])n1,[*:1]NNn1nnc([*:2])n1,azole_ring,hydrazo,linker,False,*NNn1nnc(*)n1||*c1nnn(*)n1,0.360374,429,429,3.41725,3.41725,6,0,False,False,0.86855,True,,0.257969,True,,0.0453302,True,,1.43395,True,,0.479044,True,,0.332408,True,,-0.203337,True,,,,
cand_027,actionable,[*:2]c1nnn([*:1])n1,[*:1]NNc1nnn([*:2])n1,azole_ring,hydrazo,linker,False,*NNc1nnn(*)n1||*c1nnn(*)n1,0.357457,302,302,3.29623,3.29623,6,0,False,False,0.845114,True,,0.211921,True,,0.0430512,True,,1.37479,True,,0.47719,True,,0.344168,True,,0.0342877,False,,,,
cand_027,actionable,[*:1]c1nnn([*:2])n1,[*:1]N=Nn1nnc([*:2])n1,azole_ring,azo,linker,False,*N=Nn1nnc(*)n1||*c1nnn(*)n1,0.355385,330,330,3.29485,3.29485,6,0,False,False,1.08009,True,,0.405756,True,,0.332178,True,,0.731677,True,,0.409408,True,,0.335746,True,,-0.179887,True,,,,
cand_027,actionable,[*:1]c1nnn([*:2])n1,[*:1]NNn1nnnc1[*:2],azole_ring,hydrazo,linker,False,*NNn1nnnc1*||*c1nnn(*)n1,0.357043,365,365,3.13594,3.13594,6,0,False,False,0.826481,True,,0.183081,True,,0.0505623,True,,1.33815,True,,0.438654,True,,0.299012,True,,-0.0474263,False,,,,
cand_027,actionable,[*:1]c1nnn([*:2])n1,[*:1]NNc1nnnn1[*:2],azole_ring,hydrazo,linker,False,*NNc1nnnn1*||*c1nnn(*)n1,0.356148,336,336,2.73736,2.73736,6,0,False,False,0.743623,True,,0.0703049,True,,0.0427286,True,,1.17605,True,,0.412791,True,,0.291862,True,,-0.0271239,False,,,,
cand_027,actionable,[*:1]c1nnn([*:2])n1,[*:1]NNn1nnc([*:2])n1,azole_ring,hydrazo,linker,False,*NNn1nnc(*)n1||*c1nnn(*)n1,0.354712,335,335,2.57495,2.57495,6,0,False,False,0.753706,True,,0.0800358,True,,0.0327345,True,,1.18342,True,,0.3302,True,,0.194851,True,,-0.307741,True,,,,
cand_027,actionable,[*:1]c1nnn([*:2])n1,[*:1]NNc1nnn([*:2])n1,azole_ring,hydrazo,linker,False,*NNc1nnn(*)n1||*c1nnn(*)n1,0.350426,329,329,2.37486,2.37486,6,0,False,False,0.713205,True,,0.0268665,True,,0.0205211,True,,1.08548,True,,0.323148,True,,0.205645,True,,-0.209807,True,,,,
cand_027,actionable,[*:1]c1nnn([*:2])n1,[*:2]c1nnn(N[N+](=O)[O-])c1[*:1],azole_ring,nitramine,linker,False,*c1nnn(*)n1||*c1nnn(N[N+](=O)[O-])c1*,0.416782,335,335,1.85304,1.85304,6,0,False,False,0.0511008,True,,0.526783,True,,0.350804,True,,0.12756,True,,0.372822,True,,0.423975,True,,-0.409976,True,,,,
cand_027,actionable,[*:1]c1nnn([*:2])n1,[*:1]c1nnn(N[N+](=O)[O-])c1[*:2],azole_ring,nitramine,linker,False,*c1nnn(*)n1||*c1nnn(N[N+](=O)[O-])c1*,0.406666,404,404,1.5689,1.5689,6,0,False,False,0.0474787,True,,0.434563,True,,0.292453,True,,0.0733892,True,,0.333097,True,,0.387919,True,,-0.431373,True,,,,
cand_027,actionable,[*:1]Nc1nnn([*:2])n1,[*:1]Nn1nnnc1[*:2],azole_ring,azole_ring,linker,False,*Nc1nnn(*)n1||*Nn1nnnc1*,0.296781,590,590,0.586504,0.586504,5,0,False,False,0.112857,True,,0.133311,True,,-1.00442e-18,False,,0.194414,True,,0.0770241,True,,0.068899,True,,0.0758934,True,,,,
cand_027,actionable,[*:1]NNc1nnn([*:2])n1,[*:1]NNn1nnnc1[*:2],hydrazo,hydrazo,linker,False,*NNc1nnn(*)n1||*NNn1nnnc1*,0.353525,331,331,0.524164,0.524164,5,0,False,False,0.0855983,True,,0.103341,True,,-1.79035e-18,False,,0.158828,True,,0.088843,True,,0.087554,True,,0.116797,True,,,,
cand_027,actionable,[*:1]Nc1nnn([*:2])n1,[*:1]Nc1nnnn1[*:2],azole_ring,azole_ring,linker,False,*Nc1nnn(*)n1||*Nc1nnnn1*,0.296477,606,606,0.357168,0.357168,5,0,False,True,0.0518527,True,3.88366,0.0596833,True,15.5259,0,False,0,0.088328,True,0.0125,0.0743302,True,0.151282,0.082974,True,1.59681,0.152069,True,85.5172,,,
cand_027,actionable,[*:1]c1nnn(N=[N+]=[N-])n1,[*:1]c1nnnn1N=[N+]=[N-],azide,azide,scaffold,False,*c1nnn(N=[N+]=[N-])n1||*c1nnnn1N=[N+]=[N-],0.395339,229,229,0.352403,0.352403,5,0,False,True,0.0738585,True,3.88366,0.0859202,True,15.5259,0,False,0,0.119177,True,0.0125,0.038839,True,0.151282,0.034608,True,1.59681,-0.0988083,False,85.5172,,,
cand_027,actionable,[*:1]NNc1nnn([*:2])n1,[*:1]NNc1nnnn1[*:2],hydrazo,hydrazo,linker,False,*NNc1nnn(*)n1||*NNc1nnnn1*,0.358294,324,324,0.34326,0.34326,5,0,False,True,0.0475121,True,3.88366,0.0568088,True,15.5259,0,False,0,0.0882654,True,0.0125,0.0730358,True,0.151282,0.0776379,True,1.59681,0.150102,True,85.5172,,,
cand_027,actionable,[*:1]c1nnn([*:2])n1,[*:2]c1nnnn1[*:1],azole_ring,azole_ring,linker,False,*c1nnn(*)n1||*c1nnnn1*,0.257644,2457,2457,0.31729,0.31729,5,0,False,True,0.0573355,True,3.88366,0.0696148,True,15.5259,-2.41191e-19,False,0,0.100322,True,0.0125,0.0464741,True,0.151282,0.0435433,True,1.59681,0.109291,True,85.5172,,,
cand_027,actionable,[*:1]Nc1nnn([*:2])n1,[*:1]Nn1nnc([*:2])n1,azole_ring,azole_ring,linker,False,*Nc1nnn(*)n1||*Nn1nnc(*)n1,0.294748,550,550,0.313818,0.313818,5,0,False,False,0.0666932,True,,0.0817783,True,,0,False,,0.121744,True,,0.0272393,True,,0.016363,True,,-0.116371,True,,,,
cand_027,actionable,[*:1]c1nnn([*:2])n1,[*:1]c1nnnn1[*:2],azole_ring,azole_ring,linker,False,*c1nnn(*)n1||*c1nnnn1*,0.258151,2833,2833,0.304252,0.304252,5,0,False,True,0.0551249,True,3.88366,0.0662557,True,15.5259,0,False,0,0.0947991,True,0.0125,0.0449933,True,0.151282,0.0430791,True,1.59681,0.118519,True,85.5172,,,
cand_027,actionable,[*:1]NNc1nnn([*:2])n1,[*:1]NNn1nnc([*:2])n1,hydrazo,hydrazo,linker,False,*NNc1nnn(*)n1||*NNn1nnc(*)n1,0.352913,315,315,0.1812,0.200351,3,0,False,False,0.0406317,True,,0.0529851,True,,0,False,,0.087583,True,,0.0149176,False,,0.00423405,False,,-0.179545,True,,,,
cand_027,actionable,[*:1]c1nnn([*:2])n1,[*:2]c1nnn([*:1])n1,azole_ring,azole_ring,linker,False,*c1nnn(*)n1||*c1nnn(*)n1,0.260615,1165,1165,0.0453822,0.0112472,2,0,False,False,-0.00809051,False,,-0.00850428,False,,0,False,,-0.0175402,False,,0.0185507,True,,0.0268315,True,,0.0700273,True,,,,
cand_028,actionable,[*:2]c1nnn([*:1])n1,[*:1]N=[N+]([O-])c1nnnn1[*:2],azole_ring,azoxy,linker,False,*N=[N+]([O-])c1nnnn1*||*c1nnn(*)n1,0.385657,203,203,7.54054,7.54054,6,0,False,False,1.28787,True,,1.32943,True,,0.81574,True,,1.80839,True,,1.1937,True,,1.10541,True,,0.0821143,False,,,,
cand_028,actionable,[*:2]c1nnn([*:1])n1,[*:1]N=[N+]([O-])n1nnnc1[*:2],azole_ring,azoxy,linker,False,*N=[N+]([O-])n1nnnc1*||*c1nnn(*)n1,0.389037,291,291,7.46166,7.46166,6,0,False,False,1.26928,True,,1.34087,True,,0.814976,True,,1.77747,True,,1.16995,True,,1.08911,True,,0.0386994,False,,,,
cand_028,actionable,[*:2]c1nnn([*:1])n1,[*:1]N=[N+]([O-])n1nnc([*:2])n1,azole_ring,azoxy,linker,False,*N=[N+]([O-])n1nnc(*)n1||*c1nnn(*)n1,0.387464,272,272,7.25484,7.25484,6,0,False,False,1.24191,True,,1.27006,True,,0.792996,True,,1.73676,True,,1.14376,True,,1.06936,True,,-0.0477761,False,,,,
cand_028,actionable,[*:1]c1nnn([*:2])n1,[*:1]n1nnnc1N=[N+]([*:2])[O-],azole_ring,azoxy,linker,False,*c1nnn(*)n1||*n1nnnc1N=[N+](*)[O-],0.390172,133,133,7.1687,7.1687,6,0,False,False,1.19903,True,,1.22133,True,,0.836397,True,,1.61404,True,,1.17979,True,,1.11811,True,,0.382541,True,,,,
cand_028,actionable,[*:1]c1nnn([*:2])n1,[*:1]c1nnnn1N=[N+]([*:2])[O-],azole_ring,azoxy,linker,False,*c1nnn(*)n1||*c1nnnn1N=[N+](*)[O-],0.380492,118,118,6.98405,6.98405,6,0,False,False,1.23245,True,,1.15049,True,,0.745411,True,,1.5874,True,,1.15025,True,,1.11805,True,,0.295224,True,,,,
cand_028,actionable,[*:1]c1nnn([*:2])n1,[*:2]n1nnnc1N=[N+]([*:1])[O-],azole_ring,azoxy,linker,False,*c1nnn(*)n1||*n1nnnc1N=[N+](*)[O-],0.386228,129,129,6.9305,6.9305,6,0,False,False,1.22164,True,,1.20336,True,,0.791447,True,,1.6175,True,,1.07891,True,,1.01764,True,,0.0905416,False,,,,
cand_028,actionable,[*:1]c1nnn([*:2])n1,[*:1]n1nnc(N=[N+]([*:2])[O-])n1,azole_ring,azoxy,linker,False,*c1nnn(*)n1||*n1nnc(N=[N+](*)[O-])n1,0.378153,238,238,6.70442,6.70442,6,0,False,False,1.15867,True,,1.11382,True,,0.761466,True,,1.49629,True,,1.10497,True,,1.0692,True,,0.243363,True,,,,
cand_028,actionable,[*:1]c1nnn([*:2])n1,[*:1]N=[N+]([O-])c1nnnn1[*:2],azole_ring,azoxy,linker,False,*N=[N+]([O-])c1nnnn1*||*c1nnn(*)n1,0.38408,193,193,6.2752,6.2752,6,0,False,False,1.05157,True,,1.02736,True,,0.803237,True,,1.38052,True,,1.03234,True,,0.980179,True,,-0.0531092,False,,,,
cand_028,actionable,[*:1]c1nnn([*:2])n1,[*:2]n1nnc(N=[N+]([*:1])[O-])n1,azole_ring,azoxy,linker,False,*c1nnn(*)n1||*n1nnc(N=[N+](*)[O-])n1,0.383262,245,245,6.12532,6.12532,6,0,False,False,1.05729,True,,0.968287,True,,0.765806,True,,1.33239,True,,1.01607,True,,0.985474,True,,-0.000412203,False,,,,
cand_028,actionable,[*:1]c1nnn([*:2])n1,[*:1]N=[N+]([O-])n1nnnc1[*:2],azole_ring,azoxy,linker,False,*N=[N+]([O-])n1nnnc1*||*c1nnn(*)n1,0.382236,241,241,6.08289,6.08289,6,0,False,False,1.03381,True,,0.991957,True,,0.801599,True,,1.30846,True,,0.998561,True,,0.948499,True,,0.0401082,False,,,,
cand_028,actionable,[*:1]c1nnn([*:2])n1,[*:1]N=[N+]([O-])n1nnc([*:2])n1,azole_ring,azoxy,linker,False,*N=[N+]([O-])n1nnc(*)n1||*c1nnn(*)n1,0.381099,247,247,5.7921,5.7921,6,0,False,False,1.00262,True,,0.913101,True,,0.784638,True,,1.22695,True,,0.953992,True,,0.910809,True,,-0.0867995,False,,,,
cand_028,actionable,[*:2]c1nnn([*:1])n1,[*:1]N=Nc1nnnn1[*:2],azole_ring,azo,linker,False,*N=Nc1nnnn1*||*c1nnn(*)n1,0.355184,346,346,4.91008,4.91008,6,0,False,False,1.36786,True,,0.775218,True,,0.348896,True,,1.25446,True,,0.632322,True,,0.531322,True,,0.293685,True,,,,
cand_028,actionable,[*:2]c1nnn([*:1])n1,[*:1]N=Nn1nnnc1[*:2],azole_ring,azo,linker,False,*N=Nn1nnnc1*||*c1nnn(*)n1,0.362383,398,398,4.67606,4.67606,6,0,False,False,1.27323,True,,0.697424,True,,0.363967,True,,1.14483,True,,0.646189,True,,0.550421,True,,0.275734,True,,,,
cand_028,actionable,[*:2]c1nnn([*:1])n1,[*:1]N=Nc1nnn([*:2])n1,azole_ring,azo,linker,False,*N=Nc1nnn(*)n1||*c1nnn(*)n1,0.356223,332,332,4.60116,4.60116,6,0,False,False,1.30023,True,,0.69689,True,,0.345385,True,,1.15463,True,,0.599149,True,,0.504875,True,,0.208527,True,,,,
cand_028,actionable,[*:1]c1nnn([*:2])n1,[*:1]N=Nc1nnnn1[*:2],azole_ring,azo,linker,False,*N=Nc1nnnn1*||*c1nnn(*)n1,0.358491,342,342,4.22356,4.22356,6,0,False,False,1.24148,True,,0.622072,True,,0.350247,True,,1.03701,True,,0.531948,True,,0.44081,True,,0.143936,True,,,,
cand_028,actionable,[*:2]c1nnn([*:1])n1,[*:1]N=Nn1nnc([*:2])n1,azole_ring,azo,linker,False,*N=Nn1nnc(*)n1||*c1nnn(*)n1,0.35839,393,393,4.1863,4.1863,6,0,False,False,1.20702,True,,0.602688,True,,0.344701,True,,1.01106,True,,0.554789,True,,0.466045,True,,0.100027,True,,,,
cand_028,actionable,[*:1]c1nnn([*:2])n1,[*:1]N=Nn1nnnc1[*:2],azole_ring,azo,linker,False,*N=Nn1nnnc1*||*c1nnn(*)n1,0.360747,334,334,3.99535,3.99535,6,0,False,False,1.16569,True,,0.546554,True,,0.362638,True,,0.942865,True,,0.534815,True,,0.442787,True,,0.111146,True,,,,
cand_028,actionable,[*:2]c1nnn([*:1])n1,[*:1]NNn1nnnc1[*:2],azole_ring,hydrazo,linker,False,*NNn1nnnc1*||*c1nnn(*)n1,0.363514,386,386,3.9581,3.9581,6,0,False,False,0.938024,True,,0.350252,True,,0.0500214,True,,1.58906,True,,0.588806,True,,0.441934,True,,0.179119,True,,,,
cand_028,actionable,[*:1]c1nnn([*:2])n1,[*:1]N=Nc1nnn([*:2])n1,azole_ring,azo,linker,False,*N=Nc1nnn(*)n1||*c1nnn(*)n1,0.359132,350,350,3.90856,3.90856,6,0,False,False,1.18334,True,,0.547374,True,,0.349104,True,,0.932112,True,,0.490401,True,,0.406235,True,,0.040073,False,,,,
cand_028,actionable,[*:2]c1nnn([*:1])n1,[*:1]NNc1nnnn1[*:2],azole_ring,hydrazo,linker,False,*NNc1nnnn1*||*c1nnn(*)n1,0.353325,340,340,3.53394,3.53394,6,0,False,False,0.88454,True,,0.238912,True,,0.0334778,True,,1.43352,True,,0.53368,True,,0.40981,True,,0.0617399,False,,,,
cand_028,actionable,[*:2]c1nnn([*:1])n1,[*:1]NNn1nnc([*:2])n1,azole_ring,hydrazo,linker,False,*NNn1nnc(*)n1||*c1nnn(*)n1,0.360374,429,429,3.41725,3.41725,6,0,False,False,0.86855,True,,0.257969,True,,0.0453302,True,,1.43395,True,,0.479044,True,,0.332408,True,,-0.203337,True,,,,
cand_028,actionable,[*:2]c1nnn([*:1])n1,[*:1]NNc1nnn([*:2])n1,azole_ring,hydrazo,linker,False,*NNc1nnn(*)n1||*c1nnn(*)n1,0.357457,302,302,3.29623,3.29623,6,0,False,False,0.845114,True,,0.211921,True,,0.0430512,True,,1.37479,True,,0.47719,True,,0.344168,True,,0.0342877,False,,,,
cand_028,actionable,[*:1]c1nnn([*:2])n1,[*:1]N=Nn1nnc([*:2])n1,azole_ring,azo,linker,False,*N=Nn1nnc(*)n1||*c1nnn(*)n1,0.355385,330,330,3.29485,3.29485,6,0,False,False,1.08009,True,,0.405756,True,,0.332178,True,,0.731677,True,,0.409408,True,,0.335746,True,,-0.179887,True,,,,
cand_028,actionable,[*:1]c1nnn([*:2])n1,[*:1]NNn1nnnc1[*:2],azole_ring,hydrazo,linker,False,*NNn1nnnc1*||*c1nnn(*)n1,0.357043,365,365,3.13594,3.13594,6,0,False,False,0.826481,True,,0.183081,True,,0.0505623,True,,1.33815,True,,0.438654,True,,0.299012,True,,-0.0474263,False,,,,
cand_028,actionable,[*:1]c1nnn([*:2])n1,[*:1]NNc1nnnn1[*:2],azole_ring,hydrazo,linker,False,*NNc1nnnn1*||*c1nnn(*)n1,0.356148,336,336,2.73736,2.73736,6,0,False,False,0.743623,True,,0.0703049,True,,0.0427286,True,,1.17605,True,,0.412791,True,,0.291862,True,,-0.0271239,False,,,,
cand_028,actionable,[*:1]c1nnn([*:2])n1,[*:1]NNn1nnc([*:2])n1,azole_ring,hydrazo,linker,False,*NNn1nnc(*)n1||*c1nnn(*)n1,0.354712,335,335,2.57495,2.57495,6,0,False,False,0.753706,True,,0.0800358,True,,0.0327345,True,,1.18342,True,,0.3302,True,,0.194851,True,,-0.307741,True,,,,
cand_028,actionable,[*:1]c1nnn([*:2])n1,[*:1]NNc1nnn([*:2])n1,azole_ring,hydrazo,linker,False,*NNc1nnn(*)n1||*c1nnn(*)n1,0.350426,329,329,2.37486,2.37486,6,0,False,False,0.713205,True,,0.0268665,True,,0.0205211,True,,1.08548,True,,0.323148,True,,0.205645,True,,-0.209807,True,,,,
cand_028,actionable,[*:1]c1nnn([*:2])n1,[*:2]c1nnn(N[N+](=O)[O-])c1[*:1],azole_ring,nitramine,linker,False,*c1nnn(*)n1||*c1nnn(N[N+](=O)[O-])c1*,0.416782,335,335,1.85304,1.85304,6,0,False,False,0.0511008,True,,0.526783,True,,0.350804,True,,0.12756,True,,0.372822,True,,0.423975,True,,-0.409976,True,,,,
cand_028,actionable,[*:1]c1nnn([*:2])n1,[*:1]c1nnn(N[N+](=O)[O-])c1[*:2],azole_ring,nitramine,linker,False,*c1nnn(*)n1||*c1nnn(N[N+](=O)[O-])c1*,0.406666,404,404,1.5689,1.5689,6,0,False,False,0.0474787,True,,0.434563,True,,0.292453,True,,0.0733892,True,,0.333097,True,,0.387919,True,,-0.431373,True,,,,
cand_028,actionable,[*:1]Nn1nnc([*:2])n1,[*:1]Nn1nnnc1[*:2],azole_ring,azole_ring,linker,False,*Nn1nnc(*)n1||*Nn1nnnc1*,0.299811,633,633,0.353273,0.353273,5,0,False,True,0.0577357,True,4.46159,0.0671624,True,14.7671,0,False,0,0.0993867,True,0.011,0.0630548,True,-0.0509584,0.0659334,True,-0.682426,0.236509,True,-0.3727,,,
cand_028,actionable,[*:1]c1nnn([*:2])n1,[*:2]c1nnnn1[*:1],azole_ring,azole_ring,linker,False,*c1nnn(*)n1||*c1nnnn1*,0.257644,2457,2457,0.31729,0.31729,5,0,False,True,0.0573355,True,4.46159,0.0696148,True,14.7671,-2.41191e-19,False,0,0.100322,True,0.011,0.0464741,True,-0.0509584,0.0435433,True,-0.682426,0.109291,True,-0.3727,,,
cand_028,actionable,[*:1]c1nnn([*:2])n1,[*:1]c1nnnn1[*:2],azole_ring,azole_ring,linker,False,*c1nnn(*)n1||*c1nnnn1*,0.258151,2833,2833,0.304252,0.304252,5,0,False,True,0.0551249,True,4.46159,0.0662557,True,14.7671,0,False,0,0.0947991,True,0.011,0.0449933,True,-0.0509584,0.0430791,True,-0.682426,0.118519,True,-0.3727,,,
cand_028,actionable,[*:1]c1nnn(N[N+](=O)[O-])n1,[*:1]c1nnnn1N[N+](=O)[O-],nitramine,nitramine,scaffold,False,*c1nnn(N[N+](=O)[O-])n1||*c1nnnn1N[N+](=O)[O-],0.422033,209,209,0.178983,0.195204,3,0,False,True,0.0499769,True,4.46159,0.0541472,True,14.7671,0,False,0,0.0748584,True,0.011,0.0115004,False,-0.0509584,0.00472109,False,-0.682426,0.0590661,False,-0.3727,,,
cand_028,actionable,[*:1]Nn1nnc([*:2])n1,[*:1]Nc1nnnn1[*:2],azole_ring,azole_ring,linker,False,*Nc1nnnn1*||*Nn1nnc(*)n1,0.295317,577,577,0.147251,0.127895,2,0,False,False,-0.00447786,False,,-0.00725383,False,,-0,False,,-0.00762427,False,,0.0643502,True,,0.0829003,True,,0.280637,True,,,,
cand_028,actionable,[*:1]c1nnn([*:2])n1,[*:2]c1nnn([*:1])n1,azole_ring,azole_ring,linker,False,*c1nnn(*)n1||*c1nnn(*)n1,0.260615,1165,1165,0.0453822,0.0112472,2,0,False,False,-0.00809051,False,,-0.00850428,False,,0,False,,-0.0175402,False,,0.0185507,True,,0.0268315,True,,0.0700273,True,,,,
cand_029,actionable,[*:2]c1nnn([*:1])n1,[*:1]N=[N+]([O-])c1nnnn1[*:2],azole_ring,azoxy,linker,False,*N=[N+]([O-])c1nnnn1*||*c1nnn(*)n1,0.385657,203,203,7.54054,7.54054,6,0,False,False,1.28787,True,,1.32943,True,,0.81574,True,,1.80839,True,,1.1937,True,,1.10541,True,,0.0821143,False,,,,
cand_029,actionable,[*:2]c1nnn([*:1])n1,[*:1]N=[N+]([O-])n1nnnc1[*:2],azole_ring,azoxy,linker,False,*N=[N+]([O-])n1nnnc1*||*c1nnn(*)n1,0.389037,291,291,7.46166,7.46166,6,0,False,False,1.26928,True,,1.34087,True,,0.814976,True,,1.77747,True,,1.16995,True,,1.08911,True,,0.0386994,False,,,,
cand_029,actionable,[*:2]c1nnnn1[*:1],[*:1]N=[N+]([O-])n1nnnc1[*:2],azole_ring,azoxy,linker,False,*N=[N+]([O-])n1nnnc1*||*c1nnnn1*,0.392432,280,280,7.39917,7.39917,6,0,False,False,1.23564,True,,1.29928,True,,0.829576,True,,1.74442,True,,1.1854,True,,1.10485,True,,-0.100889,True,,,,
cand_029,actionable,[*:2]c1nnn([*:1])n1,[*:1]N=[N+]([O-])n1nnc([*:2])n1,azole_ring,azoxy,linker,False,*N=[N+]([O-])n1nnc(*)n1||*c1nnn(*)n1,0.387464,272,272,7.25484,7.25484,6,0,False,False,1.24191,True,,1.27006,True,,0.792996,True,,1.73676,True,,1.14376,True,,1.06936,True,,-0.0477761,False,,,,
cand_029,actionable,[*:2]c1nnnn1[*:1],[*:1]N=[N+]([O-])c1nnnn1[*:2],azole_ring,azoxy,linker,False,*N=[N+]([O-])c1nnnn1*||*c1nnnn1*,0.380296,193,193,7.18294,7.18294,6,0,False,False,1.23795,True,,1.23659,True,,0.790892,True,,1.68949,True,,1.14851,True,,1.0795,True,,-0.171171,True,,,,
cand_029,actionable,[*:1]c1nnn([*:2])n1,[*:1]n1nnnc1N=[N+]([*:2])[O-],azole_ring,azoxy,linker,False,*c1nnn(*)n1||*n1nnnc1N=[N+](*)[O-],0.390172,133,133,7.1687,7.1687,6,0,False,False,1.19903,True,,1.22133,True,,0.836397,True,,1.61404,True,,1.17979,True,,1.11811,True,,0.382541,True,,,,
cand_029,actionable,[*:2]c1nnnn1[*:1],[*:1]N=[N+]([O-])n1nnc([*:2])n1,azole_ring,azoxy,linker,False,*N=[N+]([O-])n1nnc(*)n1||*c1nnnn1*,0.386847,275,275,7.07244,7.07244,6,0,False,False,1.19325,True,,1.21169,True,,0.802861,True,,1.64893,True,,1.14311,True,,1.07258,True,,-0.0690075,False,,,,
cand_029,actionable,[*:1]c1nnnn1[*:2],[*:1]c1nnnn1N=[N+]([*:2])[O-],azole_ring,azoxy,linker,False,*c1nnnn1*||*c1nnnn1N=[N+](*)[O-],0.384684,108,108,7.02768,7.02768,6,0,False,False,1.18176,True,,1.14919,True,,0.79885,True,,1.54468,True,,1.1966,True,,1.1566,True,,0.219111,True,,,,
cand_029,actionable,[*:1]c1nnn([*:2])n1,[*:1]c1nnnn1N=[N+]([*:2])[O-],azole_ring,azoxy,linker,False,*c1nnn(*)n1||*c1nnnn1N=[N+](*)[O-],0.380492,118,118,6.98405,6.98405,6,0,False,False,1.23245,True,,1.15049,True,,0.745411,True,,1.5874,True,,1.15025,True,,1.11805,True,,0.295224,True,,,,
cand_029,actionable,[*:1]c1nnnn1[*:2],[*:2]n1nnnc1N=[N+]([*:1])[O-],azole_ring,azoxy,linker,False,*c1nnnn1*||*n1nnnc1N=[N+](*)[O-],0.387609,122,122,6.97978,6.97978,6,0,False,False,1.16054,True,,1.17138,True,,0.834346,True,,1.60279,True,,1.14116,True,,1.06956,True,,0.160271,True,,,,
cand_029,actionable,[*:1]c1nnn([*:2])n1,[*:2]n1nnnc1N=[N+]([*:1])[O-],azole_ring,azoxy,linker,False,*c1nnn(*)n1||*n1nnnc1N=[N+](*)[O-],0.386228,129,129,6.9305,6.9305,6,0,False,False,1.22164,True,,1.20336,True,,0.791447,True,,1.6175,True,,1.07891,True,,1.01764,True,,0.0905416,False,,,,
cand_029,actionable,[*:1]c1nnnn1[*:2],[*:1]n1nnnc1N=[N+]([*:2])[O-],azole_ring,azoxy,linker,False,*c1nnnn1*||*n1nnnc1N=[N+](*)[O-],0.381342,140,140,6.77105,6.77105,6,0,False,False,1.13232,True,,1.07776,True,,0.793782,True,,1.46168,True,,1.16784,True,,1.13768,True,,0.300078,True,,,,
cand_029,actionable,[*:1]c1nnnn1[*:2],[*:1]n1nnc(N=[N+]([*:2])[O-])n1,azole_ring,azoxy,linker,False,*c1nnnn1*||*n1nnc(N=[N+](*)[O-])n1,0.382376,243,243,6.74472,6.74472,6,0,False,False,1.09841,True,,1.08922,True,,0.804593,True,,1.45168,True,,1.16528,True,,1.13554,True,,0.218252,True,,,,
cand_029,actionable,[*:1]c1nnn([*:2])n1,[*:1]n1nnc(N=[N+]([*:2])[O-])n1,azole_ring,azoxy,linker,False,*c1nnn(*)n1||*n1nnc(N=[N+](*)[O-])n1,0.378153,238,238,6.70442,6.70442,6,0,False,False,1.15867,True,,1.11382,True,,0.761466,True,,1.49629,True,,1.10497,True,,1.0692,True,,0.243363,True,,,,
cand_029,actionable,[*:1]c1nnn([*:2])n1,[*:1]N=[N+]([O-])c1nnnn1[*:2],azole_ring,azoxy,linker,False,*N=[N+]([O-])c1nnnn1*||*c1nnn(*)n1,0.38408,193,193,6.2752,6.2752,6,0,False,False,1.05157,True,,1.02736,True,,0.803237,True,,1.38052,True,,1.03234,True,,0.980179,True,,-0.0531092,False,,,,
cand_029,actionable,[*:1]c1nnnn1[*:2],[*:1]N=[N+]([O-])c1nnnn1[*:2],azole_ring,azoxy,linker,False,*N=[N+]([O-])c1nnnn1*||*c1nnnn1*,0.387444,216,216,6.14634,6.14634,6,0,False,False,1.0166,True,,0.992261,True,,0.829325,True,,1.31178,True,,1.02557,True,,0.970802,True,,0.00583282,False,,,,
cand_029,actionable,[*:1]c1nnn([*:2])n1,[*:2]n1nnc(N=[N+]([*:1])[O-])n1,azole_ring,azoxy,linker,False,*c1nnn(*)n1||*n1nnc(N=[N+](*)[O-])n1,0.383262,245,245,6.12532,6.12532,6,0,False,False,1.05729,True,,0.968287,True,,0.765806,True,,1.33239,True,,1.01607,True,,0.985474,True,,-0.000412203,False,,,,
cand_029,actionable,[*:1]c1nnn([*:2])n1,[*:1]N=[N+]([O-])n1nnnc1[*:2],azole_ring,azoxy,linker,False,*N=[N+]([O-])n1nnnc1*||*c1nnn(*)n1,0.382236,241,241,6.08289,6.08289,6,0,False,False,1.03381,True,,0.991957,True,,0.801599,True,,1.30846,True,,0.998561,True,,0.948499,True,,0.0401082,False,,,,
cand_029,actionable,[*:1]c1nnnn1[*:2],[*:2]n1nnc(N=[N+]([*:1])[O-])n1,azole_ring,azoxy,linker,False,*c1nnnn1*||*n1nnc(N=[N+](*)[O-])n1,0.381536,249,249,5.94401,5.94401,6,0,False,False,0.991857,True,,0.919359,True,,0.786746,True,,1.22979,True,,1.0227,True,,0.99356,True,,0.189938,True,,,,
cand_029,actionable,[*:1]c1nnnn1[*:2],[*:1]N=[N+]([O-])n1nnnc1[*:2],azole_ring,azoxy,linker,False,*N=[N+]([O-])n1nnnc1*||*c1nnnn1*,0.386172,229,229,5.94241,5.94241,6,0,False,False,1.01177,True,,0.953617,True,,0.810754,True,,1.25172,True,,0.978768,True,,0.935784,True,,-0.0654356,False,,,,
cand_029,actionable,[*:1]c1nnnn1[*:2],[*:1]N=[N+]([O-])n1nnc([*:2])n1,azole_ring,azoxy,linker,False,*N=[N+]([O-])n1nnc(*)n1||*c1nnnn1*,0.383065,259,259,5.90937,5.90937,6,0,False,False,0.973511,True,,0.966867,True,,0.837706,True,,1.25181,True,,0.973185,True,,0.906291,True,,-0.132316,True,,,,
cand_029,actionable,[*:1]c1nnn([*:2])n1,[*:1]N=[N+]([O-])n1nnc([*:2])n1,azole_ring,azoxy,linker,False,*N=[N+]([O-])n1nnc(*)n1||*c1nnn(*)n1,0.381099,247,247,5.7921,5.7921,6,0,False,False,1.00262,True,,0.913101,True,,0.784638,True,,1.22695,True,,0.953992,True,,0.910809,True,,-0.0867995,False,,,,
cand_029,actionable,[*:2]c1nnn([*:1])n1,[*:1]N=Nc1nnnn1[*:2],azole_ring,azo,linker,False,*N=Nc1nnnn1*||*c1nnn(*)n1,0.355184,346,346,4.91008,4.91008,6,0,False,False,1.36786,True,,0.775218,True,,0.348896,True,,1.25446,True,,0.632322,True,,0.531322,True,,0.293685,True,,,,
cand_029,actionable,[*:2]c1nnnn1[*:1],[*:1]N=Nc1nnnn1[*:2],azole_ring,azo,linker,False,*N=Nc1nnnn1*||*c1nnnn1*,0.355949,350,350,4.82301,4.82301,6,0,False,False,1.32338,True,,0.730511,True,,0.358726,True,,1.1928,True,,0.655076,True,,0.562518,True,,0.123372,True,,,,
cand_029,actionable,[*:2]c1nnn([*:1])n1,[*:1]N=Nn1nnnc1[*:2],azole_ring,azo,linker,False,*N=Nn1nnnc1*||*c1nnn(*)n1,0.362383,398,398,4.67606,4.67606,6,0,False,False,1.27323,True,,0.697424,True,,0.363967,True,,1.14483,True,,0.646189,True,,0.550421,True,,0.275734,True,,,,
cand_029,actionable,[*:2]c1nnn([*:1])n1,[*:1]N=Nc1nnn([*:2])n1,azole_ring,azo,linker,False,*N=Nc1nnn(*)n1||*c1nnn(*)n1,0.356223,332,332,4.60116,4.60116,6,0,False,False,1.30023,True,,0.69689,True,,0.345385,True,,1.15463,True,,0.599149,True,,0.504875,True,,0.208527,True,,,,
cand_029,actionable,[*:2]c1nnnn1[*:1],[*:1]N=Nc1nnn([*:2])n1,azole_ring,azo,linker,False,*N=Nc1nnn(*)n1||*c1nnnn1*,0.35656,356,356,4.40896,4.40896,6,0,False,False,1.26223,True,,0.639687,True,,0.340861,True,,1.06383,True,,0.590047,True,,0.512296,True,,0.111891,True,,,,
cand_029,actionable,[*:2]c1nnnn1[*:1],[*:1]N=Nn1nnnc1[*:2],azole_ring,azo,linker,False,*N=Nn1nnnc1*||*c1nnnn1*,0.356653,386,386,4.35206,4.35206,6,0,False,False,1.23532,True,,0.615186,True,,0.330104,True,,1.0263,True,,0.60749,True,,0.537659,True,,0.166134,True,,,,
cand_029,actionable,[*:1]c1nnn([*:2])n1,[*:1]N=Nc1nnnn1[*:2],azole_ring,azo,linker,False,*N=Nc1nnnn1*||*c1nnn(*)n1,0.358491,342,342,4.22356,4.22356,6,0,False,False,1.24148,True,,0.622072,True,,0.350247,True,,1.03701,True,,0.531948,True,,0.44081,True,,0.143936,True,,,,
cand_029,actionable,[*:2]c1nnn([*:1])n1,[*:1]N=Nn1nnc([*:2])n1,azole_ring,azo,linker,False,*N=Nn1nnc(*)n1||*c1nnn(*)n1,0.35839,393,393,4.1863,4.1863,6,0,False,False,1.20702,True,,0.602688,True,,0.344701,True,,1.01106,True,,0.554789,True,,0.466045,True,,0.100027,True,,,,
cand_029,actionable,[*:1]c1nnn([*:2])n1,[*:1]N=Nn1nnnc1[*:2],azole_ring,azo,linker,False,*N=Nn1nnnc1*||*c1nnn(*)n1,0.360747,334,334,3.99535,3.99535,6,0,False,False,1.16569,True,,0.546554,True,,0.362638,True,,0.942865,True,,0.534815,True,,0.442787,True,,0.111146,True,,,,
cand_029,actionable,[*:2]c1nnn([*:1])n1,[*:1]NNn1nnnc1[*:2],azole_ring,hydrazo,linker,False,*NNn1nnnc1*||*c1nnn(*)n1,0.363514,386,386,3.9581,3.9581,6,0,False,False,0.938024,True,,0.350252,True,,0.0500214,True,,1.58906,True,,0.588806,True,,0.441934,True,,0.179119,True,,,,
cand_029,actionable,[*:2]c1nnnn1[*:1],[*:1]N=Nn1nnc([*:2])n1,azole_ring,azo,linker,False,*N=Nn1nnc(*)n1||*c1nnnn1*,0.355887,402,402,3.93208,3.93208,6,0,False,False,1.17085,True,,0.536145,True,,0.333633,True,,0.916776,True,,0.52508,True,,0.449589,True,,-0.0634601,False,,,,
cand_029,actionable,[*:1]c1nnn([*:2])n1,[*:1]N=Nc1nnn([*:2])n1,azole_ring,azo,linker,False,*N=Nc1nnn(*)n1||*c1nnn(*)n1,0.359132,350,350,3.90856,3.90856,6,0,False,False,1.18334,True,,0.547374,True,,0.349104,True,,0.932112,True,,0.490401,True,,0.406235,True,,0.040073,False,,,,
cand_029,actionable,[*:1]c1nnnn1[*:2],[*:1]N=Nc1nnnn1[*:2],azole_ring,azo,linker,False,*N=Nc1nnnn1*||*c1nnnn1*,0.351097,336,336,3.75447,3.75447,6,0,False,False,1.17631,True,,0.503957,True,,0.330506,True,,0.868255,True,,0.473577,True,,0.401863,True,,0.159668,True,,,,
cand_029,actionable,[*:2]c1nnnn1[*:1],[*:1]NNn1nnnc1[*:2],azole_ring,hydrazo,linker,False,*NNn1nnnc1*||*c1nnnn1*,0.35995,369,369,3.64902,3.64902,6,0,False,False,0.89669,True,,0.272185,True,,0.0281111,True,,1.47287,True,,0.55144,True,,0.42772,True,,0.0963791,True,,,,
cand_029,actionable,[*:1]c1nnnn1[*:2],[*:1]N=Nc1nnn([*:2])n1,azole_ring,azo,linker,False,*N=Nc1nnn(*)n1||*c1nnnn1*,0.356667,329,329,3.62297,3.62297,6,0,False,False,1.12524,True,,0.47018,True,,0.353315,True,,0.823885,True,,0.464077,True,,0.38627,True,,0.0930074,True,,,,
cand_029,actionable,[*:2]c1nnn([*:1])n1,[*:1]NNc1nnnn1[*:2],azole_ring,hydrazo,linker,False,*NNc1nnnn1*||*c1nnn(*)n1,0.353325,340,340,3.53394,3.53394,6,0,False,False,0.88454,True,,0.238912,True,,0.0334778,True,,1.43352,True,,0.53368,True,,0.40981,True,,0.0617399,False,,,,
cand_029,actionable,[*:1]c1nnnn1[*:2],[*:1]N=Nn1nnnc1[*:2],azole_ring,azo,linker,False,*N=Nn1nnnc1*||*c1nnnn1*,0.354557,319,319,3.49741,3.49741,6,0,False,False,1.09274,True,,0.42757,True,,0.346433,True,,0.758009,True,,0.470057,True,,0.402601,True,,0.219847,True,,,,
cand_029,actionable,[*:2]c1nnn([*:1])n1,[*:1]NNn1nnc([*:2])n1,azole_ring,hydrazo,linker,False,*NNn1nnc(*)n1||*c1nnn(*)n1,0.360374,429,429,3.41725,3.41725,6,0,False,False,0.86855,True,,0.257969,True,,0.0453302,True,,1.43395,True,,0.479044,True,,0.332408,True,,-0.203337,True,,,,
cand_029,actionable,[*:2]c1nnnn1[*:1],[*:1]NNc1nnnn1[*:2],azole_ring,hydrazo,linker,False,*NNc1nnnn1*||*c1nnnn1*,0.357605,308,308,3.39303,3.39303,6,0,False,False,0.844118,True,,0.200872,True,,0.0369562,True,,1.37573,True,,0.528407,True,,0.406946,True,,-0.0578213,False,,,,
cand_029,actionable,[*:2]c1nnn([*:1])n1,[*:1]NNc1nnn([*:2])n1,azole_ring,hydrazo,linker,False,*NNc1nnn(*)n1||*c1nnn(*)n1,0.357457,302,302,3.29623,3.29623,6,0,False,False,0.845114,True,,0.211921,True,,0.0430512,True,,1.37479,True,,0.47719,True,,0.344168,True,,0.0342877,False,,,,
cand_029,actionable,[*:1]c1nnn([*:2])n1,[*:1]N=Nn1nnc([*:2])n1,azole_ring,azo,linker,False,*N=Nn1nnc(*)n1||*c1nnn(*)n1,0.355385,330,330,3.29485,3.29485,6,0,False,False,1.08009,True,,0.405756,True,,0.332178,True,,0.731677,True,,0.409408,True,,0.335746,True,,-0.179887,True,,,,
cand_029,actionable,[*:2]c1nnnn1[*:1],[*:1]NNn1nnc([*:2])n1,azole_ring,hydrazo,linker,False,*NNn1nnc(*)n1||*c1nnnn1*,0.361736,393,393,3.28999,3.28999,6,0,False,False,0.833756,True,,0.207705,True,,0.0440876,True,,1.38185,True,,0.481115,True,,0.341475,True,,-0.243635,True,,,,
cand_029,actionable,[*:1]c1nnn([*:2])n1,[*:1]NNn1nnnc1[*:2],azole_ring,hydrazo,linker,False,*NNn1nnnc1*||*c1nnn(*)n1,0.357043,365,365,3.13594,3.13594,6,0,False,False,0.826481,True,,0.183081,True,,0.0505623,True,,1.33815,True,,0.438654,True,,0.299012,True,,-0.0474263,False,,,,
cand_029,actionable,[*:1]c1nnnn1[*:2],[*:1]N=Nn1nnc([*:2])n1,azole_ring,azo,linker,False,*N=Nn1nnc(*)n1||*c1nnnn1*,0.351134,325,325,3.02894,3.02894,6,0,False,False,1.03313,True,,0.332837,True,,0.326176,True,,0.62886,True,,0.384432,True,,0.323499,True,,0.0338713,False,,,,
cand_029,actionable,[*:2]c1nnnn1[*:1],[*:1]NNc1nnn([*:2])n1,azole_ring,hydrazo,linker,False,*NNc1nnn(*)n1||*c1nnnn1*,0.354073,326,326,2.92851,2.92851,6,0,False,False,0.787273,True,,0.125173,True,,0.0243631,True,,1.22938,True,,0.436184,True,,0.326137,True,,-0.0216373,False,,,,
cand_029,actionable,[*:1]c1nnnn1[*:2],[*:1]NNn1nnnc1[*:2],azole_ring,hydrazo,linker,False,*NNn1nnnc1*||*c1nnnn1*,0.353396,307,307,2.84277,2.84277,6,0,False,False,0.765018,True,,0.0848097,True,,0.0448634,True,,1.22263,True,,0.42504,True,,0.30041,True,,-0.0312679,False,,,,
cand_029,actionable,[*:1]c1nnn([*:2])n1,[*:1]NNc1nnnn1[*:2],azole_ring,hydrazo,linker,False,*NNc1nnnn1*||*c1nnn(*)n1,0.356148,336,336,2.73736,2.73736,6,0,False,False,0.743623,True,,0.0703049,True,,0.0427286,True,,1.17605,True,,0.412791,True,,0.291862,True,,-0.0271239,False,,,,
cand_029,actionable,[*:1]c1nnn([*:2])n1,[*:1]NNn1nnc([*:2])n1,azole_ring,hydrazo,linker,False,*NNn1nnc(*)n1||*c1nnn(*)n1,0.354712,335,335,2.57495,2.57495,6,0,False,False,0.753706,True,,0.0800358,True,,0.0327345,True,,1.18342,True,,0.3302,True,,0.194851,True,,-0.307741,True,,,,
cand_029,actionable,[*:1]c1nnnn1[*:2],[*:1]NNc1nnnn1[*:2],azole_ring,hydrazo,linker,False,*NNc1nnnn1*||*c1nnnn1*,0.352717,357,357,2.45199,2.43486,5,0,False,False,0.693648,True,,-0.0171293,False,,0.030827,True,,1.06987,True,,0.381362,True,,0.276284,True,,-0.0595134,False,,,,
cand_029,actionable,[*:1]c1nnn([*:2])n1,[*:1]NNc1nnn([*:2])n1,azole_ring,hydrazo,linker,False,*NNc1nnn(*)n1||*c1nnn(*)n1,0.350426,329,329,2.37486,2.37486,6,0,False,False,0.713205,True,,0.0268665,True,,0.0205211,True,,1.08548,True,,0.323148,True,,0.205645,True,,-0.209807,True,,,,
cand_029,actionable,[*:1]c1nnnn1[*:2],[*:1]NNn1nnc([*:2])n1,azole_ring,hydrazo,linker,False,*NNn1nnc(*)n1||*c1nnnn1*,0.352662,318,318,2.24338,2.23116,5,0,False,False,0.681101,True,,-0.0122265,False,,0.0338148,True,,1.04967,True,,0.301504,True,,0.177294,True,,-0.248633,True,,,,
cand_029,actionable,[*:1]c1nnn([*:2])n1,[*:2]c1nnn(N[N+](=O)[O-])c1[*:1],azole_ring,nitramine,linker,False,*c1nnn(*)n1||*c1nnn(N[N+](=O)[O-])c1*,0.416782,335,335,1.85304,1.85304,6,0,False,False,0.0511008,True,,0.526783,True,,0.350804,True,,0.12756,True,,0.372822,True,,0.423975,True,,-0.409976,True,,,,
cand_029,actionable,[*:1]c1nnn([*:2])n1,[*:1]c1nnn(N[N+](=O)[O-])c1[*:2],azole_ring,nitramine,linker,False,*c1nnn(*)n1||*c1nnn(N[N+](=O)[O-])c1*,0.406666,404,404,1.5689,1.5689,6,0,False,False,0.0474787,True,,0.434563,True,,0.292453,True,,0.0733892,True,,0.333097,True,,0.387919,True,,-0.431373,True,,,,
cand_029,actionable,[*:1]c1nnnn1[*:2],[*:1]c1nnn(N[N+](=O)[O-])c1[*:2],azole_ring,nitramine,linker,False,*c1nnn(N[N+](=O)[O-])c1*||*c1nnnn1*,0.412549,385,385,1.50783,1.54167,4,0,False,False,0.0006166,False,,0.433216,True,,0.343985,True,,0.0332176,False,,0.340516,True,,0.390115,True,,-0.462432,True,,,,
cand_029,actionable,[*:2]c1nnnn1[*:1],[*:1]c1nnn(N[N+](=O)[O-])c1[*:2],azole_ring,nitramine,linker,False,*c1nnn(N[N+](=O)[O-])c1*||*c1nnnn1*,0.410514,341,341,1.33352,1.28057,4,0,False,False,-0.0166058,False,,0.396025,True,,0.315102,True,,-0.0363459,False,,0.285464,True,,0.336933,True,,-0.491826,True,,,,
cand_029,actionable,[*:1]c1nnn(N=[N+]=[N-])n1,[*:1]c1nnnn1N=[N+]=[N-],azide,azide,scaffold,False,*c1nnn(N=[N+]=[N-])n1||*c1nnnn1N=[N+]=[N-],0.395339,229,229,0.352403,0.352403,5,0,False,True,0.0738585,True,3.42557,0.0859202,True,12.9693,0,False,0,0.119177,True,0.0094,0.038839,True,-0.00685105,0.034608,True,-0.134503,-0.0988083,False,-166.592,,,
cand_029,actionable,[*:1]c1nnn([*:2])n1,[*:2]c1nnnn1[*:1],azole_ring,azole_ring,linker,False,*c1nnn(*)n1||*c1nnnn1*,0.257644,2457,2457,0.31729,0.31729,5,0,False,True,0.0573355,True,3.42557,0.0696148,True,12.9693,-2.41191e-19,False,0,0.100322,True,0.0094,0.0464741,True,-0.00685105,0.0435433,True,-0.134503,0.109291,True,-166.592,,,
cand_029,actionable,[*:1]c1nnn([*:2])n1,[*:1]c1nnnn1[*:2],azole_ring,azole_ring,linker,False,*c1nnn(*)n1||*c1nnnn1*,0.258151,2833,2833,0.304252,0.304252,5,0,False,True,0.0551249,True,3.42557,0.0662557,True,12.9693,0,False,0,0.0947991,True,0.0094,0.0449933,True,-0.00685105,0.0430791,True,-0.134503,0.118519,True,-166.592,,,
cand_029,actionable,[*:1]c1nnnn1[*:2],[*:2]c1nnnn1[*:1],azole_ring,azole_ring,linker,False,*c1nnnn1*||*c1nnnn1*,0.258476,1293,1293,0.21802,0.21802,5,0,False,False,0.0300112,True,,0.0417528,True,,0,False,,0.057483,True,,0.0430979,True,,0.0456756,True,,-0.0465583,True,,,,
cand_029,actionable,[*:1]c1nnn([*:2])n1,[*:2]c1nnn([*:1])n1,azole_ring,azole_ring,linker,False,*c1nnn(*)n1||*c1nnn(*)n1,0.260615,1165,1165,0.0453822,0.0112472,2,0,False,False,-0.00809051,False,,-0.00850428,False,,0,False,,-0.0175402,False,,0.0185507,True,,0.0268315,True,,0.0700273,True,,,,
cand_030,actionable,[*:2]c1nnn([*:1])n1,[*:1]N=[N+]([O-])c1nnnn1[*:2],azole_ring,azoxy,linker,False,*N=[N+]([O-])c1nnnn1*||*c1nnn(*)n1,0.385657,203,203,7.54054,7.54054,6,0,False,False,1.28787,True,,1.32943,True,,0.81574,True,,1.80839,True,,1.1937,True,,1.10541,True,,0.0821143,False,,,,
cand_030,actionable,[*:2]c1nnn([*:1])n1,[*:1]N=[N+]([O-])n1nnnc1[*:2],azole_ring,azoxy,linker,False,*N=[N+]([O-])n1nnnc1*||*c1nnn(*)n1,0.389037,291,291,7.46166,7.46166,6,0,False,False,1.26928,True,,1.34087,True,,0.814976,True,,1.77747,True,,1.16995,True,,1.08911,True,,0.0386994,False,,,,
cand_030,actionable,[*:2]c1nnnn1[*:1],[*:1]N=[N+]([O-])n1nnnc1[*:2],azole_ring,azoxy,linker,False,*N=[N+]([O-])n1nnnc1*||*c1nnnn1*,0.392432,280,280,7.39917,7.39917,6,0,False,False,1.23564,True,,1.29928,True,,0.829576,True,,1.74442,True,,1.1854,True,,1.10485,True,,-0.100889,True,,,,
cand_030,actionable,[*:2]c1nnn([*:1])n1,[*:1]N=[N+]([O-])n1nnc([*:2])n1,azole_ring,azoxy,linker,False,*N=[N+]([O-])n1nnc(*)n1||*c1nnn(*)n1,0.387464,272,272,7.25484,7.25484,6,0,False,False,1.24191,True,,1.27006,True,,0.792996,True,,1.73676,True,,1.14376,True,,1.06936,True,,-0.0477761,False,,,,
cand_030,actionable,[*:2]c1nnnn1[*:1],[*:1]N=[N+]([O-])c1nnnn1[*:2],azole_ring,azoxy,linker,False,*N=[N+]([O-])c1nnnn1*||*c1nnnn1*,0.380296,193,193,7.18294,7.18294,6,0,False,False,1.23795,True,,1.23659,True,,0.790892,True,,1.68949,True,,1.14851,True,,1.0795,True,,-0.171171,True,,,,
cand_030,actionable,[*:1]c1nnn([*:2])n1,[*:1]n1nnnc1N=[N+]([*:2])[O-],azole_ring,azoxy,linker,False,*c1nnn(*)n1||*n1nnnc1N=[N+](*)[O-],0.390172,133,133,7.1687,7.1687,6,0,False,False,1.19903,True,,1.22133,True,,0.836397,True,,1.61404,True,,1.17979,True,,1.11811,True,,0.382541,True,,,,
cand_030,actionable,[*:2]c1nnnn1[*:1],[*:1]N=[N+]([O-])n1nnc([*:2])n1,azole_ring,azoxy,linker,False,*N=[N+]([O-])n1nnc(*)n1||*c1nnnn1*,0.386847,275,275,7.07244,7.07244,6,0,False,False,1.19325,True,,1.21169,True,,0.802861,True,,1.64893,True,,1.14311,True,,1.07258,True,,-0.0690075,False,,,,
cand_030,actionable,[*:1]c1nnnn1[*:2],[*:1]c1nnnn1N=[N+]([*:2])[O-],azole_ring,azoxy,linker,False,*c1nnnn1*||*c1nnnn1N=[N+](*)[O-],0.384684,108,108,7.02768,7.02768,6,0,False,False,1.18176,True,,1.14919,True,,0.79885,True,,1.54468,True,,1.1966,True,,1.1566,True,,0.219111,True,,,,
cand_030,actionable,[*:1]c1nnn([*:2])n1,[*:1]c1nnnn1N=[N+]([*:2])[O-],azole_ring,azoxy,linker,False,*c1nnn(*)n1||*c1nnnn1N=[N+](*)[O-],0.380492,118,118,6.98405,6.98405,6,0,False,False,1.23245,True,,1.15049,True,,0.745411,True,,1.5874,True,,1.15025,True,,1.11805,True,,0.295224,True,,,,
cand_030,actionable,[*:1]c1nnnn1[*:2],[*:2]n1nnnc1N=[N+]([*:1])[O-],azole_ring,azoxy,linker,False,*c1nnnn1*||*n1nnnc1N=[N+](*)[O-],0.387609,122,122,6.97978,6.97978,6,0,False,False,1.16054,True,,1.17138,True,,0.834346,True,,1.60279,True,,1.14116,True,,1.06956,True,,0.160271,True,,,,
cand_030,actionable,[*:1]c1nnn([*:2])n1,[*:2]n1nnnc1N=[N+]([*:1])[O-],azole_ring,azoxy,linker,False,*c1nnn(*)n1||*n1nnnc1N=[N+](*)[O-],0.386228,129,129,6.9305,6.9305,6,0,False,False,1.22164,True,,1.20336,True,,0.791447,True,,1.6175,True,,1.07891,True,,1.01764,True,,0.0905416,False,,,,
cand_030,actionable,[*:1]c1nnnn1[*:2],[*:1]n1nnnc1N=[N+]([*:2])[O-],azole_ring,azoxy,linker,False,*c1nnnn1*||*n1nnnc1N=[N+](*)[O-],0.381342,140,140,6.77105,6.77105,6,0,False,False,1.13232,True,,1.07776,True,,0.793782,True,,1.46168,True,,1.16784,True,,1.13768,True,,0.300078,True,,,,
cand_030,actionable,[*:1]c1nnnn1[*:2],[*:1]n1nnc(N=[N+]([*:2])[O-])n1,azole_ring,azoxy,linker,False,*c1nnnn1*||*n1nnc(N=[N+](*)[O-])n1,0.382376,243,243,6.74472,6.74472,6,0,False,False,1.09841,True,,1.08922,True,,0.804593,True,,1.45168,True,,1.16528,True,,1.13554,True,,0.218252,True,,,,
cand_030,actionable,[*:1]c1nnn([*:2])n1,[*:1]n1nnc(N=[N+]([*:2])[O-])n1,azole_ring,azoxy,linker,False,*c1nnn(*)n1||*n1nnc(N=[N+](*)[O-])n1,0.378153,238,238,6.70442,6.70442,6,0,False,False,1.15867,True,,1.11382,True,,0.761466,True,,1.49629,True,,1.10497,True,,1.0692,True,,0.243363,True,,,,
cand_030,actionable,[*:1]c1nnn([*:2])n1,[*:1]N=[N+]([O-])c1nnnn1[*:2],azole_ring,azoxy,linker,False,*N=[N+]([O-])c1nnnn1*||*c1nnn(*)n1,0.38408,193,193,6.2752,6.2752,6,0,False,False,1.05157,True,,1.02736,True,,0.803237,True,,1.38052,True,,1.03234,True,,0.980179,True,,-0.0531092,False,,,,
cand_030,actionable,[*:1]c1nnnn1[*:2],[*:1]N=[N+]([O-])c1nnnn1[*:2],azole_ring,azoxy,linker,False,*N=[N+]([O-])c1nnnn1*||*c1nnnn1*,0.387444,216,216,6.14634,6.14634,6,0,False,False,1.0166,True,,0.992261,True,,0.829325,True,,1.31178,True,,1.02557,True,,0.970802,True,,0.00583282,False,,,,
cand_030,actionable,[*:1]c1nnn([*:2])n1,[*:2]n1nnc(N=[N+]([*:1])[O-])n1,azole_ring,azoxy,linker,False,*c1nnn(*)n1||*n1nnc(N=[N+](*)[O-])n1,0.383262,245,245,6.12532,6.12532,6,0,False,False,1.05729,True,,0.968287,True,,0.765806,True,,1.33239,True,,1.01607,True,,0.985474,True,,-0.000412203,False,,,,
cand_030,actionable,[*:1]c1nnn([*:2])n1,[*:1]N=[N+]([O-])n1nnnc1[*:2],azole_ring,azoxy,linker,False,*N=[N+]([O-])n1nnnc1*||*c1nnn(*)n1,0.382236,241,241,6.08289,6.08289,6,0,False,False,1.03381,True,,0.991957,True,,0.801599,True,,1.30846,True,,0.998561,True,,0.948499,True,,0.0401082,False,,,,
cand_030,actionable,[*:1]c1nnnn1[*:2],[*:2]n1nnc(N=[N+]([*:1])[O-])n1,azole_ring,azoxy,linker,False,*c1nnnn1*||*n1nnc(N=[N+](*)[O-])n1,0.381536,249,249,5.94401,5.94401,6,0,False,False,0.991857,True,,0.919359,True,,0.786746,True,,1.22979,True,,1.0227,True,,0.99356,True,,0.189938,True,,,,
cand_030,actionable,[*:1]c1nnnn1[*:2],[*:1]N=[N+]([O-])n1nnnc1[*:2],azole_ring,azoxy,linker,False,*N=[N+]([O-])n1nnnc1*||*c1nnnn1*,0.386172,229,229,5.94241,5.94241,6,0,False,False,1.01177,True,,0.953617,True,,0.810754,True,,1.25172,True,,0.978768,True,,0.935784,True,,-0.0654356,False,,,,
cand_030,actionable,[*:1]c1nnnn1[*:2],[*:1]N=[N+]([O-])n1nnc([*:2])n1,azole_ring,azoxy,linker,False,*N=[N+]([O-])n1nnc(*)n1||*c1nnnn1*,0.383065,259,259,5.90937,5.90937,6,0,False,False,0.973511,True,,0.966867,True,,0.837706,True,,1.25181,True,,0.973185,True,,0.906291,True,,-0.132316,True,,,,
cand_030,actionable,[*:1]c1nnn([*:2])n1,[*:1]N=[N+]([O-])n1nnc([*:2])n1,azole_ring,azoxy,linker,False,*N=[N+]([O-])n1nnc(*)n1||*c1nnn(*)n1,0.381099,247,247,5.7921,5.7921,6,0,False,False,1.00262,True,,0.913101,True,,0.784638,True,,1.22695,True,,0.953992,True,,0.910809,True,,-0.0867995,False,,,,
cand_030,actionable,[*:2]c1nnn([*:1])n1,[*:1]N=Nc1nnnn1[*:2],azole_ring,azo,linker,False,*N=Nc1nnnn1*||*c1nnn(*)n1,0.355184,346,346,4.91008,4.91008,6,0,False,False,1.36786,True,,0.775218,True,,0.348896,True,,1.25446,True,,0.632322,True,,0.531322,True,,0.293685,True,,,,
cand_030,actionable,[*:2]c1nnnn1[*:1],[*:1]N=Nc1nnnn1[*:2],azole_ring,azo,linker,False,*N=Nc1nnnn1*||*c1nnnn1*,0.355949,350,350,4.82301,4.82301,6,0,False,False,1.32338,True,,0.730511,True,,0.358726,True,,1.1928,True,,0.655076,True,,0.562518,True,,0.123372,True,,,,
cand_030,actionable,[*:2]c1nnn([*:1])n1,[*:1]N=Nn1nnnc1[*:2],azole_ring,azo,linker,False,*N=Nn1nnnc1*||*c1nnn(*)n1,0.362383,398,398,4.67606,4.67606,6,0,False,False,1.27323,True,,0.697424,True,,0.363967,True,,1.14483,True,,0.646189,True,,0.550421,True,,0.275734,True,,,,
cand_030,actionable,[*:2]c1nnn([*:1])n1,[*:1]N=Nc1nnn([*:2])n1,azole_ring,azo,linker,False,*N=Nc1nnn(*)n1||*c1nnn(*)n1,0.356223,332,332,4.60116,4.60116,6,0,False,False,1.30023,True,,0.69689,True,,0.345385,True,,1.15463,True,,0.599149,True,,0.504875,True,,0.208527,True,,,,
cand_030,actionable,[*:2]c1nnnn1[*:1],[*:1]N=Nc1nnn([*:2])n1,azole_ring,azo,linker,False,*N=Nc1nnn(*)n1||*c1nnnn1*,0.35656,356,356,4.40896,4.40896,6,0,False,False,1.26223,True,,0.639687,True,,0.340861,True,,1.06383,True,,0.590047,True,,0.512296,True,,0.111891,True,,,,
cand_030,actionable,[*:2]c1nnnn1[*:1],[*:1]N=Nn1nnnc1[*:2],azole_ring,azo,linker,False,*N=Nn1nnnc1*||*c1nnnn1*,0.356653,386,386,4.35206,4.35206,6,0,False,False,1.23532,True,,0.615186,True,,0.330104,True,,1.0263,True,,0.60749,True,,0.537659,True,,0.166134,True,,,,
cand_030,actionable,[*:1]c1nnn([*:2])n1,[*:1]N=Nc1nnnn1[*:2],azole_ring,azo,linker,False,*N=Nc1nnnn1*||*c1nnn(*)n1,0.358491,342,342,4.22356,4.22356,6,0,False,False,1.24148,True,,0.622072,True,,0.350247,True,,1.03701,True,,0.531948,True,,0.44081,True,,0.143936,True,,,,
cand_030,actionable,[*:2]c1nnn([*:1])n1,[*:1]N=Nn1nnc([*:2])n1,azole_ring,azo,linker,False,*N=Nn1nnc(*)n1||*c1nnn(*)n1,0.35839,393,393,4.1863,4.1863,6,0,False,False,1.20702,True,,0.602688,True,,0.344701,True,,1.01106,True,,0.554789,True,,0.466045,True,,0.100027,True,,,,
cand_030,actionable,[*:1]c1nnn([*:2])n1,[*:1]N=Nn1nnnc1[*:2],azole_ring,azo,linker,False,*N=Nn1nnnc1*||*c1nnn(*)n1,0.360747,334,334,3.99535,3.99535,6,0,False,False,1.16569,True,,0.546554,True,,0.362638,True,,0.942865,True,,0.534815,True,,0.442787,True,,0.111146,True,,,,
cand_030,actionable,[*:2]c1nnn([*:1])n1,[*:1]NNn1nnnc1[*:2],azole_ring,hydrazo,linker,False,*NNn1nnnc1*||*c1nnn(*)n1,0.363514,386,386,3.9581,3.9581,6,0,False,False,0.938024,True,,0.350252,True,,0.0500214,True,,1.58906,True,,0.588806,True,,0.441934,True,,0.179119,True,,,,
cand_030,actionable,[*:2]c1nnnn1[*:1],[*:1]N=Nn1nnc([*:2])n1,azole_ring,azo,linker,False,*N=Nn1nnc(*)n1||*c1nnnn1*,0.355887,402,402,3.93208,3.93208,6,0,False,False,1.17085,True,,0.536145,True,,0.333633,True,,0.916776,True,,0.52508,True,,0.449589,True,,-0.0634601,False,,,,
cand_030,actionable,[*:1]c1nnn([*:2])n1,[*:1]N=Nc1nnn([*:2])n1,azole_ring,azo,linker,False,*N=Nc1nnn(*)n1||*c1nnn(*)n1,0.359132,350,350,3.90856,3.90856,6,0,False,False,1.18334,True,,0.547374,True,,0.349104,True,,0.932112,True,,0.490401,True,,0.406235,True,,0.040073,False,,,,
cand_030,actionable,[*:1]c1nnnn1[*:2],[*:1]N=Nc1nnnn1[*:2],azole_ring,azo,linker,False,*N=Nc1nnnn1*||*c1nnnn1*,0.351097,336,336,3.75447,3.75447,6,0,False,False,1.17631,True,,0.503957,True,,0.330506,True,,0.868255,True,,0.473577,True,,0.401863,True,,0.159668,True,,,,
cand_030,actionable,[*:2]c1nnnn1[*:1],[*:1]NNn1nnnc1[*:2],azole_ring,hydrazo,linker,False,*NNn1nnnc1*||*c1nnnn1*,0.35995,369,369,3.64902,3.64902,6,0,False,False,0.89669,True,,0.272185,True,,0.0281111,True,,1.47287,True,,0.55144,True,,0.42772,True,,0.0963791,True,,,,
cand_030,actionable,[*:1]c1nnnn1[*:2],[*:1]N=Nc1nnn([*:2])n1,azole_ring,azo,linker,False,*N=Nc1nnn(*)n1||*c1nnnn1*,0.356667,329,329,3.62297,3.62297,6,0,False,False,1.12524,True,,0.47018,True,,0.353315,True,,0.823885,True,,0.464077,True,,0.38627,True,,0.0930074,True,,,,
cand_030,actionable,[*:2]c1nnn([*:1])n1,[*:1]NNc1nnnn1[*:2],azole_ring,hydrazo,linker,False,*NNc1nnnn1*||*c1nnn(*)n1,0.353325,340,340,3.53394,3.53394,6,0,False,False,0.88454,True,,0.238912,True,,0.0334778,True,,1.43352,True,,0.53368,True,,0.40981,True,,0.0617399,False,,,,
cand_030,actionable,[*:1]c1nnnn1[*:2],[*:1]N=Nn1nnnc1[*:2],azole_ring,azo,linker,False,*N=Nn1nnnc1*||*c1nnnn1*,0.354557,319,319,3.49741,3.49741,6,0,False,False,1.09274,True,,0.42757,True,,0.346433,True,,0.758009,True,,0.470057,True,,0.402601,True,,0.219847,True,,,,
cand_030,actionable,[*:2]c1nnn([*:1])n1,[*:1]NNn1nnc([*:2])n1,azole_ring,hydrazo,linker,False,*NNn1nnc(*)n1||*c1nnn(*)n1,0.360374,429,429,3.41725,3.41725,6,0,False,False,0.86855,True,,0.257969,True,,0.0453302,True,,1.43395,True,,0.479044,True,,0.332408,True,,-0.203337,True,,,,
cand_030,actionable,[*:2]c1nnnn1[*:1],[*:1]NNc1nnnn1[*:2],azole_ring,hydrazo,linker,False,*NNc1nnnn1*||*c1nnnn1*,0.357605,308,308,3.39303,3.39303,6,0,False,False,0.844118,True,,0.200872,True,,0.0369562,True,,1.37573,True,,0.528407,True,,0.406946,True,,-0.0578213,False,,,,
cand_030,actionable,[*:2]c1nnn([*:1])n1,[*:1]NNc1nnn([*:2])n1,azole_ring,hydrazo,linker,False,*NNc1nnn(*)n1||*c1nnn(*)n1,0.357457,302,302,3.29623,3.29623,6,0,False,False,0.845114,True,,0.211921,True,,0.0430512,True,,1.37479,True,,0.47719,True,,0.344168,True,,0.0342877,False,,,,
cand_030,actionable,[*:1]c1nnn([*:2])n1,[*:1]N=Nn1nnc([*:2])n1,azole_ring,azo,linker,False,*N=Nn1nnc(*)n1||*c1nnn(*)n1,0.355385,330,330,3.29485,3.29485,6,0,False,False,1.08009,True,,0.405756,True,,0.332178,True,,0.731677,True,,0.409408,True,,0.335746,True,,-0.179887,True,,,,
cand_030,actionable,[*:2]c1nnnn1[*:1],[*:1]NNn1nnc([*:2])n1,azole_ring,hydrazo,linker,False,*NNn1nnc(*)n1||*c1nnnn1*,0.361736,393,393,3.28999,3.28999,6,0,False,False,0.833756,True,,0.207705,True,,0.0440876,True,,1.38185,True,,0.481115,True,,0.341475,True,,-0.243635,True,,,,
cand_030,actionable,[*:1]c1nnn([*:2])n1,[*:1]NNn1nnnc1[*:2],azole_ring,hydrazo,linker,False,*NNn1nnnc1*||*c1nnn(*)n1,0.357043,365,365,3.13594,3.13594,6,0,False,False,0.826481,True,,0.183081,True,,0.0505623,True,,1.33815,True,,0.438654,True,,0.299012,True,,-0.0474263,False,,,,
cand_030,actionable,[*:1]c1nnnn1[*:2],[*:1]N=Nn1nnc([*:2])n1,azole_ring,azo,linker,False,*N=Nn1nnc(*)n1||*c1nnnn1*,0.351134,325,325,3.02894,3.02894,6,0,False,False,1.03313,True,,0.332837,True,,0.326176,True,,0.62886,True,,0.384432,True,,0.323499,True,,0.0338713,False,,,,
cand_030,actionable,[*:2]c1nnnn1[*:1],[*:1]NNc1nnn([*:2])n1,azole_ring,hydrazo,linker,False,*NNc1nnn(*)n1||*c1nnnn1*,0.354073,326,326,2.92851,2.92851,6,0,False,False,0.787273,True,,0.125173,True,,0.0243631,True,,1.22938,True,,0.436184,True,,0.326137,True,,-0.0216373,False,,,,
cand_030,actionable,[*:1]c1nnnn1[*:2],[*:1]NNn1nnnc1[*:2],azole_ring,hydrazo,linker,False,*NNn1nnnc1*||*c1nnnn1*,0.353396,307,307,2.84277,2.84277,6,0,False,False,0.765018,True,,0.0848097,True,,0.0448634,True,,1.22263,True,,0.42504,True,,0.30041,True,,-0.0312679,False,,,,
cand_030,actionable,[*:1]c1nnn([*:2])n1,[*:1]NNc1nnnn1[*:2],azole_ring,hydrazo,linker,False,*NNc1nnnn1*||*c1nnn(*)n1,0.356148,336,336,2.73736,2.73736,6,0,False,False,0.743623,True,,0.0703049,True,,0.0427286,True,,1.17605,True,,0.412791,True,,0.291862,True,,-0.0271239,False,,,,
cand_030,actionable,[*:1]c1nnn([*:2])n1,[*:1]NNn1nnc([*:2])n1,azole_ring,hydrazo,linker,False,*NNn1nnc(*)n1||*c1nnn(*)n1,0.354712,335,335,2.57495,2.57495,6,0,False,False,0.753706,True,,0.0800358,True,,0.0327345,True,,1.18342,True,,0.3302,True,,0.194851,True,,-0.307741,True,,,,
cand_030,actionable,[*:1]c1nnnn1[*:2],[*:1]NNc1nnnn1[*:2],azole_ring,hydrazo,linker,False,*NNc1nnnn1*||*c1nnnn1*,0.352717,357,357,2.45199,2.43486,5,0,False,False,0.693648,True,,-0.0171293,False,,0.030827,True,,1.06987,True,,0.381362,True,,0.276284,True,,-0.0595134,False,,,,
cand_030,actionable,[*:1]c1nnn([*:2])n1,[*:1]NNc1nnn([*:2])n1,azole_ring,hydrazo,linker,False,*NNc1nnn(*)n1||*c1nnn(*)n1,0.350426,329,329,2.37486,2.37486,6,0,False,False,0.713205,True,,0.0268665,True,,0.0205211,True,,1.08548,True,,0.323148,True,,0.205645,True,,-0.209807,True,,,,
cand_030,actionable,[*:1]c1nnnn1[*:2],[*:1]NNn1nnc([*:2])n1,azole_ring,hydrazo,linker,False,*NNn1nnc(*)n1||*c1nnnn1*,0.352662,318,318,2.24338,2.23116,5,0,False,False,0.681101,True,,-0.0122265,False,,0.0338148,True,,1.04967,True,,0.301504,True,,0.177294,True,,-0.248633,True,,,,
cand_030,actionable,[*:1]c1nnn([*:2])n1,[*:2]c1nnn(N[N+](=O)[O-])c1[*:1],azole_ring,nitramine,linker,False,*c1nnn(*)n1||*c1nnn(N[N+](=O)[O-])c1*,0.416782,335,335,1.85304,1.85304,6,0,False,False,0.0511008,True,,0.526783,True,,0.350804,True,,0.12756,True,,0.372822,True,,0.423975,True,,-0.409976,True,,,,
cand_030,actionable,[*:1]c1nnn([*:2])n1,[*:1]c1nnn(N[N+](=O)[O-])c1[*:2],azole_ring,nitramine,linker,False,*c1nnn(*)n1||*c1nnn(N[N+](=O)[O-])c1*,0.406666,404,404,1.5689,1.5689,6,0,False,False,0.0474787,True,,0.434563,True,,0.292453,True,,0.0733892,True,,0.333097,True,,0.387919,True,,-0.431373,True,,,,
cand_030,actionable,[*:1]c1nnnn1[*:2],[*:1]c1nnn(N[N+](=O)[O-])c1[*:2],azole_ring,nitramine,linker,False,*c1nnn(N[N+](=O)[O-])c1*||*c1nnnn1*,0.412549,385,385,1.50783,1.54167,4,0,False,False,0.0006166,False,,0.433216,True,,0.343985,True,,0.0332176,False,,0.340516,True,,0.390115,True,,-0.462432,True,,,,
cand_030,actionable,[*:2]c1nnnn1[*:1],[*:1]c1nnn(N[N+](=O)[O-])c1[*:2],azole_ring,nitramine,linker,False,*c1nnn(N[N+](=O)[O-])c1*||*c1nnnn1*,0.410514,341,341,1.33352,1.28057,4,0,False,False,-0.0166058,False,,0.396025,True,,0.315102,True,,-0.0363459,False,,0.285464,True,,0.336933,True,,-0.491826,True,,,,
cand_030,actionable,[*:1]c1nnn(N=[N+]=[N-])n1,[*:1]c1nnnn1N=[N+]=[N-],azide,azide,scaffold,False,*c1nnn(N=[N+]=[N-])n1||*c1nnnn1N=[N+]=[N-],0.395339,229,229,0.352403,0.352403,5,0,False,True,0.0738585,True,4.46912,0.0859202,True,16.669,0,False,0,0.119177,True,0.0119,0.038839,True,0.104057,0.034608,True,1.18257,-0.0988083,False,20.113,,,
cand_030,actionable,[*:1]c1nnn([*:2])n1,[*:2]c1nnnn1[*:1],azole_ring,azole_ring,linker,False,*c1nnn(*)n1||*c1nnnn1*,0.257644,2457,2457,0.31729,0.31729,5,0,False,True,0.0573355,True,4.46912,0.0696148,True,16.669,-2.41191e-19,False,0,0.100322,True,0.0119,0.0464741,True,0.104057,0.0435433,True,1.18257,0.109291,True,20.113,,,
cand_030,actionable,[*:1]c1nnn([*:2])n1,[*:1]c1nnnn1[*:2],azole_ring,azole_ring,linker,False,*c1nnn(*)n1||*c1nnnn1*,0.258151,2833,2833,0.304252,0.304252,5,0,False,True,0.0551249,True,4.46912,0.0662557,True,16.669,0,False,0,0.0947991,True,0.0119,0.0449933,True,0.104057,0.0430791,True,1.18257,0.118519,True,20.113,,,
cand_030,actionable,[*:1]c1nnnn1[*:2],[*:2]c1nnnn1[*:1],azole_ring,azole_ring,linker,False,*c1nnnn1*||*c1nnnn1*,0.258476,1293,1293,0.21802,0.21802,5,0,False,True,0.0300112,True,1.73506,0.0417528,True,6.47146,0,False,0,0.057483,True,0.0046,0.0430979,True,-0.149957,0.0456756,True,-1.80855,-0.0465583,True,-117.016,,,
cand_030,actionable,[*:1]c1nnn([*:2])n1,[*:2]c1nnn([*:1])n1,azole_ring,azole_ring,linker,False,*c1nnn(*)n1||*c1nnn(*)n1,0.260615,1165,1165,0.0453822,0.0112472,2,0,False,False,-0.00809051,False,,-0.00850428,False,,0,False,,-0.0175402,False,,0.0185507,True,,0.0268315,True,,0.0700273,True,,,,
cand_031,actionable,[*:2]c1nnn([*:1])n1,[*:1]N=[N+]([O-])c1nnnn1[*:2],azole_ring,azoxy,linker,False,*N=[N+]([O-])c1nnnn1*||*c1nnn(*)n1,0.385657,203,203,7.54054,7.54054,6,0,False,False,1.28787,True,,1.32943,True,,0.81574,True,,1.80839,True,,1.1937,True,,1.10541,True,,0.0821143,False,,,,
cand_031,actionable,[*:2]c1nnn([*:1])n1,[*:1]N=[N+]([O-])n1nnnc1[*:2],azole_ring,azoxy,linker,False,*N=[N+]([O-])n1nnnc1*||*c1nnn(*)n1,0.389037,291,291,7.46166,7.46166,6,0,False,False,1.26928,True,,1.34087,True,,0.814976,True,,1.77747,True,,1.16995,True,,1.08911,True,,0.0386994,False,,,,
cand_031,actionable,[*:2]c1nnnn1[*:1],[*:1]N=[N+]([O-])n1nnnc1[*:2],azole_ring,azoxy,linker,False,*N=[N+]([O-])n1nnnc1*||*c1nnnn1*,0.392432,280,280,7.39917,7.39917,6,0,False,False,1.23564,True,,1.29928,True,,0.829576,True,,1.74442,True,,1.1854,True,,1.10485,True,,-0.100889,True,,,,
cand_031,actionable,[*:2]c1nnn([*:1])n1,[*:1]N=[N+]([O-])n1nnc([*:2])n1,azole_ring,azoxy,linker,False,*N=[N+]([O-])n1nnc(*)n1||*c1nnn(*)n1,0.387464,272,272,7.25484,7.25484,6,0,False,False,1.24191,True,,1.27006,True,,0.792996,True,,1.73676,True,,1.14376,True,,1.06936,True,,-0.0477761,False,,,,
cand_031,actionable,[*:2]c1nnnn1[*:1],[*:1]N=[N+]([O-])c1nnnn1[*:2],azole_ring,azoxy,linker,False,*N=[N+]([O-])c1nnnn1*||*c1nnnn1*,0.380296,193,193,7.18294,7.18294,6,0,False,False,1.23795,True,,1.23659,True,,0.790892,True,,1.68949,True,,1.14851,True,,1.0795,True,,-0.171171,True,,,,
cand_031,actionable,[*:1]c1nnn([*:2])n1,[*:1]n1nnnc1N=[N+]([*:2])[O-],azole_ring,azoxy,linker,False,*c1nnn(*)n1||*n1nnnc1N=[N+](*)[O-],0.390172,133,133,7.1687,7.1687,6,0,False,False,1.19903,True,,1.22133,True,,0.836397,True,,1.61404,True,,1.17979,True,,1.11811,True,,0.382541,True,,,,
cand_031,actionable,[*:2]c1nnnn1[*:1],[*:1]N=[N+]([O-])n1nnc([*:2])n1,azole_ring,azoxy,linker,False,*N=[N+]([O-])n1nnc(*)n1||*c1nnnn1*,0.386847,275,275,7.07244,7.07244,6,0,False,False,1.19325,True,,1.21169,True,,0.802861,True,,1.64893,True,,1.14311,True,,1.07258,True,,-0.0690075,False,,,,
cand_031,actionable,[*:1]c1nnnn1[*:2],[*:1]c1nnnn1N=[N+]([*:2])[O-],azole_ring,azoxy,linker,False,*c1nnnn1*||*c1nnnn1N=[N+](*)[O-],0.384684,108,108,7.02768,7.02768,6,0,False,False,1.18176,True,,1.14919,True,,0.79885,True,,1.54468,True,,1.1966,True,,1.1566,True,,0.219111,True,,,,
cand_031,actionable,[*:1]c1nnn([*:2])n1,[*:1]c1nnnn1N=[N+]([*:2])[O-],azole_ring,azoxy,linker,False,*c1nnn(*)n1||*c1nnnn1N=[N+](*)[O-],0.380492,118,118,6.98405,6.98405,6,0,False,False,1.23245,True,,1.15049,True,,0.745411,True,,1.5874,True,,1.15025,True,,1.11805,True,,0.295224,True,,,,
cand_031,actionable,[*:1]c1nnnn1[*:2],[*:2]n1nnnc1N=[N+]([*:1])[O-],azole_ring,azoxy,linker,False,*c1nnnn1*||*n1nnnc1N=[N+](*)[O-],0.387609,122,122,6.97978,6.97978,6,0,False,False,1.16054,True,,1.17138,True,,0.834346,True,,1.60279,True,,1.14116,True,,1.06956,True,,0.160271,True,,,,
cand_031,actionable,[*:1]c1nnn([*:2])n1,[*:2]n1nnnc1N=[N+]([*:1])[O-],azole_ring,azoxy,linker,False,*c1nnn(*)n1||*n1nnnc1N=[N+](*)[O-],0.386228,129,129,6.9305,6.9305,6,0,False,False,1.22164,True,,1.20336,True,,0.791447,True,,1.6175,True,,1.07891,True,,1.01764,True,,0.0905416,False,,,,
cand_031,actionable,[*:1]c1nnnn1[*:2],[*:1]n1nnnc1N=[N+]([*:2])[O-],azole_ring,azoxy,linker,False,*c1nnnn1*||*n1nnnc1N=[N+](*)[O-],0.381342,140,140,6.77105,6.77105,6,0,False,False,1.13232,True,,1.07776,True,,0.793782,True,,1.46168,True,,1.16784,True,,1.13768,True,,0.300078,True,,,,
cand_031,actionable,[*:1]c1nnnn1[*:2],[*:1]n1nnc(N=[N+]([*:2])[O-])n1,azole_ring,azoxy,linker,False,*c1nnnn1*||*n1nnc(N=[N+](*)[O-])n1,0.382376,243,243,6.74472,6.74472,6,0,False,False,1.09841,True,,1.08922,True,,0.804593,True,,1.45168,True,,1.16528,True,,1.13554,True,,0.218252,True,,,,
cand_031,actionable,[*:1]c1nnn([*:2])n1,[*:1]n1nnc(N=[N+]([*:2])[O-])n1,azole_ring,azoxy,linker,False,*c1nnn(*)n1||*n1nnc(N=[N+](*)[O-])n1,0.378153,238,238,6.70442,6.70442,6,0,False,False,1.15867,True,,1.11382,True,,0.761466,True,,1.49629,True,,1.10497,True,,1.0692,True,,0.243363,True,,,,
cand_031,actionable,[*:1]c1nnn([*:2])n1,[*:1]N=[N+]([O-])c1nnnn1[*:2],azole_ring,azoxy,linker,False,*N=[N+]([O-])c1nnnn1*||*c1nnn(*)n1,0.38408,193,193,6.2752,6.2752,6,0,False,False,1.05157,True,,1.02736,True,,0.803237,True,,1.38052,True,,1.03234,True,,0.980179,True,,-0.0531092,False,,,,
cand_031,actionable,[*:1]c1nnnn1[*:2],[*:1]N=[N+]([O-])c1nnnn1[*:2],azole_ring,azoxy,linker,False,*N=[N+]([O-])c1nnnn1*||*c1nnnn1*,0.387444,216,216,6.14634,6.14634,6,0,False,False,1.0166,True,,0.992261,True,,0.829325,True,,1.31178,True,,1.02557,True,,0.970802,True,,0.00583282,False,,,,
cand_031,actionable,[*:1]c1nnn([*:2])n1,[*:2]n1nnc(N=[N+]([*:1])[O-])n1,azole_ring,azoxy,linker,False,*c1nnn(*)n1||*n1nnc(N=[N+](*)[O-])n1,0.383262,245,245,6.12532,6.12532,6,0,False,False,1.05729,True,,0.968287,True,,0.765806,True,,1.33239,True,,1.01607,True,,0.985474,True,,-0.000412203,False,,,,
cand_031,actionable,[*:1]c1nnn([*:2])n1,[*:1]N=[N+]([O-])n1nnnc1[*:2],azole_ring,azoxy,linker,False,*N=[N+]([O-])n1nnnc1*||*c1nnn(*)n1,0.382236,241,241,6.08289,6.08289,6,0,False,False,1.03381,True,,0.991957,True,,0.801599,True,,1.30846,True,,0.998561,True,,0.948499,True,,0.0401082,False,,,,
cand_031,actionable,[*:1]c1nnnn1[*:2],[*:2]n1nnc(N=[N+]([*:1])[O-])n1,azole_ring,azoxy,linker,False,*c1nnnn1*||*n1nnc(N=[N+](*)[O-])n1,0.381536,249,249,5.94401,5.94401,6,0,False,False,0.991857,True,,0.919359,True,,0.786746,True,,1.22979,True,,1.0227,True,,0.99356,True,,0.189938,True,,,,
cand_031,actionable,[*:1]c1nnnn1[*:2],[*:1]N=[N+]([O-])n1nnnc1[*:2],azole_ring,azoxy,linker,False,*N=[N+]([O-])n1nnnc1*||*c1nnnn1*,0.386172,229,229,5.94241,5.94241,6,0,False,False,1.01177,True,,0.953617,True,,0.810754,True,,1.25172,True,,0.978768,True,,0.935784,True,,-0.0654356,False,,,,
cand_031,actionable,[*:1]c1nnnn1[*:2],[*:1]N=[N+]([O-])n1nnc([*:2])n1,azole_ring,azoxy,linker,False,*N=[N+]([O-])n1nnc(*)n1||*c1nnnn1*,0.383065,259,259,5.90937,5.90937,6,0,False,False,0.973511,True,,0.966867,True,,0.837706,True,,1.25181,True,,0.973185,True,,0.906291,True,,-0.132316,True,,,,
cand_031,actionable,[*:1]c1nnn([*:2])n1,[*:1]N=[N+]([O-])n1nnc([*:2])n1,azole_ring,azoxy,linker,False,*N=[N+]([O-])n1nnc(*)n1||*c1nnn(*)n1,0.381099,247,247,5.7921,5.7921,6,0,False,False,1.00262,True,,0.913101,True,,0.784638,True,,1.22695,True,,0.953992,True,,0.910809,True,,-0.0867995,False,,,,
cand_031,actionable,[*:2]c1nnn([*:1])n1,[*:1]N=Nc1nnnn1[*:2],azole_ring,azo,linker,False,*N=Nc1nnnn1*||*c1nnn(*)n1,0.355184,346,346,4.91008,4.91008,6,0,False,False,1.36786,True,,0.775218,True,,0.348896,True,,1.25446,True,,0.632322,True,,0.531322,True,,0.293685,True,,,,
cand_031,actionable,[*:2]c1nnnn1[*:1],[*:1]N=Nc1nnnn1[*:2],azole_ring,azo,linker,False,*N=Nc1nnnn1*||*c1nnnn1*,0.355949,350,350,4.82301,4.82301,6,0,False,False,1.32338,True,,0.730511,True,,0.358726,True,,1.1928,True,,0.655076,True,,0.562518,True,,0.123372,True,,,,
cand_031,actionable,[*:2]c1nnn([*:1])n1,[*:1]N=Nn1nnnc1[*:2],azole_ring,azo,linker,False,*N=Nn1nnnc1*||*c1nnn(*)n1,0.362383,398,398,4.67606,4.67606,6,0,False,False,1.27323,True,,0.697424,True,,0.363967,True,,1.14483,True,,0.646189,True,,0.550421,True,,0.275734,True,,,,
cand_031,actionable,[*:2]c1nnn([*:1])n1,[*:1]N=Nc1nnn([*:2])n1,azole_ring,azo,linker,False,*N=Nc1nnn(*)n1||*c1nnn(*)n1,0.356223,332,332,4.60116,4.60116,6,0,False,False,1.30023,True,,0.69689,True,,0.345385,True,,1.15463,True,,0.599149,True,,0.504875,True,,0.208527,True,,,,
cand_031,actionable,[*:2]c1nnnn1[*:1],[*:1]N=Nc1nnn([*:2])n1,azole_ring,azo,linker,False,*N=Nc1nnn(*)n1||*c1nnnn1*,0.35656,356,356,4.40896,4.40896,6,0,False,False,1.26223,True,,0.639687,True,,0.340861,True,,1.06383,True,,0.590047,True,,0.512296,True,,0.111891,True,,,,
cand_031,actionable,[*:2]c1nnnn1[*:1],[*:1]N=Nn1nnnc1[*:2],azole_ring,azo,linker,False,*N=Nn1nnnc1*||*c1nnnn1*,0.356653,386,386,4.35206,4.35206,6,0,False,False,1.23532,True,,0.615186,True,,0.330104,True,,1.0263,True,,0.60749,True,,0.537659,True,,0.166134,True,,,,
cand_031,actionable,[*:1]c1nnn([*:2])n1,[*:1]N=Nc1nnnn1[*:2],azole_ring,azo,linker,False,*N=Nc1nnnn1*||*c1nnn(*)n1,0.358491,342,342,4.22356,4.22356,6,0,False,False,1.24148,True,,0.622072,True,,0.350247,True,,1.03701,True,,0.531948,True,,0.44081,True,,0.143936,True,,,,
cand_031,actionable,[*:2]c1nnn([*:1])n1,[*:1]N=Nn1nnc([*:2])n1,azole_ring,azo,linker,False,*N=Nn1nnc(*)n1||*c1nnn(*)n1,0.35839,393,393,4.1863,4.1863,6,0,False,False,1.20702,True,,0.602688,True,,0.344701,True,,1.01106,True,,0.554789,True,,0.466045,True,,0.100027,True,,,,
cand_031,actionable,[*:1]c1nnn([*:2])n1,[*:1]N=Nn1nnnc1[*:2],azole_ring,azo,linker,False,*N=Nn1nnnc1*||*c1nnn(*)n1,0.360747,334,334,3.99535,3.99535,6,0,False,False,1.16569,True,,0.546554,True,,0.362638,True,,0.942865,True,,0.534815,True,,0.442787,True,,0.111146,True,,,,
cand_031,actionable,[*:2]c1nnn([*:1])n1,[*:1]NNn1nnnc1[*:2],azole_ring,hydrazo,linker,False,*NNn1nnnc1*||*c1nnn(*)n1,0.363514,386,386,3.9581,3.9581,6,0,False,False,0.938024,True,,0.350252,True,,0.0500214,True,,1.58906,True,,0.588806,True,,0.441934,True,,0.179119,True,,,,
cand_031,actionable,[*:2]c1nnnn1[*:1],[*:1]N=Nn1nnc([*:2])n1,azole_ring,azo,linker,False,*N=Nn1nnc(*)n1||*c1nnnn1*,0.355887,402,402,3.93208,3.93208,6,0,False,False,1.17085,True,,0.536145,True,,0.333633,True,,0.916776,True,,0.52508,True,,0.449589,True,,-0.0634601,False,,,,
cand_031,actionable,[*:1]c1nnn([*:2])n1,[*:1]N=Nc1nnn([*:2])n1,azole_ring,azo,linker,False,*N=Nc1nnn(*)n1||*c1nnn(*)n1,0.359132,350,350,3.90856,3.90856,6,0,False,False,1.18334,True,,0.547374,True,,0.349104,True,,0.932112,True,,0.490401,True,,0.406235,True,,0.040073,False,,,,
cand_031,actionable,[*:1]c1nnnn1[*:2],[*:1]N=Nc1nnnn1[*:2],azole_ring,azo,linker,False,*N=Nc1nnnn1*||*c1nnnn1*,0.351097,336,336,3.75447,3.75447,6,0,False,False,1.17631,True,,0.503957,True,,0.330506,True,,0.868255,True,,0.473577,True,,0.401863,True,,0.159668,True,,,,
cand_031,actionable,[*:2]c1nnnn1[*:1],[*:1]NNn1nnnc1[*:2],azole_ring,hydrazo,linker,False,*NNn1nnnc1*||*c1nnnn1*,0.35995,369,369,3.64902,3.64902,6,0,False,False,0.89669,True,,0.272185,True,,0.0281111,True,,1.47287,True,,0.55144,True,,0.42772,True,,0.0963791,True,,,,
cand_031,actionable,[*:1]c1nnnn1[*:2],[*:1]N=Nc1nnn([*:2])n1,azole_ring,azo,linker,False,*N=Nc1nnn(*)n1||*c1nnnn1*,0.356667,329,329,3.62297,3.62297,6,0,False,False,1.12524,True,,0.47018,True,,0.353315,True,,0.823885,True,,0.464077,True,,0.38627,True,,0.0930074,True,,,,
cand_031,actionable,[*:2]c1nnn([*:1])n1,[*:1]NNc1nnnn1[*:2],azole_ring,hydrazo,linker,False,*NNc1nnnn1*||*c1nnn(*)n1,0.353325,340,340,3.53394,3.53394,6,0,False,False,0.88454,True,,0.238912,True,,0.0334778,True,,1.43352,True,,0.53368,True,,0.40981,True,,0.0617399,False,,,,
cand_031,actionable,[*:1]c1nnnn1[*:2],[*:1]N=Nn1nnnc1[*:2],azole_ring,azo,linker,False,*N=Nn1nnnc1*||*c1nnnn1*,0.354557,319,319,3.49741,3.49741,6,0,False,False,1.09274,True,,0.42757,True,,0.346433,True,,0.758009,True,,0.470057,True,,0.402601,True,,0.219847,True,,,,
cand_031,actionable,[*:2]c1nnn([*:1])n1,[*:1]NNn1nnc([*:2])n1,azole_ring,hydrazo,linker,False,*NNn1nnc(*)n1||*c1nnn(*)n1,0.360374,429,429,3.41725,3.41725,6,0,False,False,0.86855,True,,0.257969,True,,0.0453302,True,,1.43395,True,,0.479044,True,,0.332408,True,,-0.203337,True,,,,
cand_031,actionable,[*:2]c1nnnn1[*:1],[*:1]NNc1nnnn1[*:2],azole_ring,hydrazo,linker,False,*NNc1nnnn1*||*c1nnnn1*,0.357605,308,308,3.39303,3.39303,6,0,False,False,0.844118,True,,0.200872,True,,0.0369562,True,,1.37573,True,,0.528407,True,,0.406946,True,,-0.0578213,False,,,,
cand_031,actionable,[*:2]c1nnn([*:1])n1,[*:1]NNc1nnn([*:2])n1,azole_ring,hydrazo,linker,False,*NNc1nnn(*)n1||*c1nnn(*)n1,0.357457,302,302,3.29623,3.29623,6,0,False,False,0.845114,True,,0.211921,True,,0.0430512,True,,1.37479,True,,0.47719,True,,0.344168,True,,0.0342877,False,,,,
cand_031,actionable,[*:1]c1nnn([*:2])n1,[*:1]N=Nn1nnc([*:2])n1,azole_ring,azo,linker,False,*N=Nn1nnc(*)n1||*c1nnn(*)n1,0.355385,330,330,3.29485,3.29485,6,0,False,False,1.08009,True,,0.405756,True,,0.332178,True,,0.731677,True,,0.409408,True,,0.335746,True,,-0.179887,True,,,,
cand_031,actionable,[*:2]c1nnnn1[*:1],[*:1]NNn1nnc([*:2])n1,azole_ring,hydrazo,linker,False,*NNn1nnc(*)n1||*c1nnnn1*,0.361736,393,393,3.28999,3.28999,6,0,False,False,0.833756,True,,0.207705,True,,0.0440876,True,,1.38185,True,,0.481115,True,,0.341475,True,,-0.243635,True,,,,
cand_031,actionable,[*:1]c1nnn([*:2])n1,[*:1]NNn1nnnc1[*:2],azole_ring,hydrazo,linker,False,*NNn1nnnc1*||*c1nnn(*)n1,0.357043,365,365,3.13594,3.13594,6,0,False,False,0.826481,True,,0.183081,True,,0.0505623,True,,1.33815,True,,0.438654,True,,0.299012,True,,-0.0474263,False,,,,
cand_031,actionable,[*:1]c1nnnn1[*:2],[*:1]N=Nn1nnc([*:2])n1,azole_ring,azo,linker,False,*N=Nn1nnc(*)n1||*c1nnnn1*,0.351134,325,325,3.02894,3.02894,6,0,False,False,1.03313,True,,0.332837,True,,0.326176,True,,0.62886,True,,0.384432,True,,0.323499,True,,0.0338713,False,,,,
cand_031,actionable,[*:2]c1nnnn1[*:1],[*:1]NNc1nnn([*:2])n1,azole_ring,hydrazo,linker,False,*NNc1nnn(*)n1||*c1nnnn1*,0.354073,326,326,2.92851,2.92851,6,0,False,False,0.787273,True,,0.125173,True,,0.0243631,True,,1.22938,True,,0.436184,True,,0.326137,True,,-0.0216373,False,,,,
cand_031,actionable,[*:1]c1nnnn1[*:2],[*:1]NNn1nnnc1[*:2],azole_ring,hydrazo,linker,False,*NNn1nnnc1*||*c1nnnn1*,0.353396,307,307,2.84277,2.84277,6,0,False,False,0.765018,True,,0.0848097,True,,0.0448634,True,,1.22263,True,,0.42504,True,,0.30041,True,,-0.0312679,False,,,,
cand_031,actionable,[*:1]c1nnn([*:2])n1,[*:1]NNc1nnnn1[*:2],azole_ring,hydrazo,linker,False,*NNc1nnnn1*||*c1nnn(*)n1,0.356148,336,336,2.73736,2.73736,6,0,False,False,0.743623,True,,0.0703049,True,,0.0427286,True,,1.17605,True,,0.412791,True,,0.291862,True,,-0.0271239,False,,,,
cand_031,actionable,[*:1]c1nnn([*:2])n1,[*:1]NNn1nnc([*:2])n1,azole_ring,hydrazo,linker,False,*NNn1nnc(*)n1||*c1nnn(*)n1,0.354712,335,335,2.57495,2.57495,6,0,False,False,0.753706,True,,0.0800358,True,,0.0327345,True,,1.18342,True,,0.3302,True,,0.194851,True,,-0.307741,True,,,,
cand_031,actionable,[*:1]c1nnnn1[*:2],[*:1]NNc1nnnn1[*:2],azole_ring,hydrazo,linker,False,*NNc1nnnn1*||*c1nnnn1*,0.352717,357,357,2.45199,2.43486,5,0,False,False,0.693648,True,,-0.0171293,False,,0.030827,True,,1.06987,True,,0.381362,True,,0.276284,True,,-0.0595134,False,,,,
cand_031,actionable,[*:1]c1nnn([*:2])n1,[*:1]NNc1nnn([*:2])n1,azole_ring,hydrazo,linker,False,*NNc1nnn(*)n1||*c1nnn(*)n1,0.350426,329,329,2.37486,2.37486,6,0,False,False,0.713205,True,,0.0268665,True,,0.0205211,True,,1.08548,True,,0.323148,True,,0.205645,True,,-0.209807,True,,,,
cand_031,actionable,[*:1]c1nnnn1[*:2],[*:1]NNn1nnc([*:2])n1,azole_ring,hydrazo,linker,False,*NNn1nnc(*)n1||*c1nnnn1*,0.352662,318,318,2.24338,2.23116,5,0,False,False,0.681101,True,,-0.0122265,False,,0.0338148,True,,1.04967,True,,0.301504,True,,0.177294,True,,-0.248633,True,,,,
cand_031,actionable,[*:1]c1nnn([*:2])n1,[*:2]c1nnn(N[N+](=O)[O-])c1[*:1],azole_ring,nitramine,linker,False,*c1nnn(*)n1||*c1nnn(N[N+](=O)[O-])c1*,0.416782,335,335,1.85304,1.85304,6,0,False,False,0.0511008,True,,0.526783,True,,0.350804,True,,0.12756,True,,0.372822,True,,0.423975,True,,-0.409976,True,,,,
cand_031,actionable,[*:1]c1nnn([*:2])n1,[*:1]c1nnn(N[N+](=O)[O-])c1[*:2],azole_ring,nitramine,linker,False,*c1nnn(*)n1||*c1nnn(N[N+](=O)[O-])c1*,0.406666,404,404,1.5689,1.5689,6,0,False,False,0.0474787,True,,0.434563,True,,0.292453,True,,0.0733892,True,,0.333097,True,,0.387919,True,,-0.431373,True,,,,
cand_031,actionable,[*:1]c1nnnn1[*:2],[*:1]c1nnn(N[N+](=O)[O-])c1[*:2],azole_ring,nitramine,linker,False,*c1nnn(N[N+](=O)[O-])c1*||*c1nnnn1*,0.412549,385,385,1.50783,1.54167,4,0,False,False,0.0006166,False,,0.433216,True,,0.343985,True,,0.0332176,False,,0.340516,True,,0.390115,True,,-0.462432,True,,,,
cand_031,actionable,[*:2]c1nnnn1[*:1],[*:1]c1nnn(N[N+](=O)[O-])c1[*:2],azole_ring,nitramine,linker,False,*c1nnn(N[N+](=O)[O-])c1*||*c1nnnn1*,0.410514,341,341,1.33352,1.28057,4,0,False,False,-0.0166058,False,,0.396025,True,,0.315102,True,,-0.0363459,False,,0.285464,True,,0.336933,True,,-0.491826,True,,,,
cand_031,actionable,[*:1]c1nnn(N=[N+]=[N-])n1,[*:1]c1nnnn1N=[N+]=[N-],azide,azide,scaffold,False,*c1nnn(N=[N+]=[N-])n1||*c1nnnn1N=[N+]=[N-],0.395339,229,229,0.352403,0.352403,5,0,False,True,0.0738585,True,4.60466,0.0859202,True,16.2634,0,False,0,0.119177,True,0.0119,0.038839,True,0.143035,0.034608,True,1.63086,-0.0988083,False,-9.9517,,,
cand_031,actionable,[*:1]c1nnn([*:2])n1,[*:2]c1nnnn1[*:1],azole_ring,azole_ring,linker,False,*c1nnn(*)n1||*c1nnnn1*,0.257644,2457,2457,0.31729,0.31729,5,0,False,True,0.0573355,True,4.60466,0.0696148,True,16.2634,-2.41191e-19,False,0,0.100322,True,0.0119,0.0464741,True,0.143035,0.0435433,True,1.63086,0.109291,True,-9.9517,,,
cand_031,actionable,[*:1]c1nnn([*:2])n1,[*:1]c1nnnn1[*:2],azole_ring,azole_ring,linker,False,*c1nnn(*)n1||*c1nnnn1*,0.258151,2833,2833,0.304252,0.304252,5,0,False,True,0.0551249,True,4.60466,0.0662557,True,16.2634,0,False,0,0.0947991,True,0.0119,0.0449933,True,0.143035,0.0430791,True,1.63086,0.118519,True,-9.9517,,,
cand_031,actionable,[*:1]c1nnnn1[*:2],[*:2]c1nnnn1[*:1],azole_ring,azole_ring,linker,False,*c1nnnn1*||*c1nnnn1*,0.258476,1293,1293,0.21802,0.21802,5,0,False,True,0.0300112,True,-3.02334,0.0417528,True,-10.6783,0,False,0,0.057483,True,-0.0079,0.0430979,True,0.0403891,0.0456756,True,0.527422,-0.0465583,True,-1.1293,,,
cand_031,actionable,[*:1]c1nnn([*:2])n1,[*:2]c1nnn([*:1])n1,azole_ring,azole_ring,linker,False,*c1nnn(*)n1||*c1nnn(*)n1,0.260615,1165,1165,0.0453822,0.0112472,2,0,False,False,-0.00809051,False,,-0.00850428,False,,0,False,,-0.0175402,False,,0.0185507,True,,0.0268315,True,,0.0700273,True,,,,
cand_032,actionable,[*:2]c1nnn([*:1])n1,[*:1]N=[N+]([O-])c1nnnn1[*:2],azole_ring,azoxy,linker,False,*N=[N+]([O-])c1nnnn1*||*c1nnn(*)n1,0.385657,203,203,7.54054,7.54054,6,0,False,False,1.28787,True,,1.32943,True,,0.81574,True,,1.80839,True,,1.1937,True,,1.10541,True,,0.0821143,False,,,,
cand_032,actionable,[*:2]c1nnn([*:1])n1,[*:1]N=[N+]([O-])n1nnnc1[*:2],azole_ring,azoxy,linker,False,*N=[N+]([O-])n1nnnc1*||*c1nnn(*)n1,0.389037,291,291,7.46166,7.46166,6,0,False,False,1.26928,True,,1.34087,True,,0.814976,True,,1.77747,True,,1.16995,True,,1.08911,True,,0.0386994,False,,,,
cand_032,actionable,[*:2]c1nnnn1[*:1],[*:1]N=[N+]([O-])n1nnnc1[*:2],azole_ring,azoxy,linker,False,*N=[N+]([O-])n1nnnc1*||*c1nnnn1*,0.392432,280,280,7.39917,7.39917,6,0,False,False,1.23564,True,,1.29928,True,,0.829576,True,,1.74442,True,,1.1854,True,,1.10485,True,,-0.100889,True,,,,
cand_032,actionable,[*:2]c1nnn([*:1])n1,[*:1]N=[N+]([O-])n1nnc([*:2])n1,azole_ring,azoxy,linker,False,*N=[N+]([O-])n1nnc(*)n1||*c1nnn(*)n1,0.387464,272,272,7.25484,7.25484,6,0,False,False,1.24191,True,,1.27006,True,,0.792996,True,,1.73676,True,,1.14376,True,,1.06936,True,,-0.0477761,False,,,,
cand_032,actionable,[*:2]c1nnnn1[*:1],[*:1]N=[N+]([O-])c1nnnn1[*:2],azole_ring,azoxy,linker,False,*N=[N+]([O-])c1nnnn1*||*c1nnnn1*,0.380296,193,193,7.18294,7.18294,6,0,False,False,1.23795,True,,1.23659,True,,0.790892,True,,1.68949,True,,1.14851,True,,1.0795,True,,-0.171171,True,,,,
cand_032,actionable,[*:1]c1nnn([*:2])n1,[*:1]n1nnnc1N=[N+]([*:2])[O-],azole_ring,azoxy,linker,False,*c1nnn(*)n1||*n1nnnc1N=[N+](*)[O-],0.390172,133,133,7.1687,7.1687,6,0,False,False,1.19903,True,,1.22133,True,,0.836397,True,,1.61404,True,,1.17979,True,,1.11811,True,,0.382541,True,,,,
cand_032,actionable,[*:2]c1nnnn1[*:1],[*:1]N=[N+]([O-])n1nnc([*:2])n1,azole_ring,azoxy,linker,False,*N=[N+]([O-])n1nnc(*)n1||*c1nnnn1*,0.386847,275,275,7.07244,7.07244,6,0,False,False,1.19325,True,,1.21169,True,,0.802861,True,,1.64893,True,,1.14311,True,,1.07258,True,,-0.0690075,False,,,,
cand_032,actionable,[*:1]c1nnnn1[*:2],[*:1]c1nnnn1N=[N+]([*:2])[O-],azole_ring,azoxy,linker,False,*c1nnnn1*||*c1nnnn1N=[N+](*)[O-],0.384684,108,108,7.02768,7.02768,6,0,False,False,1.18176,True,,1.14919,True,,0.79885,True,,1.54468,True,,1.1966,True,,1.1566,True,,0.219111,True,,,,
cand_032,actionable,[*:1]c1nnn([*:2])n1,[*:1]c1nnnn1N=[N+]([*:2])[O-],azole_ring,azoxy,linker,False,*c1nnn(*)n1||*c1nnnn1N=[N+](*)[O-],0.380492,118,118,6.98405,6.98405,6,0,False,False,1.23245,True,,1.15049,True,,0.745411,True,,1.5874,True,,1.15025,True,,1.11805,True,,0.295224,True,,,,
cand_032,actionable,[*:1]c1nnnn1[*:2],[*:2]n1nnnc1N=[N+]([*:1])[O-],azole_ring,azoxy,linker,False,*c1nnnn1*||*n1nnnc1N=[N+](*)[O-],0.387609,122,122,6.97978,6.97978,6,0,False,False,1.16054,True,,1.17138,True,,0.834346,True,,1.60279,True,,1.14116,True,,1.06956,True,,0.160271,True,,,,
cand_032,actionable,[*:1]c1nnn([*:2])n1,[*:2]n1nnnc1N=[N+]([*:1])[O-],azole_ring,azoxy,linker,False,*c1nnn(*)n1||*n1nnnc1N=[N+](*)[O-],0.386228,129,129,6.9305,6.9305,6,0,False,False,1.22164,True,,1.20336,True,,0.791447,True,,1.6175,True,,1.07891,True,,1.01764,True,,0.0905416,False,,,,
cand_032,actionable,[*:1]c1nnnn1[*:2],[*:1]n1nnnc1N=[N+]([*:2])[O-],azole_ring,azoxy,linker,False,*c1nnnn1*||*n1nnnc1N=[N+](*)[O-],0.381342,140,140,6.77105,6.77105,6,0,False,False,1.13232,True,,1.07776,True,,0.793782,True,,1.46168,True,,1.16784,True,,1.13768,True,,0.300078,True,,,,
cand_032,actionable,[*:1]c1nnnn1[*:2],[*:1]n1nnc(N=[N+]([*:2])[O-])n1,azole_ring,azoxy,linker,False,*c1nnnn1*||*n1nnc(N=[N+](*)[O-])n1,0.382376,243,243,6.74472,6.74472,6,0,False,False,1.09841,True,,1.08922,True,,0.804593,True,,1.45168,True,,1.16528,True,,1.13554,True,,0.218252,True,,,,
cand_032,actionable,[*:1]c1nnn([*:2])n1,[*:1]n1nnc(N=[N+]([*:2])[O-])n1,azole_ring,azoxy,linker,False,*c1nnn(*)n1||*n1nnc(N=[N+](*)[O-])n1,0.378153,238,238,6.70442,6.70442,6,0,False,False,1.15867,True,,1.11382,True,,0.761466,True,,1.49629,True,,1.10497,True,,1.0692,True,,0.243363,True,,,,
cand_032,actionable,[*:1]c1nnn([*:2])n1,[*:1]N=[N+]([O-])c1nnnn1[*:2],azole_ring,azoxy,linker,False,*N=[N+]([O-])c1nnnn1*||*c1nnn(*)n1,0.38408,193,193,6.2752,6.2752,6,0,False,False,1.05157,True,,1.02736,True,,0.803237,True,,1.38052,True,,1.03234,True,,0.980179,True,,-0.0531092,False,,,,
cand_032,actionable,[*:1]c1nnnn1[*:2],[*:1]N=[N+]([O-])c1nnnn1[*:2],azole_ring,azoxy,linker,False,*N=[N+]([O-])c1nnnn1*||*c1nnnn1*,0.387444,216,216,6.14634,6.14634,6,0,False,False,1.0166,True,,0.992261,True,,0.829325,True,,1.31178,True,,1.02557,True,,0.970802,True,,0.00583282,False,,,,
cand_032,actionable,[*:1]c1nnn([*:2])n1,[*:2]n1nnc(N=[N+]([*:1])[O-])n1,azole_ring,azoxy,linker,False,*c1nnn(*)n1||*n1nnc(N=[N+](*)[O-])n1,0.383262,245,245,6.12532,6.12532,6,0,False,False,1.05729,True,,0.968287,True,,0.765806,True,,1.33239,True,,1.01607,True,,0.985474,True,,-0.000412203,False,,,,
cand_032,actionable,[*:1]c1nnn([*:2])n1,[*:1]N=[N+]([O-])n1nnnc1[*:2],azole_ring,azoxy,linker,False,*N=[N+]([O-])n1nnnc1*||*c1nnn(*)n1,0.382236,241,241,6.08289,6.08289,6,0,False,False,1.03381,True,,0.991957,True,,0.801599,True,,1.30846,True,,0.998561,True,,0.948499,True,,0.0401082,False,,,,
cand_032,actionable,[*:1]c1nnnn1[*:2],[*:2]n1nnc(N=[N+]([*:1])[O-])n1,azole_ring,azoxy,linker,False,*c1nnnn1*||*n1nnc(N=[N+](*)[O-])n1,0.381536,249,249,5.94401,5.94401,6,0,False,False,0.991857,True,,0.919359,True,,0.786746,True,,1.22979,True,,1.0227,True,,0.99356,True,,0.189938,True,,,,
cand_032,actionable,[*:1]c1nnnn1[*:2],[*:1]N=[N+]([O-])n1nnnc1[*:2],azole_ring,azoxy,linker,False,*N=[N+]([O-])n1nnnc1*||*c1nnnn1*,0.386172,229,229,5.94241,5.94241,6,0,False,False,1.01177,True,,0.953617,True,,0.810754,True,,1.25172,True,,0.978768,True,,0.935784,True,,-0.0654356,False,,,,
cand_032,actionable,[*:1]c1nnnn1[*:2],[*:1]N=[N+]([O-])n1nnc([*:2])n1,azole_ring,azoxy,linker,False,*N=[N+]([O-])n1nnc(*)n1||*c1nnnn1*,0.383065,259,259,5.90937,5.90937,6,0,False,False,0.973511,True,,0.966867,True,,0.837706,True,,1.25181,True,,0.973185,True,,0.906291,True,,-0.132316,True,,,,
cand_032,actionable,[*:1]c1nnn([*:2])n1,[*:1]N=[N+]([O-])n1nnc([*:2])n1,azole_ring,azoxy,linker,False,*N=[N+]([O-])n1nnc(*)n1||*c1nnn(*)n1,0.381099,247,247,5.7921,5.7921,6,0,False,False,1.00262,True,,0.913101,True,,0.784638,True,,1.22695,True,,0.953992,True,,0.910809,True,,-0.0867995,False,,,,
cand_032,actionable,[*:2]c1nnn([*:1])n1,[*:1]N=Nc1nnnn1[*:2],azole_ring,azo,linker,False,*N=Nc1nnnn1*||*c1nnn(*)n1,0.355184,346,346,4.91008,4.91008,6,0,False,False,1.36786,True,,0.775218,True,,0.348896,True,,1.25446,True,,0.632322,True,,0.531322,True,,0.293685,True,,,,
cand_032,actionable,[*:2]c1nnnn1[*:1],[*:1]N=Nc1nnnn1[*:2],azole_ring,azo,linker,False,*N=Nc1nnnn1*||*c1nnnn1*,0.355949,350,350,4.82301,4.82301,6,0,False,False,1.32338,True,,0.730511,True,,0.358726,True,,1.1928,True,,0.655076,True,,0.562518,True,,0.123372,True,,,,
cand_032,actionable,[*:2]c1nnn([*:1])n1,[*:1]N=Nn1nnnc1[*:2],azole_ring,azo,linker,False,*N=Nn1nnnc1*||*c1nnn(*)n1,0.362383,398,398,4.67606,4.67606,6,0,False,False,1.27323,True,,0.697424,True,,0.363967,True,,1.14483,True,,0.646189,True,,0.550421,True,,0.275734,True,,,,
cand_032,actionable,[*:2]c1nnn([*:1])n1,[*:1]N=Nc1nnn([*:2])n1,azole_ring,azo,linker,False,*N=Nc1nnn(*)n1||*c1nnn(*)n1,0.356223,332,332,4.60116,4.60116,6,0,False,False,1.30023,True,,0.69689,True,,0.345385,True,,1.15463,True,,0.599149,True,,0.504875,True,,0.208527,True,,,,
cand_032,actionable,[*:2]c1nnnn1[*:1],[*:1]N=Nc1nnn([*:2])n1,azole_ring,azo,linker,False,*N=Nc1nnn(*)n1||*c1nnnn1*,0.35656,356,356,4.40896,4.40896,6,0,False,False,1.26223,True,,0.639687,True,,0.340861,True,,1.06383,True,,0.590047,True,,0.512296,True,,0.111891,True,,,,
cand_032,actionable,[*:2]c1nnnn1[*:1],[*:1]N=Nn1nnnc1[*:2],azole_ring,azo,linker,False,*N=Nn1nnnc1*||*c1nnnn1*,0.356653,386,386,4.35206,4.35206,6,0,False,False,1.23532,True,,0.615186,True,,0.330104,True,,1.0263,True,,0.60749,True,,0.537659,True,,0.166134,True,,,,
cand_032,actionable,[*:1]c1nnn([*:2])n1,[*:1]N=Nc1nnnn1[*:2],azole_ring,azo,linker,False,*N=Nc1nnnn1*||*c1nnn(*)n1,0.358491,342,342,4.22356,4.22356,6,0,False,False,1.24148,True,,0.622072,True,,0.350247,True,,1.03701,True,,0.531948,True,,0.44081,True,,0.143936,True,,,,
cand_032,actionable,[*:2]c1nnn([*:1])n1,[*:1]N=Nn1nnc([*:2])n1,azole_ring,azo,linker,False,*N=Nn1nnc(*)n1||*c1nnn(*)n1,0.35839,393,393,4.1863,4.1863,6,0,False,False,1.20702,True,,0.602688,True,,0.344701,True,,1.01106,True,,0.554789,True,,0.466045,True,,0.100027,True,,,,
cand_032,actionable,[*:1]c1nnn([*:2])n1,[*:1]N=Nn1nnnc1[*:2],azole_ring,azo,linker,False,*N=Nn1nnnc1*||*c1nnn(*)n1,0.360747,334,334,3.99535,3.99535,6,0,False,False,1.16569,True,,0.546554,True,,0.362638,True,,0.942865,True,,0.534815,True,,0.442787,True,,0.111146,True,,,,
cand_032,actionable,[*:2]c1nnn([*:1])n1,[*:1]NNn1nnnc1[*:2],azole_ring,hydrazo,linker,False,*NNn1nnnc1*||*c1nnn(*)n1,0.363514,386,386,3.9581,3.9581,6,0,False,False,0.938024,True,,0.350252,True,,0.0500214,True,,1.58906,True,,0.588806,True,,0.441934,True,,0.179119,True,,,,
cand_032,actionable,[*:2]c1nnnn1[*:1],[*:1]N=Nn1nnc([*:2])n1,azole_ring,azo,linker,False,*N=Nn1nnc(*)n1||*c1nnnn1*,0.355887,402,402,3.93208,3.93208,6,0,False,False,1.17085,True,,0.536145,True,,0.333633,True,,0.916776,True,,0.52508,True,,0.449589,True,,-0.0634601,False,,,,
cand_032,actionable,[*:1]c1nnn([*:2])n1,[*:1]N=Nc1nnn([*:2])n1,azole_ring,azo,linker,False,*N=Nc1nnn(*)n1||*c1nnn(*)n1,0.359132,350,350,3.90856,3.90856,6,0,False,False,1.18334,True,,0.547374,True,,0.349104,True,,0.932112,True,,0.490401,True,,0.406235,True,,0.040073,False,,,,
cand_032,actionable,[*:1]c1nnnn1[*:2],[*:1]N=Nc1nnnn1[*:2],azole_ring,azo,linker,False,*N=Nc1nnnn1*||*c1nnnn1*,0.351097,336,336,3.75447,3.75447,6,0,False,False,1.17631,True,,0.503957,True,,0.330506,True,,0.868255,True,,0.473577,True,,0.401863,True,,0.159668,True,,,,
cand_032,actionable,[*:2]c1nnnn1[*:1],[*:1]NNn1nnnc1[*:2],azole_ring,hydrazo,linker,False,*NNn1nnnc1*||*c1nnnn1*,0.35995,369,369,3.64902,3.64902,6,0,False,False,0.89669,True,,0.272185,True,,0.0281111,True,,1.47287,True,,0.55144,True,,0.42772,True,,0.0963791,True,,,,
cand_032,actionable,[*:1]c1nnnn1[*:2],[*:1]N=Nc1nnn([*:2])n1,azole_ring,azo,linker,False,*N=Nc1nnn(*)n1||*c1nnnn1*,0.356667,329,329,3.62297,3.62297,6,0,False,False,1.12524,True,,0.47018,True,,0.353315,True,,0.823885,True,,0.464077,True,,0.38627,True,,0.0930074,True,,,,
cand_032,actionable,[*:2]c1nnn([*:1])n1,[*:1]NNc1nnnn1[*:2],azole_ring,hydrazo,linker,False,*NNc1nnnn1*||*c1nnn(*)n1,0.353325,340,340,3.53394,3.53394,6,0,False,False,0.88454,True,,0.238912,True,,0.0334778,True,,1.43352,True,,0.53368,True,,0.40981,True,,0.0617399,False,,,,
cand_032,actionable,[*:1]c1nnnn1[*:2],[*:1]N=Nn1nnnc1[*:2],azole_ring,azo,linker,False,*N=Nn1nnnc1*||*c1nnnn1*,0.354557,319,319,3.49741,3.49741,6,0,False,False,1.09274,True,,0.42757,True,,0.346433,True,,0.758009,True,,0.470057,True,,0.402601,True,,0.219847,True,,,,
cand_032,actionable,[*:2]c1nnn([*:1])n1,[*:1]NNn1nnc([*:2])n1,azole_ring,hydrazo,linker,False,*NNn1nnc(*)n1||*c1nnn(*)n1,0.360374,429,429,3.41725,3.41725,6,0,False,False,0.86855,True,,0.257969,True,,0.0453302,True,,1.43395,True,,0.479044,True,,0.332408,True,,-0.203337,True,,,,
cand_032,actionable,[*:2]c1nnnn1[*:1],[*:1]NNc1nnnn1[*:2],azole_ring,hydrazo,linker,False,*NNc1nnnn1*||*c1nnnn1*,0.357605,308,308,3.39303,3.39303,6,0,False,False,0.844118,True,,0.200872,True,,0.0369562,True,,1.37573,True,,0.528407,True,,0.406946,True,,-0.0578213,False,,,,
cand_032,actionable,[*:2]c1nnn([*:1])n1,[*:1]NNc1nnn([*:2])n1,azole_ring,hydrazo,linker,False,*NNc1nnn(*)n1||*c1nnn(*)n1,0.357457,302,302,3.29623,3.29623,6,0,False,False,0.845114,True,,0.211921,True,,0.0430512,True,,1.37479,True,,0.47719,True,,0.344168,True,,0.0342877,False,,,,
cand_032,actionable,[*:1]c1nnn([*:2])n1,[*:1]N=Nn1nnc([*:2])n1,azole_ring,azo,linker,False,*N=Nn1nnc(*)n1||*c1nnn(*)n1,0.355385,330,330,3.29485,3.29485,6,0,False,False,1.08009,True,,0.405756,True,,0.332178,True,,0.731677,True,,0.409408,True,,0.335746,True,,-0.179887,True,,,,
cand_032,actionable,[*:2]c1nnnn1[*:1],[*:1]NNn1nnc([*:2])n1,azole_ring,hydrazo,linker,False,*NNn1nnc(*)n1||*c1nnnn1*,0.361736,393,393,3.28999,3.28999,6,0,False,False,0.833756,True,,0.207705,True,,0.0440876,True,,1.38185,True,,0.481115,True,,0.341475,True,,-0.243635,True,,,,
cand_032,actionable,[*:1]c1nnn([*:2])n1,[*:1]NNn1nnnc1[*:2],azole_ring,hydrazo,linker,False,*NNn1nnnc1*||*c1nnn(*)n1,0.357043,365,365,3.13594,3.13594,6,0,False,False,0.826481,True,,0.183081,True,,0.0505623,True,,1.33815,True,,0.438654,True,,0.299012,True,,-0.0474263,False,,,,
cand_032,actionable,[*:1]c1nnnn1[*:2],[*:1]N=Nn1nnc([*:2])n1,azole_ring,azo,linker,False,*N=Nn1nnc(*)n1||*c1nnnn1*,0.351134,325,325,3.02894,3.02894,6,0,False,False,1.03313,True,,0.332837,True,,0.326176,True,,0.62886,True,,0.384432,True,,0.323499,True,,0.0338713,False,,,,
cand_032,actionable,[*:2]c1nnnn1[*:1],[*:1]NNc1nnn([*:2])n1,azole_ring,hydrazo,linker,False,*NNc1nnn(*)n1||*c1nnnn1*,0.354073,326,326,2.92851,2.92851,6,0,False,False,0.787273,True,,0.125173,True,,0.0243631,True,,1.22938,True,,0.436184,True,,0.326137,True,,-0.0216373,False,,,,
cand_032,actionable,[*:1]c1nnnn1[*:2],[*:1]NNn1nnnc1[*:2],azole_ring,hydrazo,linker,False,*NNn1nnnc1*||*c1nnnn1*,0.353396,307,307,2.84277,2.84277,6,0,False,False,0.765018,True,,0.0848097,True,,0.0448634,True,,1.22263,True,,0.42504,True,,0.30041,True,,-0.0312679,False,,,,
cand_032,actionable,[*:1]c1nnn([*:2])n1,[*:1]NNc1nnnn1[*:2],azole_ring,hydrazo,linker,False,*NNc1nnnn1*||*c1nnn(*)n1,0.356148,336,336,2.73736,2.73736,6,0,False,False,0.743623,True,,0.0703049,True,,0.0427286,True,,1.17605,True,,0.412791,True,,0.291862,True,,-0.0271239,False,,,,
cand_032,actionable,[*:1]c1nnn([*:2])n1,[*:1]NNn1nnc([*:2])n1,azole_ring,hydrazo,linker,False,*NNn1nnc(*)n1||*c1nnn(*)n1,0.354712,335,335,2.57495,2.57495,6,0,False,False,0.753706,True,,0.0800358,True,,0.0327345,True,,1.18342,True,,0.3302,True,,0.194851,True,,-0.307741,True,,,,
cand_032,actionable,[*:1]c1nnnn1[*:2],[*:1]NNc1nnnn1[*:2],azole_ring,hydrazo,linker,False,*NNc1nnnn1*||*c1nnnn1*,0.352717,357,357,2.45199,2.43486,5,0,False,False,0.693648,True,,-0.0171293,False,,0.030827,True,,1.06987,True,,0.381362,True,,0.276284,True,,-0.0595134,False,,,,
cand_032,actionable,[*:1]c1nnn([*:2])n1,[*:1]NNc1nnn([*:2])n1,azole_ring,hydrazo,linker,False,*NNc1nnn(*)n1||*c1nnn(*)n1,0.350426,329,329,2.37486,2.37486,6,0,False,False,0.713205,True,,0.0268665,True,,0.0205211,True,,1.08548,True,,0.323148,True,,0.205645,True,,-0.209807,True,,,,
cand_032,actionable,[*:1]c1nnnn1[*:2],[*:1]NNn1nnc([*:2])n1,azole_ring,hydrazo,linker,False,*NNn1nnc(*)n1||*c1nnnn1*,0.352662,318,318,2.24338,2.23116,5,0,False,False,0.681101,True,,-0.0122265,False,,0.0338148,True,,1.04967,True,,0.301504,True,,0.177294,True,,-0.248633,True,,,,
cand_032,actionable,[*:1]c1nnn([*:2])n1,[*:2]c1nnn(N[N+](=O)[O-])c1[*:1],azole_ring,nitramine,linker,False,*c1nnn(*)n1||*c1nnn(N[N+](=O)[O-])c1*,0.416782,335,335,1.85304,1.85304,6,0,False,False,0.0511008,True,,0.526783,True,,0.350804,True,,0.12756,True,,0.372822,True,,0.423975,True,,-0.409976,True,,,,
cand_032,actionable,[*:1]c1nnn([*:2])n1,[*:1]c1nnn(N[N+](=O)[O-])c1[*:2],azole_ring,nitramine,linker,False,*c1nnn(*)n1||*c1nnn(N[N+](=O)[O-])c1*,0.406666,404,404,1.5689,1.5689,6,0,False,False,0.0474787,True,,0.434563,True,,0.292453,True,,0.0733892,True,,0.333097,True,,0.387919,True,,-0.431373,True,,,,
cand_032,actionable,[*:1]c1nnnn1[*:2],[*:1]c1nnn(N[N+](=O)[O-])c1[*:2],azole_ring,nitramine,linker,False,*c1nnn(N[N+](=O)[O-])c1*||*c1nnnn1*,0.412549,385,385,1.50783,1.54167,4,0,False,False,0.0006166,False,,0.433216,True,,0.343985,True,,0.0332176,False,,0.340516,True,,0.390115,True,,-0.462432,True,,,,
cand_032,actionable,[*:2]c1nnnn1[*:1],[*:1]c1nnn(N[N+](=O)[O-])c1[*:2],azole_ring,nitramine,linker,False,*c1nnn(N[N+](=O)[O-])c1*||*c1nnnn1*,0.410514,341,341,1.33352,1.28057,4,0,False,False,-0.0166058,False,,0.396025,True,,0.315102,True,,-0.0363459,False,,0.285464,True,,0.336933,True,,-0.491826,True,,,,
cand_032,actionable,[*:1]c1nnn([N+](=O)[O-])n1,[*:1]n1nnnc1[N+](=O)[O-],nitro,nitro,scaffold,False,*c1nnn([N+](=O)[O-])n1||*n1nnnc1[N+](=O)[O-],0.398109,200,200,0.50086,0.50441,4,0,False,False,0.127794,True,,0.146998,True,,-2.96303e-18,False,,0.202535,True,,0.0235322,True,,0.00355077,False,,-0.289162,True,,,,
cand_032,actionable,[*:1]c1nnn([N+](=O)[O-])n1,[*:1]c1nnnn1[N+](=O)[O-],nitro,nitro,scaffold,False,*c1nnn([N+](=O)[O-])n1||*c1nnnn1[N+](=O)[O-],0.39339,244,244,0.322738,0.322738,5,0,False,False,0.0663754,True,,0.074976,True,,0,False,,0.10082,True,,0.0413955,True,,0.0391719,True,,-0.0851387,True,,,,
cand_032,actionable,[*:1]c1nnn([*:2])n1,[*:2]c1nnnn1[*:1],azole_ring,azole_ring,linker,False,*c1nnn(*)n1||*c1nnnn1*,0.257644,2457,2457,0.31729,0.31729,5,0,False,False,0.0573355,True,,0.0696148,True,,-2.41191e-19,False,,0.100322,True,,0.0464741,True,,0.0435433,True,,0.109291,True,,,,
cand_032,actionable,[*:1]c1nnn([*:2])n1,[*:1]c1nnnn1[*:2],azole_ring,azole_ring,linker,False,*c1nnn(*)n1||*c1nnnn1*,0.258151,2833,2833,0.304252,0.304252,5,0,False,False,0.0551249,True,,0.0662557,True,,0,False,,0.0947991,True,,0.0449933,True,,0.0430791,True,,0.118519,True,,,,
cand_032,actionable,[*:1]c1nnnn1[*:2],[*:2]c1nnnn1[*:1],azole_ring,azole_ring,linker,False,*c1nnnn1*||*c1nnnn1*,0.258476,1293,1293,0.21802,0.21802,5,0,False,False,0.0300112,True,,0.0417528,True,,0,False,,0.057483,True,,0.0430979,True,,0.0456756,True,,-0.0465583,True,,,,
cand_032,actionable,[*:1]c1nnn([*:2])n1,[*:2]c1nnn([*:1])n1,azole_ring,azole_ring,linker,False,*c1nnn(*)n1||*c1nnn(*)n1,0.260615,1165,1165,0.0453822,0.0112472,2,0,False,False,-0.00809051,False,,-0.00850428,False,,0,False,,-0.0175402,False,,0.0185507,True,,0.0268315,True,,0.0700273,True,,,,
cand_033,actionable,[*:2]c1nnnn1[*:1],[*:1]N=[N+]([O-])n1nnnc1[*:2],azole_ring,azoxy,linker,False,*N=[N+]([O-])n1nnnc1*||*c1nnnn1*,0.392432,280,280,7.39917,7.39917,6,0,False,False,1.23564,True,,1.29928,True,,0.829576,True,,1.74442,True,,1.1854,True,,1.10485,True,,-0.100889,True,,,,
cand_033,actionable,[*:2]c1nnnn1[*:1],[*:1]N=[N+]([O-])c1nnnn1[*:2],azole_ring,azoxy,linker,False,*N=[N+]([O-])c1nnnn1*||*c1nnnn1*,0.380296,193,193,7.18294,7.18294,6,0,False,False,1.23795,True,,1.23659,True,,0.790892,True,,1.68949,True,,1.14851,True,,1.0795,True,,-0.171171,True,,,,
cand_033,actionable,[*:2]c1nnnn1[*:1],[*:1]N=[N+]([O-])n1nnc([*:2])n1,azole_ring,azoxy,linker,False,*N=[N+]([O-])n1nnc(*)n1||*c1nnnn1*,0.386847,275,275,7.07244,7.07244,6,0,False,False,1.19325,True,,1.21169,True,,0.802861,True,,1.64893,True,,1.14311,True,,1.07258,True,,-0.0690075,False,,,,
cand_033,actionable,[*:1]c1nnnn1[*:2],[*:1]c1nnnn1N=[N+]([*:2])[O-],azole_ring,azoxy,linker,False,*c1nnnn1*||*c1nnnn1N=[N+](*)[O-],0.384684,108,108,7.02768,7.02768,6,0,False,False,1.18176,True,,1.14919,True,,0.79885,True,,1.54468,True,,1.1966,True,,1.1566,True,,0.219111,True,,,,
cand_033,actionable,[*:1]c1nnnn1[*:2],[*:2]n1nnnc1N=[N+]([*:1])[O-],azole_ring,azoxy,linker,False,*c1nnnn1*||*n1nnnc1N=[N+](*)[O-],0.387609,122,122,6.97978,6.97978,6,0,False,False,1.16054,True,,1.17138,True,,0.834346,True,,1.60279,True,,1.14116,True,,1.06956,True,,0.160271,True,,,,
cand_033,actionable,[*:1]c1nnnn1[*:2],[*:1]n1nnnc1N=[N+]([*:2])[O-],azole_ring,azoxy,linker,False,*c1nnnn1*||*n1nnnc1N=[N+](*)[O-],0.381342,140,140,6.77105,6.77105,6,0,False,False,1.13232,True,,1.07776,True,,0.793782,True,,1.46168,True,,1.16784,True,,1.13768,True,,0.300078,True,,,,
cand_033,actionable,[*:1]c1nnnn1[*:2],[*:1]n1nnc(N=[N+]([*:2])[O-])n1,azole_ring,azoxy,linker,False,*c1nnnn1*||*n1nnc(N=[N+](*)[O-])n1,0.382376,243,243,6.74472,6.74472,6,0,False,False,1.09841,True,,1.08922,True,,0.804593,True,,1.45168,True,,1.16528,True,,1.13554,True,,0.218252,True,,,,
cand_033,actionable,[*:1]c1nnnn1[*:2],[*:1]N=[N+]([O-])c1nnnn1[*:2],azole_ring,azoxy,linker,False,*N=[N+]([O-])c1nnnn1*||*c1nnnn1*,0.387444,216,216,6.14634,6.14634,6,0,False,False,1.0166,True,,0.992261,True,,0.829325,True,,1.31178,True,,1.02557,True,,0.970802,True,,0.00583282,False,,,,
cand_033,actionable,[*:1]c1nnnn1[*:2],[*:2]n1nnc(N=[N+]([*:1])[O-])n1,azole_ring,azoxy,linker,False,*c1nnnn1*||*n1nnc(N=[N+](*)[O-])n1,0.381536,249,249,5.94401,5.94401,6,0,False,False,0.991857,True,,0.919359,True,,0.786746,True,,1.22979,True,,1.0227,True,,0.99356,True,,0.189938,True,,,,
cand_033,actionable,[*:1]c1nnnn1[*:2],[*:1]N=[N+]([O-])n1nnnc1[*:2],azole_ring,azoxy,linker,False,*N=[N+]([O-])n1nnnc1*||*c1nnnn1*,0.386172,229,229,5.94241,5.94241,6,0,False,False,1.01177,True,,0.953617,True,,0.810754,True,,1.25172,True,,0.978768,True,,0.935784,True,,-0.0654356,False,,,,
cand_033,actionable,[*:1]c1nnnn1[*:2],[*:1]N=[N+]([O-])n1nnc([*:2])n1,azole_ring,azoxy,linker,False,*N=[N+]([O-])n1nnc(*)n1||*c1nnnn1*,0.383065,259,259,5.90937,5.90937,6,0,False,False,0.973511,True,,0.966867,True,,0.837706,True,,1.25181,True,,0.973185,True,,0.906291,True,,-0.132316,True,,,,
cand_033,actionable,[*:2]c1nnnn1[*:1],[*:1]N=Nc1nnnn1[*:2],azole_ring,azo,linker,False,*N=Nc1nnnn1*||*c1nnnn1*,0.355949,350,350,4.82301,4.82301,6,0,False,False,1.32338,True,,0.730511,True,,0.358726,True,,1.1928,True,,0.655076,True,,0.562518,True,,0.123372,True,,,,
cand_033,actionable,[*:2]c1nnnn1[*:1],[*:1]N=Nc1nnn([*:2])n1,azole_ring,azo,linker,False,*N=Nc1nnn(*)n1||*c1nnnn1*,0.35656,356,356,4.40896,4.40896,6,0,False,False,1.26223,True,,0.639687,True,,0.340861,True,,1.06383,True,,0.590047,True,,0.512296,True,,0.111891,True,,,,
cand_033,actionable,[*:2]c1nnnn1[*:1],[*:1]N=Nn1nnnc1[*:2],azole_ring,azo,linker,False,*N=Nn1nnnc1*||*c1nnnn1*,0.356653,386,386,4.35206,4.35206,6,0,False,False,1.23532,True,,0.615186,True,,0.330104,True,,1.0263,True,,0.60749,True,,0.537659,True,,0.166134,True,,,,
cand_033,actionable,[*:2]c1nnnn1[*:1],[*:1]N=Nn1nnc([*:2])n1,azole_ring,azo,linker,False,*N=Nn1nnc(*)n1||*c1nnnn1*,0.355887,402,402,3.93208,3.93208,6,0,False,False,1.17085,True,,0.536145,True,,0.333633,True,,0.916776,True,,0.52508,True,,0.449589,True,,-0.0634601,False,,,,
cand_033,actionable,[*:1]NN[*:2],[*:1]N=[N+]([*:2])[O-],hydrazo,azoxy,linker,False,*N=[N+](*)[O-]||*NN*,0.149114,4015,4015,3.91186,3.91186,6,0,False,True,0.326838,True,34.12,1.05673,True,80.3562,0.815419,True,6.00064,0.274361,True,-0.0048,0.689952,True,0.270268,0.748555,True,3.01806,0.0589066,True,6.0026,,,
cand_033,actionable,[*:1]NNn1nnnc1[*:2],[*:2]c1nnnn1N=[N+]([*:1])[O-],hydrazo,azoxy,linker,False,*NNn1nnnc1*||*c1nnnn1N=[N+](*)[O-],0.38568,101,101,3.77562,3.77562,6,0,False,True,0.380087,True,34.12,1.02672,True,80.3562,0.764026,True,6.00064,0.265424,True,-0.0048,0.637316,True,0.270268,0.702048,True,3.01806,0.0876812,False,6.0026,,,
cand_033,actionable,[*:1]c1nnnn1[*:2],[*:1]N=Nc1nnnn1[*:2],azole_ring,azo,linker,False,*N=Nc1nnnn1*||*c1nnnn1*,0.351097,336,336,3.75447,3.75447,6,0,False,False,1.17631,True,,0.503957,True,,0.330506,True,,0.868255,True,,0.473577,True,,0.401863,True,,0.159668,True,,,,
cand_033,actionable,[*:2]c1nnnn1[*:1],[*:1]NNn1nnnc1[*:2],azole_ring,hydrazo,linker,False,*NNn1nnnc1*||*c1nnnn1*,0.35995,369,369,3.64902,3.64902,6,0,False,False,0.89669,True,,0.272185,True,,0.0281111,True,,1.47287,True,,0.55144,True,,0.42772,True,,0.0963791,True,,,,
cand_033,actionable,[*:1]c1nnnn1[*:2],[*:1]N=Nc1nnn([*:2])n1,azole_ring,azo,linker,False,*N=Nc1nnn(*)n1||*c1nnnn1*,0.356667,329,329,3.62297,3.62297,6,0,False,False,1.12524,True,,0.47018,True,,0.353315,True,,0.823885,True,,0.464077,True,,0.38627,True,,0.0930074,True,,,,
cand_033,actionable,[*:1]NNn1nnnc1[*:2],[*:2]n1nnnc1N=[N+]([*:1])[O-],hydrazo,azoxy,linker,False,*NNn1nnnc1*||*n1nnnc1N=[N+](*)[O-],0.381538,124,124,3.60962,3.60962,6,0,False,False,0.345137,True,,0.945393,True,,0.752178,True,,0.20836,True,,0.641248,True,,0.7173,True,,0.171068,True,,,,
cand_033,actionable,[*:1]NNn1nnnc1[*:2],[*:1]N=[N+]([O-])c1nnnn1[*:2],hydrazo,azoxy,linker,False,*N=[N+]([O-])c1nnnn1*||*NNn1nnnc1*,0.386492,196,196,3.58178,3.58178,6,0,False,False,0.304919,True,,0.977524,True,,0.7793,True,,0.185311,True,,0.633135,True,,0.701595,True,,-0.0112245,False,,,,
cand_033,actionable,[*:1]NNn1nnnc1[*:2],[*:1]N=[N+]([O-])n1nnnc1[*:2],hydrazo,azoxy,linker,False,*N=[N+]([O-])n1nnnc1*||*NNn1nnnc1*,0.383421,281,281,3.49913,3.49913,6,0,False,True,0.318368,True,34.12,0.92779,True,80.3562,0.755612,True,6.00064,0.190758,True,-0.0048,0.618484,True,0.270268,0.688114,True,3.01806,-0.124634,True,6.0026,,,
cand_033,actionable,[*:1]c1nnnn1[*:2],[*:1]N=Nn1nnnc1[*:2],azole_ring,azo,linker,False,*N=Nn1nnnc1*||*c1nnnn1*,0.354557,319,319,3.49741,3.49741,6,0,False,False,1.09274,True,,0.42757,True,,0.346433,True,,0.758009,True,,0.470057,True,,0.402601,True,,0.219847,True,,,,
cand_033,actionable,[*:2]c1nnnn1[*:1],[*:1]NNc1nnnn1[*:2],azole_ring,hydrazo,linker,False,*NNc1nnnn1*||*c1nnnn1*,0.357605,308,308,3.39303,3.39303,6,0,False,False,0.844118,True,,0.200872,True,,0.0369562,True,,1.37573,True,,0.528407,True,,0.406946,True,,-0.0578213,False,,,,
cand_033,actionable,[*:2]c1nnnn1[*:1],[*:1]NNn1nnc([*:2])n1,azole_ring,hydrazo,linker,False,*NNn1nnc(*)n1||*c1nnnn1*,0.361736,393,393,3.28999,3.28999,6,0,False,False,0.833756,True,,0.207705,True,,0.0440876,True,,1.38185,True,,0.481115,True,,0.341475,True,,-0.243635,True,,,,
cand_033,actionable,[*:1]NNn1nnnc1[*:2],[*:1]N=[N+]([O-])n1nnc([*:2])n1,hydrazo,azoxy,linker,False,*N=[N+]([O-])n1nnc(*)n1||*NNn1nnnc1*,0.388177,284,284,3.28792,3.28792,6,0,False,False,0.259273,True,,0.886412,True,,0.770162,True,,0.119598,True,,0.592501,True,,0.659977,True,,-0.176656,True,,,,
cand_033,actionable,[*:1]NNn1nnnc1[*:2],[*:2]n1nnc(N=[N+]([*:1])[O-])n1,hydrazo,azoxy,linker,False,*NNn1nnnc1*||*n1nnc(N=[N+](*)[O-])n1,0.383234,240,240,3.07909,3.1191,5,0,False,False,0.218088,True,,0.796665,True,,0.756166,True,,0.0400139,False,,0.610524,True,,0.697644,True,,0.162702,True,,,,
cand_033,actionable,[*:1]c1nnnn1[*:2],[*:1]N=Nn1nnc([*:2])n1,azole_ring,azo,linker,False,*N=Nn1nnc(*)n1||*c1nnnn1*,0.351134,325,325,3.02894,3.02894,6,0,False,False,1.03313,True,,0.332837,True,,0.326176,True,,0.62886,True,,0.384432,True,,0.323499,True,,0.0338713,False,,,,
cand_033,actionable,[*:2]c1nnnn1[*:1],[*:1]NNc1nnn([*:2])n1,azole_ring,hydrazo,linker,False,*NNc1nnn(*)n1||*c1nnnn1*,0.354073,326,326,2.92851,2.92851,6,0,False,False,0.787273,True,,0.125173,True,,0.0243631,True,,1.22938,True,,0.436184,True,,0.326137,True,,-0.0216373,False,,,,
cand_033,actionable,[*:1]c1nnnn1[*:2],[*:1]NNn1nnnc1[*:2],azole_ring,hydrazo,linker,False,*NNn1nnnc1*||*c1nnnn1*,0.353396,307,307,2.84277,2.84277,6,0,False,False,0.765018,True,,0.0848097,True,,0.0448634,True,,1.22263,True,,0.42504,True,,0.30041,True,,-0.0312679,False,,,,
cand_033,actionable,[*:1]c1nnnn1[*:2],[*:1]NNc1nnnn1[*:2],azole_ring,hydrazo,linker,False,*NNc1nnnn1*||*c1nnnn1*,0.352717,357,357,2.45199,2.43486,5,0,False,False,0.693648,True,,-0.0171293,False,,0.030827,True,,1.06987,True,,0.381362,True,,0.276284,True,,-0.0595134,False,,,,
cand_033,actionable,[*:1]c1nnnn1[*:2],[*:1]NNn1nnc([*:2])n1,azole_ring,hydrazo,linker,False,*NNn1nnc(*)n1||*c1nnnn1*,0.352662,318,318,2.24338,2.23116,5,0,False,False,0.681101,True,,-0.0122265,False,,0.0338148,True,,1.04967,True,,0.301504,True,,0.177294,True,,-0.248633,True,,,,
cand_033,actionable,[*:1]c1nnnn1[*:2],[*:1]c1nnn(N[N+](=O)[O-])c1[*:2],azole_ring,nitramine,linker,False,*c1nnn(N[N+](=O)[O-])c1*||*c1nnnn1*,0.412549,385,385,1.50783,1.54167,4,0,False,True,0.0006166,False,-5.94005,0.433216,True,-20.8849,0.343985,True,-0.847177,0.0332176,False,-0.044,0.340516,True,0.0913351,0.390115,True,1.40552,-0.462432,True,24.8751,,,
cand_033,actionable,[*:2]c1nnnn1[*:1],[*:1]c1nnn(N[N+](=O)[O-])c1[*:2],azole_ring,nitramine,linker,False,*c1nnn(N[N+](=O)[O-])c1*||*c1nnnn1*,0.410514,341,341,1.33352,1.28057,4,0,False,True,-0.0166058,False,-5.94005,0.396025,True,-20.8849,0.315102,True,-0.847177,-0.0363459,False,-0.044,0.285464,True,0.0913351,0.336933,True,1.40552,-0.491826,True,24.8751,,,
cand_033,actionable,[*:1]Nc1nnnn1[*:2],[*:1]Nn1nnnc1[*:2],azole_ring,azole_ring,linker,False,*Nc1nnnn1*||*Nn1nnnc1*,0.295245,593,593,0.26645,0.260235,3,0,False,True,0.0673813,True,-1.74322,0.0806674,True,-6.38239,0,False,0,0.118401,True,-0.0048,0.00547648,False,-0.0563975,-0.0116915,False,-0.635715,-0.0768478,True,-0.1244,,,
cand_033,actionable,[*:1]c1nnnn1[*:2],[*:2]c1nnnn1[*:1],azole_ring,azole_ring,linker,False,*c1nnnn1*||*c1nnnn1*,0.258476,1293,1293,0.21802,0.21802,5,0,False,True,0.0300112,True,-1.74322,0.0417528,True,-6.38239,0,False,0,0.057483,True,-0.0048,0.0430979,True,-0.0563975,0.0456756,True,-0.635715,-0.0465583,True,-0.1244,,,
cand_034,actionable,[*:2]c1nnnn1[*:1],[*:1]N=[N+]([O-])n1nnnc1[*:2],azole_ring,azoxy,linker,False,*N=[N+]([O-])n1nnnc1*||*c1nnnn1*,0.392432,280,280,7.39917,7.39917,6,0,False,False,1.23564,True,,1.29928,True,,0.829576,True,,1.74442,True,,1.1854,True,,1.10485,True,,-0.100889,True,,,,
cand_034,actionable,[*:2]c1nnnn1[*:1],[*:1]N=[N+]([O-])c1nnnn1[*:2],azole_ring,azoxy,linker,False,*N=[N+]([O-])c1nnnn1*||*c1nnnn1*,0.380296,193,193,7.18294,7.18294,6,0,False,False,1.23795,True,,1.23659,True,,0.790892,True,,1.68949,True,,1.14851,True,,1.0795,True,,-0.171171,True,,,,
cand_034,actionable,[*:2]c1nnnn1[*:1],[*:1]N=[N+]([O-])n1nnc([*:2])n1,azole_ring,azoxy,linker,False,*N=[N+]([O-])n1nnc(*)n1||*c1nnnn1*,0.386847,275,275,7.07244,7.07244,6,0,False,False,1.19325,True,,1.21169,True,,0.802861,True,,1.64893,True,,1.14311,True,,1.07258,True,,-0.0690075,False,,,,
cand_034,actionable,[*:1]c1nnnn1[*:2],[*:1]c1nnnn1N=[N+]([*:2])[O-],azole_ring,azoxy,linker,False,*c1nnnn1*||*c1nnnn1N=[N+](*)[O-],0.384684,108,108,7.02768,7.02768,6,0,False,False,1.18176,True,,1.14919,True,,0.79885,True,,1.54468,True,,1.1966,True,,1.1566,True,,0.219111,True,,,,
cand_034,actionable,[*:1]c1nnnn1[*:2],[*:2]n1nnnc1N=[N+]([*:1])[O-],azole_ring,azoxy,linker,False,*c1nnnn1*||*n1nnnc1N=[N+](*)[O-],0.387609,122,122,6.97978,6.97978,6,0,False,False,1.16054,True,,1.17138,True,,0.834346,True,,1.60279,True,,1.14116,True,,1.06956,True,,0.160271,True,,,,
cand_034,actionable,[*:1]c1nnnn1[*:2],[*:1]n1nnnc1N=[N+]([*:2])[O-],azole_ring,azoxy,linker,False,*c1nnnn1*||*n1nnnc1N=[N+](*)[O-],0.381342,140,140,6.77105,6.77105,6,0,False,False,1.13232,True,,1.07776,True,,0.793782,True,,1.46168,True,,1.16784,True,,1.13768,True,,0.300078,True,,,,
cand_034,actionable,[*:1]c1nnnn1[*:2],[*:1]n1nnc(N=[N+]([*:2])[O-])n1,azole_ring,azoxy,linker,False,*c1nnnn1*||*n1nnc(N=[N+](*)[O-])n1,0.382376,243,243,6.74472,6.74472,6,0,False,False,1.09841,True,,1.08922,True,,0.804593,True,,1.45168,True,,1.16528,True,,1.13554,True,,0.218252,True,,,,
cand_034,actionable,[*:1]c1nnnn1[*:2],[*:1]N=[N+]([O-])c1nnnn1[*:2],azole_ring,azoxy,linker,False,*N=[N+]([O-])c1nnnn1*||*c1nnnn1*,0.387444,216,216,6.14634,6.14634,6,0,False,False,1.0166,True,,0.992261,True,,0.829325,True,,1.31178,True,,1.02557,True,,0.970802,True,,0.00583282,False,,,,
cand_034,actionable,[*:1]c1nnnn1[*:2],[*:2]n1nnc(N=[N+]([*:1])[O-])n1,azole_ring,azoxy,linker,False,*c1nnnn1*||*n1nnc(N=[N+](*)[O-])n1,0.381536,249,249,5.94401,5.94401,6,0,False,False,0.991857,True,,0.919359,True,,0.786746,True,,1.22979,True,,1.0227,True,,0.99356,True,,0.189938,True,,,,
cand_034,actionable,[*:1]c1nnnn1[*:2],[*:1]N=[N+]([O-])n1nnnc1[*:2],azole_ring,azoxy,linker,False,*N=[N+]([O-])n1nnnc1*||*c1nnnn1*,0.386172,229,229,5.94241,5.94241,6,0,False,False,1.01177,True,,0.953617,True,,0.810754,True,,1.25172,True,,0.978768,True,,0.935784,True,,-0.0654356,False,,,,
cand_034,actionable,[*:1]c1nnnn1[*:2],[*:1]N=[N+]([O-])n1nnc([*:2])n1,azole_ring,azoxy,linker,False,*N=[N+]([O-])n1nnc(*)n1||*c1nnnn1*,0.383065,259,259,5.90937,5.90937,6,0,False,False,0.973511,True,,0.966867,True,,0.837706,True,,1.25181,True,,0.973185,True,,0.906291,True,,-0.132316,True,,,,
cand_034,actionable,[*:2]c1nnnn1[*:1],[*:1]N=Nc1nnnn1[*:2],azole_ring,azo,linker,False,*N=Nc1nnnn1*||*c1nnnn1*,0.355949,350,350,4.82301,4.82301,6,0,False,False,1.32338,True,,0.730511,True,,0.358726,True,,1.1928,True,,0.655076,True,,0.562518,True,,0.123372,True,,,,
cand_034,actionable,[*:2]c1nnnn1[*:1],[*:1]N=Nc1nnn([*:2])n1,azole_ring,azo,linker,False,*N=Nc1nnn(*)n1||*c1nnnn1*,0.35656,356,356,4.40896,4.40896,6,0,False,False,1.26223,True,,0.639687,True,,0.340861,True,,1.06383,True,,0.590047,True,,0.512296,True,,0.111891,True,,,,
cand_034,actionable,[*:2]c1nnnn1[*:1],[*:1]N=Nn1nnnc1[*:2],azole_ring,azo,linker,False,*N=Nn1nnnc1*||*c1nnnn1*,0.356653,386,386,4.35206,4.35206,6,0,False,False,1.23532,True,,0.615186,True,,0.330104,True,,1.0263,True,,0.60749,True,,0.537659,True,,0.166134,True,,,,
cand_034,actionable,[*:2]c1nnnn1[*:1],[*:1]N=Nn1nnc([*:2])n1,azole_ring,azo,linker,False,*N=Nn1nnc(*)n1||*c1nnnn1*,0.355887,402,402,3.93208,3.93208,6,0,False,False,1.17085,True,,0.536145,True,,0.333633,True,,0.916776,True,,0.52508,True,,0.449589,True,,-0.0634601,False,,,,
cand_034,actionable,[*:1]c1nnnn1[*:2],[*:1]N=Nc1nnnn1[*:2],azole_ring,azo,linker,False,*N=Nc1nnnn1*||*c1nnnn1*,0.351097,336,336,3.75447,3.75447,6,0,False,False,1.17631,True,,0.503957,True,,0.330506,True,,0.868255,True,,0.473577,True,,0.401863,True,,0.159668,True,,,,
cand_034,actionable,[*:2]c1nnnn1[*:1],[*:1]NNn1nnnc1[*:2],azole_ring,hydrazo,linker,False,*NNn1nnnc1*||*c1nnnn1*,0.35995,369,369,3.64902,3.64902,6,0,False,False,0.89669,True,,0.272185,True,,0.0281111,True,,1.47287,True,,0.55144,True,,0.42772,True,,0.0963791,True,,,,
cand_034,actionable,[*:1]c1nnnn1[*:2],[*:1]N=Nc1nnn([*:2])n1,azole_ring,azo,linker,False,*N=Nc1nnn(*)n1||*c1nnnn1*,0.356667,329,329,3.62297,3.62297,6,0,False,False,1.12524,True,,0.47018,True,,0.353315,True,,0.823885,True,,0.464077,True,,0.38627,True,,0.0930074,True,,,,
cand_034,actionable,[*:1]c1nnnn1[*:2],[*:1]N=Nn1nnnc1[*:2],azole_ring,azo,linker,False,*N=Nn1nnnc1*||*c1nnnn1*,0.354557,319,319,3.49741,3.49741,6,0,False,False,1.09274,True,,0.42757,True,,0.346433,True,,0.758009,True,,0.470057,True,,0.402601,True,,0.219847,True,,,,
cand_034,actionable,[*:2]c1nnnn1[*:1],[*:1]NNc1nnnn1[*:2],azole_ring,hydrazo,linker,False,*NNc1nnnn1*||*c1nnnn1*,0.357605,308,308,3.39303,3.39303,6,0,False,False,0.844118,True,,0.200872,True,,0.0369562,True,,1.37573,True,,0.528407,True,,0.406946,True,,-0.0578213,False,,,,
cand_034,actionable,[*:2]c1nnnn1[*:1],[*:1]NNn1nnc([*:2])n1,azole_ring,hydrazo,linker,False,*NNn1nnc(*)n1||*c1nnnn1*,0.361736,393,393,3.28999,3.28999,6,0,False,False,0.833756,True,,0.207705,True,,0.0440876,True,,1.38185,True,,0.481115,True,,0.341475,True,,-0.243635,True,,,,
cand_034,actionable,[*:1]c1nnnn1[*:2],[*:1]N=Nn1nnc([*:2])n1,azole_ring,azo,linker,False,*N=Nn1nnc(*)n1||*c1nnnn1*,0.351134,325,325,3.02894,3.02894,6,0,False,False,1.03313,True,,0.332837,True,,0.326176,True,,0.62886,True,,0.384432,True,,0.323499,True,,0.0338713,False,,,,
cand_034,actionable,[*:2]c1nnnn1[*:1],[*:1]NNc1nnn([*:2])n1,azole_ring,hydrazo,linker,False,*NNc1nnn(*)n1||*c1nnnn1*,0.354073,326,326,2.92851,2.92851,6,0,False,False,0.787273,True,,0.125173,True,,0.0243631,True,,1.22938,True,,0.436184,True,,0.326137,True,,-0.0216373,False,,,,
cand_034,actionable,[*:1]c1nnnn1[*:2],[*:1]NNn1nnnc1[*:2],azole_ring,hydrazo,linker,False,*NNn1nnnc1*||*c1nnnn1*,0.353396,307,307,2.84277,2.84277,6,0,False,False,0.765018,True,,0.0848097,True,,0.0448634,True,,1.22263,True,,0.42504,True,,0.30041,True,,-0.0312679,False,,,,
cand_034,actionable,[*:1]c1nnnn1[*:2],[*:1]NNc1nnnn1[*:2],azole_ring,hydrazo,linker,False,*NNc1nnnn1*||*c1nnnn1*,0.352717,357,357,2.45199,2.43486,5,0,False,False,0.693648,True,,-0.0171293,False,,0.030827,True,,1.06987,True,,0.381362,True,,0.276284,True,,-0.0595134,False,,,,
cand_034,actionable,[*:1]c1nnnn1[*:2],[*:1]NNn1nnc([*:2])n1,azole_ring,hydrazo,linker,False,*NNn1nnc(*)n1||*c1nnnn1*,0.352662,318,318,2.24338,2.23116,5,0,False,False,0.681101,True,,-0.0122265,False,,0.0338148,True,,1.04967,True,,0.301504,True,,0.177294,True,,-0.248633,True,,,,
cand_034,actionable,[*:1]c1nnnn1[*:2],[*:1]c1nnn(N[N+](=O)[O-])c1[*:2],azole_ring,nitramine,linker,False,*c1nnn(N[N+](=O)[O-])c1*||*c1nnnn1*,0.412549,385,385,1.50783,1.54167,4,0,False,False,0.0006166,False,,0.433216,True,,0.343985,True,,0.0332176,False,,0.340516,True,,0.390115,True,,-0.462432,True,,,,
cand_034,actionable,[*:2]c1nnnn1[*:1],[*:1]c1nnn(N[N+](=O)[O-])c1[*:2],azole_ring,nitramine,linker,False,*c1nnn(N[N+](=O)[O-])c1*||*c1nnnn1*,0.410514,341,341,1.33352,1.28057,4,0,False,False,-0.0166058,False,,0.396025,True,,0.315102,True,,-0.0363459,False,,0.285464,True,,0.336933,True,,-0.491826,True,,,,
cand_034,actionable,[*:1]n1nnnc1N=[N+]=[N-],[*:1]c1nnnn1N=[N+]=[N-],azide,azide,scaffold,False,*c1nnnn1N=[N+]=[N-]||*n1nnnc1N=[N+]=[N-],0.399843,254,254,1.24541,1.24541,5,0,False,False,0.230024,True,,0.280165,True,,-0,False,,0.400707,True,,0.173694,True,,0.160816,True,,0.113129,True,,,,
cand_034,actionable,[*:1]n1nnnc1N=[N+]=[N-],[*:1]c1nnn(N=[N+]=[N-])n1,azide,azide,scaffold,False,*c1nnn(N=[N+]=[N-])n1||*n1nnnc1N=[N+]=[N-],0.393562,217,217,0.885388,0.885388,5,0,False,False,0.162554,True,,0.197381,True,,-0,False,,0.276541,True,,0.126935,True,,0.121976,True,,0.220473,True,,,,
cand_034,actionable,[*:1]c1nnnn1[*:2],[*:2]c1nnnn1[*:1],azole_ring,azole_ring,linker,False,*c1nnnn1*||*c1nnnn1*,0.258476,1293,1293,0.21802,0.21802,5,0,False,False,0.0300112,True,,0.0417528,True,,0,False,,0.057483,True,,0.0430979,True,,0.0456756,True,,-0.0465583,True,,,,
cand_035,actionable,[*:2]c1nnn([*:1])n1,[*:1]N=[N+]([O-])c1nnnn1[*:2],azole_ring,azoxy,linker,False,*N=[N+]([O-])c1nnnn1*||*c1nnn(*)n1,0.385657,203,203,7.54054,7.54054,6,0,False,False,1.28787,True,,1.32943,True,,0.81574,True,,1.80839,True,,1.1937,True,,1.10541,True,,0.0821143,False,,,,
cand_035,actionable,[*:2]c1nnn([*:1])n1,[*:1]N=[N+]([O-])n1nnnc1[*:2],azole_ring,azoxy,linker,False,*N=[N+]([O-])n1nnnc1*||*c1nnn(*)n1,0.389037,291,291,7.46166,7.46166,6,0,False,False,1.26928,True,,1.34087,True,,0.814976,True,,1.77747,True,,1.16995,True,,1.08911,True,,0.0386994,False,,,,
cand_035,actionable,[*:2]c1nnnn1[*:1],[*:1]N=[N+]([O-])n1nnnc1[*:2],azole_ring,azoxy,linker,False,*N=[N+]([O-])n1nnnc1*||*c1nnnn1*,0.392432,280,280,7.39917,7.39917,6,0,False,False,1.23564,True,,1.29928,True,,0.829576,True,,1.74442,True,,1.1854,True,,1.10485,True,,-0.100889,True,,,,
cand_035,actionable,[*:2]c1nnn([*:1])n1,[*:1]N=[N+]([O-])n1nnc([*:2])n1,azole_ring,azoxy,linker,False,*N=[N+]([O-])n1nnc(*)n1||*c1nnn(*)n1,0.387464,272,272,7.25484,7.25484,6,0,False,False,1.24191,True,,1.27006,True,,0.792996,True,,1.73676,True,,1.14376,True,,1.06936,True,,-0.0477761,False,,,,
cand_035,actionable,[*:2]c1nnnn1[*:1],[*:1]N=[N+]([O-])c1nnnn1[*:2],azole_ring,azoxy,linker,False,*N=[N+]([O-])c1nnnn1*||*c1nnnn1*,0.380296,193,193,7.18294,7.18294,6,0,False,False,1.23795,True,,1.23659,True,,0.790892,True,,1.68949,True,,1.14851,True,,1.0795,True,,-0.171171,True,,,,
cand_035,actionable,[*:1]c1nnn([*:2])n1,[*:1]n1nnnc1N=[N+]([*:2])[O-],azole_ring,azoxy,linker,False,*c1nnn(*)n1||*n1nnnc1N=[N+](*)[O-],0.390172,133,133,7.1687,7.1687,6,0,False,False,1.19903,True,,1.22133,True,,0.836397,True,,1.61404,True,,1.17979,True,,1.11811,True,,0.382541,True,,,,
cand_035,actionable,[*:2]c1nnnn1[*:1],[*:1]N=[N+]([O-])n1nnc([*:2])n1,azole_ring,azoxy,linker,False,*N=[N+]([O-])n1nnc(*)n1||*c1nnnn1*,0.386847,275,275,7.07244,7.07244,6,0,False,False,1.19325,True,,1.21169,True,,0.802861,True,,1.64893,True,,1.14311,True,,1.07258,True,,-0.0690075,False,,,,
cand_035,actionable,[*:1]c1nnnn1[*:2],[*:1]c1nnnn1N=[N+]([*:2])[O-],azole_ring,azoxy,linker,False,*c1nnnn1*||*c1nnnn1N=[N+](*)[O-],0.384684,108,108,7.02768,7.02768,6,0,False,False,1.18176,True,,1.14919,True,,0.79885,True,,1.54468,True,,1.1966,True,,1.1566,True,,0.219111,True,,,,
cand_035,actionable,[*:1]c1nnn([*:2])n1,[*:1]c1nnnn1N=[N+]([*:2])[O-],azole_ring,azoxy,linker,False,*c1nnn(*)n1||*c1nnnn1N=[N+](*)[O-],0.380492,118,118,6.98405,6.98405,6,0,False,False,1.23245,True,,1.15049,True,,0.745411,True,,1.5874,True,,1.15025,True,,1.11805,True,,0.295224,True,,,,
cand_035,actionable,[*:1]c1nnnn1[*:2],[*:2]n1nnnc1N=[N+]([*:1])[O-],azole_ring,azoxy,linker,False,*c1nnnn1*||*n1nnnc1N=[N+](*)[O-],0.387609,122,122,6.97978,6.97978,6,0,False,False,1.16054,True,,1.17138,True,,0.834346,True,,1.60279,True,,1.14116,True,,1.06956,True,,0.160271,True,,,,
cand_035,actionable,[*:1]c1nnn([*:2])n1,[*:2]n1nnnc1N=[N+]([*:1])[O-],azole_ring,azoxy,linker,False,*c1nnn(*)n1||*n1nnnc1N=[N+](*)[O-],0.386228,129,129,6.9305,6.9305,6,0,False,False,1.22164,True,,1.20336,True,,0.791447,True,,1.6175,True,,1.07891,True,,1.01764,True,,0.0905416,False,,,,
cand_035,actionable,[*:1]c1nnnn1[*:2],[*:1]n1nnnc1N=[N+]([*:2])[O-],azole_ring,azoxy,linker,False,*c1nnnn1*||*n1nnnc1N=[N+](*)[O-],0.381342,140,140,6.77105,6.77105,6,0,False,False,1.13232,True,,1.07776,True,,0.793782,True,,1.46168,True,,1.16784,True,,1.13768,True,,0.300078,True,,,,
cand_035,actionable,[*:1]c1nnnn1[*:2],[*:1]n1nnc(N=[N+]([*:2])[O-])n1,azole_ring,azoxy,linker,False,*c1nnnn1*||*n1nnc(N=[N+](*)[O-])n1,0.382376,243,243,6.74472,6.74472,6,0,False,False,1.09841,True,,1.08922,True,,0.804593,True,,1.45168,True,,1.16528,True,,1.13554,True,,0.218252,True,,,,
cand_035,actionable,[*:1]c1nnn([*:2])n1,[*:1]n1nnc(N=[N+]([*:2])[O-])n1,azole_ring,azoxy,linker,False,*c1nnn(*)n1||*n1nnc(N=[N+](*)[O-])n1,0.378153,238,238,6.70442,6.70442,6,0,False,False,1.15867,True,,1.11382,True,,0.761466,True,,1.49629,True,,1.10497,True,,1.0692,True,,0.243363,True,,,,
cand_035,actionable,[*:1]c1nnn([*:2])n1,[*:1]N=[N+]([O-])c1nnnn1[*:2],azole_ring,azoxy,linker,False,*N=[N+]([O-])c1nnnn1*||*c1nnn(*)n1,0.38408,193,193,6.2752,6.2752,6,0,False,False,1.05157,True,,1.02736,True,,0.803237,True,,1.38052,True,,1.03234,True,,0.980179,True,,-0.0531092,False,,,,
cand_035,actionable,[*:1]c1nnnn1[*:2],[*:1]N=[N+]([O-])c1nnnn1[*:2],azole_ring,azoxy,linker,False,*N=[N+]([O-])c1nnnn1*||*c1nnnn1*,0.387444,216,216,6.14634,6.14634,6,0,False,False,1.0166,True,,0.992261,True,,0.829325,True,,1.31178,True,,1.02557,True,,0.970802,True,,0.00583282,False,,,,
cand_035,actionable,[*:1]c1nnn([*:2])n1,[*:2]n1nnc(N=[N+]([*:1])[O-])n1,azole_ring,azoxy,linker,False,*c1nnn(*)n1||*n1nnc(N=[N+](*)[O-])n1,0.383262,245,245,6.12532,6.12532,6,0,False,False,1.05729,True,,0.968287,True,,0.765806,True,,1.33239,True,,1.01607,True,,0.985474,True,,-0.000412203,False,,,,
cand_035,actionable,[*:1]c1nnn([*:2])n1,[*:1]N=[N+]([O-])n1nnnc1[*:2],azole_ring,azoxy,linker,False,*N=[N+]([O-])n1nnnc1*||*c1nnn(*)n1,0.382236,241,241,6.08289,6.08289,6,0,False,False,1.03381,True,,0.991957,True,,0.801599,True,,1.30846,True,,0.998561,True,,0.948499,True,,0.0401082,False,,,,
cand_035,actionable,[*:1]c1nnnn1[*:2],[*:2]n1nnc(N=[N+]([*:1])[O-])n1,azole_ring,azoxy,linker,False,*c1nnnn1*||*n1nnc(N=[N+](*)[O-])n1,0.381536,249,249,5.94401,5.94401,6,0,False,False,0.991857,True,,0.919359,True,,0.786746,True,,1.22979,True,,1.0227,True,,0.99356,True,,0.189938,True,,,,
cand_035,actionable,[*:1]c1nnnn1[*:2],[*:1]N=[N+]([O-])n1nnnc1[*:2],azole_ring,azoxy,linker,False,*N=[N+]([O-])n1nnnc1*||*c1nnnn1*,0.386172,229,229,5.94241,5.94241,6,0,False,False,1.01177,True,,0.953617,True,,0.810754,True,,1.25172,True,,0.978768,True,,0.935784,True,,-0.0654356,False,,,,
cand_035,actionable,[*:1]c1nnnn1[*:2],[*:1]N=[N+]([O-])n1nnc([*:2])n1,azole_ring,azoxy,linker,False,*N=[N+]([O-])n1nnc(*)n1||*c1nnnn1*,0.383065,259,259,5.90937,5.90937,6,0,False,False,0.973511,True,,0.966867,True,,0.837706,True,,1.25181,True,,0.973185,True,,0.906291,True,,-0.132316,True,,,,
cand_035,actionable,[*:1]c1nnn([*:2])n1,[*:1]N=[N+]([O-])n1nnc([*:2])n1,azole_ring,azoxy,linker,False,*N=[N+]([O-])n1nnc(*)n1||*c1nnn(*)n1,0.381099,247,247,5.7921,5.7921,6,0,False,False,1.00262,True,,0.913101,True,,0.784638,True,,1.22695,True,,0.953992,True,,0.910809,True,,-0.0867995,False,,,,
cand_035,actionable,[*:2]c1nnn([*:1])n1,[*:1]N=Nc1nnnn1[*:2],azole_ring,azo,linker,False,*N=Nc1nnnn1*||*c1nnn(*)n1,0.355184,346,346,4.91008,4.91008,6,0,False,False,1.36786,True,,0.775218,True,,0.348896,True,,1.25446,True,,0.632322,True,,0.531322,True,,0.293685,True,,,,
cand_035,actionable,[*:2]c1nnnn1[*:1],[*:1]N=Nc1nnnn1[*:2],azole_ring,azo,linker,False,*N=Nc1nnnn1*||*c1nnnn1*,0.355949,350,350,4.82301,4.82301,6,0,False,False,1.32338,True,,0.730511,True,,0.358726,True,,1.1928,True,,0.655076,True,,0.562518,True,,0.123372,True,,,,
cand_035,actionable,[*:2]c1nnn([*:1])n1,[*:1]N=Nn1nnnc1[*:2],azole_ring,azo,linker,False,*N=Nn1nnnc1*||*c1nnn(*)n1,0.362383,398,398,4.67606,4.67606,6,0,False,False,1.27323,True,,0.697424,True,,0.363967,True,,1.14483,True,,0.646189,True,,0.550421,True,,0.275734,True,,,,
cand_035,actionable,[*:2]c1nnn([*:1])n1,[*:1]N=Nc1nnn([*:2])n1,azole_ring,azo,linker,False,*N=Nc1nnn(*)n1||*c1nnn(*)n1,0.356223,332,332,4.60116,4.60116,6,0,False,False,1.30023,True,,0.69689,True,,0.345385,True,,1.15463,True,,0.599149,True,,0.504875,True,,0.208527,True,,,,
cand_035,actionable,[*:2]c1nnnn1[*:1],[*:1]N=Nc1nnn([*:2])n1,azole_ring,azo,linker,False,*N=Nc1nnn(*)n1||*c1nnnn1*,0.35656,356,356,4.40896,4.40896,6,0,False,False,1.26223,True,,0.639687,True,,0.340861,True,,1.06383,True,,0.590047,True,,0.512296,True,,0.111891,True,,,,
cand_035,actionable,[*:2]c1nnnn1[*:1],[*:1]N=Nn1nnnc1[*:2],azole_ring,azo,linker,False,*N=Nn1nnnc1*||*c1nnnn1*,0.356653,386,386,4.35206,4.35206,6,0,False,False,1.23532,True,,0.615186,True,,0.330104,True,,1.0263,True,,0.60749,True,,0.537659,True,,0.166134,True,,,,
cand_035,actionable,[*:1]c1nnn([*:2])n1,[*:1]N=Nc1nnnn1[*:2],azole_ring,azo,linker,False,*N=Nc1nnnn1*||*c1nnn(*)n1,0.358491,342,342,4.22356,4.22356,6,0,False,False,1.24148,True,,0.622072,True,,0.350247,True,,1.03701,True,,0.531948,True,,0.44081,True,,0.143936,True,,,,
cand_035,actionable,[*:2]c1nnn([*:1])n1,[*:1]N=Nn1nnc([*:2])n1,azole_ring,azo,linker,False,*N=Nn1nnc(*)n1||*c1nnn(*)n1,0.35839,393,393,4.1863,4.1863,6,0,False,False,1.20702,True,,0.602688,True,,0.344701,True,,1.01106,True,,0.554789,True,,0.466045,True,,0.100027,True,,,,
cand_035,actionable,[*:1]c1nnn([*:2])n1,[*:1]N=Nn1nnnc1[*:2],azole_ring,azo,linker,False,*N=Nn1nnnc1*||*c1nnn(*)n1,0.360747,334,334,3.99535,3.99535,6,0,False,False,1.16569,True,,0.546554,True,,0.362638,True,,0.942865,True,,0.534815,True,,0.442787,True,,0.111146,True,,,,
cand_035,actionable,[*:2]c1nnn([*:1])n1,[*:1]NNn1nnnc1[*:2],azole_ring,hydrazo,linker,False,*NNn1nnnc1*||*c1nnn(*)n1,0.363514,386,386,3.9581,3.9581,6,0,False,False,0.938024,True,,0.350252,True,,0.0500214,True,,1.58906,True,,0.588806,True,,0.441934,True,,0.179119,True,,,,
cand_035,actionable,[*:2]c1nnnn1[*:1],[*:1]N=Nn1nnc([*:2])n1,azole_ring,azo,linker,False,*N=Nn1nnc(*)n1||*c1nnnn1*,0.355887,402,402,3.93208,3.93208,6,0,False,False,1.17085,True,,0.536145,True,,0.333633,True,,0.916776,True,,0.52508,True,,0.449589,True,,-0.0634601,False,,,,
cand_035,actionable,[*:1]c1nnn([*:2])n1,[*:1]N=Nc1nnn([*:2])n1,azole_ring,azo,linker,False,*N=Nc1nnn(*)n1||*c1nnn(*)n1,0.359132,350,350,3.90856,3.90856,6,0,False,False,1.18334,True,,0.547374,True,,0.349104,True,,0.932112,True,,0.490401,True,,0.406235,True,,0.040073,False,,,,
cand_035,actionable,[*:1]c1nnnn1[*:2],[*:1]N=Nc1nnnn1[*:2],azole_ring,azo,linker,False,*N=Nc1nnnn1*||*c1nnnn1*,0.351097,336,336,3.75447,3.75447,6,0,False,False,1.17631,True,,0.503957,True,,0.330506,True,,0.868255,True,,0.473577,True,,0.401863,True,,0.159668,True,,,,
cand_035,actionable,[*:2]c1nnnn1[*:1],[*:1]NNn1nnnc1[*:2],azole_ring,hydrazo,linker,False,*NNn1nnnc1*||*c1nnnn1*,0.35995,369,369,3.64902,3.64902,6,0,False,False,0.89669,True,,0.272185,True,,0.0281111,True,,1.47287,True,,0.55144,True,,0.42772,True,,0.0963791,True,,,,
cand_035,actionable,[*:1]c1nnnn1[*:2],[*:1]N=Nc1nnn([*:2])n1,azole_ring,azo,linker,False,*N=Nc1nnn(*)n1||*c1nnnn1*,0.356667,329,329,3.62297,3.62297,6,0,False,False,1.12524,True,,0.47018,True,,0.353315,True,,0.823885,True,,0.464077,True,,0.38627,True,,0.0930074,True,,,,
cand_035,actionable,[*:2]c1nnn([*:1])n1,[*:1]NNc1nnnn1[*:2],azole_ring,hydrazo,linker,False,*NNc1nnnn1*||*c1nnn(*)n1,0.353325,340,340,3.53394,3.53394,6,0,False,False,0.88454,True,,0.238912,True,,0.0334778,True,,1.43352,True,,0.53368,True,,0.40981,True,,0.0617399,False,,,,
cand_035,actionable,[*:1]c1nnnn1[*:2],[*:1]N=Nn1nnnc1[*:2],azole_ring,azo,linker,False,*N=Nn1nnnc1*||*c1nnnn1*,0.354557,319,319,3.49741,3.49741,6,0,False,False,1.09274,True,,0.42757,True,,0.346433,True,,0.758009,True,,0.470057,True,,0.402601,True,,0.219847,True,,,,
cand_035,actionable,[*:2]c1nnn([*:1])n1,[*:1]NNn1nnc([*:2])n1,azole_ring,hydrazo,linker,False,*NNn1nnc(*)n1||*c1nnn(*)n1,0.360374,429,429,3.41725,3.41725,6,0,False,False,0.86855,True,,0.257969,True,,0.0453302,True,,1.43395,True,,0.479044,True,,0.332408,True,,-0.203337,True,,,,
cand_035,actionable,[*:2]c1nnnn1[*:1],[*:1]NNc1nnnn1[*:2],azole_ring,hydrazo,linker,False,*NNc1nnnn1*||*c1nnnn1*,0.357605,308,308,3.39303,3.39303,6,0,False,False,0.844118,True,,0.200872,True,,0.0369562,True,,1.37573,True,,0.528407,True,,0.406946,True,,-0.0578213,False,,,,
cand_035,actionable,[*:2]c1nnn([*:1])n1,[*:1]NNc1nnn([*:2])n1,azole_ring,hydrazo,linker,False,*NNc1nnn(*)n1||*c1nnn(*)n1,0.357457,302,302,3.29623,3.29623,6,0,False,False,0.845114,True,,0.211921,True,,0.0430512,True,,1.37479,True,,0.47719,True,,0.344168,True,,0.0342877,False,,,,
cand_035,actionable,[*:1]c1nnn([*:2])n1,[*:1]N=Nn1nnc([*:2])n1,azole_ring,azo,linker,False,*N=Nn1nnc(*)n1||*c1nnn(*)n1,0.355385,330,330,3.29485,3.29485,6,0,False,False,1.08009,True,,0.405756,True,,0.332178,True,,0.731677,True,,0.409408,True,,0.335746,True,,-0.179887,True,,,,
cand_035,actionable,[*:2]c1nnnn1[*:1],[*:1]NNn1nnc([*:2])n1,azole_ring,hydrazo,linker,False,*NNn1nnc(*)n1||*c1nnnn1*,0.361736,393,393,3.28999,3.28999,6,0,False,False,0.833756,True,,0.207705,True,,0.0440876,True,,1.38185,True,,0.481115,True,,0.341475,True,,-0.243635,True,,,,
cand_035,actionable,[*:1]c1nnn([*:2])n1,[*:1]NNn1nnnc1[*:2],azole_ring,hydrazo,linker,False,*NNn1nnnc1*||*c1nnn(*)n1,0.357043,365,365,3.13594,3.13594,6,0,False,False,0.826481,True,,0.183081,True,,0.0505623,True,,1.33815,True,,0.438654,True,,0.299012,True,,-0.0474263,False,,,,
cand_035,actionable,[*:1]c1nnnn1[*:2],[*:1]N=Nn1nnc([*:2])n1,azole_ring,azo,linker,False,*N=Nn1nnc(*)n1||*c1nnnn1*,0.351134,325,325,3.02894,3.02894,6,0,False,False,1.03313,True,,0.332837,True,,0.326176,True,,0.62886,True,,0.384432,True,,0.323499,True,,0.0338713,False,,,,
cand_035,actionable,[*:2]c1nnnn1[*:1],[*:1]NNc1nnn([*:2])n1,azole_ring,hydrazo,linker,False,*NNc1nnn(*)n1||*c1nnnn1*,0.354073,326,326,2.92851,2.92851,6,0,False,False,0.787273,True,,0.125173,True,,0.0243631,True,,1.22938,True,,0.436184,True,,0.326137,True,,-0.0216373,False,,,,
cand_035,actionable,[*:1]c1nnnn1[*:2],[*:1]NNn1nnnc1[*:2],azole_ring,hydrazo,linker,False,*NNn1nnnc1*||*c1nnnn1*,0.353396,307,307,2.84277,2.84277,6,0,False,False,0.765018,True,,0.0848097,True,,0.0448634,True,,1.22263,True,,0.42504,True,,0.30041,True,,-0.0312679,False,,,,
cand_035,actionable,[*:1]c1nnn([*:2])n1,[*:1]NNc1nnnn1[*:2],azole_ring,hydrazo,linker,False,*NNc1nnnn1*||*c1nnn(*)n1,0.356148,336,336,2.73736,2.73736,6,0,False,False,0.743623,True,,0.0703049,True,,0.0427286,True,,1.17605,True,,0.412791,True,,0.291862,True,,-0.0271239,False,,,,
cand_035,actionable,[*:1]c1nnn([*:2])n1,[*:1]NNn1nnc([*:2])n1,azole_ring,hydrazo,linker,False,*NNn1nnc(*)n1||*c1nnn(*)n1,0.354712,335,335,2.57495,2.57495,6,0,False,False,0.753706,True,,0.0800358,True,,0.0327345,True,,1.18342,True,,0.3302,True,,0.194851,True,,-0.307741,True,,,,
cand_035,actionable,[*:1]c1nnnn1[*:2],[*:1]NNc1nnnn1[*:2],azole_ring,hydrazo,linker,False,*NNc1nnnn1*||*c1nnnn1*,0.352717,357,357,2.45199,2.43486,5,0,False,False,0.693648,True,,-0.0171293,False,,0.030827,True,,1.06987,True,,0.381362,True,,0.276284,True,,-0.0595134,False,,,,
cand_035,actionable,[*:1]c1nnn([*:2])n1,[*:1]NNc1nnn([*:2])n1,azole_ring,hydrazo,linker,False,*NNc1nnn(*)n1||*c1nnn(*)n1,0.350426,329,329,2.37486,2.37486,6,0,False,False,0.713205,True,,0.0268665,True,,0.0205211,True,,1.08548,True,,0.323148,True,,0.205645,True,,-0.209807,True,,,,
cand_035,actionable,[*:1]c1nnnn1[*:2],[*:1]NNn1nnc([*:2])n1,azole_ring,hydrazo,linker,False,*NNn1nnc(*)n1||*c1nnnn1*,0.352662,318,318,2.24338,2.23116,5,0,False,False,0.681101,True,,-0.0122265,False,,0.0338148,True,,1.04967,True,,0.301504,True,,0.177294,True,,-0.248633,True,,,,
cand_035,actionable,[*:1]c1nnn([*:2])n1,[*:2]c1nnn(N[N+](=O)[O-])c1[*:1],azole_ring,nitramine,linker,False,*c1nnn(*)n1||*c1nnn(N[N+](=O)[O-])c1*,0.416782,335,335,1.85304,1.85304,6,0,False,False,0.0511008,True,,0.526783,True,,0.350804,True,,0.12756,True,,0.372822,True,,0.423975,True,,-0.409976,True,,,,
cand_035,actionable,[*:1]c1nnn([*:2])n1,[*:1]c1nnn(N[N+](=O)[O-])c1[*:2],azole_ring,nitramine,linker,False,*c1nnn(*)n1||*c1nnn(N[N+](=O)[O-])c1*,0.406666,404,404,1.5689,1.5689,6,0,False,False,0.0474787,True,,0.434563,True,,0.292453,True,,0.0733892,True,,0.333097,True,,0.387919,True,,-0.431373,True,,,,
cand_035,actionable,[*:1]c1nnnn1[*:2],[*:1]c1nnn(N[N+](=O)[O-])c1[*:2],azole_ring,nitramine,linker,False,*c1nnn(N[N+](=O)[O-])c1*||*c1nnnn1*,0.412549,385,385,1.50783,1.54167,4,0,False,False,0.0006166,False,,0.433216,True,,0.343985,True,,0.0332176,False,,0.340516,True,,0.390115,True,,-0.462432,True,,,,
cand_035,actionable,[*:1]n1nnc(N=[N+]=[N-])n1,[*:1]c1nnnn1N=[N+]=[N-],azide,azide,scaffold,False,*c1nnnn1N=[N+]=[N-]||*n1nnc(N=[N+]=[N-])n1,0.390737,251,251,1.42117,1.42117,5,0,False,True,0.278406,True,8.26806,0.327772,True,30.8383,-0,False,0,0.462427,True,0.022,0.182998,True,0.182657,0.169572,True,2.0152,0.407586,True,27.481,,,
cand_035,actionable,[*:2]c1nnnn1[*:1],[*:1]c1nnn(N[N+](=O)[O-])c1[*:2],azole_ring,nitramine,linker,False,*c1nnn(N[N+](=O)[O-])c1*||*c1nnnn1*,0.410514,341,341,1.33352,1.28057,4,0,False,False,-0.0166058,False,,0.396025,True,,0.315102,True,,-0.0363459,False,,0.285464,True,,0.336933,True,,-0.491826,True,,,,
cand_035,actionable,[*:1]n1nnc(N=[N+]=[N-])n1,[*:1]c1nnn(N=[N+]=[N-])n1,azide,azide,scaffold,False,*c1nnn(N=[N+]=[N-])n1||*n1nnc(N=[N+]=[N-])n1,0.397862,214,214,1.17838,1.17838,5,0,False,True,0.222515,True,3.49836,0.268811,True,13.0482,-0,False,0,0.38102,True,0.0093,0.158527,True,0.0621485,0.147508,True,0.668243,0.606564,True,10.6967,,,
cand_035,actionable,[*:1]c1nnn([*:2])n1,[*:2]c1nnnn1[*:1],azole_ring,azole_ring,linker,False,*c1nnn(*)n1||*c1nnnn1*,0.257644,2457,2457,0.31729,0.31729,5,0,False,True,0.0573355,True,8.26806,0.0696148,True,30.8383,-2.41191e-19,False,0,0.100322,True,0.022,0.0464741,True,0.182657,0.0435433,True,2.0152,0.109291,True,27.481,,,
cand_035,actionable,[*:1]c1nnn([*:2])n1,[*:1]c1nnnn1[*:2],azole_ring,azole_ring,linker,False,*c1nnn(*)n1||*c1nnnn1*,0.258151,2833,2833,0.304252,0.304252,5,0,False,True,0.0551249,True,8.26806,0.0662557,True,30.8383,0,False,0,0.0947991,True,0.022,0.0449933,True,0.182657,0.0430791,True,2.0152,0.118519,True,27.481,,,
cand_035,actionable,[*:1]n1nnc(N=[N+]=[N-])n1,[*:1]n1nnnc1N=[N+]=[N-],azide,azide,scaffold,False,*n1nnc(N=[N+]=[N-])n1||*n1nnnc1N=[N+]=[N-],0.392229,265,265,0.289073,0.289073,5,0,False,False,0.0608303,True,,0.0715986,True,,0,False,,0.103907,True,,0.0293502,True,,0.0233869,True,,0.308563,True,,,,
cand_035,actionable,[*:1]c1nnnn1[*:2],[*:2]c1nnnn1[*:1],azole_ring,azole_ring,linker,False,*c1nnnn1*||*c1nnnn1*,0.258476,1293,1293,0.21802,0.21802,5,0,False,False,0.0300112,True,,0.0417528,True,,0,False,,0.057483,True,,0.0430979,True,,0.0456756,True,,-0.0465583,True,,,,
cand_035,actionable,[*:1]c1nnn([*:2])n1,[*:2]c1nnn([*:1])n1,azole_ring,azole_ring,linker,False,*c1nnn(*)n1||*c1nnn(*)n1,0.260615,1165,1165,0.0453822,0.0112472,2,0,False,True,-0.00809051,False,3.49836,-0.00850428,False,13.0482,0,False,0,-0.0175402,False,0.0093,0.0185507,True,0.0621485,0.0268315,True,0.668243,0.0700273,True,10.6967,,,
cand_036,actionable,[*:2]c1nnnn1[*:1],[*:1]N=[N+]([O-])n1nnnc1[*:2],azole_ring,azoxy,linker,False,*N=[N+]([O-])n1nnnc1*||*c1nnnn1*,0.392432,280,280,7.39917,7.39917,6,0,False,False,1.23564,True,,1.29928,True,,0.829576,True,,1.74442,True,,1.1854,True,,1.10485,True,,-0.100889,True,,,,
cand_036,actionable,[*:2]c1nnnn1[*:1],[*:1]N=[N+]([O-])c1nnnn1[*:2],azole_ring,azoxy,linker,False,*N=[N+]([O-])c1nnnn1*||*c1nnnn1*,0.380296,193,193,7.18294,7.18294,6,0,False,False,1.23795,True,,1.23659,True,,0.790892,True,,1.68949,True,,1.14851,True,,1.0795,True,,-0.171171,True,,,,
cand_036,actionable,[*:2]c1nnnn1[*:1],[*:1]N=[N+]([O-])n1nnc([*:2])n1,azole_ring,azoxy,linker,False,*N=[N+]([O-])n1nnc(*)n1||*c1nnnn1*,0.386847,275,275,7.07244,7.07244,6,0,False,False,1.19325,True,,1.21169,True,,0.802861,True,,1.64893,True,,1.14311,True,,1.07258,True,,-0.0690075,False,,,,
cand_036,actionable,[*:1]c1nnnn1[*:2],[*:1]c1nnnn1N=[N+]([*:2])[O-],azole_ring,azoxy,linker,False,*c1nnnn1*||*c1nnnn1N=[N+](*)[O-],0.384684,108,108,7.02768,7.02768,6,0,False,False,1.18176,True,,1.14919,True,,0.79885,True,,1.54468,True,,1.1966,True,,1.1566,True,,0.219111,True,,,,
cand_036,actionable,[*:1]c1nnnn1[*:2],[*:2]n1nnnc1N=[N+]([*:1])[O-],azole_ring,azoxy,linker,False,*c1nnnn1*||*n1nnnc1N=[N+](*)[O-],0.387609,122,122,6.97978,6.97978,6,0,False,False,1.16054,True,,1.17138,True,,0.834346,True,,1.60279,True,,1.14116,True,,1.06956,True,,0.160271,True,,,,
cand_036,actionable,[*:1]c1nnnn1[*:2],[*:1]n1nnnc1N=[N+]([*:2])[O-],azole_ring,azoxy,linker,False,*c1nnnn1*||*n1nnnc1N=[N+](*)[O-],0.381342,140,140,6.77105,6.77105,6,0,False,False,1.13232,True,,1.07776,True,,0.793782,True,,1.46168,True,,1.16784,True,,1.13768,True,,0.300078,True,,,,
cand_036,actionable,[*:1]c1nnnn1[*:2],[*:1]n1nnc(N=[N+]([*:2])[O-])n1,azole_ring,azoxy,linker,False,*c1nnnn1*||*n1nnc(N=[N+](*)[O-])n1,0.382376,243,243,6.74472,6.74472,6,0,False,False,1.09841,True,,1.08922,True,,0.804593,True,,1.45168,True,,1.16528,True,,1.13554,True,,0.218252,True,,,,
cand_036,actionable,[*:1]c1nnnn1[*:2],[*:1]N=[N+]([O-])c1nnnn1[*:2],azole_ring,azoxy,linker,False,*N=[N+]([O-])c1nnnn1*||*c1nnnn1*,0.387444,216,216,6.14634,6.14634,6,0,False,False,1.0166,True,,0.992261,True,,0.829325,True,,1.31178,True,,1.02557,True,,0.970802,True,,0.00583282,False,,,,
cand_036,actionable,[*:1]c1nnnn1[*:2],[*:2]n1nnc(N=[N+]([*:1])[O-])n1,azole_ring,azoxy,linker,False,*c1nnnn1*||*n1nnc(N=[N+](*)[O-])n1,0.381536,249,249,5.94401,5.94401,6,0,False,False,0.991857,True,,0.919359,True,,0.786746,True,,1.22979,True,,1.0227,True,,0.99356,True,,0.189938,True,,,,
cand_036,actionable,[*:1]c1nnnn1[*:2],[*:1]N=[N+]([O-])n1nnnc1[*:2],azole_ring,azoxy,linker,False,*N=[N+]([O-])n1nnnc1*||*c1nnnn1*,0.386172,229,229,5.94241,5.94241,6,0,False,False,1.01177,True,,0.953617,True,,0.810754,True,,1.25172,True,,0.978768,True,,0.935784,True,,-0.0654356,False,,,,
cand_036,actionable,[*:1]c1nnnn1[*:2],[*:1]N=[N+]([O-])n1nnc([*:2])n1,azole_ring,azoxy,linker,False,*N=[N+]([O-])n1nnc(*)n1||*c1nnnn1*,0.383065,259,259,5.90937,5.90937,6,0,False,False,0.973511,True,,0.966867,True,,0.837706,True,,1.25181,True,,0.973185,True,,0.906291,True,,-0.132316,True,,,,
cand_036,actionable,[*:2]c1nnnn1[*:1],[*:1]N=Nc1nnnn1[*:2],azole_ring,azo,linker,False,*N=Nc1nnnn1*||*c1nnnn1*,0.355949,350,350,4.82301,4.82301,6,0,False,False,1.32338,True,,0.730511,True,,0.358726,True,,1.1928,True,,0.655076,True,,0.562518,True,,0.123372,True,,,,
cand_036,actionable,[*:2]c1nnnn1[*:1],[*:1]N=Nc1nnn([*:2])n1,azole_ring,azo,linker,False,*N=Nc1nnn(*)n1||*c1nnnn1*,0.35656,356,356,4.40896,4.40896,6,0,False,False,1.26223,True,,0.639687,True,,0.340861,True,,1.06383,True,,0.590047,True,,0.512296,True,,0.111891,True,,,,
cand_036,actionable,[*:2]c1nnnn1[*:1],[*:1]N=Nn1nnnc1[*:2],azole_ring,azo,linker,False,*N=Nn1nnnc1*||*c1nnnn1*,0.356653,386,386,4.35206,4.35206,6,0,False,False,1.23532,True,,0.615186,True,,0.330104,True,,1.0263,True,,0.60749,True,,0.537659,True,,0.166134,True,,,,
cand_036,actionable,[*:2]c1nnnn1[*:1],[*:1]N=Nn1nnc([*:2])n1,azole_ring,azo,linker,False,*N=Nn1nnc(*)n1||*c1nnnn1*,0.355887,402,402,3.93208,3.93208,6,0,False,False,1.17085,True,,0.536145,True,,0.333633,True,,0.916776,True,,0.52508,True,,0.449589,True,,-0.0634601,False,,,,
cand_036,actionable,[*:1]NN[*:2],[*:1]N=[N+]([*:2])[O-],hydrazo,azoxy,linker,False,*N=[N+](*)[O-]||*NN*,0.149114,4015,4015,3.91186,3.91186,6,0,False,True,0.326838,True,15.7703,1.05673,True,150.566,0.815419,True,13.8092,0.274361,True,-0.0315,0.689952,True,0.017507,0.748555,True,0.149625,0.0589066,True,-7.3224,,,
cand_036,actionable,[*:1]NNn1nnnc1[*:2],[*:2]c1nnnn1N=[N+]([*:1])[O-],hydrazo,azoxy,linker,False,*NNn1nnnc1*||*c1nnnn1N=[N+](*)[O-],0.38568,101,101,3.77562,3.77562,6,0,False,False,0.380087,True,,1.02672,True,,0.764026,True,,0.265424,True,,0.637316,True,,0.702048,True,,0.0876812,False,,,,
cand_036,actionable,[*:1]NNc1nnnn1[*:2],[*:1]N=[N+]([O-])c1nnnn1[*:2],hydrazo,azoxy,linker,False,*N=[N+]([O-])c1nnnn1*||*NNc1nnnn1*,0.384287,214,214,3.75585,3.75585,6,0,False,False,0.362753,True,,1.01537,True,,0.760783,True,,0.258081,True,,0.644325,True,,0.714542,True,,-0.0713196,False,,,,
cand_036,actionable,[*:1]c1nnnn1[*:2],[*:1]N=Nc1nnnn1[*:2],azole_ring,azo,linker,False,*N=Nc1nnnn1*||*c1nnnn1*,0.351097,336,336,3.75447,3.75447,6,0,False,False,1.17631,True,,0.503957,True,,0.330506,True,,0.868255,True,,0.473577,True,,0.401863,True,,0.159668,True,,,,
cand_036,actionable,[*:1]NNc1nnnn1[*:2],[*:2]n1nnnc1N=[N+]([*:1])[O-],hydrazo,azoxy,linker,False,*NNc1nnnn1*||*n1nnnc1N=[N+](*)[O-],0.385542,120,120,3.70025,3.70025,6,0,False,True,0.375266,True,15.7703,1.01536,True,150.566,0.765685,True,13.8092,0.239057,True,-0.0315,0.618406,True,0.017507,0.686471,True,0.149625,0.237506,True,-7.3224,,,
cand_036,actionable,[*:1]NNc1nnnn1[*:2],[*:1]N=[N+]([O-])n1nnnc1[*:2],hydrazo,azoxy,linker,False,*N=[N+]([O-])n1nnnc1*||*NNc1nnnn1*,0.38066,248,248,3.66878,3.66878,6,0,False,False,0.361869,True,,1.0013,True,,0.755963,True,,0.251813,True,,0.616857,True,,0.680978,True,,-0.0748014,False,,,,
cand_036,actionable,[*:2]c1nnnn1[*:1],[*:1]NNn1nnnc1[*:2],azole_ring,hydrazo,linker,False,*NNn1nnnc1*||*c1nnnn1*,0.35995,369,369,3.64902,3.64902,6,0,False,False,0.89669,True,,0.272185,True,,0.0281111,True,,1.47287,True,,0.55144,True,,0.42772,True,,0.0963791,True,,,,
cand_036,actionable,[*:1]c1nnnn1[*:2],[*:1]N=Nc1nnn([*:2])n1,azole_ring,azo,linker,False,*N=Nc1nnn(*)n1||*c1nnnn1*,0.356667,329,329,3.62297,3.62297,6,0,False,False,1.12524,True,,0.47018,True,,0.353315,True,,0.823885,True,,0.464077,True,,0.38627,True,,0.0930074,True,,,,
cand_036,actionable,[*:1]NNn1nnnc1[*:2],[*:2]n1nnnc1N=[N+]([*:1])[O-],hydrazo,azoxy,linker,False,*NNn1nnnc1*||*n1nnnc1N=[N+](*)[O-],0.381538,124,124,3.60962,3.60962,6,0,False,False,0.345137,True,,0.945393,True,,0.752178,True,,0.20836,True,,0.641248,True,,0.7173,True,,0.171068,True,,,,
cand_036,actionable,[*:1]NNn1nnnc1[*:2],[*:1]N=[N+]([O-])c1nnnn1[*:2],hydrazo,azoxy,linker,False,*N=[N+]([O-])c1nnnn1*||*NNn1nnnc1*,0.386492,196,196,3.58178,3.58178,6,0,False,False,0.304919,True,,0.977524,True,,0.7793,True,,0.185311,True,,0.633135,True,,0.701595,True,,-0.0112245,False,,,,
cand_036,actionable,[*:1]NNc1nnnn1[*:2],[*:1]N=[N+]([O-])n1nnc([*:2])n1,hydrazo,azoxy,linker,False,*N=[N+]([O-])n1nnc(*)n1||*NNc1nnnn1*,0.385857,236,236,3.53371,3.53371,6,0,False,False,0.323345,True,,0.978208,True,,0.768124,True,,0.211525,True,,0.597316,True,,0.655192,True,,-0.173923,True,,,,
cand_036,actionable,[*:1]NNn1nnnc1[*:2],[*:1]N=[N+]([O-])n1nnnc1[*:2],hydrazo,azoxy,linker,False,*N=[N+]([O-])n1nnnc1*||*NNn1nnnc1*,0.383421,281,281,3.49913,3.49913,6,0,False,True,0.318368,True,15.7703,0.92779,True,150.566,0.755612,True,13.8092,0.190758,True,-0.0315,0.618484,True,0.017507,0.688114,True,0.149625,-0.124634,True,-7.3224,,,
cand_036,actionable,[*:1]c1nnnn1[*:2],[*:1]N=Nn1nnnc1[*:2],azole_ring,azo,linker,False,*N=Nn1nnnc1*||*c1nnnn1*,0.354557,319,319,3.49741,3.49741,6,0,False,False,1.09274,True,,0.42757,True,,0.346433,True,,0.758009,True,,0.470057,True,,0.402601,True,,0.219847,True,,,,
cand_036,actionable,[*:1]NNc1nnnn1[*:2],[*:2]n1nnc(N=[N+]([*:1])[O-])n1,hydrazo,azoxy,linker,False,*NNc1nnnn1*||*n1nnc(N=[N+](*)[O-])n1,0.383099,238,238,3.46695,3.46695,6,0,False,False,0.2865,True,,0.905599,True,,0.762232,True,,0.164457,True,,0.636924,True,,0.711233,True,,0.199321,True,,,,
cand_036,actionable,[*:2]c1nnnn1[*:1],[*:1]NNc1nnnn1[*:2],azole_ring,hydrazo,linker,False,*NNc1nnnn1*||*c1nnnn1*,0.357605,308,308,3.39303,3.39303,6,0,False,False,0.844118,True,,0.200872,True,,0.0369562,True,,1.37573,True,,0.528407,True,,0.406946,True,,-0.0578213,False,,,,
cand_036,actionable,[*:2]c1nnnn1[*:1],[*:1]NNn1nnc([*:2])n1,azole_ring,hydrazo,linker,False,*NNn1nnc(*)n1||*c1nnnn1*,0.361736,393,393,3.28999,3.28999,6,0,False,False,0.833756,True,,0.207705,True,,0.0440876,True,,1.38185,True,,0.481115,True,,0.341475,True,,-0.243635,True,,,,
cand_036,actionable,[*:1]NNn1nnnc1[*:2],[*:1]N=[N+]([O-])n1nnc([*:2])n1,hydrazo,azoxy,linker,False,*N=[N+]([O-])n1nnc(*)n1||*NNn1nnnc1*,0.388177,284,284,3.28792,3.28792,6,0,False,False,0.259273,True,,0.886412,True,,0.770162,True,,0.119598,True,,0.592501,True,,0.659977,True,,-0.176656,True,,,,
cand_036,actionable,[*:1]NNn1nnnc1[*:2],[*:2]n1nnc(N=[N+]([*:1])[O-])n1,hydrazo,azoxy,linker,False,*NNn1nnnc1*||*n1nnc(N=[N+](*)[O-])n1,0.383234,240,240,3.07909,3.1191,5,0,False,False,0.218088,True,,0.796665,True,,0.756166,True,,0.0400139,False,,0.610524,True,,0.697644,True,,0.162702,True,,,,
cand_036,actionable,[*:1]c1nnnn1[*:2],[*:1]N=Nn1nnc([*:2])n1,azole_ring,azo,linker,False,*N=Nn1nnc(*)n1||*c1nnnn1*,0.351134,325,325,3.02894,3.02894,6,0,False,False,1.03313,True,,0.332837,True,,0.326176,True,,0.62886,True,,0.384432,True,,0.323499,True,,0.0338713,False,,,,
cand_036,actionable,[*:2]c1nnnn1[*:1],[*:1]NNc1nnn([*:2])n1,azole_ring,hydrazo,linker,False,*NNc1nnn(*)n1||*c1nnnn1*,0.354073,326,326,2.92851,2.92851,6,0,False,False,0.787273,True,,0.125173,True,,0.0243631,True,,1.22938,True,,0.436184,True,,0.326137,True,,-0.0216373,False,,,,
cand_036,actionable,[*:1]c1nnnn1[*:2],[*:1]NNn1nnnc1[*:2],azole_ring,hydrazo,linker,False,*NNn1nnnc1*||*c1nnnn1*,0.353396,307,307,2.84277,2.84277,6,0,False,False,0.765018,True,,0.0848097,True,,0.0448634,True,,1.22263,True,,0.42504,True,,0.30041,True,,-0.0312679,False,,,,
cand_036,actionable,[*:1]c1nnnn1[*:2],[*:1]NNc1nnnn1[*:2],azole_ring,hydrazo,linker,False,*NNc1nnnn1*||*c1nnnn1*,0.352717,357,357,2.45199,2.43486,5,0,False,False,0.693648,True,,-0.0171293,False,,0.030827,True,,1.06987,True,,0.381362,True,,0.276284,True,,-0.0595134,False,,,,
cand_036,actionable,[*:1]c1nnnn1[*:2],[*:1]NNn1nnc([*:2])n1,azole_ring,hydrazo,linker,False,*NNn1nnc(*)n1||*c1nnnn1*,0.352662,318,318,2.24338,2.23116,5,0,False,False,0.681101,True,,-0.0122265,False,,0.0338148,True,,1.04967,True,,0.301504,True,,0.177294,True,,-0.248633,True,,,,
cand_036,actionable,[*:1]c1nnnn1[*:2],[*:1]c1nnn(N[N+](=O)[O-])c1[*:2],azole_ring,nitramine,linker,False,*c1nnn(N[N+](=O)[O-])c1*||*c1nnnn1*,0.412549,385,385,1.50783,1.54167,4,0,False,False,0.0006166,False,,0.433216,True,,0.343985,True,,0.0332176,False,,0.340516,True,,0.390115,True,,-0.462432,True,,,,
cand_036,actionable,[*:2]c1nnnn1[*:1],[*:1]c1nnn(N[N+](=O)[O-])c1[*:2],azole_ring,nitramine,linker,False,*c1nnn(N[N+](=O)[O-])c1*||*c1nnnn1*,0.410514,341,341,1.33352,1.28057,4,0,False,False,-0.0166058,False,,0.396025,True,,0.315102,True,,-0.0363459,False,,0.285464,True,,0.336933,True,,-0.491826,True,,,,
cand_036,actionable,[*:1]n1nnnc1N=[N+]=[N-],[*:1]c1nnnn1N=[N+]=[N-],azide,azide,scaffold,False,*c1nnnn1N=[N+]=[N-]||*n1nnnc1N=[N+]=[N-],0.399843,254,254,1.24541,1.24541,5,0,False,True,0.230024,True,1.52422,0.280165,True,6.09347,-0,False,0,0.400707,True,0.0049,0.173694,True,-0.127471,0.160816,True,-1.45708,0.113129,True,-46.9088,,,
cand_036,actionable,[*:1]n1nnnc1N=[N+]=[N-],[*:1]c1nnn(N=[N+]=[N-])n1,azide,azide,scaffold,False,*c1nnn(N=[N+]=[N-])n1||*n1nnnc1N=[N+]=[N-],0.393562,217,217,0.885388,0.885388,5,0,False,True,0.162554,True,-0.727283,0.197381,True,-2.9075,-0,False,0,0.276541,True,-0.0023,0.126935,True,-0.0942349,0.121976,True,-1.04582,0.220473,True,20.2028,,,
cand_036,actionable,[*:1]NNc1nnnn1[*:2],[*:1]NNn1nnnc1[*:2],hydrazo,hydrazo,linker,False,*NNc1nnnn1*||*NNn1nnnc1*,0.353639,345,345,0.286238,0.295714,4,0,False,False,0.0646865,True,,0.0784278,True,,0,False,,0.12108,True,,0.0220436,True,,0.009476,False,,-0.0180254,False,,,,
cand_036,actionable,[*:1]Nc1nnnn1[*:2],[*:1]Nn1nnnc1[*:2],azole_ring,azole_ring,linker,False,*Nc1nnnn1*||*Nn1nnnc1*,0.295245,593,593,0.26645,0.260235,3,0,False,False,0.0673813,True,,0.0806674,True,,0,False,,0.118401,True,,0.00547648,False,,-0.0116915,False,,-0.0768478,True,,,,
cand_036,actionable,[*:1]c1nnnn1[*:2],[*:2]c1nnnn1[*:1],azole_ring,azole_ring,linker,False,*c1nnnn1*||*c1nnnn1*,0.258476,1293,1293,0.21802,0.21802,5,0,False,True,0.0300112,True,1.52422,0.0417528,True,6.09347,0,False,0,0.057483,True,0.0049,0.0430979,True,-0.127471,0.0456756,True,-1.45708,-0.0465583,True,-46.9088,,,
cand_037,actionable,[*:2]c1nnnn1[*:1],[*:1]N=[N+]([O-])n1nnnc1[*:2],azole_ring,azoxy,linker,False,*N=[N+]([O-])n1nnnc1*||*c1nnnn1*,0.392432,280,280,7.39917,7.39917,6,0,False,False,1.23564,True,,1.29928,True,,0.829576,True,,1.74442,True,,1.1854,True,,1.10485,True,,-0.100889,True,,,,
cand_037,actionable,[*:2]c1nnnn1[*:1],[*:1]N=[N+]([O-])c1nnnn1[*:2],azole_ring,azoxy,linker,False,*N=[N+]([O-])c1nnnn1*||*c1nnnn1*,0.380296,193,193,7.18294,7.18294,6,0,False,False,1.23795,True,,1.23659,True,,0.790892,True,,1.68949,True,,1.14851,True,,1.0795,True,,-0.171171,True,,,,
cand_037,actionable,[*:2]c1nnnn1[*:1],[*:1]N=[N+]([O-])n1nnc([*:2])n1,azole_ring,azoxy,linker,False,*N=[N+]([O-])n1nnc(*)n1||*c1nnnn1*,0.386847,275,275,7.07244,7.07244,6,0,False,False,1.19325,True,,1.21169,True,,0.802861,True,,1.64893,True,,1.14311,True,,1.07258,True,,-0.0690075,False,,,,
cand_037,actionable,[*:1]c1nnnn1[*:2],[*:1]c1nnnn1N=[N+]([*:2])[O-],azole_ring,azoxy,linker,False,*c1nnnn1*||*c1nnnn1N=[N+](*)[O-],0.384684,108,108,7.02768,7.02768,6,0,False,False,1.18176,True,,1.14919,True,,0.79885,True,,1.54468,True,,1.1966,True,,1.1566,True,,0.219111,True,,,,
cand_037,actionable,[*:1]c1nnnn1[*:2],[*:2]n1nnnc1N=[N+]([*:1])[O-],azole_ring,azoxy,linker,False,*c1nnnn1*||*n1nnnc1N=[N+](*)[O-],0.387609,122,122,6.97978,6.97978,6,0,False,False,1.16054,True,,1.17138,True,,0.834346,True,,1.60279,True,,1.14116,True,,1.06956,True,,0.160271,True,,,,
cand_037,actionable,[*:1]c1nnnn1[*:2],[*:1]n1nnnc1N=[N+]([*:2])[O-],azole_ring,azoxy,linker,False,*c1nnnn1*||*n1nnnc1N=[N+](*)[O-],0.381342,140,140,6.77105,6.77105,6,0,False,False,1.13232,True,,1.07776,True,,0.793782,True,,1.46168,True,,1.16784,True,,1.13768,True,,0.300078,True,,,,
cand_037,actionable,[*:1]c1nnnn1[*:2],[*:1]n1nnc(N=[N+]([*:2])[O-])n1,azole_ring,azoxy,linker,False,*c1nnnn1*||*n1nnc(N=[N+](*)[O-])n1,0.382376,243,243,6.74472,6.74472,6,0,False,False,1.09841,True,,1.08922,True,,0.804593,True,,1.45168,True,,1.16528,True,,1.13554,True,,0.218252,True,,,,
cand_037,actionable,[*:1]c1nnnn1[*:2],[*:1]N=[N+]([O-])c1nnnn1[*:2],azole_ring,azoxy,linker,False,*N=[N+]([O-])c1nnnn1*||*c1nnnn1*,0.387444,216,216,6.14634,6.14634,6,0,False,False,1.0166,True,,0.992261,True,,0.829325,True,,1.31178,True,,1.02557,True,,0.970802,True,,0.00583282,False,,,,
cand_037,actionable,[*:1]c1nnnn1[*:2],[*:2]n1nnc(N=[N+]([*:1])[O-])n1,azole_ring,azoxy,linker,False,*c1nnnn1*||*n1nnc(N=[N+](*)[O-])n1,0.381536,249,249,5.94401,5.94401,6,0,False,False,0.991857,True,,0.919359,True,,0.786746,True,,1.22979,True,,1.0227,True,,0.99356,True,,0.189938,True,,,,
cand_037,actionable,[*:1]c1nnnn1[*:2],[*:1]N=[N+]([O-])n1nnnc1[*:2],azole_ring,azoxy,linker,False,*N=[N+]([O-])n1nnnc1*||*c1nnnn1*,0.386172,229,229,5.94241,5.94241,6,0,False,False,1.01177,True,,0.953617,True,,0.810754,True,,1.25172,True,,0.978768,True,,0.935784,True,,-0.0654356,False,,,,
cand_037,actionable,[*:1]c1nnnn1[*:2],[*:1]N=[N+]([O-])n1nnc([*:2])n1,azole_ring,azoxy,linker,False,*N=[N+]([O-])n1nnc(*)n1||*c1nnnn1*,0.383065,259,259,5.90937,5.90937,6,0,False,False,0.973511,True,,0.966867,True,,0.837706,True,,1.25181,True,,0.973185,True,,0.906291,True,,-0.132316,True,,,,
cand_037,actionable,[*:2]c1nnnn1[*:1],[*:1]N=Nc1nnnn1[*:2],azole_ring,azo,linker,False,*N=Nc1nnnn1*||*c1nnnn1*,0.355949,350,350,4.82301,4.82301,6,0,False,False,1.32338,True,,0.730511,True,,0.358726,True,,1.1928,True,,0.655076,True,,0.562518,True,,0.123372,True,,,,
cand_037,actionable,[*:2]c1nnnn1[*:1],[*:1]N=Nc1nnn([*:2])n1,azole_ring,azo,linker,False,*N=Nc1nnn(*)n1||*c1nnnn1*,0.35656,356,356,4.40896,4.40896,6,0,False,False,1.26223,True,,0.639687,True,,0.340861,True,,1.06383,True,,0.590047,True,,0.512296,True,,0.111891,True,,,,
cand_037,actionable,[*:2]c1nnnn1[*:1],[*:1]N=Nn1nnnc1[*:2],azole_ring,azo,linker,False,*N=Nn1nnnc1*||*c1nnnn1*,0.356653,386,386,4.35206,4.35206,6,0,False,False,1.23532,True,,0.615186,True,,0.330104,True,,1.0263,True,,0.60749,True,,0.537659,True,,0.166134,True,,,,
cand_037,actionable,[*:2]c1nnnn1[*:1],[*:1]N=Nn1nnc([*:2])n1,azole_ring,azo,linker,False,*N=Nn1nnc(*)n1||*c1nnnn1*,0.355887,402,402,3.93208,3.93208,6,0,False,False,1.17085,True,,0.536145,True,,0.333633,True,,0.916776,True,,0.52508,True,,0.449589,True,,-0.0634601,False,,,,
cand_037,actionable,[*:1]NN[*:2],[*:1]N=[N+]([*:2])[O-],hydrazo,azoxy,linker,False,*N=[N+](*)[O-]||*NN*,0.149114,4015,4015,3.91186,3.91186,6,0,False,False,0.326838,True,,1.05673,True,,0.815419,True,,0.274361,True,,0.689952,True,,0.748555,True,,0.0589066,True,,,,
cand_037,actionable,[*:1]NNn1nnnc1[*:2],[*:2]c1nnnn1N=[N+]([*:1])[O-],hydrazo,azoxy,linker,False,*NNn1nnnc1*||*c1nnnn1N=[N+](*)[O-],0.38568,101,101,3.77562,3.77562,6,0,False,False,0.380087,True,,1.02672,True,,0.764026,True,,0.265424,True,,0.637316,True,,0.702048,True,,0.0876812,False,,,,
cand_037,actionable,[*:1]NNc1nnnn1[*:2],[*:1]N=[N+]([O-])c1nnnn1[*:2],hydrazo,azoxy,linker,False,*N=[N+]([O-])c1nnnn1*||*NNc1nnnn1*,0.384287,214,214,3.75585,3.75585,6,0,False,False,0.362753,True,,1.01537,True,,0.760783,True,,0.258081,True,,0.644325,True,,0.714542,True,,-0.0713196,False,,,,
cand_037,actionable,[*:1]c1nnnn1[*:2],[*:1]N=Nc1nnnn1[*:2],azole_ring,azo,linker,False,*N=Nc1nnnn1*||*c1nnnn1*,0.351097,336,336,3.75447,3.75447,6,0,False,False,1.17631,True,,0.503957,True,,0.330506,True,,0.868255,True,,0.473577,True,,0.401863,True,,0.159668,True,,,,
cand_037,actionable,[*:1]NNc1nnnn1[*:2],[*:2]n1nnnc1N=[N+]([*:1])[O-],hydrazo,azoxy,linker,False,*NNc1nnnn1*||*n1nnnc1N=[N+](*)[O-],0.385542,120,120,3.70025,3.70025,6,0,False,False,0.375266,True,,1.01536,True,,0.765685,True,,0.239057,True,,0.618406,True,,0.686471,True,,0.237506,True,,,,
cand_037,actionable,[*:1]NNc1nnnn1[*:2],[*:1]N=[N+]([O-])n1nnnc1[*:2],hydrazo,azoxy,linker,False,*N=[N+]([O-])n1nnnc1*||*NNc1nnnn1*,0.38066,248,248,3.66878,3.66878,6,0,False,False,0.361869,True,,1.0013,True,,0.755963,True,,0.251813,True,,0.616857,True,,0.680978,True,,-0.0748014,False,,,,
cand_037,actionable,[*:2]c1nnnn1[*:1],[*:1]NNn1nnnc1[*:2],azole_ring,hydrazo,linker,False,*NNn1nnnc1*||*c1nnnn1*,0.35995,369,369,3.64902,3.64902,6,0,False,False,0.89669,True,,0.272185,True,,0.0281111,True,,1.47287,True,,0.55144,True,,0.42772,True,,0.0963791,True,,,,
cand_037,actionable,[*:1]c1nnnn1[*:2],[*:1]N=Nc1nnn([*:2])n1,azole_ring,azo,linker,False,*N=Nc1nnn(*)n1||*c1nnnn1*,0.356667,329,329,3.62297,3.62297,6,0,False,False,1.12524,True,,0.47018,True,,0.353315,True,,0.823885,True,,0.464077,True,,0.38627,True,,0.0930074,True,,,,
cand_037,actionable,[*:1]NNn1nnnc1[*:2],[*:2]n1nnnc1N=[N+]([*:1])[O-],hydrazo,azoxy,linker,False,*NNn1nnnc1*||*n1nnnc1N=[N+](*)[O-],0.381538,124,124,3.60962,3.60962,6,0,False,True,0.345137,True,27.6732,0.945393,True,58.213,0.752178,True,6.00064,0.20836,True,-0.0206,0.641248,True,0.228647,0.7173,True,2.59136,0.171068,True,0.5685,,,
cand_037,actionable,[*:1]NNn1nnnc1[*:2],[*:1]N=[N+]([O-])c1nnnn1[*:2],hydrazo,azoxy,linker,False,*N=[N+]([O-])c1nnnn1*||*NNn1nnnc1*,0.386492,196,196,3.58178,3.58178,6,0,False,False,0.304919,True,,0.977524,True,,0.7793,True,,0.185311,True,,0.633135,True,,0.701595,True,,-0.0112245,False,,,,
cand_037,actionable,[*:1]NNc1nnnn1[*:2],[*:1]N=[N+]([O-])n1nnc([*:2])n1,hydrazo,azoxy,linker,False,*N=[N+]([O-])n1nnc(*)n1||*NNc1nnnn1*,0.385857,236,236,3.53371,3.53371,6,0,False,False,0.323345,True,,0.978208,True,,0.768124,True,,0.211525,True,,0.597316,True,,0.655192,True,,-0.173923,True,,,,
cand_037,actionable,[*:1]NNn1nnnc1[*:2],[*:1]N=[N+]([O-])n1nnnc1[*:2],hydrazo,azoxy,linker,False,*N=[N+]([O-])n1nnnc1*||*NNn1nnnc1*,0.383421,281,281,3.49913,3.49913,6,0,False,False,0.318368,True,,0.92779,True,,0.755612,True,,0.190758,True,,0.618484,True,,0.688114,True,,-0.124634,True,,,,
cand_037,actionable,[*:1]c1nnnn1[*:2],[*:1]N=Nn1nnnc1[*:2],azole_ring,azo,linker,False,*N=Nn1nnnc1*||*c1nnnn1*,0.354557,319,319,3.49741,3.49741,6,0,False,False,1.09274,True,,0.42757,True,,0.346433,True,,0.758009,True,,0.470057,True,,0.402601,True,,0.219847,True,,,,
cand_037,actionable,[*:1]NNc1nnnn1[*:2],[*:2]n1nnc(N=[N+]([*:1])[O-])n1,hydrazo,azoxy,linker,False,*NNc1nnnn1*||*n1nnc(N=[N+](*)[O-])n1,0.383099,238,238,3.46695,3.46695,6,0,False,False,0.2865,True,,0.905599,True,,0.762232,True,,0.164457,True,,0.636924,True,,0.711233,True,,0.199321,True,,,,
cand_037,actionable,[*:2]c1nnnn1[*:1],[*:1]NNc1nnnn1[*:2],azole_ring,hydrazo,linker,False,*NNc1nnnn1*||*c1nnnn1*,0.357605,308,308,3.39303,3.39303,6,0,False,False,0.844118,True,,0.200872,True,,0.0369562,True,,1.37573,True,,0.528407,True,,0.406946,True,,-0.0578213,False,,,,
cand_037,actionable,[*:2]c1nnnn1[*:1],[*:1]NNn1nnc([*:2])n1,azole_ring,hydrazo,linker,False,*NNn1nnc(*)n1||*c1nnnn1*,0.361736,393,393,3.28999,3.28999,6,0,False,False,0.833756,True,,0.207705,True,,0.0440876,True,,1.38185,True,,0.481115,True,,0.341475,True,,-0.243635,True,,,,
cand_037,actionable,[*:1]NNn1nnnc1[*:2],[*:1]N=[N+]([O-])n1nnc([*:2])n1,hydrazo,azoxy,linker,False,*N=[N+]([O-])n1nnc(*)n1||*NNn1nnnc1*,0.388177,284,284,3.28792,3.28792,6,0,False,False,0.259273,True,,0.886412,True,,0.770162,True,,0.119598,True,,0.592501,True,,0.659977,True,,-0.176656,True,,,,
cand_037,actionable,[*:1]NNn1nnnc1[*:2],[*:2]n1nnc(N=[N+]([*:1])[O-])n1,hydrazo,azoxy,linker,False,*NNn1nnnc1*||*n1nnc(N=[N+](*)[O-])n1,0.383234,240,240,3.07909,3.1191,5,0,False,False,0.218088,True,,0.796665,True,,0.756166,True,,0.0400139,False,,0.610524,True,,0.697644,True,,0.162702,True,,,,
cand_037,actionable,[*:1]c1nnnn1[*:2],[*:1]N=Nn1nnc([*:2])n1,azole_ring,azo,linker,False,*N=Nn1nnc(*)n1||*c1nnnn1*,0.351134,325,325,3.02894,3.02894,6,0,False,False,1.03313,True,,0.332837,True,,0.326176,True,,0.62886,True,,0.384432,True,,0.323499,True,,0.0338713,False,,,,
cand_037,actionable,[*:2]c1nnnn1[*:1],[*:1]NNc1nnn([*:2])n1,azole_ring,hydrazo,linker,False,*NNc1nnn(*)n1||*c1nnnn1*,0.354073,326,326,2.92851,2.92851,6,0,False,False,0.787273,True,,0.125173,True,,0.0243631,True,,1.22938,True,,0.436184,True,,0.326137,True,,-0.0216373,False,,,,
cand_037,actionable,[*:1]c1nnnn1[*:2],[*:1]NNn1nnnc1[*:2],azole_ring,hydrazo,linker,False,*NNn1nnnc1*||*c1nnnn1*,0.353396,307,307,2.84277,2.84277,6,0,False,False,0.765018,True,,0.0848097,True,,0.0448634,True,,1.22263,True,,0.42504,True,,0.30041,True,,-0.0312679,False,,,,
cand_037,actionable,[*:1]c1nnnn1[*:2],[*:1]NNc1nnnn1[*:2],azole_ring,hydrazo,linker,False,*NNc1nnnn1*||*c1nnnn1*,0.352717,357,357,2.45199,2.43486,5,0,False,False,0.693648,True,,-0.0171293,False,,0.030827,True,,1.06987,True,,0.381362,True,,0.276284,True,,-0.0595134,False,,,,
cand_037,actionable,[*:1]c1nnnn1[*:2],[*:1]NNn1nnc([*:2])n1,azole_ring,hydrazo,linker,False,*NNn1nnc(*)n1||*c1nnnn1*,0.352662,318,318,2.24338,2.23116,5,0,False,False,0.681101,True,,-0.0122265,False,,0.0338148,True,,1.04967,True,,0.301504,True,,0.177294,True,,-0.248633,True,,,,
cand_037,actionable,[*:1]c1nnnn1[*:2],[*:1]c1nnn(N[N+](=O)[O-])c1[*:2],azole_ring,nitramine,linker,False,*c1nnn(N[N+](=O)[O-])c1*||*c1nnnn1*,0.412549,385,385,1.50783,1.54167,4,0,False,False,0.0006166,False,,0.433216,True,,0.343985,True,,0.0332176,False,,0.340516,True,,0.390115,True,,-0.462432,True,,,,
cand_037,actionable,[*:2]c1nnnn1[*:1],[*:1]c1nnn(N[N+](=O)[O-])c1[*:2],azole_ring,nitramine,linker,False,*c1nnn(N[N+](=O)[O-])c1*||*c1nnnn1*,0.410514,341,341,1.33352,1.28057,4,0,False,False,-0.0166058,False,,0.396025,True,,0.315102,True,,-0.0363459,False,,0.285464,True,,0.336933,True,,-0.491826,True,,,,
cand_037,actionable,[*:1]NNc1nnnn1[*:2],[*:1]NNn1nnnc1[*:2],hydrazo,hydrazo,linker,False,*NNc1nnnn1*||*NNn1nnnc1*,0.353639,345,345,0.286238,0.295714,4,0,False,True,0.0646865,True,1.74322,0.0784278,True,6.38239,0,False,0,0.12108,True,0.0048,0.0220436,True,0.0563975,0.009476,False,0.635715,-0.0180254,False,0.1244,,,
cand_037,actionable,[*:1]Nc1nnnn1[*:2],[*:1]Nn1nnnc1[*:2],azole_ring,azole_ring,linker,False,*Nc1nnnn1*||*Nn1nnnc1*,0.295245,593,593,0.26645,0.260235,3,0,False,True,0.0673813,True,1.74322,0.0806674,True,6.38239,0,False,0,0.118401,True,0.0048,0.00547648,False,0.0563975,-0.0116915,False,0.635715,-0.0768478,True,0.1244,,,
cand_037,actionable,[*:1]c1nnnn1[*:2],[*:2]c1nnnn1[*:1],azole_ring,azole_ring,linker,False,*c1nnnn1*||*c1nnnn1*,0.258476,1293,1293,0.21802,0.21802,5,0,False,True,0.0300112,True,1.74322,0.0417528,True,6.38239,0,False,0,0.057483,True,0.0048,0.0430979,True,0.0563975,0.0456756,True,0.635715,-0.0465583,True,0.1244,,,
cand_038,actionable,[*:2]c1nnnn1[*:1],[*:1]N=[N+]([O-])n1nnnc1[*:2],azole_ring,azoxy,linker,False,*N=[N+]([O-])n1nnnc1*||*c1nnnn1*,0.392432,280,280,7.39917,7.39917,6,0,False,False,1.23564,True,,1.29928,True,,0.829576,True,,1.74442,True,,1.1854,True,,1.10485,True,,-0.100889,True,,,,
cand_038,actionable,[*:2]c1nnnn1[*:1],[*:1]N=[N+]([O-])c1nnnn1[*:2],azole_ring,azoxy,linker,False,*N=[N+]([O-])c1nnnn1*||*c1nnnn1*,0.380296,193,193,7.18294,7.18294,6,0,False,False,1.23795,True,,1.23659,True,,0.790892,True,,1.68949,True,,1.14851,True,,1.0795,True,,-0.171171,True,,,,
cand_038,actionable,[*:2]c1nnnn1[*:1],[*:1]N=[N+]([O-])n1nnc([*:2])n1,azole_ring,azoxy,linker,False,*N=[N+]([O-])n1nnc(*)n1||*c1nnnn1*,0.386847,275,275,7.07244,7.07244,6,0,False,False,1.19325,True,,1.21169,True,,0.802861,True,,1.64893,True,,1.14311,True,,1.07258,True,,-0.0690075,False,,,,
cand_038,actionable,[*:1]c1nnnn1[*:2],[*:1]c1nnnn1N=[N+]([*:2])[O-],azole_ring,azoxy,linker,False,*c1nnnn1*||*c1nnnn1N=[N+](*)[O-],0.384684,108,108,7.02768,7.02768,6,0,False,False,1.18176,True,,1.14919,True,,0.79885,True,,1.54468,True,,1.1966,True,,1.1566,True,,0.219111,True,,,,
cand_038,actionable,[*:1]c1nnnn1[*:2],[*:2]n1nnnc1N=[N+]([*:1])[O-],azole_ring,azoxy,linker,False,*c1nnnn1*||*n1nnnc1N=[N+](*)[O-],0.387609,122,122,6.97978,6.97978,6,0,False,False,1.16054,True,,1.17138,True,,0.834346,True,,1.60279,True,,1.14116,True,,1.06956,True,,0.160271,True,,,,
cand_038,actionable,[*:1]c1nnnn1[*:2],[*:1]n1nnnc1N=[N+]([*:2])[O-],azole_ring,azoxy,linker,False,*c1nnnn1*||*n1nnnc1N=[N+](*)[O-],0.381342,140,140,6.77105,6.77105,6,0,False,False,1.13232,True,,1.07776,True,,0.793782,True,,1.46168,True,,1.16784,True,,1.13768,True,,0.300078,True,,,,
cand_038,actionable,[*:1]c1nnnn1[*:2],[*:1]n1nnc(N=[N+]([*:2])[O-])n1,azole_ring,azoxy,linker,False,*c1nnnn1*||*n1nnc(N=[N+](*)[O-])n1,0.382376,243,243,6.74472,6.74472,6,0,False,False,1.09841,True,,1.08922,True,,0.804593,True,,1.45168,True,,1.16528,True,,1.13554,True,,0.218252,True,,,,
cand_038,actionable,[*:1]c1nnnn1[*:2],[*:1]N=[N+]([O-])c1nnnn1[*:2],azole_ring,azoxy,linker,False,*N=[N+]([O-])c1nnnn1*||*c1nnnn1*,0.387444,216,216,6.14634,6.14634,6,0,False,False,1.0166,True,,0.992261,True,,0.829325,True,,1.31178,True,,1.02557,True,,0.970802,True,,0.00583282,False,,,,
cand_038,actionable,[*:1]N,[*:1]N[N+](=O)[O-],amino,nitramine,substituent,False,*N||*N[N+](=O)[O-],0.188459,5413,5413,6.03693,6.03693,6,0,False,False,0.308406,True,,1.3132,True,,1.28858,True,,0.912885,True,,1.10263,True,,1.11124,True,,-0.583201,True,,,,
cand_038,actionable,[*:1]N,[*:1][N+](=O)[O-],amino,nitro,substituent,False,*N||*[N+](=O)[O-],0.148191,5112,5112,5.98981,5.98981,6,0,False,False,0.157204,True,,1.53142,True,,1.32071,True,,0.775292,True,,1.08777,True,,1.11743,True,,-0.496825,True,,,,
cand_038,actionable,[*:1]c1nnnn1[*:2],[*:2]n1nnc(N=[N+]([*:1])[O-])n1,azole_ring,azoxy,linker,False,*c1nnnn1*||*n1nnc(N=[N+](*)[O-])n1,0.381536,249,249,5.94401,5.94401,6,0,False,False,0.991857,True,,0.919359,True,,0.786746,True,,1.22979,True,,1.0227,True,,0.99356,True,,0.189938,True,,,,
cand_038,actionable,[*:1]c1nnnn1[*:2],[*:1]N=[N+]([O-])n1nnnc1[*:2],azole_ring,azoxy,linker,False,*N=[N+]([O-])n1nnnc1*||*c1nnnn1*,0.386172,229,229,5.94241,5.94241,6,0,False,False,1.01177,True,,0.953617,True,,0.810754,True,,1.25172,True,,0.978768,True,,0.935784,True,,-0.0654356,False,,,,
cand_038,actionable,[*:1]c1nnnn1[*:2],[*:1]N=[N+]([O-])n1nnc([*:2])n1,azole_ring,azoxy,linker,False,*N=[N+]([O-])n1nnc(*)n1||*c1nnnn1*,0.383065,259,259,5.90937,5.90937,6,0,False,False,0.973511,True,,0.966867,True,,0.837706,True,,1.25181,True,,0.973185,True,,0.906291,True,,-0.132316,True,,,,
cand_038,actionable,[*:1]c1nnnn1N,[*:1]n1nnnc1[N+](=O)[O-],azole_ring,nitro,scaffold,False,*c1nnnn1N||*n1nnnc1[N+](=O)[O-],0.396785,253,253,5.47455,5.47455,6,0,False,False,0.152756,True,,1.49305,True,,1.30723,True,,0.633375,True,,0.928808,True,,0.959337,True,,-0.971985,True,,,,
cand_038,actionable,[*:1]c1nnnn1N,[*:1]n1nnnc1N[N+](=O)[O-],azole_ring,nitramine,scaffold,False,*c1nnnn1N||*n1nnnc1N[N+](=O)[O-],0.425024,251,251,5.34239,5.34239,6,0,False,False,0.227127,True,,1.17266,True,,1.27465,True,,0.6487,True,,0.989708,True,,1.02955,True,,-0.633728,True,,,,
cand_038,actionable,[*:1]c1nnnn1N,[*:1]c1nnn([N+](=O)[O-])n1,azole_ring,nitro,scaffold,False,*c1nnn([N+](=O)[O-])n1||*c1nnnn1N,0.403203,214,214,5.13999,5.13999,6,0,False,False,0.0197455,True,,1.38507,True,,1.33579,True,,0.478121,True,,0.936433,True,,0.984829,True,,-0.535327,True,,,,
cand_038,actionable,[*:1]c1nnnn1N,[*:1]c1nnn(N[N+](=O)[O-])n1,azole_ring,nitramine,scaffold,False,*c1nnn(N[N+](=O)[O-])n1||*c1nnnn1N,0.419242,199,199,5.08693,5.08693,6,0,False,False,0.247305,True,,1.13601,True,,1.23535,True,,0.62269,True,,0.908545,True,,0.937034,True,,-1.02069,True,,,,
cand_038,actionable,[*:1]c1nnnn1N,[*:1]n1nnc([N+](=O)[O-])n1,azole_ring,nitro,scaffold,False,*c1nnnn1N||*n1nnc([N+](=O)[O-])n1,0.398214,223,223,5.05096,5.05096,6,0,False,False,0.0407971,True,,1.36871,True,,1.31312,True,,0.451594,True,,0.910969,True,,0.965769,True,,-0.617695,True,,,,
cand_038,actionable,[*:1]N,[*:1]N=[N+]=[N-],amino,azide,substituent,False,*N||*N=[N+]=[N-],0.147408,5034,5034,4.83275,4.83275,6,0,False,True,1.64656,True,87.1423,1.05141,True,115.587,0.642612,True,7.24889,0.683445,True,0.0298,0.438054,True,0.126382,0.37067,True,1.07986,-0.0694188,True,24.6229,,,
cand_038,actionable,[*:2]c1nnnn1[*:1],[*:1]N=Nc1nnnn1[*:2],azole_ring,azo,linker,False,*N=Nc1nnnn1*||*c1nnnn1*,0.355949,350,350,4.82301,4.82301,6,0,False,False,1.32338,True,,0.730511,True,,0.358726,True,,1.1928,True,,0.655076,True,,0.562518,True,,0.123372,True,,,,
cand_038,actionable,[*:1]c1nnnn1N,[*:1]n1nnc(N[N+](=O)[O-])n1,azole_ring,nitramine,scaffold,False,*c1nnnn1N||*n1nnc(N[N+](=O)[O-])n1,0.420287,215,215,4.78497,4.78497,6,0,False,False,0.172739,True,,1.05117,True,,1.23397,True,,0.522908,True,,0.88353,True,,0.920651,True,,-0.882684,True,,,,
cand_038,actionable,[*:1]c1nnnn1N,[*:1]c1nnn(N=[N+]=[N-])n1,azole_ring,azide,scaffold,False,*c1nnn(N=[N+]=[N-])n1||*c1nnnn1N,0.397965,264,264,4.71893,4.71893,6,0,False,True,1.65271,True,82.3726,1.03934,True,97.7967,0.637827,True,7.24889,0.622956,True,0.0171,0.410181,True,0.00587306,0.355915,True,-0.267093,0.239613,True,7.8386,,,
cand_038,actionable,[*:2]c1nnnn1[*:1],[*:1]N=Nc1nnn([*:2])n1,azole_ring,azo,linker,False,*N=Nc1nnn(*)n1||*c1nnnn1*,0.35656,356,356,4.40896,4.40896,6,0,False,False,1.26223,True,,0.639687,True,,0.340861,True,,1.06383,True,,0.590047,True,,0.512296,True,,0.111891,True,,,,
cand_038,actionable,[*:2]c1nnnn1[*:1],[*:1]N=Nn1nnnc1[*:2],azole_ring,azo,linker,False,*N=Nn1nnnc1*||*c1nnnn1*,0.356653,386,386,4.35206,4.35206,6,0,False,False,1.23532,True,,0.615186,True,,0.330104,True,,1.0263,True,,0.60749,True,,0.537659,True,,0.166134,True,,,,
cand_038,actionable,[*:2]c1nnnn1[*:1],[*:1]N=Nn1nnc([*:2])n1,azole_ring,azo,linker,False,*N=Nn1nnc(*)n1||*c1nnnn1*,0.355887,402,402,3.93208,3.93208,6,0,False,False,1.17085,True,,0.536145,True,,0.333633,True,,0.916776,True,,0.52508,True,,0.449589,True,,-0.0634601,False,,,,
cand_038,actionable,[*:1]c1nnnn1N,[*:1]n1nnnc1N=[N+]=[N-],azole_ring,azide,scaffold,False,*c1nnnn1N||*n1nnnc1N=[N+]=[N-],0.395412,237,237,3.80995,3.80995,6,0,False,False,1.5164,True,,0.855822,True,,0.621316,True,,0.351302,True,,0.257303,True,,0.207812,True,,0.0275322,False,,,,
cand_038,actionable,[*:1]c1nnnn1[*:2],[*:1]N=Nc1nnnn1[*:2],azole_ring,azo,linker,False,*N=Nc1nnnn1*||*c1nnnn1*,0.351097,336,336,3.75447,3.75447,6,0,False,False,1.17631,True,,0.503957,True,,0.330506,True,,0.868255,True,,0.473577,True,,0.401863,True,,0.159668,True,,,,
cand_038,actionable,[*:2]c1nnnn1[*:1],[*:1]NNn1nnnc1[*:2],azole_ring,hydrazo,linker,False,*NNn1nnnc1*||*c1nnnn1*,0.35995,369,369,3.64902,3.64902,6,0,False,False,0.89669,True,,0.272185,True,,0.0281111,True,,1.47287,True,,0.55144,True,,0.42772,True,,0.0963791,True,,,,
cand_038,actionable,[*:1]c1nnnn1[*:2],[*:1]N=Nc1nnn([*:2])n1,azole_ring,azo,linker,False,*N=Nc1nnn(*)n1||*c1nnnn1*,0.356667,329,329,3.62297,3.62297,6,0,False,False,1.12524,True,,0.47018,True,,0.353315,True,,0.823885,True,,0.464077,True,,0.38627,True,,0.0930074,True,,,,
cand_038,actionable,[*:1]c1nnnn1N,[*:1]n1nnc(N=[N+]=[N-])n1,azole_ring,azide,scaffold,False,*c1nnnn1N||*n1nnc(N=[N+]=[N-])n1,0.395284,264,264,3.52023,3.52023,6,0,False,True,1.4438,True,78.8742,0.779381,True,84.7485,0.634055,True,7.24889,0.237561,True,0.0078,0.23381,True,-0.0562755,0.19163,True,-0.935336,-0.358947,True,-2.8581,,,
cand_038,actionable,[*:1]c1nnnn1[*:2],[*:1]N=Nn1nnnc1[*:2],azole_ring,azo,linker,False,*N=Nn1nnnc1*||*c1nnnn1*,0.354557,319,319,3.49741,3.49741,6,0,False,False,1.09274,True,,0.42757,True,,0.346433,True,,0.758009,True,,0.470057,True,,0.402601,True,,0.219847,True,,,,
cand_038,actionable,[*:2]c1nnnn1[*:1],[*:1]NNc1nnnn1[*:2],azole_ring,hydrazo,linker,False,*NNc1nnnn1*||*c1nnnn1*,0.357605,308,308,3.39303,3.39303,6,0,False,False,0.844118,True,,0.200872,True,,0.0369562,True,,1.37573,True,,0.528407,True,,0.406946,True,,-0.0578213,False,,,,
cand_038,actionable,[*:2]c1nnnn1[*:1],[*:1]NNn1nnc([*:2])n1,azole_ring,hydrazo,linker,False,*NNn1nnc(*)n1||*c1nnnn1*,0.361736,393,393,3.28999,3.28999,6,0,False,False,0.833756,True,,0.207705,True,,0.0440876,True,,1.38185,True,,0.481115,True,,0.341475,True,,-0.243635,True,,,,
cand_038,actionable,[*:1]c1nnnn1[*:2],[*:1]N=Nn1nnc([*:2])n1,azole_ring,azo,linker,False,*N=Nn1nnc(*)n1||*c1nnnn1*,0.351134,325,325,3.02894,3.02894,6,0,False,False,1.03313,True,,0.332837,True,,0.326176,True,,0.62886,True,,0.384432,True,,0.323499,True,,0.0338713,False,,,,
cand_038,actionable,[*:2]c1nnnn1[*:1],[*:1]NNc1nnn([*:2])n1,azole_ring,hydrazo,linker,False,*NNc1nnn(*)n1||*c1nnnn1*,0.354073,326,326,2.92851,2.92851,6,0,False,False,0.787273,True,,0.125173,True,,0.0243631,True,,1.22938,True,,0.436184,True,,0.326137,True,,-0.0216373,False,,,,
cand_038,actionable,[*:1]c1nnnn1[*:2],[*:1]NNn1nnnc1[*:2],azole_ring,hydrazo,linker,False,*NNn1nnnc1*||*c1nnnn1*,0.353396,307,307,2.84277,2.84277,6,0,False,False,0.765018,True,,0.0848097,True,,0.0448634,True,,1.22263,True,,0.42504,True,,0.30041,True,,-0.0312679,False,,,,
cand_038,actionable,[*:1]c1nnnn1[*:2],[*:1]NNc1nnnn1[*:2],azole_ring,hydrazo,linker,False,*NNc1nnnn1*||*c1nnnn1*,0.352717,357,357,2.45199,2.43486,5,0,False,False,0.693648,True,,-0.0171293,False,,0.030827,True,,1.06987,True,,0.381362,True,,0.276284,True,,-0.0595134,False,,,,
cand_038,actionable,[*:1]c1nnnn1[*:2],[*:1]NNn1nnc([*:2])n1,azole_ring,hydrazo,linker,False,*NNn1nnc(*)n1||*c1nnnn1*,0.352662,318,318,2.24338,2.23116,5,0,False,False,0.681101,True,,-0.0122265,False,,0.0338148,True,,1.04967,True,,0.301504,True,,0.177294,True,,-0.248633,True,,,,
cand_038,actionable,[*:1]c1nnnn1[*:2],[*:1]c1nnn(N[N+](=O)[O-])c1[*:2],azole_ring,nitramine,linker,False,*c1nnn(N[N+](=O)[O-])c1*||*c1nnnn1*,0.412549,385,385,1.50783,1.54167,4,0,False,False,0.0006166,False,,0.433216,True,,0.343985,True,,0.0332176,False,,0.340516,True,,0.390115,True,,-0.462432,True,,,,
cand_038,actionable,[*:2]c1nnnn1[*:1],[*:1]c1nnn(N[N+](=O)[O-])c1[*:2],azole_ring,nitramine,linker,False,*c1nnn(N[N+](=O)[O-])c1*||*c1nnnn1*,0.410514,341,341,1.33352,1.28057,4,0,False,False,-0.0166058,False,,0.396025,True,,0.315102,True,,-0.0363459,False,,0.285464,True,,0.336933,True,,-0.491826,True,,,,
cand_038,actionable,[*:1]c1nnnn1[*:2],[*:2]c1nnnn1[*:1],azole_ring,azole_ring,linker,False,*c1nnnn1*||*c1nnnn1*,0.258476,1293,1293,0.21802,0.21802,5,0,False,False,0.0300112,True,,0.0417528,True,,0,False,,0.057483,True,,0.0430979,True,,0.0456756,True,,-0.0465583,True,,,,
cand_039,actionable,[*:2]c1nnnn1[*:1],[*:1]N=[N+]([O-])n1nnnc1[*:2],azole_ring,azoxy,linker,False,*N=[N+]([O-])n1nnnc1*||*c1nnnn1*,0.392432,280,280,7.39917,7.39917,6,0,False,False,1.23564,True,,1.29928,True,,0.829576,True,,1.74442,True,,1.1854,True,,1.10485,True,,-0.100889,True,,,,
cand_039,actionable,[*:2]c1nnnn1[*:1],[*:1]N=[N+]([O-])c1nnnn1[*:2],azole_ring,azoxy,linker,False,*N=[N+]([O-])c1nnnn1*||*c1nnnn1*,0.380296,193,193,7.18294,7.18294,6,0,False,False,1.23795,True,,1.23659,True,,0.790892,True,,1.68949,True,,1.14851,True,,1.0795,True,,-0.171171,True,,,,
cand_039,actionable,[*:2]c1nnnn1[*:1],[*:1]N=[N+]([O-])n1nnc([*:2])n1,azole_ring,azoxy,linker,False,*N=[N+]([O-])n1nnc(*)n1||*c1nnnn1*,0.386847,275,275,7.07244,7.07244,6,0,False,False,1.19325,True,,1.21169,True,,0.802861,True,,1.64893,True,,1.14311,True,,1.07258,True,,-0.0690075,False,,,,
cand_039,actionable,[*:1]c1nnnn1[*:2],[*:1]c1nnnn1N=[N+]([*:2])[O-],azole_ring,azoxy,linker,False,*c1nnnn1*||*c1nnnn1N=[N+](*)[O-],0.384684,108,108,7.02768,7.02768,6,0,False,False,1.18176,True,,1.14919,True,,0.79885,True,,1.54468,True,,1.1966,True,,1.1566,True,,0.219111,True,,,,
cand_039,actionable,[*:1]c1nnnn1[*:2],[*:2]n1nnnc1N=[N+]([*:1])[O-],azole_ring,azoxy,linker,False,*c1nnnn1*||*n1nnnc1N=[N+](*)[O-],0.387609,122,122,6.97978,6.97978,6,0,False,False,1.16054,True,,1.17138,True,,0.834346,True,,1.60279,True,,1.14116,True,,1.06956,True,,0.160271,True,,,,
cand_039,actionable,[*:1]c1nnnn1[*:2],[*:1]n1nnnc1N=[N+]([*:2])[O-],azole_ring,azoxy,linker,False,*c1nnnn1*||*n1nnnc1N=[N+](*)[O-],0.381342,140,140,6.77105,6.77105,6,0,False,False,1.13232,True,,1.07776,True,,0.793782,True,,1.46168,True,,1.16784,True,,1.13768,True,,0.300078,True,,,,
cand_039,actionable,[*:1]c1nnnn1[*:2],[*:1]n1nnc(N=[N+]([*:2])[O-])n1,azole_ring,azoxy,linker,False,*c1nnnn1*||*n1nnc(N=[N+](*)[O-])n1,0.382376,243,243,6.74472,6.74472,6,0,False,False,1.09841,True,,1.08922,True,,0.804593,True,,1.45168,True,,1.16528,True,,1.13554,True,,0.218252,True,,,,
cand_039,actionable,[*:1]c1nnnn1[*:2],[*:1]N=[N+]([O-])c1nnnn1[*:2],azole_ring,azoxy,linker,False,*N=[N+]([O-])c1nnnn1*||*c1nnnn1*,0.387444,216,216,6.14634,6.14634,6,0,False,False,1.0166,True,,0.992261,True,,0.829325,True,,1.31178,True,,1.02557,True,,0.970802,True,,0.00583282,False,,,,
cand_039,actionable,[*:1]c1nnnn1[*:2],[*:2]n1nnc(N=[N+]([*:1])[O-])n1,azole_ring,azoxy,linker,False,*c1nnnn1*||*n1nnc(N=[N+](*)[O-])n1,0.381536,249,249,5.94401,5.94401,6,0,False,False,0.991857,True,,0.919359,True,,0.786746,True,,1.22979,True,,1.0227,True,,0.99356,True,,0.189938,True,,,,
cand_039,actionable,[*:1]c1nnnn1[*:2],[*:1]N=[N+]([O-])n1nnnc1[*:2],azole_ring,azoxy,linker,False,*N=[N+]([O-])n1nnnc1*||*c1nnnn1*,0.386172,229,229,5.94241,5.94241,6,0,False,False,1.01177,True,,0.953617,True,,0.810754,True,,1.25172,True,,0.978768,True,,0.935784,True,,-0.0654356,False,,,,
cand_039,actionable,[*:1]c1nnnn1[*:2],[*:1]N=[N+]([O-])n1nnc([*:2])n1,azole_ring,azoxy,linker,False,*N=[N+]([O-])n1nnc(*)n1||*c1nnnn1*,0.383065,259,259,5.90937,5.90937,6,0,False,False,0.973511,True,,0.966867,True,,0.837706,True,,1.25181,True,,0.973185,True,,0.906291,True,,-0.132316,True,,,,
cand_039,actionable,[*:2]c1nnnn1[*:1],[*:1]N=Nc1nnnn1[*:2],azole_ring,azo,linker,False,*N=Nc1nnnn1*||*c1nnnn1*,0.355949,350,350,4.82301,4.82301,6,0,False,False,1.32338,True,,0.730511,True,,0.358726,True,,1.1928,True,,0.655076,True,,0.562518,True,,0.123372,True,,,,
cand_039,actionable,[*:2]c1nnnn1[*:1],[*:1]N=Nc1nnn([*:2])n1,azole_ring,azo,linker,False,*N=Nc1nnn(*)n1||*c1nnnn1*,0.35656,356,356,4.40896,4.40896,6,0,False,False,1.26223,True,,0.639687,True,,0.340861,True,,1.06383,True,,0.590047,True,,0.512296,True,,0.111891,True,,,,
cand_039,actionable,[*:2]c1nnnn1[*:1],[*:1]N=Nn1nnnc1[*:2],azole_ring,azo,linker,False,*N=Nn1nnnc1*||*c1nnnn1*,0.356653,386,386,4.35206,4.35206,6,0,False,False,1.23532,True,,0.615186,True,,0.330104,True,,1.0263,True,,0.60749,True,,0.537659,True,,0.166134,True,,,,
cand_039,actionable,[*:2]c1nnnn1[*:1],[*:1]N=Nn1nnc([*:2])n1,azole_ring,azo,linker,False,*N=Nn1nnc(*)n1||*c1nnnn1*,0.355887,402,402,3.93208,3.93208,6,0,False,False,1.17085,True,,0.536145,True,,0.333633,True,,0.916776,True,,0.52508,True,,0.449589,True,,-0.0634601,False,,,,
cand_039,actionable,[*:1]c1nnnn1O,[*:1]n1nnnc1[N+](=O)[O-],azole_ring,nitro,scaffold,False,*c1nnnn1O||*n1nnnc1[N+](=O)[O-],0.39949,235,235,3.91746,3.91746,6,0,False,False,0.605914,True,,0.808345,True,,0.766408,True,,0.609921,True,,0.572554,True,,0.554319,True,,-0.585979,True,,,,
cand_039,actionable,[*:1]c1nnnn1[*:2],[*:1]N=Nc1nnnn1[*:2],azole_ring,azo,linker,False,*N=Nc1nnnn1*||*c1nnnn1*,0.351097,336,336,3.75447,3.75447,6,0,False,False,1.17631,True,,0.503957,True,,0.330506,True,,0.868255,True,,0.473577,True,,0.401863,True,,0.159668,True,,,,
cand_039,actionable,[*:1]c1nnnn1O,[*:1]c1nnn(N[N+](=O)[O-])n1,azole_ring,nitramine,scaffold,False,*c1nnn(N[N+](=O)[O-])n1||*c1nnnn1O,0.423803,237,237,3.67442,3.67442,6,0,False,False,0.711137,True,,0.492365,True,,0.700073,True,,0.660642,True,,0.568362,True,,0.541837,True,,-0.518796,True,,,,
cand_039,actionable,[*:2]c1nnnn1[*:1],[*:1]NNn1nnnc1[*:2],azole_ring,hydrazo,linker,False,*NNn1nnnc1*||*c1nnnn1*,0.35995,369,369,3.64902,3.64902,6,0,False,False,0.89669,True,,0.272185,True,,0.0281111,True,,1.47287,True,,0.55144,True,,0.42772,True,,0.0963791,True,,,,
cand_039,actionable,[*:1]c1nnnn1[*:2],[*:1]N=Nc1nnn([*:2])n1,azole_ring,azo,linker,False,*N=Nc1nnn(*)n1||*c1nnnn1*,0.356667,329,329,3.62297,3.62297,6,0,False,False,1.12524,True,,0.47018,True,,0.353315,True,,0.823885,True,,0.464077,True,,0.38627,True,,0.0930074,True,,,,
cand_039,actionable,[*:1]c1nnnn1O,[*:1]n1nnnc1N[N+](=O)[O-],azole_ring,nitramine,scaffold,False,*c1nnnn1O||*n1nnnc1N[N+](=O)[O-],0.416476,223,223,3.6134,3.6134,6,0,False,False,0.692643,True,,0.44922,True,,0.674002,True,,0.607073,True,,0.595686,True,,0.594774,True,,-0.355418,True,,,,
cand_039,actionable,[*:1]c1nnnn1[*:2],[*:1]N=Nn1nnnc1[*:2],azole_ring,azo,linker,False,*N=Nn1nnnc1*||*c1nnnn1*,0.354557,319,319,3.49741,3.49741,6,0,False,False,1.09274,True,,0.42757,True,,0.346433,True,,0.758009,True,,0.470057,True,,0.402601,True,,0.219847,True,,,,
cand_039,actionable,[*:1]c1nnnn1O,[*:1]c1nnn([N+](=O)[O-])n1,azole_ring,nitro,scaffold,False,*c1nnn([N+](=O)[O-])n1||*c1nnnn1O,0.394634,239,239,3.46482,3.46482,6,0,False,False,0.493152,True,,0.661825,True,,0.752176,True,,0.450834,True,,0.55458,True,,0.552252,True,,-0.201788,True,,,,
cand_039,actionable,[*:1]c1nnnn1O,[*:1]n1nnc(N[N+](=O)[O-])n1,azole_ring,nitramine,scaffold,False,*c1nnnn1O||*n1nnc(N[N+](=O)[O-])n1,0.424309,256,256,3.40311,3.40311,6,0,False,False,0.636926,True,,0.424774,True,,0.719103,True,,0.554473,True,,0.546467,True,,0.521364,True,,-0.532634,True,,,,
cand_039,actionable,[*:2]c1nnnn1[*:1],[*:1]NNc1nnnn1[*:2],azole_ring,hydrazo,linker,False,*NNc1nnnn1*||*c1nnnn1*,0.357605,308,308,3.39303,3.39303,6,0,False,False,0.844118,True,,0.200872,True,,0.0369562,True,,1.37573,True,,0.528407,True,,0.406946,True,,-0.0578213,False,,,,
cand_039,actionable,[*:1]c1nnnn1O,[*:1]n1nnc([N+](=O)[O-])n1,azole_ring,nitro,scaffold,False,*c1nnnn1O||*n1nnc([N+](=O)[O-])n1,0.3952,247,247,3.37229,3.37229,6,0,False,False,0.48703,True,,0.659771,True,,0.759214,True,,0.407961,True,,0.530279,True,,0.528035,True,,-0.386937,True,,,,
cand_039,actionable,[*:2]c1nnnn1[*:1],[*:1]NNn1nnc([*:2])n1,azole_ring,hydrazo,linker,False,*NNn1nnc(*)n1||*c1nnnn1*,0.361736,393,393,3.28999,3.28999,6,0,False,False,0.833756,True,,0.207705,True,,0.0440876,True,,1.38185,True,,0.481115,True,,0.341475,True,,-0.243635,True,,,,
cand_039,actionable,[*:1]c1nnnn1[*:2],[*:1]N=Nn1nnc([*:2])n1,azole_ring,azo,linker,False,*N=Nn1nnc(*)n1||*c1nnnn1*,0.351134,325,325,3.02894,3.02894,6,0,False,False,1.03313,True,,0.332837,True,,0.326176,True,,0.62886,True,,0.384432,True,,0.323499,True,,0.0338713,False,,,,
cand_039,actionable,[*:2]c1nnnn1[*:1],[*:1]NNc1nnn([*:2])n1,azole_ring,hydrazo,linker,False,*NNc1nnn(*)n1||*c1nnnn1*,0.354073,326,326,2.92851,2.92851,6,0,False,False,0.787273,True,,0.125173,True,,0.0243631,True,,1.22938,True,,0.436184,True,,0.326137,True,,-0.0216373,False,,,,
cand_039,actionable,[*:1]c1nnnn1[*:2],[*:1]NNn1nnnc1[*:2],azole_ring,hydrazo,linker,False,*NNn1nnnc1*||*c1nnnn1*,0.353396,307,307,2.84277,2.84277,6,0,False,False,0.765018,True,,0.0848097,True,,0.0448634,True,,1.22263,True,,0.42504,True,,0.30041,True,,-0.0312679,False,,,,
cand_039,actionable,[*:1]c1nnnn1[*:2],[*:1]NNc1nnnn1[*:2],azole_ring,hydrazo,linker,False,*NNc1nnnn1*||*c1nnnn1*,0.352717,357,357,2.45199,2.43486,5,0,False,False,0.693648,True,,-0.0171293,False,,0.030827,True,,1.06987,True,,0.381362,True,,0.276284,True,,-0.0595134,False,,,,
cand_039,actionable,[*:1]c1nnnn1[*:2],[*:1]NNn1nnc([*:2])n1,azole_ring,hydrazo,linker,False,*NNn1nnc(*)n1||*c1nnnn1*,0.352662,318,318,2.24338,2.23116,5,0,False,False,0.681101,True,,-0.0122265,False,,0.0338148,True,,1.04967,True,,0.301504,True,,0.177294,True,,-0.248633,True,,,,
cand_039,actionable,[*:1]c1nnnn1[*:2],[*:1]c1nnn(N[N+](=O)[O-])c1[*:2],azole_ring,nitramine,linker,False,*c1nnn(N[N+](=O)[O-])c1*||*c1nnnn1*,0.412549,385,385,1.50783,1.54167,4,0,False,False,0.0006166,False,,0.433216,True,,0.343985,True,,0.0332176,False,,0.340516,True,,0.390115,True,,-0.462432,True,,,,
cand_039,actionable,[*:2]c1nnnn1[*:1],[*:1]c1nnn(N[N+](=O)[O-])c1[*:2],azole_ring,nitramine,linker,False,*c1nnn(N[N+](=O)[O-])c1*||*c1nnnn1*,0.410514,341,341,1.33352,1.28057,4,0,False,False,-0.0166058,False,,0.396025,True,,0.315102,True,,-0.0363459,False,,0.285464,True,,0.336933,True,,-0.491826,True,,,,
cand_039,actionable,[*:1]c1nnnn1[*:2],[*:2]c1nnnn1[*:1],azole_ring,azole_ring,linker,False,*c1nnnn1*||*c1nnnn1*,0.258476,1293,1293,0.21802,0.21802,5,0,False,False,0.0300112,True,,0.0417528,True,,0,False,,0.057483,True,,0.0430979,True,,0.0456756,True,,-0.0465583,True,,,,
cand_040,actionable,[*:2]c1nnn([*:1])n1,[*:1]N=[N+]([O-])c1nnnn1[*:2],azole_ring,azoxy,linker,False,*N=[N+]([O-])c1nnnn1*||*c1nnn(*)n1,0.385657,203,203,7.54054,7.54054,6,0,False,False,1.28787,True,,1.32943,True,,0.81574,True,,1.80839,True,,1.1937,True,,1.10541,True,,0.0821143,False,,,,
cand_040,actionable,[*:2]c1nnn([*:1])n1,[*:1]N=[N+]([O-])n1nnnc1[*:2],azole_ring,azoxy,linker,False,*N=[N+]([O-])n1nnnc1*||*c1nnn(*)n1,0.389037,291,291,7.46166,7.46166,6,0,False,False,1.26928,True,,1.34087,True,,0.814976,True,,1.77747,True,,1.16995,True,,1.08911,True,,0.0386994,False,,,,
cand_040,actionable,[*:2]c1nnn([*:1])n1,[*:1]N=[N+]([O-])n1nnc([*:2])n1,azole_ring,azoxy,linker,False,*N=[N+]([O-])n1nnc(*)n1||*c1nnn(*)n1,0.387464,272,272,7.25484,7.25484,6,0,False,False,1.24191,True,,1.27006,True,,0.792996,True,,1.73676,True,,1.14376,True,,1.06936,True,,-0.0477761,False,,,,
cand_040,actionable,[*:1]c1nnn([*:2])n1,[*:1]n1nnnc1N=[N+]([*:2])[O-],azole_ring,azoxy,linker,False,*c1nnn(*)n1||*n1nnnc1N=[N+](*)[O-],0.390172,133,133,7.1687,7.1687,6,0,False,False,1.19903,True,,1.22133,True,,0.836397,True,,1.61404,True,,1.17979,True,,1.11811,True,,0.382541,True,,,,
cand_040,actionable,[*:1]c1nnn([*:2])n1,[*:1]c1nnnn1N=[N+]([*:2])[O-],azole_ring,azoxy,linker,False,*c1nnn(*)n1||*c1nnnn1N=[N+](*)[O-],0.380492,118,118,6.98405,6.98405,6,0,False,False,1.23245,True,,1.15049,True,,0.745411,True,,1.5874,True,,1.15025,True,,1.11805,True,,0.295224,True,,,,
cand_040,actionable,[*:1]c1nnn([*:2])n1,[*:2]n1nnnc1N=[N+]([*:1])[O-],azole_ring,azoxy,linker,False,*c1nnn(*)n1||*n1nnnc1N=[N+](*)[O-],0.386228,129,129,6.9305,6.9305,6,0,False,False,1.22164,True,,1.20336,True,,0.791447,True,,1.6175,True,,1.07891,True,,1.01764,True,,0.0905416,False,,,,
cand_040,actionable,[*:1]c1nnn([*:2])n1,[*:1]n1nnc(N=[N+]([*:2])[O-])n1,azole_ring,azoxy,linker,False,*c1nnn(*)n1||*n1nnc(N=[N+](*)[O-])n1,0.378153,238,238,6.70442,6.70442,6,0,False,False,1.15867,True,,1.11382,True,,0.761466,True,,1.49629,True,,1.10497,True,,1.0692,True,,0.243363,True,,,,
cand_040,actionable,[*:1]c1nnn([*:2])n1,[*:1]N=[N+]([O-])c1nnnn1[*:2],azole_ring,azoxy,linker,False,*N=[N+]([O-])c1nnnn1*||*c1nnn(*)n1,0.38408,193,193,6.2752,6.2752,6,0,False,False,1.05157,True,,1.02736,True,,0.803237,True,,1.38052,True,,1.03234,True,,0.980179,True,,-0.0531092,False,,,,
cand_040,actionable,[*:1]c1nnn([*:2])n1,[*:2]n1nnc(N=[N+]([*:1])[O-])n1,azole_ring,azoxy,linker,False,*c1nnn(*)n1||*n1nnc(N=[N+](*)[O-])n1,0.383262,245,245,6.12532,6.12532,6,0,False,False,1.05729,True,,0.968287,True,,0.765806,True,,1.33239,True,,1.01607,True,,0.985474,True,,-0.000412203,False,,,,
cand_040,actionable,[*:1]c1nnn([*:2])n1,[*:1]N=[N+]([O-])n1nnnc1[*:2],azole_ring,azoxy,linker,False,*N=[N+]([O-])n1nnnc1*||*c1nnn(*)n1,0.382236,241,241,6.08289,6.08289,6,0,False,False,1.03381,True,,0.991957,True,,0.801599,True,,1.30846,True,,0.998561,True,,0.948499,True,,0.0401082,False,,,,
cand_040,actionable,[*:1]c1nnn([*:2])n1,[*:1]N=[N+]([O-])n1nnc([*:2])n1,azole_ring,azoxy,linker,False,*N=[N+]([O-])n1nnc(*)n1||*c1nnn(*)n1,0.381099,247,247,5.7921,5.7921,6,0,False,False,1.00262,True,,0.913101,True,,0.784638,True,,1.22695,True,,0.953992,True,,0.910809,True,,-0.0867995,False,,,,
cand_040,actionable,[*:2]c1nnn([*:1])n1,[*:1]N=Nc1nnnn1[*:2],azole_ring,azo,linker,False,*N=Nc1nnnn1*||*c1nnn(*)n1,0.355184,346,346,4.91008,4.91008,6,0,False,False,1.36786,True,,0.775218,True,,0.348896,True,,1.25446,True,,0.632322,True,,0.531322,True,,0.293685,True,,,,
cand_040,actionable,[*:2]c1nnn([*:1])n1,[*:1]N=Nn1nnnc1[*:2],azole_ring,azo,linker,False,*N=Nn1nnnc1*||*c1nnn(*)n1,0.362383,398,398,4.67606,4.67606,6,0,False,False,1.27323,True,,0.697424,True,,0.363967,True,,1.14483,True,,0.646189,True,,0.550421,True,,0.275734,True,,,,
cand_040,actionable,[*:2]c1nnn([*:1])n1,[*:1]N=Nc1nnn([*:2])n1,azole_ring,azo,linker,False,*N=Nc1nnn(*)n1||*c1nnn(*)n1,0.356223,332,332,4.60116,4.60116,6,0,False,False,1.30023,True,,0.69689,True,,0.345385,True,,1.15463,True,,0.599149,True,,0.504875,True,,0.208527,True,,,,
cand_040,actionable,[*:1]c1nnn([*:2])n1,[*:1]N=Nc1nnnn1[*:2],azole_ring,azo,linker,False,*N=Nc1nnnn1*||*c1nnn(*)n1,0.358491,342,342,4.22356,4.22356,6,0,False,False,1.24148,True,,0.622072,True,,0.350247,True,,1.03701,True,,0.531948,True,,0.44081,True,,0.143936,True,,,,
cand_040,actionable,[*:2]c1nnn([*:1])n1,[*:1]N=Nn1nnc([*:2])n1,azole_ring,azo,linker,False,*N=Nn1nnc(*)n1||*c1nnn(*)n1,0.35839,393,393,4.1863,4.1863,6,0,False,False,1.20702,True,,0.602688,True,,0.344701,True,,1.01106,True,,0.554789,True,,0.466045,True,,0.100027,True,,,,
cand_040,actionable,[*:1]c1nnn([*:2])n1,[*:1]N=Nn1nnnc1[*:2],azole_ring,azo,linker,False,*N=Nn1nnnc1*||*c1nnn(*)n1,0.360747,334,334,3.99535,3.99535,6,0,False,False,1.16569,True,,0.546554,True,,0.362638,True,,0.942865,True,,0.534815,True,,0.442787,True,,0.111146,True,,,,
cand_040,actionable,[*:2]c1nnn([*:1])n1,[*:1]NNn1nnnc1[*:2],azole_ring,hydrazo,linker,False,*NNn1nnnc1*||*c1nnn(*)n1,0.363514,386,386,3.9581,3.9581,6,0,False,False,0.938024,True,,0.350252,True,,0.0500214,True,,1.58906,True,,0.588806,True,,0.441934,True,,0.179119,True,,,,
cand_040,actionable,[*:1]c1nnn([*:2])n1,[*:1]N=Nc1nnn([*:2])n1,azole_ring,azo,linker,False,*N=Nc1nnn(*)n1||*c1nnn(*)n1,0.359132,350,350,3.90856,3.90856,6,0,False,False,1.18334,True,,0.547374,True,,0.349104,True,,0.932112,True,,0.490401,True,,0.406235,True,,0.040073,False,,,,
cand_040,actionable,[*:2]c1nnn([*:1])n1,[*:1]NNc1nnnn1[*:2],azole_ring,hydrazo,linker,False,*NNc1nnnn1*||*c1nnn(*)n1,0.353325,340,340,3.53394,3.53394,6,0,False,False,0.88454,True,,0.238912,True,,0.0334778,True,,1.43352,True,,0.53368,True,,0.40981,True,,0.0617399,False,,,,
cand_040,actionable,[*:2]c1nnn([*:1])n1,[*:1]NNn1nnc([*:2])n1,azole_ring,hydrazo,linker,False,*NNn1nnc(*)n1||*c1nnn(*)n1,0.360374,429,429,3.41725,3.41725,6,0,False,False,0.86855,True,,0.257969,True,,0.0453302,True,,1.43395,True,,0.479044,True,,0.332408,True,,-0.203337,True,,,,
cand_040,actionable,[*:2]c1nnn([*:1])n1,[*:1]NNc1nnn([*:2])n1,azole_ring,hydrazo,linker,False,*NNc1nnn(*)n1||*c1nnn(*)n1,0.357457,302,302,3.29623,3.29623,6,0,False,False,0.845114,True,,0.211921,True,,0.0430512,True,,1.37479,True,,0.47719,True,,0.344168,True,,0.0342877,False,,,,
cand_040,actionable,[*:1]c1nnn([*:2])n1,[*:1]N=Nn1nnc([*:2])n1,azole_ring,azo,linker,False,*N=Nn1nnc(*)n1||*c1nnn(*)n1,0.355385,330,330,3.29485,3.29485,6,0,False,False,1.08009,True,,0.405756,True,,0.332178,True,,0.731677,True,,0.409408,True,,0.335746,True,,-0.179887,True,,,,
cand_040,actionable,[*:1]c1nnn([*:2])n1,[*:1]NNn1nnnc1[*:2],azole_ring,hydrazo,linker,False,*NNn1nnnc1*||*c1nnn(*)n1,0.357043,365,365,3.13594,3.13594,6,0,False,False,0.826481,True,,0.183081,True,,0.0505623,True,,1.33815,True,,0.438654,True,,0.299012,True,,-0.0474263,False,,,,
cand_040,actionable,[*:1]c1nnn([*:2])n1,[*:1]NNc1nnnn1[*:2],azole_ring,hydrazo,linker,False,*NNc1nnnn1*||*c1nnn(*)n1,0.356148,336,336,2.73736,2.73736,6,0,False,False,0.743623,True,,0.0703049,True,,0.0427286,True,,1.17605,True,,0.412791,True,,0.291862,True,,-0.0271239,False,,,,
cand_040,actionable,[*:1]c1nnn([*:2])n1,[*:1]NNn1nnc([*:2])n1,azole_ring,hydrazo,linker,False,*NNn1nnc(*)n1||*c1nnn(*)n1,0.354712,335,335,2.57495,2.57495,6,0,False,False,0.753706,True,,0.0800358,True,,0.0327345,True,,1.18342,True,,0.3302,True,,0.194851,True,,-0.307741,True,,,,
cand_040,actionable,[*:1]c1nnn([*:2])n1,[*:1]NNc1nnn([*:2])n1,azole_ring,hydrazo,linker,False,*NNc1nnn(*)n1||*c1nnn(*)n1,0.350426,329,329,2.37486,2.37486,6,0,False,False,0.713205,True,,0.0268665,True,,0.0205211,True,,1.08548,True,,0.323148,True,,0.205645,True,,-0.209807,True,,,,
cand_040,actionable,[*:1]c1nnn([*:2])n1,[*:2]c1nnn(N[N+](=O)[O-])c1[*:1],azole_ring,nitramine,linker,False,*c1nnn(*)n1||*c1nnn(N[N+](=O)[O-])c1*,0.416782,335,335,1.85304,1.85304,6,0,False,False,0.0511008,True,,0.526783,True,,0.350804,True,,0.12756,True,,0.372822,True,,0.423975,True,,-0.409976,True,,,,
cand_040,actionable,[*:1]c1nnn([*:2])n1,[*:1]c1nnn(N[N+](=O)[O-])c1[*:2],azole_ring,nitramine,linker,False,*c1nnn(*)n1||*c1nnn(N[N+](=O)[O-])c1*,0.406666,404,404,1.5689,1.5689,6,0,False,False,0.0474787,True,,0.434563,True,,0.292453,True,,0.0733892,True,,0.333097,True,,0.387919,True,,-0.431373,True,,,,
cand_040,actionable,[*:1]n1nnc(N[N+](=O)[O-])n1,[*:1]c1nnnn1N[N+](=O)[O-],nitramine,nitramine,scaffold,False,*c1nnnn1N[N+](=O)[O-]||*n1nnc(N[N+](=O)[O-])n1,0.42612,240,240,0.621843,0.621843,5,0,False,False,0.143001,True,,0.160883,True,,-0,False,,0.222531,True,,0.0552503,True,,0.0401777,True,,0.0290161,False,,,,
cand_040,actionable,[*:1]Nc1nnn([*:2])n1,[*:1]Nn1nnnc1[*:2],azole_ring,azole_ring,linker,False,*Nc1nnn(*)n1||*Nn1nnnc1*,0.296781,590,590,0.586504,0.586504,5,0,False,False,0.112857,True,,0.133311,True,,-1.00442e-18,False,,0.194414,True,,0.0770241,True,,0.068899,True,,0.0758934,True,,,,
cand_040,actionable,[*:1]n1nnc(N[N+](=O)[O-])n1,[*:1]c1nnn(N[N+](=O)[O-])n1,nitramine,nitramine,scaffold,False,*c1nnn(N[N+](=O)[O-])n1||*n1nnc(N[N+](=O)[O-])n1,0.419189,217,217,0.414518,0.414518,5,0,False,False,0.0942139,True,,0.106322,True,,-0,False,,0.146046,True,,0.0382935,True,,0.0296424,True,,-0.00943077,False,,,,
cand_040,actionable,[*:1]n1nnc(N[N+](=O)[O-])n1,[*:1]n1nnnc1N[N+](=O)[O-],nitramine,nitramine,scaffold,False,*n1nnc(N[N+](=O)[O-])n1||*n1nnnc1N[N+](=O)[O-],0.421025,263,263,0.384195,0.384195,5,0,False,True,0.05792,True,3.03213,0.0632786,True,10.0358,0,False,0,0.0885686,True,0.0074,0.0797586,True,0.153515,0.0946692,True,1.80596,0.157912,True,1.036,,,
cand_040,actionable,[*:1]Nc1nnn([*:2])n1,[*:1]Nc1nnnn1[*:2],azole_ring,azole_ring,linker,False,*Nc1nnn(*)n1||*Nc1nnnn1*,0.296477,606,606,0.357168,0.357168,5,0,False,True,0.0518527,True,3.03213,0.0596833,True,10.0358,0,False,0,0.088328,True,0.0074,0.0743302,True,0.153515,0.082974,True,1.80596,0.152069,True,1.036,,,
cand_040,actionable,[*:1]Nn1nnc([*:2])n1,[*:1]Nn1nnnc1[*:2],azole_ring,azole_ring,linker,False,*Nn1nnc(*)n1||*Nn1nnnc1*,0.299811,633,633,0.353273,0.353273,5,0,False,True,0.0577357,True,2.5502,0.0671624,True,8.44073,0,False,0,0.0993867,True,0.0062,0.0630548,True,0.0722824,0.0659334,True,0.827485,0.236509,True,0.1486,,,
cand_040,actionable,[*:1]c1nnn([*:2])n1,[*:2]c1nnnn1[*:1],azole_ring,azole_ring,linker,False,*c1nnn(*)n1||*c1nnnn1*,0.257644,2457,2457,0.31729,0.31729,5,0,False,True,0.0573355,True,2.79116,0.0696148,True,9.23827,-2.41191e-19,False,0,0.100322,True,0.0068,0.0464741,True,0.112899,0.0435433,True,1.31672,0.109291,True,0.5923,,,
cand_040,actionable,[*:1]Nc1nnn([*:2])n1,[*:1]Nn1nnc([*:2])n1,azole_ring,azole_ring,linker,False,*Nc1nnn(*)n1||*Nn1nnc(*)n1,0.294748,550,550,0.313818,0.313818,5,0,False,False,0.0666932,True,,0.0817783,True,,0,False,,0.121744,True,,0.0272393,True,,0.016363,True,,-0.116371,True,,,,
cand_040,actionable,[*:1]c1nnn([*:2])n1,[*:1]c1nnnn1[*:2],azole_ring,azole_ring,linker,False,*c1nnn(*)n1||*c1nnnn1*,0.258151,2833,2833,0.304252,0.304252,5,0,False,True,0.0551249,True,2.79116,0.0662557,True,9.23827,0,False,0,0.0947991,True,0.0068,0.0449933,True,0.112899,0.0430791,True,1.31672,0.118519,True,0.5923,,,
cand_040,actionable,[*:1]c1nnn(N[N+](=O)[O-])n1,[*:1]c1nnnn1N[N+](=O)[O-],nitramine,nitramine,scaffold,False,*c1nnn(N[N+](=O)[O-])n1||*c1nnnn1N[N+](=O)[O-],0.422033,209,209,0.178983,0.195204,3,0,False,True,0.0499769,True,2.5502,0.0541472,True,8.44073,0,False,0,0.0748584,True,0.0062,0.0115004,False,0.0722824,0.00472109,False,0.827485,0.0590661,False,0.1486,,,
cand_040,actionable,[*:1]Nn1nnc([*:2])n1,[*:1]Nc1nnnn1[*:2],azole_ring,azole_ring,linker,False,*Nc1nnnn1*||*Nn1nnc(*)n1,0.295317,577,577,0.147251,0.127895,2,0,False,False,-0.00447786,False,,-0.00725383,False,,-0,False,,-0.00762427,False,,0.0643502,True,,0.0829003,True,,0.280637,True,,,,
cand_040,actionable,[*:1]c1nnn([*:2])n1,[*:2]c1nnn([*:1])n1,azole_ring,azole_ring,linker,False,*c1nnn(*)n1||*c1nnn(*)n1,0.260615,1165,1165,0.0453822,0.0112472,2,0,False,False,-0.00809051,False,,-0.00850428,False,,0,False,,-0.0175402,False,,0.0185507,True,,0.0268315,True,,0.0700273,True,,,,
cand_041,actionable,[*:2]c1nnnn1[*:1],[*:1]N=[N+]([O-])n1nnnc1[*:2],azole_ring,azoxy,linker,False,*N=[N+]([O-])n1nnnc1*||*c1nnnn1*,0.392432,280,280,7.39917,7.39917,6,0,False,False,1.23564,True,,1.29928,True,,0.829576,True,,1.74442,True,,1.1854,True,,1.10485,True,,-0.100889,True,,,,
cand_041,actionable,[*:2]c1nnnn1[*:1],[*:1]N=[N+]([O-])c1nnnn1[*:2],azole_ring,azoxy,linker,False,*N=[N+]([O-])c1nnnn1*||*c1nnnn1*,0.380296,193,193,7.18294,7.18294,6,0,False,False,1.23795,True,,1.23659,True,,0.790892,True,,1.68949,True,,1.14851,True,,1.0795,True,,-0.171171,True,,,,
cand_041,actionable,[*:2]c1nnnn1[*:1],[*:1]N=[N+]([O-])n1nnc([*:2])n1,azole_ring,azoxy,linker,False,*N=[N+]([O-])n1nnc(*)n1||*c1nnnn1*,0.386847,275,275,7.07244,7.07244,6,0,False,False,1.19325,True,,1.21169,True,,0.802861,True,,1.64893,True,,1.14311,True,,1.07258,True,,-0.0690075,False,,,,
cand_041,actionable,[*:1]c1nnnn1[*:2],[*:1]c1nnnn1N=[N+]([*:2])[O-],azole_ring,azoxy,linker,False,*c1nnnn1*||*c1nnnn1N=[N+](*)[O-],0.384684,108,108,7.02768,7.02768,6,0,False,False,1.18176,True,,1.14919,True,,0.79885,True,,1.54468,True,,1.1966,True,,1.1566,True,,0.219111,True,,,,
cand_041,actionable,[*:1]c1nnnn1[*:2],[*:2]n1nnnc1N=[N+]([*:1])[O-],azole_ring,azoxy,linker,False,*c1nnnn1*||*n1nnnc1N=[N+](*)[O-],0.387609,122,122,6.97978,6.97978,6,0,False,False,1.16054,True,,1.17138,True,,0.834346,True,,1.60279,True,,1.14116,True,,1.06956,True,,0.160271,True,,,,
cand_041,actionable,[*:1]c1nnnn1[*:2],[*:1]n1nnnc1N=[N+]([*:2])[O-],azole_ring,azoxy,linker,False,*c1nnnn1*||*n1nnnc1N=[N+](*)[O-],0.381342,140,140,6.77105,6.77105,6,0,False,False,1.13232,True,,1.07776,True,,0.793782,True,,1.46168,True,,1.16784,True,,1.13768,True,,0.300078,True,,,,
cand_041,actionable,[*:1]c1nnnn1[*:2],[*:1]n1nnc(N=[N+]([*:2])[O-])n1,azole_ring,azoxy,linker,False,*c1nnnn1*||*n1nnc(N=[N+](*)[O-])n1,0.382376,243,243,6.74472,6.74472,6,0,False,False,1.09841,True,,1.08922,True,,0.804593,True,,1.45168,True,,1.16528,True,,1.13554,True,,0.218252,True,,,,
cand_041,actionable,[*:1]c1nnnn1[*:2],[*:1]N=[N+]([O-])c1nnnn1[*:2],azole_ring,azoxy,linker,False,*N=[N+]([O-])c1nnnn1*||*c1nnnn1*,0.387444,216,216,6.14634,6.14634,6,0,False,False,1.0166,True,,0.992261,True,,0.829325,True,,1.31178,True,,1.02557,True,,0.970802,True,,0.00583282,False,,,,
cand_041,actionable,[*:1]c1nnnn1[*:2],[*:2]n1nnc(N=[N+]([*:1])[O-])n1,azole_ring,azoxy,linker,False,*c1nnnn1*||*n1nnc(N=[N+](*)[O-])n1,0.381536,249,249,5.94401,5.94401,6,0,False,False,0.991857,True,,0.919359,True,,0.786746,True,,1.22979,True,,1.0227,True,,0.99356,True,,0.189938,True,,,,
cand_041,actionable,[*:1]c1nnnn1[*:2],[*:1]N=[N+]([O-])n1nnnc1[*:2],azole_ring,azoxy,linker,False,*N=[N+]([O-])n1nnnc1*||*c1nnnn1*,0.386172,229,229,5.94241,5.94241,6,0,False,False,1.01177,True,,0.953617,True,,0.810754,True,,1.25172,True,,0.978768,True,,0.935784,True,,-0.0654356,False,,,,
cand_041,actionable,[*:1]c1nnnn1[*:2],[*:1]N=[N+]([O-])n1nnc([*:2])n1,azole_ring,azoxy,linker,False,*N=[N+]([O-])n1nnc(*)n1||*c1nnnn1*,0.383065,259,259,5.90937,5.90937,6,0,False,False,0.973511,True,,0.966867,True,,0.837706,True,,1.25181,True,,0.973185,True,,0.906291,True,,-0.132316,True,,,,
cand_041,actionable,[*:2]c1nnnn1[*:1],[*:1]N=Nc1nnnn1[*:2],azole_ring,azo,linker,False,*N=Nc1nnnn1*||*c1nnnn1*,0.355949,350,350,4.82301,4.82301,6,0,False,False,1.32338,True,,0.730511,True,,0.358726,True,,1.1928,True,,0.655076,True,,0.562518,True,,0.123372,True,,,,
cand_041,actionable,[*:2]c1nnnn1[*:1],[*:1]N=Nc1nnn([*:2])n1,azole_ring,azo,linker,False,*N=Nc1nnn(*)n1||*c1nnnn1*,0.35656,356,356,4.40896,4.40896,6,0,False,False,1.26223,True,,0.639687,True,,0.340861,True,,1.06383,True,,0.590047,True,,0.512296,True,,0.111891,True,,,,
cand_041,actionable,[*:2]c1nnnn1[*:1],[*:1]N=Nn1nnnc1[*:2],azole_ring,azo,linker,False,*N=Nn1nnnc1*||*c1nnnn1*,0.356653,386,386,4.35206,4.35206,6,0,False,False,1.23532,True,,0.615186,True,,0.330104,True,,1.0263,True,,0.60749,True,,0.537659,True,,0.166134,True,,,,
cand_041,actionable,[*:2]c1nnnn1[*:1],[*:1]N=Nn1nnc([*:2])n1,azole_ring,azo,linker,False,*N=Nn1nnc(*)n1||*c1nnnn1*,0.355887,402,402,3.93208,3.93208,6,0,False,False,1.17085,True,,0.536145,True,,0.333633,True,,0.916776,True,,0.52508,True,,0.449589,True,,-0.0634601,False,,,,
cand_041,actionable,[*:1]c1nnnn1[*:2],[*:1]N=Nc1nnnn1[*:2],azole_ring,azo,linker,False,*N=Nc1nnnn1*||*c1nnnn1*,0.351097,336,336,3.75447,3.75447,6,0,False,False,1.17631,True,,0.503957,True,,0.330506,True,,0.868255,True,,0.473577,True,,0.401863,True,,0.159668,True,,,,
cand_041,actionable,[*:2]c1nnnn1[*:1],[*:1]NNn1nnnc1[*:2],azole_ring,hydrazo,linker,False,*NNn1nnnc1*||*c1nnnn1*,0.35995,369,369,3.64902,3.64902,6,0,False,False,0.89669,True,,0.272185,True,,0.0281111,True,,1.47287,True,,0.55144,True,,0.42772,True,,0.0963791,True,,,,
cand_041,actionable,[*:1]c1nnnn1[*:2],[*:1]N=Nc1nnn([*:2])n1,azole_ring,azo,linker,False,*N=Nc1nnn(*)n1||*c1nnnn1*,0.356667,329,329,3.62297,3.62297,6,0,False,False,1.12524,True,,0.47018,True,,0.353315,True,,0.823885,True,,0.464077,True,,0.38627,True,,0.0930074,True,,,,
cand_041,actionable,[*:1]c1nnnn1[*:2],[*:1]N=Nn1nnnc1[*:2],azole_ring,azo,linker,False,*N=Nn1nnnc1*||*c1nnnn1*,0.354557,319,319,3.49741,3.49741,6,0,False,False,1.09274,True,,0.42757,True,,0.346433,True,,0.758009,True,,0.470057,True,,0.402601,True,,0.219847,True,,,,
cand_041,actionable,[*:2]c1nnnn1[*:1],[*:1]NNc1nnnn1[*:2],azole_ring,hydrazo,linker,False,*NNc1nnnn1*||*c1nnnn1*,0.357605,308,308,3.39303,3.39303,6,0,False,False,0.844118,True,,0.200872,True,,0.0369562,True,,1.37573,True,,0.528407,True,,0.406946,True,,-0.0578213,False,,,,
cand_041,actionable,[*:2]c1nnnn1[*:1],[*:1]NNn1nnc([*:2])n1,azole_ring,hydrazo,linker,False,*NNn1nnc(*)n1||*c1nnnn1*,0.361736,393,393,3.28999,3.28999,6,0,False,False,0.833756,True,,0.207705,True,,0.0440876,True,,1.38185,True,,0.481115,True,,0.341475,True,,-0.243635,True,,,,
cand_041,actionable,[*:1]c1nnnn1[*:2],[*:1]N=Nn1nnc([*:2])n1,azole_ring,azo,linker,False,*N=Nn1nnc(*)n1||*c1nnnn1*,0.351134,325,325,3.02894,3.02894,6,0,False,False,1.03313,True,,0.332837,True,,0.326176,True,,0.62886,True,,0.384432,True,,0.323499,True,,0.0338713,False,,,,
cand_041,actionable,[*:2]c1nnnn1[*:1],[*:1]NNc1nnn([*:2])n1,azole_ring,hydrazo,linker,False,*NNc1nnn(*)n1||*c1nnnn1*,0.354073,326,326,2.92851,2.92851,6,0,False,False,0.787273,True,,0.125173,True,,0.0243631,True,,1.22938,True,,0.436184,True,,0.326137,True,,-0.0216373,False,,,,
cand_041,actionable,[*:1]c1nnnn1[*:2],[*:1]NNn1nnnc1[*:2],azole_ring,hydrazo,linker,False,*NNn1nnnc1*||*c1nnnn1*,0.353396,307,307,2.84277,2.84277,6,0,False,False,0.765018,True,,0.0848097,True,,0.0448634,True,,1.22263,True,,0.42504,True,,0.30041,True,,-0.0312679,False,,,,
cand_041,actionable,[*:1]c1nnnn1[*:2],[*:1]NNc1nnnn1[*:2],azole_ring,hydrazo,linker,False,*NNc1nnnn1*||*c1nnnn1*,0.352717,357,357,2.45199,2.43486,5,0,False,False,0.693648,True,,-0.0171293,False,,0.030827,True,,1.06987,True,,0.381362,True,,0.276284,True,,-0.0595134,False,,,,
cand_041,actionable,[*:1]c1nnnn1[*:2],[*:1]NNn1nnc([*:2])n1,azole_ring,hydrazo,linker,False,*NNn1nnc(*)n1||*c1nnnn1*,0.352662,318,318,2.24338,2.23116,5,0,False,False,0.681101,True,,-0.0122265,False,,0.0338148,True,,1.04967,True,,0.301504,True,,0.177294,True,,-0.248633,True,,,,
cand_041,actionable,[*:1]c1nnnn1[*:2],[*:1]c1nnn(N[N+](=O)[O-])c1[*:2],azole_ring,nitramine,linker,False,*c1nnn(N[N+](=O)[O-])c1*||*c1nnnn1*,0.412549,385,385,1.50783,1.54167,4,0,False,False,0.0006166,False,,0.433216,True,,0.343985,True,,0.0332176,False,,0.340516,True,,0.390115,True,,-0.462432,True,,,,
cand_041,actionable,[*:2]c1nnnn1[*:1],[*:1]c1nnn(N[N+](=O)[O-])c1[*:2],azole_ring,nitramine,linker,False,*c1nnn(N[N+](=O)[O-])c1*||*c1nnnn1*,0.410514,341,341,1.33352,1.28057,4,0,False,False,-0.0166058,False,,0.396025,True,,0.315102,True,,-0.0363459,False,,0.285464,True,,0.336933,True,,-0.491826,True,,,,
cand_041,actionable,[*:1]c1nnnn1[*:2],[*:2]c1nnnn1[*:1],azole_ring,azole_ring,linker,False,*c1nnnn1*||*c1nnnn1*,0.258476,1293,1293,0.21802,0.21802,5,0,False,False,0.0300112,True,,0.0417528,True,,0,False,,0.057483,True,,0.0430979,True,,0.0456756,True,,-0.0465583,True,,,,
cand_042,actionable,[*:2]c1nnn([*:1])n1,[*:1]N=[N+]([O-])c1nnnn1[*:2],azole_ring,azoxy,linker,False,*N=[N+]([O-])c1nnnn1*||*c1nnn(*)n1,0.385657,203,203,7.54054,7.54054,6,0,False,False,1.28787,True,,1.32943,True,,0.81574,True,,1.80839,True,,1.1937,True,,1.10541,True,,0.0821143,False,,,,
cand_042,actionable,[*:2]c1nnn([*:1])n1,[*:1]N=[N+]([O-])n1nnnc1[*:2],azole_ring,azoxy,linker,False,*N=[N+]([O-])n1nnnc1*||*c1nnn(*)n1,0.389037,291,291,7.46166,7.46166,6,0,False,False,1.26928,True,,1.34087,True,,0.814976,True,,1.77747,True,,1.16995,True,,1.08911,True,,0.0386994,False,,,,
cand_042,actionable,[*:2]c1nnn([*:1])n1,[*:1]N=[N+]([O-])n1nnc([*:2])n1,azole_ring,azoxy,linker,False,*N=[N+]([O-])n1nnc(*)n1||*c1nnn(*)n1,0.387464,272,272,7.25484,7.25484,6,0,False,False,1.24191,True,,1.27006,True,,0.792996,True,,1.73676,True,,1.14376,True,,1.06936,True,,-0.0477761,False,,,,
cand_042,actionable,[*:1]c1nnn([*:2])n1,[*:1]n1nnnc1N=[N+]([*:2])[O-],azole_ring,azoxy,linker,False,*c1nnn(*)n1||*n1nnnc1N=[N+](*)[O-],0.390172,133,133,7.1687,7.1687,6,0,False,False,1.19903,True,,1.22133,True,,0.836397,True,,1.61404,True,,1.17979,True,,1.11811,True,,0.382541,True,,,,
cand_042,actionable,[*:1]c1nnn([*:2])n1,[*:1]c1nnnn1N=[N+]([*:2])[O-],azole_ring,azoxy,linker,False,*c1nnn(*)n1||*c1nnnn1N=[N+](*)[O-],0.380492,118,118,6.98405,6.98405,6,0,False,False,1.23245,True,,1.15049,True,,0.745411,True,,1.5874,True,,1.15025,True,,1.11805,True,,0.295224,True,,,,
cand_042,actionable,[*:1]c1nnn([*:2])n1,[*:2]n1nnnc1N=[N+]([*:1])[O-],azole_ring,azoxy,linker,False,*c1nnn(*)n1||*n1nnnc1N=[N+](*)[O-],0.386228,129,129,6.9305,6.9305,6,0,False,False,1.22164,True,,1.20336,True,,0.791447,True,,1.6175,True,,1.07891,True,,1.01764,True,,0.0905416,False,,,,
cand_042,actionable,[*:1]c1nnn([*:2])n1,[*:1]n1nnc(N=[N+]([*:2])[O-])n1,azole_ring,azoxy,linker,False,*c1nnn(*)n1||*n1nnc(N=[N+](*)[O-])n1,0.378153,238,238,6.70442,6.70442,6,0,False,False,1.15867,True,,1.11382,True,,0.761466,True,,1.49629,True,,1.10497,True,,1.0692,True,,0.243363,True,,,,
cand_042,actionable,[*:1]c1nnn([*:2])n1,[*:1]N=[N+]([O-])c1nnnn1[*:2],azole_ring,azoxy,linker,False,*N=[N+]([O-])c1nnnn1*||*c1nnn(*)n1,0.38408,193,193,6.2752,6.2752,6,0,False,False,1.05157,True,,1.02736,True,,0.803237,True,,1.38052,True,,1.03234,True,,0.980179,True,,-0.0531092,False,,,,
cand_042,actionable,[*:1]n1ncnn1,[*:1]n1nnnc1[N+](=O)[O-],azole_ring,nitro,scaffold,False,*n1ncnn1||*n1nnnc1[N+](=O)[O-],0.395954,230,230,6.22863,6.22863,6,0,False,False,0.289934,True,,1.18885,True,,1.33358,True,,0.805375,True,,1.27622,True,,1.33468,True,,-0.792749,True,,,,
cand_042,actionable,[*:1]c1nnn([*:2])n1,[*:2]n1nnc(N=[N+]([*:1])[O-])n1,azole_ring,azoxy,linker,False,*c1nnn(*)n1||*n1nnc(N=[N+](*)[O-])n1,0.383262,245,245,6.12532,6.12532,6,0,False,False,1.05729,True,,0.968287,True,,0.765806,True,,1.33239,True,,1.01607,True,,0.985474,True,,-0.000412203,False,,,,
cand_042,actionable,[*:1]c1nnn([*:2])n1,[*:1]N=[N+]([O-])n1nnnc1[*:2],azole_ring,azoxy,linker,False,*N=[N+]([O-])n1nnnc1*||*c1nnn(*)n1,0.382236,241,241,6.08289,6.08289,6,0,False,False,1.03381,True,,0.991957,True,,0.801599,True,,1.30846,True,,0.998561,True,,0.948499,True,,0.0401082,False,,,,
cand_042,actionable,[*:1]n1ncnn1,[*:1]c1nnnn1N[N+](=O)[O-],azole_ring,nitramine,scaffold,False,*c1nnnn1N[N+](=O)[O-]||*n1ncnn1,0.421195,242,242,6.03735,6.03735,6,0,False,False,0.422023,True,,0.923697,True,,1.28112,True,,0.853378,True,,1.25666,True,,1.30047,True,,-0.798837,True,,,,
cand_042,actionable,[*:1]n1ncnn1,[*:1]c1nnnn1[N+](=O)[O-],azole_ring,nitro,scaffold,False,*c1nnnn1[N+](=O)[O-]||*n1ncnn1,0.393758,246,246,5.99056,5.99056,6,0,False,False,0.227716,True,,1.10422,True,,1.3216,True,,0.714507,True,,1.27547,True,,1.34705,True,,-0.605233,True,,,,
cand_042,actionable,[*:1]n1ncnn1,[*:1]c1nnn(N[N+](=O)[O-])n1,azole_ring,nitramine,scaffold,False,*c1nnn(N[N+](=O)[O-])n1||*n1ncnn1,0.421008,220,220,5.9189,5.9189,6,0,False,False,0.398982,True,,0.868332,True,,1.2635,True,,0.830741,True,,1.25368,True,,1.30367,True,,-0.867255,True,,,,
cand_042,actionable,[*:1]c1nnn([*:2])n1,[*:1]N=[N+]([O-])n1nnc([*:2])n1,azole_ring,azoxy,linker,False,*N=[N+]([O-])n1nnc(*)n1||*c1nnn(*)n1,0.381099,247,247,5.7921,5.7921,6,0,False,False,1.00262,True,,0.913101,True,,0.784638,True,,1.22695,True,,0.953992,True,,0.910809,True,,-0.0867995,False,,,,
cand_042,actionable,[*:1]n1ncnn1,[*:1]n1nnnc1N[N+](=O)[O-],azole_ring,nitramine,scaffold,False,*n1ncnn1||*n1nnnc1N[N+](=O)[O-],0.417489,235,235,5.76359,5.76359,6,0,False,False,0.366529,True,,0.77827,True,,1.23648,True,,0.753862,True,,1.27637,True,,1.35207,True,,-0.59273,True,,,,
cand_042,actionable,[*:1]n1ncnn1,[*:1]c1nnn([N+](=O)[O-])n1,azole_ring,nitro,scaffold,False,*c1nnn([N+](=O)[O-])n1||*n1ncnn1,0.397299,228,228,5.74998,5.74998,6,0,False,False,0.165378,True,,1.06997,True,,1.34095,True,,0.612209,True,,1.24257,True,,1.3189,True,,-0.478844,True,,,,
cand_042,actionable,[*:1]n1ncnn1,[*:1]n1nnc([N+](=O)[O-])n1,azole_ring,nitro,scaffold,False,*n1ncnn1||*n1nnc([N+](=O)[O-])n1,0.395615,212,212,5.73048,5.73048,6,0,False,False,0.171635,True,,1.06769,True,,1.34351,True,,0.617809,True,,1.23121,True,,1.29863,True,,-0.672958,True,,,,
cand_042,actionable,[*:1]n1ncnn1,[*:1]c1nnnn1N=[N+]=[N-],azole_ring,azide,scaffold,False,*c1nnnn1N=[N+]=[N-]||*n1ncnn1,0.395546,222,222,5.66684,5.66684,6,0,False,True,1.85673,True,90.9304,0.828205,True,112.588,0.665024,True,10.097,0.865566,True,0.0128,0.744194,True,0.280661,0.707124,True,2.8368,0.234698,True,104.277,,,
cand_042,actionable,[*:1]n1ncnn1,[*:1]n1nnc(N[N+](=O)[O-])n1,azole_ring,nitramine,scaffold,False,*n1ncnn1||*n1nnc(N[N+](=O)[O-])n1,0.419431,177,177,5.46311,5.46311,6,0,False,False,0.301468,True,,0.741202,True,,1.25217,True,,0.701098,True,,1.20463,True,,1.26254,True,,-0.772607,True,,,,
cand_042,actionable,[*:1]n1ncnn1,[*:1]c1nnn(N=[N+]=[N-])n1,azole_ring,azide,scaffold,False,*c1nnn(N=[N+]=[N-])n1||*n1ncnn1,0.395437,221,221,5.32475,5.32475,6,0,False,True,1.79373,True,87.0467,0.746861,True,97.0625,0.657509,True,10.097,0.756751,True,0.0003,0.701191,True,0.129379,0.668711,True,1.23999,0.326378,True,18.7599,,,
cand_042,actionable,[*:2]c1nnn([*:1])n1,[*:1]N=Nc1nnnn1[*:2],azole_ring,azo,linker,False,*N=Nc1nnnn1*||*c1nnn(*)n1,0.355184,346,346,4.91008,4.91008,6,0,False,False,1.36786,True,,0.775218,True,,0.348896,True,,1.25446,True,,0.632322,True,,0.531322,True,,0.293685,True,,,,
cand_042,actionable,[*:2]c1nnn([*:1])n1,[*:1]N=Nn1nnnc1[*:2],azole_ring,azo,linker,False,*N=Nn1nnnc1*||*c1nnn(*)n1,0.362383,398,398,4.67606,4.67606,6,0,False,False,1.27323,True,,0.697424,True,,0.363967,True,,1.14483,True,,0.646189,True,,0.550421,True,,0.275734,True,,,,
cand_042,actionable,[*:2]c1nnn([*:1])n1,[*:1]N=Nc1nnn([*:2])n1,azole_ring,azo,linker,False,*N=Nc1nnn(*)n1||*c1nnn(*)n1,0.356223,332,332,4.60116,4.60116,6,0,False,False,1.30023,True,,0.69689,True,,0.345385,True,,1.15463,True,,0.599149,True,,0.504875,True,,0.208527,True,,,,
cand_042,actionable,[*:1]n1ncnn1,[*:1]n1nnnc1N=[N+]=[N-],azole_ring,azide,scaffold,False,*n1ncnn1||*n1nnnc1N=[N+]=[N-],0.393608,234,234,4.47693,4.47693,6,0,False,False,1.64049,True,,0.555787,True,,0.662647,True,,0.485648,True,,0.579372,True,,0.552986,True,,0.16454,True,,,,
cand_042,actionable,[*:1]c1nnn([*:2])n1,[*:1]N=Nc1nnnn1[*:2],azole_ring,azo,linker,False,*N=Nc1nnnn1*||*c1nnn(*)n1,0.358491,342,342,4.22356,4.22356,6,0,False,False,1.24148,True,,0.622072,True,,0.350247,True,,1.03701,True,,0.531948,True,,0.44081,True,,0.143936,True,,,,
cand_042,actionable,[*:2]c1nnn([*:1])n1,[*:1]N=Nn1nnc([*:2])n1,azole_ring,azo,linker,False,*N=Nn1nnc(*)n1||*c1nnn(*)n1,0.35839,393,393,4.1863,4.1863,6,0,False,False,1.20702,True,,0.602688,True,,0.344701,True,,1.01106,True,,0.554789,True,,0.466045,True,,0.100027,True,,,,
cand_042,actionable,[*:1]n1ncnn1,[*:1]n1nnc(N=[N+]=[N-])n1,azole_ring,azide,scaffold,False,*n1ncnn1||*n1nnc(N=[N+]=[N-])n1,0.39046,176,176,4.10694,4.10694,6,0,False,False,1.57988,True,,0.470815,True,,0.636573,True,,0.365713,True,,0.533431,True,,0.520528,True,,-0.168375,True,,,,
cand_042,actionable,[*:1]NNc1nnn([*:2])n1,[*:2]n1nnnc1N=[N+]([*:1])[O-],hydrazo,azoxy,linker,False,*NNc1nnn(*)n1||*n1nnnc1N=[N+](*)[O-],0.38714,143,143,4.09268,4.09268,6,0,False,False,0.426165,True,,1.06872,True,,0.764736,True,,0.383076,True,,0.693991,True,,0.755986,True,,0.122658,False,,,,
cand_042,actionable,[*:1]NNc1nnn([*:2])n1,[*:1]N=[N+]([O-])c1nnnn1[*:2],hydrazo,azoxy,linker,False,*N=[N+]([O-])c1nnnn1*||*NNc1nnn(*)n1,0.376686,206,206,4.04017,4.04017,6,0,False,False,0.393024,True,,1.01706,True,,0.749352,True,,0.34812,True,,0.727939,True,,0.804679,True,,0.156998,True,,,,
cand_042,actionable,[*:1]NNc1nnn([*:2])n1,[*:1]N=[N+]([O-])n1nnnc1[*:2],hydrazo,azoxy,linker,False,*N=[N+]([O-])n1nnnc1*||*NNc1nnn(*)n1,0.3872,242,242,4.01267,4.01267,6,0,False,False,0.400389,True,,1.07723,True,,0.772572,True,,0.324559,True,,0.686478,True,,0.751436,True,,0.0367844,False,,,,
cand_042,actionable,[*:1]c1nnn([*:2])n1,[*:1]N=Nn1nnnc1[*:2],azole_ring,azo,linker,False,*N=Nn1nnnc1*||*c1nnn(*)n1,0.360747,334,334,3.99535,3.99535,6,0,False,False,1.16569,True,,0.546554,True,,0.362638,True,,0.942865,True,,0.534815,True,,0.442787,True,,0.111146,True,,,,
cand_042,actionable,[*:1]NNc1nnn([*:2])n1,[*:1]N=[N+]([O-])n1nnc([*:2])n1,hydrazo,azoxy,linker,False,*N=[N+]([O-])n1nnc(*)n1||*NNc1nnn(*)n1,0.385973,216,216,3.97732,3.97732,6,0,False,False,0.371775,True,,1.05598,True,,0.779648,True,,0.338369,True,,0.690065,True,,0.741484,True,,-0.01712,False,,,,
cand_042,actionable,[*:2]c1nnn([*:1])n1,[*:1]NNn1nnnc1[*:2],azole_ring,hydrazo,linker,False,*NNn1nnnc1*||*c1nnn(*)n1,0.363514,386,386,3.9581,3.9581,6,0,False,False,0.938024,True,,0.350252,True,,0.0500214,True,,1.58906,True,,0.588806,True,,0.441934,True,,0.179119,True,,,,
cand_042,actionable,[*:1]NN[*:2],[*:1]N=[N+]([*:2])[O-],hydrazo,azoxy,linker,False,*N=[N+](*)[O-]||*NN*,0.149114,4015,4015,3.91186,3.91186,6,0,False,False,0.326838,True,,1.05673,True,,0.815419,True,,0.274361,True,,0.689952,True,,0.748555,True,,0.0589066,True,,,,
cand_042,actionable,[*:1]c1nnn([*:2])n1,[*:1]N=Nc1nnn([*:2])n1,azole_ring,azo,linker,False,*N=Nc1nnn(*)n1||*c1nnn(*)n1,0.359132,350,350,3.90856,3.90856,6,0,False,False,1.18334,True,,0.547374,True,,0.349104,True,,0.932112,True,,0.490401,True,,0.406235,True,,0.040073,False,,,,
cand_042,actionable,[*:1]NNc1nnn([*:2])n1,[*:2]n1nnc(N=[N+]([*:1])[O-])n1,hydrazo,azoxy,linker,False,*NNc1nnn(*)n1||*n1nnc(N=[N+](*)[O-])n1,0.39045,231,231,3.75314,3.75314,6,0,False,False,0.31684,True,,1.02059,True,,0.789767,True,,0.208524,True,,0.675028,True,,0.742398,True,,0.276512,True,,,,
cand_042,actionable,[*:2]c1nnn([*:1])n1,[*:1]NNc1nnnn1[*:2],azole_ring,hydrazo,linker,False,*NNc1nnnn1*||*c1nnn(*)n1,0.353325,340,340,3.53394,3.53394,6,0,False,False,0.88454,True,,0.238912,True,,0.0334778,True,,1.43352,True,,0.53368,True,,0.40981,True,,0.0617399,False,,,,
cand_042,actionable,[*:2]c1nnn([*:1])n1,[*:1]NNn1nnc([*:2])n1,azole_ring,hydrazo,linker,False,*NNn1nnc(*)n1||*c1nnn(*)n1,0.360374,429,429,3.41725,3.41725,6,0,False,False,0.86855,True,,0.257969,True,,0.0453302,True,,1.43395,True,,0.479044,True,,0.332408,True,,-0.203337,True,,,,
cand_042,actionable,[*:2]c1nnn([*:1])n1,[*:1]NNc1nnn([*:2])n1,azole_ring,hydrazo,linker,False,*NNc1nnn(*)n1||*c1nnn(*)n1,0.357457,302,302,3.29623,3.29623,6,0,False,False,0.845114,True,,0.211921,True,,0.0430512,True,,1.37479,True,,0.47719,True,,0.344168,True,,0.0342877,False,,,,
cand_042,actionable,[*:1]c1nnn([*:2])n1,[*:1]N=Nn1nnc([*:2])n1,azole_ring,azo,linker,False,*N=Nn1nnc(*)n1||*c1nnn(*)n1,0.355385,330,330,3.29485,3.29485,6,0,False,False,1.08009,True,,0.405756,True,,0.332178,True,,0.731677,True,,0.409408,True,,0.335746,True,,-0.179887,True,,,,
cand_042,actionable,[*:1]c1nnn([*:2])n1,[*:1]NNn1nnnc1[*:2],azole_ring,hydrazo,linker,False,*NNn1nnnc1*||*c1nnn(*)n1,0.357043,365,365,3.13594,3.13594,6,0,False,False,0.826481,True,,0.183081,True,,0.0505623,True,,1.33815,True,,0.438654,True,,0.299012,True,,-0.0474263,False,,,,
cand_042,actionable,[*:1]c1nnn([*:2])n1,[*:1]NNc1nnnn1[*:2],azole_ring,hydrazo,linker,False,*NNc1nnnn1*||*c1nnn(*)n1,0.356148,336,336,2.73736,2.73736,6,0,False,False,0.743623,True,,0.0703049,True,,0.0427286,True,,1.17605,True,,0.412791,True,,0.291862,True,,-0.0271239,False,,,,
cand_042,actionable,[*:1]c1nnn([*:2])n1,[*:1]NNn1nnc([*:2])n1,azole_ring,hydrazo,linker,False,*NNn1nnc(*)n1||*c1nnn(*)n1,0.354712,335,335,2.57495,2.57495,6,0,False,False,0.753706,True,,0.0800358,True,,0.0327345,True,,1.18342,True,,0.3302,True,,0.194851,True,,-0.307741,True,,,,
cand_042,actionable,[*:1]c1nnn([*:2])n1,[*:1]NNc1nnn([*:2])n1,azole_ring,hydrazo,linker,False,*NNc1nnn(*)n1||*c1nnn(*)n1,0.350426,329,329,2.37486,2.37486,6,0,False,False,0.713205,True,,0.0268665,True,,0.0205211,True,,1.08548,True,,0.323148,True,,0.205645,True,,-0.209807,True,,,,
cand_042,actionable,[*:1]c1nnn([*:2])n1,[*:2]c1nnn(N[N+](=O)[O-])c1[*:1],azole_ring,nitramine,linker,False,*c1nnn(*)n1||*c1nnn(N[N+](=O)[O-])c1*,0.416782,335,335,1.85304,1.85304,6,0,False,True,0.0511008,True,-5.59208,0.526783,True,73.3059,0.350804,True,6.27957,0.12756,True,-0.1058,0.372822,True,-0.085628,0.423975,True,-0.155872,-0.409976,True,-61.8466,,,
cand_042,actionable,[*:1]c1nnn([*:2])n1,[*:1]c1nnn(N[N+](=O)[O-])c1[*:2],azole_ring,nitramine,linker,False,*c1nnn(*)n1||*c1nnn(N[N+](=O)[O-])c1*,0.406666,404,404,1.5689,1.5689,6,0,False,True,0.0474787,True,-5.59208,0.434563,True,73.3059,0.292453,True,6.27957,0.0733892,True,-0.1058,0.333097,True,-0.085628,0.387919,True,-0.155872,-0.431373,True,-61.8466,,,
cand_042,actionable,[*:1]Nc1nnn([*:2])n1,[*:1]Nn1nnnc1[*:2],azole_ring,azole_ring,linker,False,*Nc1nnn(*)n1||*Nn1nnnc1*,0.296781,590,590,0.586504,0.586504,5,0,False,False,0.112857,True,,0.133311,True,,-1.00442e-18,False,,0.194414,True,,0.0770241,True,,0.068899,True,,0.0758934,True,,,,
cand_042,actionable,[*:1]NNc1nnn([*:2])n1,[*:1]NNn1nnnc1[*:2],hydrazo,hydrazo,linker,False,*NNc1nnn(*)n1||*NNn1nnnc1*,0.353525,331,331,0.524164,0.524164,5,0,False,False,0.0855983,True,,0.103341,True,,-1.79035e-18,False,,0.158828,True,,0.088843,True,,0.087554,True,,0.116797,True,,,,
cand_042,actionable,[*:1]Nc1nnn([*:2])n1,[*:1]Nc1nnnn1[*:2],azole_ring,azole_ring,linker,False,*Nc1nnn(*)n1||*Nc1nnnn1*,0.296477,606,606,0.357168,0.357168,5,0,False,True,0.0518527,True,4.01732,0.0596833,True,19.2097,0,False,0,0.088328,True,0.0164,0.0743302,True,0.134681,0.082974,True,1.36349,0.152069,True,61.9375,,,
cand_042,actionable,[*:1]c1nnn(N=[N+]=[N-])n1,[*:1]c1nnnn1N=[N+]=[N-],azide,azide,scaffold,False,*c1nnn(N=[N+]=[N-])n1||*c1nnnn1N=[N+]=[N-],0.395339,229,229,0.352403,0.352403,5,0,False,False,0.0738585,True,,0.0859202,True,,0,False,,0.119177,True,,0.038839,True,,0.034608,True,,-0.0988083,False,,,,
cand_042,actionable,[*:1]NNc1nnn([*:2])n1,[*:1]NNc1nnnn1[*:2],hydrazo,hydrazo,linker,False,*NNc1nnn(*)n1||*NNc1nnnn1*,0.358294,324,324,0.34326,0.34326,5,0,False,True,0.0475121,True,4.01732,0.0568088,True,19.2097,0,False,0,0.0882654,True,0.0164,0.0730358,True,0.134681,0.0776379,True,1.36349,0.150102,True,61.9375,,,
cand_042,actionable,[*:1]c1nnn([*:2])n1,[*:2]c1nnnn1[*:1],azole_ring,azole_ring,linker,False,*c1nnn(*)n1||*c1nnnn1*,0.257644,2457,2457,0.31729,0.31729,5,0,False,True,0.0573355,True,4.01732,0.0696148,True,19.2097,-2.41191e-19,False,0,0.100322,True,0.0164,0.0464741,True,0.134681,0.0435433,True,1.36349,0.109291,True,61.9375,,,
cand_042,actionable,[*:1]Nc1nnn([*:2])n1,[*:1]Nn1nnc([*:2])n1,azole_ring,azole_ring,linker,False,*Nc1nnn(*)n1||*Nn1nnc(*)n1,0.294748,550,550,0.313818,0.313818,5,0,False,False,0.0666932,True,,0.0817783,True,,0,False,,0.121744,True,,0.0272393,True,,0.016363,True,,-0.116371,True,,,,
cand_042,actionable,[*:1]c1nnn([*:2])n1,[*:1]c1nnnn1[*:2],azole_ring,azole_ring,linker,False,*c1nnn(*)n1||*c1nnnn1*,0.258151,2833,2833,0.304252,0.304252,5,0,False,True,0.0551249,True,4.01732,0.0662557,True,19.2097,0,False,0,0.0947991,True,0.0164,0.0449933,True,0.134681,0.0430791,True,1.36349,0.118519,True,61.9375,,,
cand_042,actionable,[*:1]n1ncnn1,[*:1]n1cnnn1,azole_ring,azole_ring,scaffold,False,*n1cnnn1||*n1ncnn1,0.31679,360,360,0.267555,0.267555,5,0,False,True,0.0337936,True,3.80459,0.0537874,True,18.1925,-0,False,0,0.0835862,True,0.0156,0.0488291,True,0.183617,0.0475588,True,1.90478,-0.00339368,False,17.7129,,,
cand_042,actionable,[*:1]NNc1nnn([*:2])n1,[*:1]NNn1nnc([*:2])n1,hydrazo,hydrazo,linker,False,*NNc1nnn(*)n1||*NNn1nnc(*)n1,0.352913,315,315,0.1812,0.200351,3,0,False,False,0.0406317,True,,0.0529851,True,,0,False,,0.087583,True,,0.0149176,False,,0.00423405,False,,-0.179545,True,,,,
cand_042,actionable,[*:1]c1nnn([*:2])n1,[*:2]c1nnn([*:1])n1,azole_ring,azole_ring,linker,False,*c1nnn(*)n1||*c1nnn(*)n1,0.260615,1165,1165,0.0453822,0.0112472,2,0,False,False,-0.00809051,False,,-0.00850428,False,,0,False,,-0.0175402,False,,0.0185507,True,,0.0268315,True,,0.0700273,True,,,,
cand_043,actionable,[*:1]n1ncnn1,[*:1]n1nnnc1[N+](=O)[O-],azole_ring,nitro,scaffold,False,*n1ncnn1||*n1nnnc1[N+](=O)[O-],0.395954,230,230,6.22863,6.22863,6,0,False,False,0.289934,True,,1.18885,True,,1.33358,True,,0.805375,True,,1.27622,True,,1.33468,True,,-0.792749,True,,,,
cand_043,actionable,[*:1]n1ncnn1,[*:1]c1nnnn1N[N+](=O)[O-],azole_ring,nitramine,scaffold,False,*c1nnnn1N[N+](=O)[O-]||*n1ncnn1,0.421195,242,242,6.03735,6.03735,6,0,False,False,0.422023,True,,0.923697,True,,1.28112,True,,0.853378,True,,1.25666,True,,1.30047,True,,-0.798837,True,,,,
cand_043,actionable,[*:1][H],[*:1]N[N+](=O)[O-],other,nitramine,substituent,False,*N[N+](=O)[O-]||*[H],0.189405,5877,5877,5.99818,5.99818,6,0,False,False,0.324233,True,,0.88904,True,,1.3388,True,,0.827536,True,,1.29303,True,,1.32554,True,,-0.514252,True,,,,
cand_043,actionable,[*:1]n1ncnn1,[*:1]c1nnnn1[N+](=O)[O-],azole_ring,nitro,scaffold,False,*c1nnnn1[N+](=O)[O-]||*n1ncnn1,0.393758,246,246,5.99056,5.99056,6,0,False,False,0.227716,True,,1.10422,True,,1.3216,True,,0.714507,True,,1.27547,True,,1.34705,True,,-0.605233,True,,,,
cand_043,actionable,[*:1][H],[*:1][N+](=O)[O-],other,nitro,substituent,False,*[H]||*[N+](=O)[O-],0.145088,11162,11162,5.96247,5.96247,6,0,False,True,0.234161,True,9.03384,1.20139,True,262.674,1.33037,True,30.8258,0.785731,True,-0.0398,1.1891,True,0.258706,1.22172,True,2.66812,-0.507219,True,-24.0525,,,
cand_043,actionable,[*:1]n1ncnn1,[*:1]c1nnn(N[N+](=O)[O-])n1,azole_ring,nitramine,scaffold,False,*c1nnn(N[N+](=O)[O-])n1||*n1ncnn1,0.421008,220,220,5.9189,5.9189,6,0,False,False,0.398982,True,,0.868332,True,,1.2635,True,,0.830741,True,,1.25368,True,,1.30367,True,,-0.867255,True,,,,
cand_043,actionable,[*:1]n1cnnn1,[*:1]n1nnnc1[N+](=O)[O-],azole_ring,nitro,scaffold,False,*n1cnnn1||*n1nnnc1[N+](=O)[O-],0.391358,197,197,5.91171,5.91171,6,0,False,False,0.273064,True,,1.1069,True,,1.29383,True,,0.770725,True,,1.20569,True,,1.2615,True,,-0.961467,True,,,,
cand_043,actionable,[*:1]n1cnnn1,[*:1]c1nnnn1N[N+](=O)[O-],azole_ring,nitramine,scaffold,False,*c1nnnn1N[N+](=O)[O-]||*n1cnnn1,0.421747,206,206,5.90055,5.90055,6,0,False,False,0.395863,True,,0.887343,True,,1.29369,True,,0.830264,True,,1.23043,True,,1.26296,True,,-0.742385,True,,,,
cand_043,actionable,[*:1]n1ncnn1,[*:1]n1nnnc1N[N+](=O)[O-],azole_ring,nitramine,scaffold,False,*n1ncnn1||*n1nnnc1N[N+](=O)[O-],0.417489,235,235,5.76359,5.76359,6,0,False,False,0.366529,True,,0.77827,True,,1.23648,True,,0.753862,True,,1.27637,True,,1.35207,True,,-0.59273,True,,,,
cand_043,actionable,[*:1]n1ncnn1,[*:1]c1nnn([N+](=O)[O-])n1,azole_ring,nitro,scaffold,False,*c1nnn([N+](=O)[O-])n1||*n1ncnn1,0.397299,228,228,5.74998,5.74998,6,0,False,False,0.165378,True,,1.06997,True,,1.34095,True,,0.612209,True,,1.24257,True,,1.3189,True,,-0.478844,True,,,,
cand_043,actionable,[*:1]n1ncnn1,[*:1]n1nnc([N+](=O)[O-])n1,azole_ring,nitro,scaffold,False,*n1ncnn1||*n1nnc([N+](=O)[O-])n1,0.395615,212,212,5.73048,5.73048,6,0,False,False,0.171635,True,,1.06769,True,,1.34351,True,,0.617809,True,,1.23121,True,,1.29863,True,,-0.672958,True,,,,
cand_043,actionable,[*:1]n1ncnn1,[*:1]c1nnnn1N=[N+]=[N-],azole_ring,azide,scaffold,False,*c1nnnn1N=[N+]=[N-]||*n1ncnn1,0.395546,222,222,5.66684,5.66684,6,0,False,False,1.85673,True,,0.828205,True,,0.665024,True,,0.865566,True,,0.744194,True,,0.707124,True,,0.234698,True,,,,
cand_043,actionable,[*:1]n1cnnn1,[*:1]c1nnnn1[N+](=O)[O-],azole_ring,nitro,scaffold,False,*c1nnnn1[N+](=O)[O-]||*n1cnnn1,0.387251,243,243,5.5597,5.5597,6,0,False,False,0.191236,True,,0.979734,True,,1.27645,True,,0.618551,True,,1.20716,True,,1.28656,True,,-0.677783,True,,,,
cand_043,actionable,[*:1]n1cnnn1,[*:1]n1nnnc1N[N+](=O)[O-],azole_ring,nitramine,scaffold,False,*n1cnnn1||*n1nnnc1N[N+](=O)[O-],0.418723,164,164,5.5509,5.5509,6,0,False,False,0.329096,True,,0.736148,True,,1.22845,True,,0.686914,True,,1.24101,True,,1.32929,True,,-0.651655,True,,,,
cand_043,actionable,[*:1]n1cnnn1,[*:1]c1nnn([N+](=O)[O-])n1,azole_ring,nitro,scaffold,False,*c1nnn([N+](=O)[O-])n1||*n1cnnn1,0.397374,227,227,5.46536,5.46536,6,0,False,False,0.11473,True,,1.03099,True,,1.34929,True,,0.537146,True,,1.18159,True,,1.25162,True,,-0.509196,True,,,,
cand_043,actionable,[*:1]n1ncnn1,[*:1]n1nnc(N[N+](=O)[O-])n1,azole_ring,nitramine,scaffold,False,*n1ncnn1||*n1nnc(N[N+](=O)[O-])n1,0.419431,177,177,5.46311,5.46311,6,0,False,False,0.301468,True,,0.741202,True,,1.25217,True,,0.701098,True,,1.20463,True,,1.26254,True,,-0.772607,True,,,,
cand_043,actionable,[*:1]n1cnnn1,[*:1]c1nnn(N[N+](=O)[O-])n1,azole_ring,nitramine,scaffold,False,*c1nnn(N[N+](=O)[O-])n1||*n1cnnn1,0.418398,188,188,5.4048,5.4048,6,0,False,False,0.351237,True,,0.747068,True,,1.20353,True,,0.7056,True,,1.16263,True,,1.23474,True,,-0.916488,True,,,,
cand_043,actionable,[*:1]n1cnnn1,[*:1]n1nnc([N+](=O)[O-])n1,azole_ring,nitro,scaffold,False,*n1cnnn1||*n1nnc([N+](=O)[O-])n1,0.391663,249,249,5.37825,5.37825,6,0,False,False,0.144357,True,,0.948766,True,,1.29642,True,,0.545122,True,,1.18269,True,,1.26089,True,,-0.723643,True,,,,
cand_043,actionable,[*:1]n1ncnn1,[*:1]c1nnn(N=[N+]=[N-])n1,azole_ring,azide,scaffold,False,*c1nnn(N=[N+]=[N-])n1||*n1ncnn1,0.395437,221,221,5.32475,5.32475,6,0,False,False,1.79373,True,,0.746861,True,,0.657509,True,,0.756751,True,,0.701191,True,,0.668711,True,,0.326378,True,,,,
cand_043,actionable,[*:1]n1cnnn1,[*:1]c1nnnn1N=[N+]=[N-],azole_ring,azide,scaffold,False,*c1nnnn1N=[N+]=[N-]||*n1cnnn1,0.391064,256,256,5.25695,5.25695,6,0,False,False,1.83292,True,,0.743577,True,,0.627035,True,,0.756638,True,,0.66215,True,,0.634623,True,,0.226794,True,,,,
cand_043,actionable,[*:1]n1cnnn1,[*:1]n1nnc(N[N+](=O)[O-])n1,azole_ring,nitramine,scaffold,False,*n1cnnn1||*n1nnc(N[N+](=O)[O-])n1,0.416918,230,230,5.18671,5.18671,6,0,False,False,0.274516,True,,0.695455,True,,1.24125,True,,0.611538,True,,1.15065,True,,1.21331,True,,-0.808248,True,,,,
cand_043,actionable,[*:1]n1cnnn1,[*:1]c1nnn(N=[N+]=[N-])n1,azole_ring,azide,scaffold,False,*c1nnn(N=[N+]=[N-])n1||*n1cnnn1,0.396984,204,204,5.12644,5.12644,6,0,False,False,1.75494,True,,0.708411,True,,0.670692,True,,0.687376,True,,0.669258,True,,0.635763,True,,0.324515,True,,,,
cand_043,actionable,[*:1][H],[*:1]N=[N+]=[N-],other,azide,substituent,False,*N=[N+]=[N-]||*[H],0.148547,5460,5460,4.78796,4.78796,6,0,False,False,1.6527,True,,0.623367,True,,0.697449,True,,0.590303,True,,0.634074,True,,0.590066,True,,0.000225854,False,,,,
cand_043,actionable,[*:1]n1cnnn1,[*:1]n1nnnc1N=[N+]=[N-],azole_ring,azide,scaffold,False,*n1cnnn1||*n1nnnc1N=[N+]=[N-],0.4,173,173,4.50066,4.50066,6,0,False,False,1.61274,True,,0.569006,True,,0.699722,True,,0.493093,True,,0.58453,True,,0.541571,True,,0.0771344,False,,,,
cand_043,actionable,[*:1]n1ncnn1,[*:1]n1nnnc1N=[N+]=[N-],azole_ring,azide,scaffold,False,*n1ncnn1||*n1nnnc1N=[N+]=[N-],0.393608,234,234,4.47693,4.47693,6,0,False,False,1.64049,True,,0.555787,True,,0.662647,True,,0.485648,True,,0.579372,True,,0.552986,True,,0.16454,True,,,,
cand_043,actionable,[*:1]n1ncnn1,[*:1]n1nnc(N=[N+]=[N-])n1,azole_ring,azide,scaffold,False,*n1ncnn1||*n1nnc(N=[N+]=[N-])n1,0.39046,176,176,4.10694,4.10694,6,0,False,False,1.57988,True,,0.470815,True,,0.636573,True,,0.365713,True,,0.533431,True,,0.520528,True,,-0.168375,True,,,,
cand_043,actionable,[*:1]n1cnnn1,[*:1]n1nnc(N=[N+]=[N-])n1,azole_ring,azide,scaffold,False,*n1cnnn1||*n1nnc(N=[N+]=[N-])n1,0.396897,243,243,3.99797,3.99797,6,0,False,False,1.54735,True,,0.443323,True,,0.662316,True,,0.334195,True,,0.515139,True,,0.495649,True,,-0.352393,True,,,,
cand_043,actionable,[*:1]NN[*:2],[*:1]N=[N+]([*:2])[O-],hydrazo,azoxy,linker,False,*N=[N+](*)[O-]||*NN*,0.149114,4015,4015,3.91186,3.91186,6,0,False,True,0.326838,True,20.7638,1.05673,True,323.495,0.815419,True,21.9565,0.274361,True,-0.0349,0.689952,True,-0.0164488,0.748555,True,-0.0753233,0.0589066,True,11.5596,,,
cand_043,actionable,[*:1]n1ncnn1,[*:1]n1cnnn1,azole_ring,azole_ring,scaffold,False,*n1cnnn1||*n1ncnn1,0.31679,360,360,0.267555,0.267555,5,0,False,True,0.0337936,True,4.76468,0.0537874,True,28.3409,-0,False,0,0.0835862,True,0.0264,0.0488291,True,-0.0162305,0.0475588,True,-0.315281,-0.00339368,False,-28.6501,,,
cand_044,actionable,[*:2]c1nnnn1[*:1],[*:1]N=[N+]([O-])n1nnnc1[*:2],azole_ring,azoxy,linker,False,*N=[N+]([O-])n1nnnc1*||*c1nnnn1*,0.392432,280,280,7.39917,7.39917,6,0,False,False,1.23564,True,,1.29928,True,,0.829576,True,,1.74442,True,,1.1854,True,,1.10485,True,,-0.100889,True,,,,
cand_044,actionable,[*:2]c1nnnn1[*:1],[*:1]N=[N+]([O-])c1nnnn1[*:2],azole_ring,azoxy,linker,False,*N=[N+]([O-])c1nnnn1*||*c1nnnn1*,0.380296,193,193,7.18294,7.18294,6,0,False,False,1.23795,True,,1.23659,True,,0.790892,True,,1.68949,True,,1.14851,True,,1.0795,True,,-0.171171,True,,,,
cand_044,actionable,[*:2]c1nnnn1[*:1],[*:1]N=[N+]([O-])n1nnc([*:2])n1,azole_ring,azoxy,linker,False,*N=[N+]([O-])n1nnc(*)n1||*c1nnnn1*,0.386847,275,275,7.07244,7.07244,6,0,False,False,1.19325,True,,1.21169,True,,0.802861,True,,1.64893,True,,1.14311,True,,1.07258,True,,-0.0690075,False,,,,
cand_044,actionable,[*:1]c1nnnn1[*:2],[*:1]c1nnnn1N=[N+]([*:2])[O-],azole_ring,azoxy,linker,False,*c1nnnn1*||*c1nnnn1N=[N+](*)[O-],0.384684,108,108,7.02768,7.02768,6,0,False,False,1.18176,True,,1.14919,True,,0.79885,True,,1.54468,True,,1.1966,True,,1.1566,True,,0.219111,True,,,,
cand_044,actionable,[*:1]c1nnnn1[*:2],[*:2]n1nnnc1N=[N+]([*:1])[O-],azole_ring,azoxy,linker,False,*c1nnnn1*||*n1nnnc1N=[N+](*)[O-],0.387609,122,122,6.97978,6.97978,6,0,False,False,1.16054,True,,1.17138,True,,0.834346,True,,1.60279,True,,1.14116,True,,1.06956,True,,0.160271,True,,,,
cand_044,actionable,[*:1]c1nnnn1[*:2],[*:1]n1nnnc1N=[N+]([*:2])[O-],azole_ring,azoxy,linker,False,*c1nnnn1*||*n1nnnc1N=[N+](*)[O-],0.381342,140,140,6.77105,6.77105,6,0,False,False,1.13232,True,,1.07776,True,,0.793782,True,,1.46168,True,,1.16784,True,,1.13768,True,,0.300078,True,,,,
cand_044,actionable,[*:1]c1nnnn1[*:2],[*:1]n1nnc(N=[N+]([*:2])[O-])n1,azole_ring,azoxy,linker,False,*c1nnnn1*||*n1nnc(N=[N+](*)[O-])n1,0.382376,243,243,6.74472,6.74472,6,0,False,False,1.09841,True,,1.08922,True,,0.804593,True,,1.45168,True,,1.16528,True,,1.13554,True,,0.218252,True,,,,
cand_044,actionable,[*:1]c1nnnn1[*:2],[*:1]N=[N+]([O-])c1nnnn1[*:2],azole_ring,azoxy,linker,False,*N=[N+]([O-])c1nnnn1*||*c1nnnn1*,0.387444,216,216,6.14634,6.14634,6,0,False,False,1.0166,True,,0.992261,True,,0.829325,True,,1.31178,True,,1.02557,True,,0.970802,True,,0.00583282,False,,,,
cand_044,actionable,[*:1][H],[*:1]N[N+](=O)[O-],other,nitramine,substituent,False,*N[N+](=O)[O-]||*[H],0.189405,5877,5877,5.99818,5.99818,6,0,False,False,0.324233,True,,0.88904,True,,1.3388,True,,0.827536,True,,1.29303,True,,1.32554,True,,-0.514252,True,,,,
cand_044,actionable,[*:1][H],[*:1][N+](=O)[O-],other,nitro,substituent,False,*[H]||*[N+](=O)[O-],0.145088,11162,11162,5.96247,5.96247,6,0,False,False,0.234161,True,,1.20139,True,,1.33037,True,,0.785731,True,,1.1891,True,,1.22172,True,,-0.507219,True,,,,
cand_044,actionable,[*:1]c1nnnn1[*:2],[*:2]n1nnc(N=[N+]([*:1])[O-])n1,azole_ring,azoxy,linker,False,*c1nnnn1*||*n1nnc(N=[N+](*)[O-])n1,0.381536,249,249,5.94401,5.94401,6,0,False,False,0.991857,True,,0.919359,True,,0.786746,True,,1.22979,True,,1.0227,True,,0.99356,True,,0.189938,True,,,,
cand_044,actionable,[*:1]c1nnnn1[*:2],[*:1]N=[N+]([O-])n1nnnc1[*:2],azole_ring,azoxy,linker,False,*N=[N+]([O-])n1nnnc1*||*c1nnnn1*,0.386172,229,229,5.94241,5.94241,6,0,False,False,1.01177,True,,0.953617,True,,0.810754,True,,1.25172,True,,0.978768,True,,0.935784,True,,-0.0654356,False,,,,
cand_044,actionable,[*:1]n1cnnn1,[*:1]n1nnnc1[N+](=O)[O-],azole_ring,nitro,scaffold,False,*n1cnnn1||*n1nnnc1[N+](=O)[O-],0.391358,197,197,5.91171,5.91171,6,0,False,False,0.273064,True,,1.1069,True,,1.29383,True,,0.770725,True,,1.20569,True,,1.2615,True,,-0.961467,True,,,,
cand_044,actionable,[*:1]c1nnnn1[*:2],[*:1]N=[N+]([O-])n1nnc([*:2])n1,azole_ring,azoxy,linker,False,*N=[N+]([O-])n1nnc(*)n1||*c1nnnn1*,0.383065,259,259,5.90937,5.90937,6,0,False,False,0.973511,True,,0.966867,True,,0.837706,True,,1.25181,True,,0.973185,True,,0.906291,True,,-0.132316,True,,,,
cand_044,actionable,[*:1]n1cnnn1,[*:1]c1nnnn1N[N+](=O)[O-],azole_ring,nitramine,scaffold,False,*c1nnnn1N[N+](=O)[O-]||*n1cnnn1,0.421747,206,206,5.90055,5.90055,6,0,False,False,0.395863,True,,0.887343,True,,1.29369,True,,0.830264,True,,1.23043,True,,1.26296,True,,-0.742385,True,,,,
cand_044,actionable,[*:1]n1cnnn1,[*:1]c1nnnn1[N+](=O)[O-],azole_ring,nitro,scaffold,False,*c1nnnn1[N+](=O)[O-]||*n1cnnn1,0.387251,243,243,5.5597,5.5597,6,0,False,False,0.191236,True,,0.979734,True,,1.27645,True,,0.618551,True,,1.20716,True,,1.28656,True,,-0.677783,True,,,,
cand_044,actionable,[*:1]n1cnnn1,[*:1]n1nnnc1N[N+](=O)[O-],azole_ring,nitramine,scaffold,False,*n1cnnn1||*n1nnnc1N[N+](=O)[O-],0.418723,164,164,5.5509,5.5509,6,0,False,False,0.329096,True,,0.736148,True,,1.22845,True,,0.686914,True,,1.24101,True,,1.32929,True,,-0.651655,True,,,,
cand_044,actionable,[*:1]n1cnnn1,[*:1]c1nnn([N+](=O)[O-])n1,azole_ring,nitro,scaffold,False,*c1nnn([N+](=O)[O-])n1||*n1cnnn1,0.397374,227,227,5.46536,5.46536,6,0,False,False,0.11473,True,,1.03099,True,,1.34929,True,,0.537146,True,,1.18159,True,,1.25162,True,,-0.509196,True,,,,
cand_044,actionable,[*:1]n1cnnn1,[*:1]c1nnn(N[N+](=O)[O-])n1,azole_ring,nitramine,scaffold,False,*c1nnn(N[N+](=O)[O-])n1||*n1cnnn1,0.418398,188,188,5.4048,5.4048,6,0,False,False,0.351237,True,,0.747068,True,,1.20353,True,,0.7056,True,,1.16263,True,,1.23474,True,,-0.916488,True,,,,
cand_044,actionable,[*:1]n1cnnn1,[*:1]n1nnc([N+](=O)[O-])n1,azole_ring,nitro,scaffold,False,*n1cnnn1||*n1nnc([N+](=O)[O-])n1,0.391663,249,249,5.37825,5.37825,6,0,False,True,0.144357,True,4.17393,0.948766,True,159.828,1.29642,True,23.1911,0.545122,True,-0.0439,1.18269,True,0.132664,1.26089,True,1.36781,-0.723643,True,-53.857,,,
cand_044,actionable,[*:1]n1cnnn1,[*:1]c1nnnn1N=[N+]=[N-],azole_ring,azide,scaffold,False,*c1nnnn1N=[N+]=[N-]||*n1cnnn1,0.391064,256,256,5.25695,5.25695,6,0,False,True,1.83292,True,93.9437,0.743577,True,126.427,0.627035,True,10.097,0.756638,True,0.0245,0.66215,True,0.19978,0.634623,True,1.92976,0.226794,True,134.055,,,
cand_044,actionable,[*:1]n1cnnn1,[*:1]n1nnc(N[N+](=O)[O-])n1,azole_ring,nitramine,scaffold,False,*n1cnnn1||*n1nnc(N[N+](=O)[O-])n1,0.416918,230,230,5.18671,5.18671,6,0,False,False,0.274516,True,,0.695455,True,,1.24125,True,,0.611538,True,,1.15065,True,,1.21331,True,,-0.808248,True,,,,
cand_044,actionable,[*:1]n1cnnn1,[*:1]c1nnn(N=[N+]=[N-])n1,azole_ring,azide,scaffold,False,*c1nnn(N=[N+]=[N-])n1||*n1cnnn1,0.396984,204,204,5.12644,5.12644,6,0,False,False,1.75494,True,,0.708411,True,,0.670692,True,,0.687376,True,,0.669258,True,,0.635763,True,,0.324515,True,,,,
cand_044,actionable,[*:2]c1nnnn1[*:1],[*:1]N=Nc1nnnn1[*:2],azole_ring,azo,linker,False,*N=Nc1nnnn1*||*c1nnnn1*,0.355949,350,350,4.82301,4.82301,6,0,False,False,1.32338,True,,0.730511,True,,0.358726,True,,1.1928,True,,0.655076,True,,0.562518,True,,0.123372,True,,,,
cand_044,actionable,[*:1][H],[*:1]N=[N+]=[N-],other,azide,substituent,False,*N=[N+]=[N-]||*[H],0.148547,5460,5460,4.78796,4.78796,6,0,False,False,1.6527,True,,0.623367,True,,0.697449,True,,0.590303,True,,0.634074,True,,0.590066,True,,0.000225854,False,,,,
cand_044,actionable,[*:1]n1cnnn1,[*:1]n1nnnc1N=[N+]=[N-],azole_ring,azide,scaffold,False,*n1cnnn1||*n1nnnc1N=[N+]=[N-],0.4,173,173,4.50066,4.50066,6,0,False,False,1.61274,True,,0.569006,True,,0.699722,True,,0.493093,True,,0.58453,True,,0.541571,True,,0.0771344,False,,,,
cand_044,actionable,[*:2]c1nnnn1[*:1],[*:1]N=Nc1nnn([*:2])n1,azole_ring,azo,linker,False,*N=Nc1nnn(*)n1||*c1nnnn1*,0.35656,356,356,4.40896,4.40896,6,0,False,False,1.26223,True,,0.639687,True,,0.340861,True,,1.06383,True,,0.590047,True,,0.512296,True,,0.111891,True,,,,
cand_044,actionable,[*:2]c1nnnn1[*:1],[*:1]N=Nn1nnnc1[*:2],azole_ring,azo,linker,False,*N=Nn1nnnc1*||*c1nnnn1*,0.356653,386,386,4.35206,4.35206,6,0,False,False,1.23532,True,,0.615186,True,,0.330104,True,,1.0263,True,,0.60749,True,,0.537659,True,,0.166134,True,,,,
cand_044,actionable,[*:1]n1cnnn1,[*:1]n1nnc(N=[N+]=[N-])n1,azole_ring,azide,scaffold,False,*n1cnnn1||*n1nnc(N=[N+]=[N-])n1,0.396897,243,243,3.99797,3.99797,6,0,False,False,1.54735,True,,0.443323,True,,0.662316,True,,0.334195,True,,0.515139,True,,0.495649,True,,-0.352393,True,,,,
cand_044,actionable,[*:2]c1nnnn1[*:1],[*:1]N=Nn1nnc([*:2])n1,azole_ring,azo,linker,False,*N=Nn1nnc(*)n1||*c1nnnn1*,0.355887,402,402,3.93208,3.93208,6,0,False,False,1.17085,True,,0.536145,True,,0.333633,True,,0.916776,True,,0.52508,True,,0.449589,True,,-0.0634601,False,,,,
cand_044,actionable,[*:1]NN[*:2],[*:1]N=[N+]([*:2])[O-],hydrazo,azoxy,linker,False,*N=[N+](*)[O-]||*NN*,0.149114,4015,4015,3.91186,3.91186,6,0,False,False,0.326838,True,,1.05673,True,,0.815419,True,,0.274361,True,,0.689952,True,,0.748555,True,,0.0589066,True,,,,
cand_044,actionable,[*:1]NNn1nnnc1[*:2],[*:2]c1nnnn1N=[N+]([*:1])[O-],hydrazo,azoxy,linker,False,*NNn1nnnc1*||*c1nnnn1N=[N+](*)[O-],0.38568,101,101,3.77562,3.77562,6,0,False,False,0.380087,True,,1.02672,True,,0.764026,True,,0.265424,True,,0.637316,True,,0.702048,True,,0.0876812,False,,,,
cand_044,actionable,[*:1]c1nnnn1[*:2],[*:1]N=Nc1nnnn1[*:2],azole_ring,azo,linker,False,*N=Nc1nnnn1*||*c1nnnn1*,0.351097,336,336,3.75447,3.75447,6,0,False,False,1.17631,True,,0.503957,True,,0.330506,True,,0.868255,True,,0.473577,True,,0.401863,True,,0.159668,True,,,,
cand_044,actionable,[*:2]c1nnnn1[*:1],[*:1]NNn1nnnc1[*:2],azole_ring,hydrazo,linker,False,*NNn1nnnc1*||*c1nnnn1*,0.35995,369,369,3.64902,3.64902,6,0,False,False,0.89669,True,,0.272185,True,,0.0281111,True,,1.47287,True,,0.55144,True,,0.42772,True,,0.0963791,True,,,,
cand_044,actionable,[*:1]c1nnnn1[*:2],[*:1]N=Nc1nnn([*:2])n1,azole_ring,azo,linker,False,*N=Nc1nnn(*)n1||*c1nnnn1*,0.356667,329,329,3.62297,3.62297,6,0,False,False,1.12524,True,,0.47018,True,,0.353315,True,,0.823885,True,,0.464077,True,,0.38627,True,,0.0930074,True,,,,
cand_044,actionable,[*:1]NNn1nnnc1[*:2],[*:2]n1nnnc1N=[N+]([*:1])[O-],hydrazo,azoxy,linker,False,*NNn1nnnc1*||*n1nnnc1N=[N+](*)[O-],0.381538,124,124,3.60962,3.60962,6,0,False,False,0.345137,True,,0.945393,True,,0.752178,True,,0.20836,True,,0.641248,True,,0.7173,True,,0.171068,True,,,,
cand_044,actionable,[*:1]NNn1nnnc1[*:2],[*:1]N=[N+]([O-])c1nnnn1[*:2],hydrazo,azoxy,linker,False,*N=[N+]([O-])c1nnnn1*||*NNn1nnnc1*,0.386492,196,196,3.58178,3.58178,6,0,False,False,0.304919,True,,0.977524,True,,0.7793,True,,0.185311,True,,0.633135,True,,0.701595,True,,-0.0112245,False,,,,
cand_044,actionable,[*:1]NNn1nnnc1[*:2],[*:1]N=[N+]([O-])n1nnnc1[*:2],hydrazo,azoxy,linker,False,*N=[N+]([O-])n1nnnc1*||*NNn1nnnc1*,0.383421,281,281,3.49913,3.49913,6,0,False,False,0.318368,True,,0.92779,True,,0.755612,True,,0.190758,True,,0.618484,True,,0.688114,True,,-0.124634,True,,,,
cand_044,actionable,[*:1]c1nnnn1[*:2],[*:1]N=Nn1nnnc1[*:2],azole_ring,azo,linker,False,*N=Nn1nnnc1*||*c1nnnn1*,0.354557,319,319,3.49741,3.49741,6,0,False,False,1.09274,True,,0.42757,True,,0.346433,True,,0.758009,True,,0.470057,True,,0.402601,True,,0.219847,True,,,,
cand_044,actionable,[*:2]c1nnnn1[*:1],[*:1]NNc1nnnn1[*:2],azole_ring,hydrazo,linker,False,*NNc1nnnn1*||*c1nnnn1*,0.357605,308,308,3.39303,3.39303,6,0,False,False,0.844118,True,,0.200872,True,,0.0369562,True,,1.37573,True,,0.528407,True,,0.406946,True,,-0.0578213,False,,,,
cand_044,actionable,[*:2]c1nnnn1[*:1],[*:1]NNn1nnc([*:2])n1,azole_ring,hydrazo,linker,False,*NNn1nnc(*)n1||*c1nnnn1*,0.361736,393,393,3.28999,3.28999,6,0,False,False,0.833756,True,,0.207705,True,,0.0440876,True,,1.38185,True,,0.481115,True,,0.341475,True,,-0.243635,True,,,,
cand_044,actionable,[*:1]NNn1nnnc1[*:2],[*:1]N=[N+]([O-])n1nnc([*:2])n1,hydrazo,azoxy,linker,False,*N=[N+]([O-])n1nnc(*)n1||*NNn1nnnc1*,0.388177,284,284,3.28792,3.28792,6,0,False,False,0.259273,True,,0.886412,True,,0.770162,True,,0.119598,True,,0.592501,True,,0.659977,True,,-0.176656,True,,,,
cand_044,actionable,[*:1]NNn1nnnc1[*:2],[*:2]n1nnc(N=[N+]([*:1])[O-])n1,hydrazo,azoxy,linker,False,*NNn1nnnc1*||*n1nnc(N=[N+](*)[O-])n1,0.383234,240,240,3.07909,3.1191,5,0,False,False,0.218088,True,,0.796665,True,,0.756166,True,,0.0400139,False,,0.610524,True,,0.697644,True,,0.162702,True,,,,
cand_044,actionable,[*:1]c1nnnn1[*:2],[*:1]N=Nn1nnc([*:2])n1,azole_ring,azo,linker,False,*N=Nn1nnc(*)n1||*c1nnnn1*,0.351134,325,325,3.02894,3.02894,6,0,False,False,1.03313,True,,0.332837,True,,0.326176,True,,0.62886,True,,0.384432,True,,0.323499,True,,0.0338713,False,,,,
cand_044,actionable,[*:2]c1nnnn1[*:1],[*:1]NNc1nnn([*:2])n1,azole_ring,hydrazo,linker,False,*NNc1nnn(*)n1||*c1nnnn1*,0.354073,326,326,2.92851,2.92851,6,0,False,False,0.787273,True,,0.125173,True,,0.0243631,True,,1.22938,True,,0.436184,True,,0.326137,True,,-0.0216373,False,,,,
cand_044,actionable,[*:1]c1nnnn1[*:2],[*:1]NNn1nnnc1[*:2],azole_ring,hydrazo,linker,False,*NNn1nnnc1*||*c1nnnn1*,0.353396,307,307,2.84277,2.84277,6,0,False,False,0.765018,True,,0.0848097,True,,0.0448634,True,,1.22263,True,,0.42504,True,,0.30041,True,,-0.0312679,False,,,,
cand_044,actionable,[*:1]c1nnnn1[*:2],[*:1]NNc1nnnn1[*:2],azole_ring,hydrazo,linker,False,*NNc1nnnn1*||*c1nnnn1*,0.352717,357,357,2.45199,2.43486,5,0,False,False,0.693648,True,,-0.0171293,False,,0.030827,True,,1.06987,True,,0.381362,True,,0.276284,True,,-0.0595134,False,,,,
cand_044,actionable,[*:1]c1nnnn1[*:2],[*:1]NNn1nnc([*:2])n1,azole_ring,hydrazo,linker,False,*NNn1nnc(*)n1||*c1nnnn1*,0.352662,318,318,2.24338,2.23116,5,0,False,False,0.681101,True,,-0.0122265,False,,0.0338148,True,,1.04967,True,,0.301504,True,,0.177294,True,,-0.248633,True,,,,
cand_044,actionable,[*:1]c1nnnn1[*:2],[*:1]c1nnn(N[N+](=O)[O-])c1[*:2],azole_ring,nitramine,linker,False,*c1nnn(N[N+](=O)[O-])c1*||*c1nnnn1*,0.412549,385,385,1.50783,1.54167,4,0,False,True,0.0006166,False,0.463934,0.433216,True,98.2958,0.343985,True,6.27957,0.0332176,False,-0.0858,0.340516,True,-0.222155,0.390115,True,-1.75777,-0.462432,True,64.5104,,,
cand_044,actionable,[*:2]c1nnnn1[*:1],[*:1]c1nnn(N[N+](=O)[O-])c1[*:2],azole_ring,nitramine,linker,False,*c1nnn(N[N+](=O)[O-])c1*||*c1nnnn1*,0.410514,341,341,1.33352,1.28057,4,0,False,True,-0.0166058,False,0.463934,0.396025,True,98.2958,0.315102,True,6.27957,-0.0363459,False,-0.0858,0.285464,True,-0.222155,0.336933,True,-1.75777,-0.491826,True,64.5104,,,
cand_044,actionable,[*:1]n1nnnc1N=[N+]=[N-],[*:1]c1nnnn1N=[N+]=[N-],azide,azide,scaffold,False,*c1nnnn1N=[N+]=[N-]||*n1nnnc1N=[N+]=[N-],0.399843,254,254,1.24541,1.24541,5,0,False,False,0.230024,True,,0.280165,True,,-0,False,,0.400707,True,,0.173694,True,,0.160816,True,,0.113129,True,,,,
cand_044,actionable,[*:1]n1nnnc1N=[N+]=[N-],[*:1]c1nnn(N=[N+]=[N-])n1,azide,azide,scaffold,False,*c1nnn(N=[N+]=[N-])n1||*n1nnnc1N=[N+]=[N-],0.393562,217,217,0.885388,0.885388,5,0,False,False,0.162554,True,,0.197381,True,,-0,False,,0.276541,True,,0.126935,True,,0.121976,True,,0.220473,True,,,,
cand_044,actionable,[*:1]c1nnnn1[*:2],[*:2]c1nnnn1[*:1],azole_ring,azole_ring,linker,False,*c1nnnn1*||*c1nnnn1*,0.258476,1293,1293,0.21802,0.21802,5,0,False,True,0.0300112,True,9.77597,0.0417528,True,46.7459,0,False,0,0.057483,True,0.0401,0.0430979,True,0.00828616,0.0456756,True,-0.135119,-0.0465583,True,34.3249,,,
cand_045,actionable,[*:2]c1nnnn1[*:1],[*:1]N=[N+]([O-])n1nnnc1[*:2],azole_ring,azoxy,linker,False,*N=[N+]([O-])n1nnnc1*||*c1nnnn1*,0.392432,280,280,7.39917,7.39917,6,0,False,False,1.23564,True,,1.29928,True,,0.829576,True,,1.74442,True,,1.1854,True,,1.10485,True,,-0.100889,True,,,,
cand_045,actionable,[*:2]c1nnnn1[*:1],[*:1]N=[N+]([O-])c1nnnn1[*:2],azole_ring,azoxy,linker,False,*N=[N+]([O-])c1nnnn1*||*c1nnnn1*,0.380296,193,193,7.18294,7.18294,6,0,False,False,1.23795,True,,1.23659,True,,0.790892,True,,1.68949,True,,1.14851,True,,1.0795,True,,-0.171171,True,,,,
cand_045,actionable,[*:2]c1nnnn1[*:1],[*:1]N=[N+]([O-])n1nnc([*:2])n1,azole_ring,azoxy,linker,False,*N=[N+]([O-])n1nnc(*)n1||*c1nnnn1*,0.386847,275,275,7.07244,7.07244,6,0,False,False,1.19325,True,,1.21169,True,,0.802861,True,,1.64893,True,,1.14311,True,,1.07258,True,,-0.0690075,False,,,,
cand_045,actionable,[*:1]c1nnnn1[*:2],[*:1]c1nnnn1N=[N+]([*:2])[O-],azole_ring,azoxy,linker,False,*c1nnnn1*||*c1nnnn1N=[N+](*)[O-],0.384684,108,108,7.02768,7.02768,6,0,False,False,1.18176,True,,1.14919,True,,0.79885,True,,1.54468,True,,1.1966,True,,1.1566,True,,0.219111,True,,,,
cand_045,actionable,[*:1]c1nnnn1[*:2],[*:2]n1nnnc1N=[N+]([*:1])[O-],azole_ring,azoxy,linker,False,*c1nnnn1*||*n1nnnc1N=[N+](*)[O-],0.387609,122,122,6.97978,6.97978,6,0,False,False,1.16054,True,,1.17138,True,,0.834346,True,,1.60279,True,,1.14116,True,,1.06956,True,,0.160271,True,,,,
cand_045,actionable,[*:1]c1nnnn1[*:2],[*:1]n1nnnc1N=[N+]([*:2])[O-],azole_ring,azoxy,linker,False,*c1nnnn1*||*n1nnnc1N=[N+](*)[O-],0.381342,140,140,6.77105,6.77105,6,0,False,False,1.13232,True,,1.07776,True,,0.793782,True,,1.46168,True,,1.16784,True,,1.13768,True,,0.300078,True,,,,
cand_045,actionable,[*:1]c1nnnn1[*:2],[*:1]n1nnc(N=[N+]([*:2])[O-])n1,azole_ring,azoxy,linker,False,*c1nnnn1*||*n1nnc(N=[N+](*)[O-])n1,0.382376,243,243,6.74472,6.74472,6,0,False,False,1.09841,True,,1.08922,True,,0.804593,True,,1.45168,True,,1.16528,True,,1.13554,True,,0.218252,True,,,,
cand_045,actionable,[*:1]c1nnnn1[*:2],[*:1]N=[N+]([O-])c1nnnn1[*:2],azole_ring,azoxy,linker,False,*N=[N+]([O-])c1nnnn1*||*c1nnnn1*,0.387444,216,216,6.14634,6.14634,6,0,False,False,1.0166,True,,0.992261,True,,0.829325,True,,1.31178,True,,1.02557,True,,0.970802,True,,0.00583282,False,,,,
cand_045,actionable,[*:1][H],[*:1]N[N+](=O)[O-],other,nitramine,substituent,False,*N[N+](=O)[O-]||*[H],0.189405,5877,5877,5.99818,5.99818,6,0,False,True,0.324233,True,19.6396,0.88904,True,29.1735,1.3388,True,13.2166,0.827536,True,0.0239,1.29303,True,0.528446,1.32554,True,5.74521,-0.514252,True,1.0305,,,
cand_045,actionable,[*:1][H],[*:1][N+](=O)[O-],other,nitro,substituent,False,*[H]||*[N+](=O)[O-],0.145088,11162,11162,5.96247,5.96247,6,0,False,False,0.234161,True,,1.20139,True,,1.33037,True,,0.785731,True,,1.1891,True,,1.22172,True,,-0.507219,True,,,,
cand_045,actionable,[*:1]c1nnnn1[*:2],[*:2]n1nnc(N=[N+]([*:1])[O-])n1,azole_ring,azoxy,linker,False,*c1nnnn1*||*n1nnc(N=[N+](*)[O-])n1,0.381536,249,249,5.94401,5.94401,6,0,False,False,0.991857,True,,0.919359,True,,0.786746,True,,1.22979,True,,1.0227,True,,0.99356,True,,0.189938,True,,,,
cand_045,actionable,[*:1]c1nnnn1[*:2],[*:1]N=[N+]([O-])n1nnnc1[*:2],azole_ring,azoxy,linker,False,*N=[N+]([O-])n1nnnc1*||*c1nnnn1*,0.386172,229,229,5.94241,5.94241,6,0,False,False,1.01177,True,,0.953617,True,,0.810754,True,,1.25172,True,,0.978768,True,,0.935784,True,,-0.0654356,False,,,,
cand_045,actionable,[*:1]n1cnnn1,[*:1]n1nnnc1[N+](=O)[O-],azole_ring,nitro,scaffold,False,*n1cnnn1||*n1nnnc1[N+](=O)[O-],0.391358,197,197,5.91171,5.91171,6,0,False,False,0.273064,True,,1.1069,True,,1.29383,True,,0.770725,True,,1.20569,True,,1.2615,True,,-0.961467,True,,,,
cand_045,actionable,[*:1]c1nnnn1[*:2],[*:1]N=[N+]([O-])n1nnc([*:2])n1,azole_ring,azoxy,linker,False,*N=[N+]([O-])n1nnc(*)n1||*c1nnnn1*,0.383065,259,259,5.90937,5.90937,6,0,False,False,0.973511,True,,0.966867,True,,0.837706,True,,1.25181,True,,0.973185,True,,0.906291,True,,-0.132316,True,,,,
cand_045,actionable,[*:1]n1cnnn1,[*:1]c1nnnn1N[N+](=O)[O-],azole_ring,nitramine,scaffold,False,*c1nnnn1N[N+](=O)[O-]||*n1cnnn1,0.421747,206,206,5.90055,5.90055,6,0,False,False,0.395863,True,,0.887343,True,,1.29369,True,,0.830264,True,,1.23043,True,,1.26296,True,,-0.742385,True,,,,
cand_045,actionable,[*:1]n1cnnn1,[*:1]c1nnnn1[N+](=O)[O-],azole_ring,nitro,scaffold,False,*c1nnnn1[N+](=O)[O-]||*n1cnnn1,0.387251,243,243,5.5597,5.5597,6,0,False,False,0.191236,True,,0.979734,True,,1.27645,True,,0.618551,True,,1.20716,True,,1.28656,True,,-0.677783,True,,,,
cand_045,actionable,[*:1]n1cnnn1,[*:1]n1nnnc1N[N+](=O)[O-],azole_ring,nitramine,scaffold,False,*n1cnnn1||*n1nnnc1N[N+](=O)[O-],0.418723,164,164,5.5509,5.5509,6,0,False,True,0.329096,True,19.6396,0.736148,True,29.1735,1.22845,True,13.2166,0.686914,True,0.0239,1.24101,True,0.528446,1.32929,True,5.74521,-0.651655,True,1.0305,,,
cand_045,actionable,[*:1]n1cnnn1,[*:1]c1nnn([N+](=O)[O-])n1,azole_ring,nitro,scaffold,False,*c1nnn([N+](=O)[O-])n1||*n1cnnn1,0.397374,227,227,5.46536,5.46536,6,0,False,False,0.11473,True,,1.03099,True,,1.34929,True,,0.537146,True,,1.18159,True,,1.25162,True,,-0.509196,True,,,,
cand_045,actionable,[*:1]n1cnnn1,[*:1]c1nnn(N[N+](=O)[O-])n1,azole_ring,nitramine,scaffold,False,*c1nnn(N[N+](=O)[O-])n1||*n1cnnn1,0.418398,188,188,5.4048,5.4048,6,0,False,False,0.351237,True,,0.747068,True,,1.20353,True,,0.7056,True,,1.16263,True,,1.23474,True,,-0.916488,True,,,,
cand_045,actionable,[*:1]n1cnnn1,[*:1]n1nnc([N+](=O)[O-])n1,azole_ring,nitro,scaffold,False,*n1cnnn1||*n1nnc([N+](=O)[O-])n1,0.391663,249,249,5.37825,5.37825,6,0,False,False,0.144357,True,,0.948766,True,,1.29642,True,,0.545122,True,,1.18269,True,,1.26089,True,,-0.723643,True,,,,
cand_045,actionable,[*:1]n1cnnn1,[*:1]c1nnnn1N=[N+]=[N-],azole_ring,azide,scaffold,False,*c1nnnn1N=[N+]=[N-]||*n1cnnn1,0.391064,256,256,5.25695,5.25695,6,0,False,False,1.83292,True,,0.743577,True,,0.627035,True,,0.756638,True,,0.66215,True,,0.634623,True,,0.226794,True,,,,
cand_045,actionable,[*:1]n1cnnn1,[*:1]n1nnc(N[N+](=O)[O-])n1,azole_ring,nitramine,scaffold,False,*n1cnnn1||*n1nnc(N[N+](=O)[O-])n1,0.416918,230,230,5.18671,5.18671,6,0,False,False,0.274516,True,,0.695455,True,,1.24125,True,,0.611538,True,,1.15065,True,,1.21331,True,,-0.808248,True,,,,
cand_045,actionable,[*:1]n1cnnn1,[*:1]c1nnn(N=[N+]=[N-])n1,azole_ring,azide,scaffold,False,*c1nnn(N=[N+]=[N-])n1||*n1cnnn1,0.396984,204,204,5.12644,5.12644,6,0,False,False,1.75494,True,,0.708411,True,,0.670692,True,,0.687376,True,,0.669258,True,,0.635763,True,,0.324515,True,,,,
cand_045,actionable,[*:2]c1nnnn1[*:1],[*:1]N=Nc1nnnn1[*:2],azole_ring,azo,linker,False,*N=Nc1nnnn1*||*c1nnnn1*,0.355949,350,350,4.82301,4.82301,6,0,False,False,1.32338,True,,0.730511,True,,0.358726,True,,1.1928,True,,0.655076,True,,0.562518,True,,0.123372,True,,,,
cand_045,actionable,[*:1][H],[*:1]N=[N+]=[N-],other,azide,substituent,False,*N=[N+]=[N-]||*[H],0.148547,5460,5460,4.78796,4.78796,6,0,False,True,1.6527,True,84.1834,0.623367,True,25.1634,0.697449,True,4.73992,0.590303,True,0.0039,0.634074,True,0.0442166,0.590066,True,0.339061,0.000225854,False,0.7549,,,
cand_045,actionable,[*:1]n1cnnn1,[*:1]n1nnnc1N=[N+]=[N-],azole_ring,azide,scaffold,False,*n1cnnn1||*n1nnnc1N=[N+]=[N-],0.4,173,173,4.50066,4.50066,6,0,False,False,1.61274,True,,0.569006,True,,0.699722,True,,0.493093,True,,0.58453,True,,0.541571,True,,0.0771344,False,,,,
cand_045,actionable,[*:2]c1nnnn1[*:1],[*:1]N=Nc1nnn([*:2])n1,azole_ring,azo,linker,False,*N=Nc1nnn(*)n1||*c1nnnn1*,0.35656,356,356,4.40896,4.40896,6,0,False,False,1.26223,True,,0.639687,True,,0.340861,True,,1.06383,True,,0.590047,True,,0.512296,True,,0.111891,True,,,,
cand_045,actionable,[*:2]c1nnnn1[*:1],[*:1]N=Nn1nnnc1[*:2],azole_ring,azo,linker,False,*N=Nn1nnnc1*||*c1nnnn1*,0.356653,386,386,4.35206,4.35206,6,0,False,False,1.23532,True,,0.615186,True,,0.330104,True,,1.0263,True,,0.60749,True,,0.537659,True,,0.166134,True,,,,
cand_045,actionable,[*:1]n1cnnn1,[*:1]n1nnc(N=[N+]=[N-])n1,azole_ring,azide,scaffold,False,*n1cnnn1||*n1nnc(N=[N+]=[N-])n1,0.396897,243,243,3.99797,3.99797,6,0,False,False,1.54735,True,,0.443323,True,,0.662316,True,,0.334195,True,,0.515139,True,,0.495649,True,,-0.352393,True,,,,
cand_045,actionable,[*:2]c1nnnn1[*:1],[*:1]N=Nn1nnc([*:2])n1,azole_ring,azo,linker,False,*N=Nn1nnc(*)n1||*c1nnnn1*,0.355887,402,402,3.93208,3.93208,6,0,False,False,1.17085,True,,0.536145,True,,0.333633,True,,0.916776,True,,0.52508,True,,0.449589,True,,-0.0634601,False,,,,
cand_045,actionable,[*:1]c1nnnn1[*:2],[*:1]N=Nc1nnnn1[*:2],azole_ring,azo,linker,False,*N=Nc1nnnn1*||*c1nnnn1*,0.351097,336,336,3.75447,3.75447,6,0,False,False,1.17631,True,,0.503957,True,,0.330506,True,,0.868255,True,,0.473577,True,,0.401863,True,,0.159668,True,,,,
cand_045,actionable,[*:2]c1nnnn1[*:1],[*:1]NNn1nnnc1[*:2],azole_ring,hydrazo,linker,False,*NNn1nnnc1*||*c1nnnn1*,0.35995,369,369,3.64902,3.64902,6,0,False,False,0.89669,True,,0.272185,True,,0.0281111,True,,1.47287,True,,0.55144,True,,0.42772,True,,0.0963791,True,,,,
cand_045,actionable,[*:1]c1nnnn1[*:2],[*:1]N=Nc1nnn([*:2])n1,azole_ring,azo,linker,False,*N=Nc1nnn(*)n1||*c1nnnn1*,0.356667,329,329,3.62297,3.62297,6,0,False,False,1.12524,True,,0.47018,True,,0.353315,True,,0.823885,True,,0.464077,True,,0.38627,True,,0.0930074,True,,,,
cand_045,actionable,[*:1]c1nnnn1[*:2],[*:1]N=Nn1nnnc1[*:2],azole_ring,azo,linker,False,*N=Nn1nnnc1*||*c1nnnn1*,0.354557,319,319,3.49741,3.49741,6,0,False,False,1.09274,True,,0.42757,True,,0.346433,True,,0.758009,True,,0.470057,True,,0.402601,True,,0.219847,True,,,,
cand_045,actionable,[*:2]c1nnnn1[*:1],[*:1]NNc1nnnn1[*:2],azole_ring,hydrazo,linker,False,*NNc1nnnn1*||*c1nnnn1*,0.357605,308,308,3.39303,3.39303,6,0,False,False,0.844118,True,,0.200872,True,,0.0369562,True,,1.37573,True,,0.528407,True,,0.406946,True,,-0.0578213,False,,,,
cand_045,actionable,[*:2]c1nnnn1[*:1],[*:1]NNn1nnc([*:2])n1,azole_ring,hydrazo,linker,False,*NNn1nnc(*)n1||*c1nnnn1*,0.361736,393,393,3.28999,3.28999,6,0,False,False,0.833756,True,,0.207705,True,,0.0440876,True,,1.38185,True,,0.481115,True,,0.341475,True,,-0.243635,True,,,,
cand_045,actionable,[*:1]c1nnnn1[*:2],[*:1]N=Nn1nnc([*:2])n1,azole_ring,azo,linker,False,*N=Nn1nnc(*)n1||*c1nnnn1*,0.351134,325,325,3.02894,3.02894,6,0,False,False,1.03313,True,,0.332837,True,,0.326176,True,,0.62886,True,,0.384432,True,,0.323499,True,,0.0338713,False,,,,
cand_045,actionable,[*:2]c1nnnn1[*:1],[*:1]NNc1nnn([*:2])n1,azole_ring,hydrazo,linker,False,*NNc1nnn(*)n1||*c1nnnn1*,0.354073,326,326,2.92851,2.92851,6,0,False,False,0.787273,True,,0.125173,True,,0.0243631,True,,1.22938,True,,0.436184,True,,0.326137,True,,-0.0216373,False,,,,
cand_045,actionable,[*:1]c1nnnn1[*:2],[*:1]NNn1nnnc1[*:2],azole_ring,hydrazo,linker,False,*NNn1nnnc1*||*c1nnnn1*,0.353396,307,307,2.84277,2.84277,6,0,False,False,0.765018,True,,0.0848097,True,,0.0448634,True,,1.22263,True,,0.42504,True,,0.30041,True,,-0.0312679,False,,,,
cand_045,actionable,[*:1]c1nnnn1[*:2],[*:1]NNc1nnnn1[*:2],azole_ring,hydrazo,linker,False,*NNc1nnnn1*||*c1nnnn1*,0.352717,357,357,2.45199,2.43486,5,0,False,False,0.693648,True,,-0.0171293,False,,0.030827,True,,1.06987,True,,0.381362,True,,0.276284,True,,-0.0595134,False,,,,
cand_045,actionable,[*:1]c1nnnn1[*:2],[*:1]NNn1nnc([*:2])n1,azole_ring,hydrazo,linker,False,*NNn1nnc(*)n1||*c1nnnn1*,0.352662,318,318,2.24338,2.23116,5,0,False,False,0.681101,True,,-0.0122265,False,,0.0338148,True,,1.04967,True,,0.301504,True,,0.177294,True,,-0.248633,True,,,,
cand_045,actionable,[*:1]c1nnnn1[*:2],[*:1]c1nnn(N[N+](=O)[O-])c1[*:2],azole_ring,nitramine,linker,False,*c1nnn(N[N+](=O)[O-])c1*||*c1nnnn1*,0.412549,385,385,1.50783,1.54167,4,0,False,False,0.0006166,False,,0.433216,True,,0.343985,True,,0.0332176,False,,0.340516,True,,0.390115,True,,-0.462432,True,,,,
cand_045,actionable,[*:2]c1nnnn1[*:1],[*:1]c1nnn(N[N+](=O)[O-])c1[*:2],azole_ring,nitramine,linker,False,*c1nnn(N[N+](=O)[O-])c1*||*c1nnnn1*,0.410514,341,341,1.33352,1.28057,4,0,False,False,-0.0166058,False,,0.396025,True,,0.315102,True,,-0.0363459,False,,0.285464,True,,0.336933,True,,-0.491826,True,,,,
cand_045,actionable,[*:1]Nc1nnnn1[*:2],[*:1]Nn1nnnc1[*:2],azole_ring,azole_ring,linker,False,*Nc1nnnn1*||*Nn1nnnc1*,0.295245,593,593,0.26645,0.260235,3,0,False,True,0.0673813,True,0.799448,0.0806674,True,3.30187,0,False,0,0.118401,True,0.0024,0.00547648,False,0.0374319,-0.0116915,False,0.41754,-0.0768478,True,-0.026,,,
cand_045,actionable,[*:1]c1nnnn1[*:2],[*:2]c1nnnn1[*:1],azole_ring,azole_ring,linker,False,*c1nnnn1*||*c1nnnn1*,0.258476,1293,1293,0.21802,0.21802,5,0,False,True,0.0300112,True,0.799448,0.0417528,True,3.30187,0,False,0,0.057483,True,0.0024,0.0430979,True,0.0374319,0.0456756,True,0.41754,-0.0465583,True,-0.026,,,
cand_046,actionable,[*:2]c1nnnn1[*:1],[*:1]N=[N+]([O-])n1nnnc1[*:2],azole_ring,azoxy,linker,False,*N=[N+]([O-])n1nnnc1*||*c1nnnn1*,0.392432,280,280,7.39917,7.39917,6,0,False,False,1.23564,True,,1.29928,True,,0.829576,True,,1.74442,True,,1.1854,True,,1.10485,True,,-0.100889,True,,,,
cand_046,actionable,[*:2]c1nnnn1[*:1],[*:1]N=[N+]([O-])c1nnnn1[*:2],azole_ring,azoxy,linker,False,*N=[N+]([O-])c1nnnn1*||*c1nnnn1*,0.380296,193,193,7.18294,7.18294,6,0,False,False,1.23795,True,,1.23659,True,,0.790892,True,,1.68949,True,,1.14851,True,,1.0795,True,,-0.171171,True,,,,
cand_046,actionable,[*:2]c1nnnn1[*:1],[*:1]N=[N+]([O-])n1nnc([*:2])n1,azole_ring,azoxy,linker,False,*N=[N+]([O-])n1nnc(*)n1||*c1nnnn1*,0.386847,275,275,7.07244,7.07244,6,0,False,False,1.19325,True,,1.21169,True,,0.802861,True,,1.64893,True,,1.14311,True,,1.07258,True,,-0.0690075,False,,,,
cand_046,actionable,[*:1]c1nnnn1[*:2],[*:1]c1nnnn1N=[N+]([*:2])[O-],azole_ring,azoxy,linker,False,*c1nnnn1*||*c1nnnn1N=[N+](*)[O-],0.384684,108,108,7.02768,7.02768,6,0,False,False,1.18176,True,,1.14919,True,,0.79885,True,,1.54468,True,,1.1966,True,,1.1566,True,,0.219111,True,,,,
cand_046,actionable,[*:1]c1nnnn1[*:2],[*:2]n1nnnc1N=[N+]([*:1])[O-],azole_ring,azoxy,linker,False,*c1nnnn1*||*n1nnnc1N=[N+](*)[O-],0.387609,122,122,6.97978,6.97978,6,0,False,False,1.16054,True,,1.17138,True,,0.834346,True,,1.60279,True,,1.14116,True,,1.06956,True,,0.160271,True,,,,
cand_046,actionable,[*:1]c1nnnn1[*:2],[*:1]n1nnnc1N=[N+]([*:2])[O-],azole_ring,azoxy,linker,False,*c1nnnn1*||*n1nnnc1N=[N+](*)[O-],0.381342,140,140,6.77105,6.77105,6,0,False,False,1.13232,True,,1.07776,True,,0.793782,True,,1.46168,True,,1.16784,True,,1.13768,True,,0.300078,True,,,,
cand_046,actionable,[*:1]c1nnnn1[*:2],[*:1]n1nnc(N=[N+]([*:2])[O-])n1,azole_ring,azoxy,linker,False,*c1nnnn1*||*n1nnc(N=[N+](*)[O-])n1,0.382376,243,243,6.74472,6.74472,6,0,False,False,1.09841,True,,1.08922,True,,0.804593,True,,1.45168,True,,1.16528,True,,1.13554,True,,0.218252,True,,,,
cand_046,actionable,[*:1]c1nnnn1[*:2],[*:1]N=[N+]([O-])c1nnnn1[*:2],azole_ring,azoxy,linker,False,*N=[N+]([O-])c1nnnn1*||*c1nnnn1*,0.387444,216,216,6.14634,6.14634,6,0,False,False,1.0166,True,,0.992261,True,,0.829325,True,,1.31178,True,,1.02557,True,,0.970802,True,,0.00583282,False,,,,
cand_046,actionable,[*:1]c1nnnn1[*:2],[*:2]n1nnc(N=[N+]([*:1])[O-])n1,azole_ring,azoxy,linker,False,*c1nnnn1*||*n1nnc(N=[N+](*)[O-])n1,0.381536,249,249,5.94401,5.94401,6,0,False,False,0.991857,True,,0.919359,True,,0.786746,True,,1.22979,True,,1.0227,True,,0.99356,True,,0.189938,True,,,,
cand_046,actionable,[*:1]c1nnnn1[*:2],[*:1]N=[N+]([O-])n1nnnc1[*:2],azole_ring,azoxy,linker,False,*N=[N+]([O-])n1nnnc1*||*c1nnnn1*,0.386172,229,229,5.94241,5.94241,6,0,False,False,1.01177,True,,0.953617,True,,0.810754,True,,1.25172,True,,0.978768,True,,0.935784,True,,-0.0654356,False,,,,
cand_046,actionable,[*:1]c1nnnn1[*:2],[*:1]N=[N+]([O-])n1nnc([*:2])n1,azole_ring,azoxy,linker,False,*N=[N+]([O-])n1nnc(*)n1||*c1nnnn1*,0.383065,259,259,5.90937,5.90937,6,0,False,False,0.973511,True,,0.966867,True,,0.837706,True,,1.25181,True,,0.973185,True,,0.906291,True,,-0.132316,True,,,,
cand_046,actionable,[*:2]c1nnnn1[*:1],[*:1]N=Nc1nnnn1[*:2],azole_ring,azo,linker,False,*N=Nc1nnnn1*||*c1nnnn1*,0.355949,350,350,4.82301,4.82301,6,0,False,False,1.32338,True,,0.730511,True,,0.358726,True,,1.1928,True,,0.655076,True,,0.562518,True,,0.123372,True,,,,
cand_046,actionable,[*:2]c1nnnn1[*:1],[*:1]N=Nc1nnn([*:2])n1,azole_ring,azo,linker,False,*N=Nc1nnn(*)n1||*c1nnnn1*,0.35656,356,356,4.40896,4.40896,6,0,False,False,1.26223,True,,0.639687,True,,0.340861,True,,1.06383,True,,0.590047,True,,0.512296,True,,0.111891,True,,,,
cand_046,actionable,[*:2]c1nnnn1[*:1],[*:1]N=Nn1nnnc1[*:2],azole_ring,azo,linker,False,*N=Nn1nnnc1*||*c1nnnn1*,0.356653,386,386,4.35206,4.35206,6,0,False,False,1.23532,True,,0.615186,True,,0.330104,True,,1.0263,True,,0.60749,True,,0.537659,True,,0.166134,True,,,,
cand_046,actionable,[*:2]c1nnnn1[*:1],[*:1]N=Nn1nnc([*:2])n1,azole_ring,azo,linker,False,*N=Nn1nnc(*)n1||*c1nnnn1*,0.355887,402,402,3.93208,3.93208,6,0,False,False,1.17085,True,,0.536145,True,,0.333633,True,,0.916776,True,,0.52508,True,,0.449589,True,,-0.0634601,False,,,,
cand_046,actionable,[*:1]c1nnnn1[*:2],[*:1]N=Nc1nnnn1[*:2],azole_ring,azo,linker,False,*N=Nc1nnnn1*||*c1nnnn1*,0.351097,336,336,3.75447,3.75447,6,0,False,False,1.17631,True,,0.503957,True,,0.330506,True,,0.868255,True,,0.473577,True,,0.401863,True,,0.159668,True,,,,
cand_046,actionable,[*:2]c1nnnn1[*:1],[*:1]NNn1nnnc1[*:2],azole_ring,hydrazo,linker,False,*NNn1nnnc1*||*c1nnnn1*,0.35995,369,369,3.64902,3.64902,6,0,False,False,0.89669,True,,0.272185,True,,0.0281111,True,,1.47287,True,,0.55144,True,,0.42772,True,,0.0963791,True,,,,
cand_046,actionable,[*:1]c1nnnn1[*:2],[*:1]N=Nc1nnn([*:2])n1,azole_ring,azo,linker,False,*N=Nc1nnn(*)n1||*c1nnnn1*,0.356667,329,329,3.62297,3.62297,6,0,False,False,1.12524,True,,0.47018,True,,0.353315,True,,0.823885,True,,0.464077,True,,0.38627,True,,0.0930074,True,,,,
cand_046,actionable,[*:1]c1nnnn1[*:2],[*:1]N=Nn1nnnc1[*:2],azole_ring,azo,linker,False,*N=Nn1nnnc1*||*c1nnnn1*,0.354557,319,319,3.49741,3.49741,6,0,False,False,1.09274,True,,0.42757,True,,0.346433,True,,0.758009,True,,0.470057,True,,0.402601,True,,0.219847,True,,,,
cand_046,actionable,[*:2]c1nnnn1[*:1],[*:1]NNc1nnnn1[*:2],azole_ring,hydrazo,linker,False,*NNc1nnnn1*||*c1nnnn1*,0.357605,308,308,3.39303,3.39303,6,0,False,False,0.844118,True,,0.200872,True,,0.0369562,True,,1.37573,True,,0.528407,True,,0.406946,True,,-0.0578213,False,,,,
cand_046,actionable,[*:2]c1nnnn1[*:1],[*:1]NNn1nnc([*:2])n1,azole_ring,hydrazo,linker,False,*NNn1nnc(*)n1||*c1nnnn1*,0.361736,393,393,3.28999,3.28999,6,0,False,False,0.833756,True,,0.207705,True,,0.0440876,True,,1.38185,True,,0.481115,True,,0.341475,True,,-0.243635,True,,,,
cand_046,actionable,[*:1]c1nnnn1[*:2],[*:1]N=Nn1nnc([*:2])n1,azole_ring,azo,linker,False,*N=Nn1nnc(*)n1||*c1nnnn1*,0.351134,325,325,3.02894,3.02894,6,0,False,False,1.03313,True,,0.332837,True,,0.326176,True,,0.62886,True,,0.384432,True,,0.323499,True,,0.0338713,False,,,,
cand_046,actionable,[*:2]c1nnnn1[*:1],[*:1]NNc1nnn([*:2])n1,azole_ring,hydrazo,linker,False,*NNc1nnn(*)n1||*c1nnnn1*,0.354073,326,326,2.92851,2.92851,6,0,False,False,0.787273,True,,0.125173,True,,0.0243631,True,,1.22938,True,,0.436184,True,,0.326137,True,,-0.0216373,False,,,,
cand_046,actionable,[*:1]c1nnnn1[*:2],[*:1]NNn1nnnc1[*:2],azole_ring,hydrazo,linker,False,*NNn1nnnc1*||*c1nnnn1*,0.353396,307,307,2.84277,2.84277,6,0,False,False,0.765018,True,,0.0848097,True,,0.0448634,True,,1.22263,True,,0.42504,True,,0.30041,True,,-0.0312679,False,,,,
cand_046,actionable,[*:1]c1nnnn1[*:2],[*:1]NNc1nnnn1[*:2],azole_ring,hydrazo,linker,False,*NNc1nnnn1*||*c1nnnn1*,0.352717,357,357,2.45199,2.43486,5,0,False,False,0.693648,True,,-0.0171293,False,,0.030827,True,,1.06987,True,,0.381362,True,,0.276284,True,,-0.0595134,False,,,,
cand_046,actionable,[*:1]c1nnnn1[*:2],[*:1]NNn1nnc([*:2])n1,azole_ring,hydrazo,linker,False,*NNn1nnc(*)n1||*c1nnnn1*,0.352662,318,318,2.24338,2.23116,5,0,False,False,0.681101,True,,-0.0122265,False,,0.0338148,True,,1.04967,True,,0.301504,True,,0.177294,True,,-0.248633,True,,,,
cand_046,actionable,[*:1]c1nnnn1[*:2],[*:1]c1nnn(N[N+](=O)[O-])c1[*:2],azole_ring,nitramine,linker,False,*c1nnn(N[N+](=O)[O-])c1*||*c1nnnn1*,0.412549,385,385,1.50783,1.54167,4,0,False,False,0.0006166,False,,0.433216,True,,0.343985,True,,0.0332176,False,,0.340516,True,,0.390115,True,,-0.462432,True,,,,
cand_046,actionable,[*:2]c1nnnn1[*:1],[*:1]c1nnn(N[N+](=O)[O-])c1[*:2],azole_ring,nitramine,linker,False,*c1nnn(N[N+](=O)[O-])c1*||*c1nnnn1*,0.410514,341,341,1.33352,1.28057,4,0,False,False,-0.0166058,False,,0.396025,True,,0.315102,True,,-0.0363459,False,,0.285464,True,,0.336933,True,,-0.491826,True,,,,
cand_046,actionable,[*:1]n1nnnc1N=[N+]=[N-],[*:1]c1nnnn1N=[N+]=[N-],azide,azide,scaffold,False,*c1nnnn1N=[N+]=[N-]||*n1nnnc1N=[N+]=[N-],0.399843,254,254,1.24541,1.24541,5,0,False,False,0.230024,True,,0.280165,True,,-0,False,,0.400707,True,,0.173694,True,,0.160816,True,,0.113129,True,,,,
cand_046,actionable,[*:1]n1nnnc1N=[N+]=[N-],[*:1]c1nnn(N=[N+]=[N-])n1,azide,azide,scaffold,False,*c1nnn(N=[N+]=[N-])n1||*n1nnnc1N=[N+]=[N-],0.393562,217,217,0.885388,0.885388,5,0,False,False,0.162554,True,,0.197381,True,,-0,False,,0.276541,True,,0.126935,True,,0.121976,True,,0.220473,True,,,,
cand_046,actionable,[*:1]Nc1nnnn1[*:2],[*:1]Nn1nnnc1[*:2],azole_ring,azole_ring,linker,False,*Nc1nnnn1*||*Nn1nnnc1*,0.295245,593,593,0.26645,0.260235,3,0,False,True,0.0673813,True,-0.959462,0.0806674,True,-3.38877,0,False,0,0.118401,True,-0.0025,0.00547648,False,0.0892958,-0.0116915,False,1.05637,-0.0768478,True,4.6064,,,
cand_046,actionable,[*:1]c1nnnn1[*:2],[*:2]c1nnnn1[*:1],azole_ring,azole_ring,linker,False,*c1nnnn1*||*c1nnnn1*,0.258476,1293,1293,0.21802,0.21802,5,0,False,True,0.0300112,True,-0.959462,0.0417528,True,-3.38877,0,False,0,0.057483,True,-0.0025,0.0430979,True,0.0892958,0.0456756,True,1.05637,-0.0465583,True,4.6064,,,
cand_047,actionable,[*:2]c1nnn([*:1])n1,[*:1]N=[N+]([O-])c1nnnn1[*:2],azole_ring,azoxy,linker,False,*N=[N+]([O-])c1nnnn1*||*c1nnn(*)n1,0.385657,203,203,7.54054,7.54054,6,0,False,False,1.28787,True,,1.32943,True,,0.81574,True,,1.80839,True,,1.1937,True,,1.10541,True,,0.0821143,False,,,,
cand_047,actionable,[*:2]c1nnn([*:1])n1,[*:1]N=[N+]([O-])n1nnnc1[*:2],azole_ring,azoxy,linker,False,*N=[N+]([O-])n1nnnc1*||*c1nnn(*)n1,0.389037,291,291,7.46166,7.46166,6,0,False,False,1.26928,True,,1.34087,True,,0.814976,True,,1.77747,True,,1.16995,True,,1.08911,True,,0.0386994,False,,,,
cand_047,actionable,[*:2]c1nnn([*:1])n1,[*:1]N=[N+]([O-])n1nnc([*:2])n1,azole_ring,azoxy,linker,False,*N=[N+]([O-])n1nnc(*)n1||*c1nnn(*)n1,0.387464,272,272,7.25484,7.25484,6,0,False,False,1.24191,True,,1.27006,True,,0.792996,True,,1.73676,True,,1.14376,True,,1.06936,True,,-0.0477761,False,,,,
cand_047,actionable,[*:1]c1nnn([*:2])n1,[*:1]n1nnnc1N=[N+]([*:2])[O-],azole_ring,azoxy,linker,False,*c1nnn(*)n1||*n1nnnc1N=[N+](*)[O-],0.390172,133,133,7.1687,7.1687,6,0,False,False,1.19903,True,,1.22133,True,,0.836397,True,,1.61404,True,,1.17979,True,,1.11811,True,,0.382541,True,,,,
cand_047,actionable,[*:1]c1nnn([*:2])n1,[*:1]c1nnnn1N=[N+]([*:2])[O-],azole_ring,azoxy,linker,False,*c1nnn(*)n1||*c1nnnn1N=[N+](*)[O-],0.380492,118,118,6.98405,6.98405,6,0,False,False,1.23245,True,,1.15049,True,,0.745411,True,,1.5874,True,,1.15025,True,,1.11805,True,,0.295224,True,,,,
cand_047,actionable,[*:1]c1nnn([*:2])n1,[*:2]n1nnnc1N=[N+]([*:1])[O-],azole_ring,azoxy,linker,False,*c1nnn(*)n1||*n1nnnc1N=[N+](*)[O-],0.386228,129,129,6.9305,6.9305,6,0,False,False,1.22164,True,,1.20336,True,,0.791447,True,,1.6175,True,,1.07891,True,,1.01764,True,,0.0905416,False,,,,
cand_047,actionable,[*:1]c1nnn([*:2])n1,[*:1]n1nnc(N=[N+]([*:2])[O-])n1,azole_ring,azoxy,linker,False,*c1nnn(*)n1||*n1nnc(N=[N+](*)[O-])n1,0.378153,238,238,6.70442,6.70442,6,0,False,False,1.15867,True,,1.11382,True,,0.761466,True,,1.49629,True,,1.10497,True,,1.0692,True,,0.243363,True,,,,
cand_047,actionable,[*:1]c1nnn([*:2])n1,[*:1]N=[N+]([O-])c1nnnn1[*:2],azole_ring,azoxy,linker,False,*N=[N+]([O-])c1nnnn1*||*c1nnn(*)n1,0.38408,193,193,6.2752,6.2752,6,0,False,False,1.05157,True,,1.02736,True,,0.803237,True,,1.38052,True,,1.03234,True,,0.980179,True,,-0.0531092,False,,,,
cand_047,actionable,[*:1]c1nnn([*:2])n1,[*:2]n1nnc(N=[N+]([*:1])[O-])n1,azole_ring,azoxy,linker,False,*c1nnn(*)n1||*n1nnc(N=[N+](*)[O-])n1,0.383262,245,245,6.12532,6.12532,6,0,False,False,1.05729,True,,0.968287,True,,0.765806,True,,1.33239,True,,1.01607,True,,0.985474,True,,-0.000412203,False,,,,
cand_047,actionable,[*:1]c1nnn([*:2])n1,[*:1]N=[N+]([O-])n1nnnc1[*:2],azole_ring,azoxy,linker,False,*N=[N+]([O-])n1nnnc1*||*c1nnn(*)n1,0.382236,241,241,6.08289,6.08289,6,0,False,False,1.03381,True,,0.991957,True,,0.801599,True,,1.30846,True,,0.998561,True,,0.948499,True,,0.0401082,False,,,,
cand_047,actionable,[*:1]n1cnnn1,[*:1]n1nnnc1[N+](=O)[O-],azole_ring,nitro,scaffold,False,*n1cnnn1||*n1nnnc1[N+](=O)[O-],0.391358,197,197,5.91171,5.91171,6,0,False,False,0.273064,True,,1.1069,True,,1.29383,True,,0.770725,True,,1.20569,True,,1.2615,True,,-0.961467,True,,,,
cand_047,actionable,[*:1]n1cnnn1,[*:1]c1nnnn1N[N+](=O)[O-],azole_ring,nitramine,scaffold,False,*c1nnnn1N[N+](=O)[O-]||*n1cnnn1,0.421747,206,206,5.90055,5.90055,6,0,False,False,0.395863,True,,0.887343,True,,1.29369,True,,0.830264,True,,1.23043,True,,1.26296,True,,-0.742385,True,,,,
cand_047,actionable,[*:1]c1nnn([*:2])n1,[*:1]N=[N+]([O-])n1nnc([*:2])n1,azole_ring,azoxy,linker,False,*N=[N+]([O-])n1nnc(*)n1||*c1nnn(*)n1,0.381099,247,247,5.7921,5.7921,6,0,False,False,1.00262,True,,0.913101,True,,0.784638,True,,1.22695,True,,0.953992,True,,0.910809,True,,-0.0867995,False,,,,
cand_047,actionable,[*:1]n1cnnn1,[*:1]c1nnnn1[N+](=O)[O-],azole_ring,nitro,scaffold,False,*c1nnnn1[N+](=O)[O-]||*n1cnnn1,0.387251,243,243,5.5597,5.5597,6,0,False,False,0.191236,True,,0.979734,True,,1.27645,True,,0.618551,True,,1.20716,True,,1.28656,True,,-0.677783,True,,,,
cand_047,actionable,[*:1]n1cnnn1,[*:1]n1nnnc1N[N+](=O)[O-],azole_ring,nitramine,scaffold,False,*n1cnnn1||*n1nnnc1N[N+](=O)[O-],0.418723,164,164,5.5509,5.5509,6,0,False,False,0.329096,True,,0.736148,True,,1.22845,True,,0.686914,True,,1.24101,True,,1.32929,True,,-0.651655,True,,,,
cand_047,actionable,[*:1]n1cnnn1,[*:1]c1nnn([N+](=O)[O-])n1,azole_ring,nitro,scaffold,False,*c1nnn([N+](=O)[O-])n1||*n1cnnn1,0.397374,227,227,5.46536,5.46536,6,0,False,False,0.11473,True,,1.03099,True,,1.34929,True,,0.537146,True,,1.18159,True,,1.25162,True,,-0.509196,True,,,,
cand_047,actionable,[*:1]n1cnnn1,[*:1]c1nnn(N[N+](=O)[O-])n1,azole_ring,nitramine,scaffold,False,*c1nnn(N[N+](=O)[O-])n1||*n1cnnn1,0.418398,188,188,5.4048,5.4048,6,0,False,False,0.351237,True,,0.747068,True,,1.20353,True,,0.7056,True,,1.16263,True,,1.23474,True,,-0.916488,True,,,,
cand_047,actionable,[*:1]n1cnnn1,[*:1]n1nnc([N+](=O)[O-])n1,azole_ring,nitro,scaffold,False,*n1cnnn1||*n1nnc([N+](=O)[O-])n1,0.391663,249,249,5.37825,5.37825,6,0,False,False,0.144357,True,,0.948766,True,,1.29642,True,,0.545122,True,,1.18269,True,,1.26089,True,,-0.723643,True,,,,
cand_047,actionable,[*:1]n1cnnn1,[*:1]c1nnnn1N=[N+]=[N-],azole_ring,azide,scaffold,False,*c1nnnn1N=[N+]=[N-]||*n1cnnn1,0.391064,256,256,5.25695,5.25695,6,0,False,False,1.83292,True,,0.743577,True,,0.627035,True,,0.756638,True,,0.66215,True,,0.634623,True,,0.226794,True,,,,
cand_047,actionable,[*:1]n1cnnn1,[*:1]n1nnc(N[N+](=O)[O-])n1,azole_ring,nitramine,scaffold,False,*n1cnnn1||*n1nnc(N[N+](=O)[O-])n1,0.416918,230,230,5.18671,5.18671,6,0,False,False,0.274516,True,,0.695455,True,,1.24125,True,,0.611538,True,,1.15065,True,,1.21331,True,,-0.808248,True,,,,
cand_047,actionable,[*:1]n1cnnn1,[*:1]c1nnn(N=[N+]=[N-])n1,azole_ring,azide,scaffold,False,*c1nnn(N=[N+]=[N-])n1||*n1cnnn1,0.396984,204,204,5.12644,5.12644,6,0,False,False,1.75494,True,,0.708411,True,,0.670692,True,,0.687376,True,,0.669258,True,,0.635763,True,,0.324515,True,,,,
cand_047,actionable,[*:2]c1nnn([*:1])n1,[*:1]N=Nc1nnnn1[*:2],azole_ring,azo,linker,False,*N=Nc1nnnn1*||*c1nnn(*)n1,0.355184,346,346,4.91008,4.91008,6,0,False,False,1.36786,True,,0.775218,True,,0.348896,True,,1.25446,True,,0.632322,True,,0.531322,True,,0.293685,True,,,,
cand_047,actionable,[*:2]c1nnn([*:1])n1,[*:1]N=Nn1nnnc1[*:2],azole_ring,azo,linker,False,*N=Nn1nnnc1*||*c1nnn(*)n1,0.362383,398,398,4.67606,4.67606,6,0,False,False,1.27323,True,,0.697424,True,,0.363967,True,,1.14483,True,,0.646189,True,,0.550421,True,,0.275734,True,,,,
cand_047,actionable,[*:2]c1nnn([*:1])n1,[*:1]N=Nc1nnn([*:2])n1,azole_ring,azo,linker,False,*N=Nc1nnn(*)n1||*c1nnn(*)n1,0.356223,332,332,4.60116,4.60116,6,0,False,False,1.30023,True,,0.69689,True,,0.345385,True,,1.15463,True,,0.599149,True,,0.504875,True,,0.208527,True,,,,
cand_047,actionable,[*:1]n1cnnn1,[*:1]n1nnnc1N=[N+]=[N-],azole_ring,azide,scaffold,False,*n1cnnn1||*n1nnnc1N=[N+]=[N-],0.4,173,173,4.50066,4.50066,6,0,False,False,1.61274,True,,0.569006,True,,0.699722,True,,0.493093,True,,0.58453,True,,0.541571,True,,0.0771344,False,,,,
cand_047,actionable,[*:1]c1nnn([*:2])n1,[*:1]N=Nc1nnnn1[*:2],azole_ring,azo,linker,False,*N=Nc1nnnn1*||*c1nnn(*)n1,0.358491,342,342,4.22356,4.22356,6,0,False,False,1.24148,True,,0.622072,True,,0.350247,True,,1.03701,True,,0.531948,True,,0.44081,True,,0.143936,True,,,,
cand_047,actionable,[*:2]c1nnn([*:1])n1,[*:1]N=Nn1nnc([*:2])n1,azole_ring,azo,linker,False,*N=Nn1nnc(*)n1||*c1nnn(*)n1,0.35839,393,393,4.1863,4.1863,6,0,False,False,1.20702,True,,0.602688,True,,0.344701,True,,1.01106,True,,0.554789,True,,0.466045,True,,0.100027,True,,,,
cand_047,actionable,[*:1]n1cnnn1,[*:1]n1nnc(N=[N+]=[N-])n1,azole_ring,azide,scaffold,False,*n1cnnn1||*n1nnc(N=[N+]=[N-])n1,0.396897,243,243,3.99797,3.99797,6,0,False,False,1.54735,True,,0.443323,True,,0.662316,True,,0.334195,True,,0.515139,True,,0.495649,True,,-0.352393,True,,,,
cand_047,actionable,[*:1]c1nnn([*:2])n1,[*:1]N=Nn1nnnc1[*:2],azole_ring,azo,linker,False,*N=Nn1nnnc1*||*c1nnn(*)n1,0.360747,334,334,3.99535,3.99535,6,0,False,False,1.16569,True,,0.546554,True,,0.362638,True,,0.942865,True,,0.534815,True,,0.442787,True,,0.111146,True,,,,
cand_047,actionable,[*:2]c1nnn([*:1])n1,[*:1]NNn1nnnc1[*:2],azole_ring,hydrazo,linker,False,*NNn1nnnc1*||*c1nnn(*)n1,0.363514,386,386,3.9581,3.9581,6,0,False,False,0.938024,True,,0.350252,True,,0.0500214,True,,1.58906,True,,0.588806,True,,0.441934,True,,0.179119,True,,,,
cand_047,actionable,[*:1]c1nnn([*:2])n1,[*:1]N=Nc1nnn([*:2])n1,azole_ring,azo,linker,False,*N=Nc1nnn(*)n1||*c1nnn(*)n1,0.359132,350,350,3.90856,3.90856,6,0,False,False,1.18334,True,,0.547374,True,,0.349104,True,,0.932112,True,,0.490401,True,,0.406235,True,,0.040073,False,,,,
cand_047,actionable,[*:2]c1nnn([*:1])n1,[*:1]NNc1nnnn1[*:2],azole_ring,hydrazo,linker,False,*NNc1nnnn1*||*c1nnn(*)n1,0.353325,340,340,3.53394,3.53394,6,0,False,False,0.88454,True,,0.238912,True,,0.0334778,True,,1.43352,True,,0.53368,True,,0.40981,True,,0.0617399,False,,,,
cand_047,actionable,[*:2]c1nnn([*:1])n1,[*:1]NNn1nnc([*:2])n1,azole_ring,hydrazo,linker,False,*NNn1nnc(*)n1||*c1nnn(*)n1,0.360374,429,429,3.41725,3.41725,6,0,False,False,0.86855,True,,0.257969,True,,0.0453302,True,,1.43395,True,,0.479044,True,,0.332408,True,,-0.203337,True,,,,
cand_047,actionable,[*:2]c1nnn([*:1])n1,[*:1]NNc1nnn([*:2])n1,azole_ring,hydrazo,linker,False,*NNc1nnn(*)n1||*c1nnn(*)n1,0.357457,302,302,3.29623,3.29623,6,0,False,False,0.845114,True,,0.211921,True,,0.0430512,True,,1.37479,True,,0.47719,True,,0.344168,True,,0.0342877,False,,,,
cand_047,actionable,[*:1]c1nnn([*:2])n1,[*:1]N=Nn1nnc([*:2])n1,azole_ring,azo,linker,False,*N=Nn1nnc(*)n1||*c1nnn(*)n1,0.355385,330,330,3.29485,3.29485,6,0,False,False,1.08009,True,,0.405756,True,,0.332178,True,,0.731677,True,,0.409408,True,,0.335746,True,,-0.179887,True,,,,
cand_047,actionable,[*:1]c1nnn([*:2])n1,[*:1]NNn1nnnc1[*:2],azole_ring,hydrazo,linker,False,*NNn1nnnc1*||*c1nnn(*)n1,0.357043,365,365,3.13594,3.13594,6,0,False,False,0.826481,True,,0.183081,True,,0.0505623,True,,1.33815,True,,0.438654,True,,0.299012,True,,-0.0474263,False,,,,
cand_047,actionable,[*:1]c1nnn([*:2])n1,[*:1]NNc1nnnn1[*:2],azole_ring,hydrazo,linker,False,*NNc1nnnn1*||*c1nnn(*)n1,0.356148,336,336,2.73736,2.73736,6,0,False,False,0.743623,True,,0.0703049,True,,0.0427286,True,,1.17605,True,,0.412791,True,,0.291862,True,,-0.0271239,False,,,,
cand_047,actionable,[*:1]c1nnn([*:2])n1,[*:1]NNn1nnc([*:2])n1,azole_ring,hydrazo,linker,False,*NNn1nnc(*)n1||*c1nnn(*)n1,0.354712,335,335,2.57495,2.57495,6,0,False,False,0.753706,True,,0.0800358,True,,0.0327345,True,,1.18342,True,,0.3302,True,,0.194851,True,,-0.307741,True,,,,
cand_047,actionable,[*:1]c1nnn([*:2])n1,[*:1]NNc1nnn([*:2])n1,azole_ring,hydrazo,linker,False,*NNc1nnn(*)n1||*c1nnn(*)n1,0.350426,329,329,2.37486,2.37486,6,0,False,False,0.713205,True,,0.0268665,True,,0.0205211,True,,1.08548,True,,0.323148,True,,0.205645,True,,-0.209807,True,,,,
cand_047,actionable,[*:1]c1nnn([*:2])n1,[*:2]c1nnn(N[N+](=O)[O-])c1[*:1],azole_ring,nitramine,linker,False,*c1nnn(*)n1||*c1nnn(N[N+](=O)[O-])c1*,0.416782,335,335,1.85304,1.85304,6,0,False,False,0.0511008,True,,0.526783,True,,0.350804,True,,0.12756,True,,0.372822,True,,0.423975,True,,-0.409976,True,,,,
cand_047,actionable,[*:1]c1nnn([*:2])n1,[*:1]c1nnn(N[N+](=O)[O-])c1[*:2],azole_ring,nitramine,linker,False,*c1nnn(*)n1||*c1nnn(N[N+](=O)[O-])c1*,0.406666,404,404,1.5689,1.5689,6,0,False,False,0.0474787,True,,0.434563,True,,0.292453,True,,0.0733892,True,,0.333097,True,,0.387919,True,,-0.431373,True,,,,
cand_047,actionable,[*:1]n1nnc([N+](=O)[O-])n1,[*:1]n1nnnc1[N+](=O)[O-],nitro,nitro,scaffold,False,*n1nnc([N+](=O)[O-])n1||*n1nnnc1[N+](=O)[O-],0.396669,256,256,0.478722,0.484966,4,0,False,True,0.121016,True,3.33898,0.140866,True,14.7027,0,False,0,0.191116,True,0.0105,0.0257241,True,-0.0808454,0.00624426,False,-1.00935,-0.133817,True,-2.2272,,,
cand_047,actionable,[*:1]c1nnn([*:2])n1,[*:2]c1nnnn1[*:1],azole_ring,azole_ring,linker,False,*c1nnn(*)n1||*c1nnnn1*,0.257644,2457,2457,0.31729,0.31729,5,0,False,True,0.0573355,True,3.33898,0.0696148,True,14.7027,-2.41191e-19,False,0,0.100322,True,0.0105,0.0464741,True,-0.0808454,0.0435433,True,-1.00935,0.109291,True,-2.2272,,,
cand_047,actionable,[*:1]c1nnn([*:2])n1,[*:1]c1nnnn1[*:2],azole_ring,azole_ring,linker,False,*c1nnn(*)n1||*c1nnnn1*,0.258151,2833,2833,0.304252,0.304252,5,0,False,True,0.0551249,True,3.33898,0.0662557,True,14.7027,0,False,0,0.0947991,True,0.0105,0.0449933,True,-0.0808454,0.0430791,True,-1.00935,0.118519,True,-2.2272,,,
cand_047,actionable,[*:1]n1nnc([N+](=O)[O-])n1,[*:1]c1nnnn1[N+](=O)[O-],nitro,nitro,scaffold,False,*c1nnnn1[N+](=O)[O-]||*n1nnc([N+](=O)[O-])n1,0.397897,246,246,0.259307,0.259307,5,0,False,False,0.0483262,True,,0.0586571,True,,-0,False,,0.075547,True,,0.0381836,True,,0.0385934,True,,0.106097,True,,,,
cand_047,actionable,[*:1]c1nnn([*:2])n1,[*:2]c1nnn([*:1])n1,azole_ring,azole_ring,linker,False,*c1nnn(*)n1||*c1nnn(*)n1,0.260615,1165,1165,0.0453822,0.0112472,2,0,False,False,-0.00809051,False,,-0.00850428,False,,0,False,,-0.0175402,False,,0.0185507,True,,0.0268315,True,,0.0700273,True,,,,
cand_048,actionable,[*:2]c1nnnn1[*:1],[*:1]N=[N+]([O-])n1nnnc1[*:2],azole_ring,azoxy,linker,False,*N=[N+]([O-])n1nnnc1*||*c1nnnn1*,0.392432,280,280,7.39917,7.39917,6,0,False,False,1.23564,True,,1.29928,True,,0.829576,True,,1.74442,True,,1.1854,True,,1.10485,True,,-0.100889,True,,,,
cand_048,actionable,[*:2]c1nnnn1[*:1],[*:1]N=[N+]([O-])c1nnnn1[*:2],azole_ring,azoxy,linker,False,*N=[N+]([O-])c1nnnn1*||*c1nnnn1*,0.380296,193,193,7.18294,7.18294,6,0,False,False,1.23795,True,,1.23659,True,,0.790892,True,,1.68949,True,,1.14851,True,,1.0795,True,,-0.171171,True,,,,
cand_048,actionable,[*:2]c1nnnn1[*:1],[*:1]N=[N+]([O-])n1nnc([*:2])n1,azole_ring,azoxy,linker,False,*N=[N+]([O-])n1nnc(*)n1||*c1nnnn1*,0.386847,275,275,7.07244,7.07244,6,0,False,False,1.19325,True,,1.21169,True,,0.802861,True,,1.64893,True,,1.14311,True,,1.07258,True,,-0.0690075,False,,,,
cand_048,actionable,[*:1]c1nnnn1[*:2],[*:1]c1nnnn1N=[N+]([*:2])[O-],azole_ring,azoxy,linker,False,*c1nnnn1*||*c1nnnn1N=[N+](*)[O-],0.384684,108,108,7.02768,7.02768,6,0,False,False,1.18176,True,,1.14919,True,,0.79885,True,,1.54468,True,,1.1966,True,,1.1566,True,,0.219111,True,,,,
cand_048,actionable,[*:1]c1nnnn1[*:2],[*:2]n1nnnc1N=[N+]([*:1])[O-],azole_ring,azoxy,linker,False,*c1nnnn1*||*n1nnnc1N=[N+](*)[O-],0.387609,122,122,6.97978,6.97978,6,0,False,False,1.16054,True,,1.17138,True,,0.834346,True,,1.60279,True,,1.14116,True,,1.06956,True,,0.160271,True,,,,
cand_048,actionable,[*:1]c1nnnn1[*:2],[*:1]n1nnnc1N=[N+]([*:2])[O-],azole_ring,azoxy,linker,False,*c1nnnn1*||*n1nnnc1N=[N+](*)[O-],0.381342,140,140,6.77105,6.77105,6,0,False,False,1.13232,True,,1.07776,True,,0.793782,True,,1.46168,True,,1.16784,True,,1.13768,True,,0.300078,True,,,,
cand_048,actionable,[*:1]c1nnnn1[*:2],[*:1]n1nnc(N=[N+]([*:2])[O-])n1,azole_ring,azoxy,linker,False,*c1nnnn1*||*n1nnc(N=[N+](*)[O-])n1,0.382376,243,243,6.74472,6.74472,6,0,False,False,1.09841,True,,1.08922,True,,0.804593,True,,1.45168,True,,1.16528,True,,1.13554,True,,0.218252,True,,,,
cand_048,actionable,[*:1]n1ncnn1,[*:1]n1nnnc1[N+](=O)[O-],azole_ring,nitro,scaffold,False,*n1ncnn1||*n1nnnc1[N+](=O)[O-],0.395954,230,230,6.22863,6.22863,6,0,False,False,0.289934,True,,1.18885,True,,1.33358,True,,0.805375,True,,1.27622,True,,1.33468,True,,-0.792749,True,,,,
cand_048,actionable,[*:1]c1nnnn1[*:2],[*:1]N=[N+]([O-])c1nnnn1[*:2],azole_ring,azoxy,linker,False,*N=[N+]([O-])c1nnnn1*||*c1nnnn1*,0.387444,216,216,6.14634,6.14634,6,0,False,False,1.0166,True,,0.992261,True,,0.829325,True,,1.31178,True,,1.02557,True,,0.970802,True,,0.00583282,False,,,,
cand_048,actionable,[*:1]n1ncnn1,[*:1]c1nnnn1N[N+](=O)[O-],azole_ring,nitramine,scaffold,False,*c1nnnn1N[N+](=O)[O-]||*n1ncnn1,0.421195,242,242,6.03735,6.03735,6,0,False,True,0.422023,True,14.5906,0.923697,True,12.1494,1.28112,True,13.2166,0.853378,True,0.0112,1.25666,True,0.464875,1.30047,True,5.01377,-0.798837,True,0.0168,,,
cand_048,actionable,[*:1][H],[*:1]N[N+](=O)[O-],other,nitramine,substituent,False,*N[N+](=O)[O-]||*[H],0.189405,5877,5877,5.99818,5.99818,6,0,False,True,0.324233,True,14.0434,0.88904,True,10.3383,1.3388,True,13.2166,0.827536,True,0.0099,1.29303,True,0.367879,1.32554,True,3.84584,-0.514252,True,-0.1111,,,
cand_048,actionable,[*:1]n1ncnn1,[*:1]c1nnnn1[N+](=O)[O-],azole_ring,nitro,scaffold,False,*c1nnnn1[N+](=O)[O-]||*n1ncnn1,0.393758,246,246,5.99056,5.99056,6,0,False,False,0.227716,True,,1.10422,True,,1.3216,True,,0.714507,True,,1.27547,True,,1.34705,True,,-0.605233,True,,,,
cand_048,actionable,[*:1][H],[*:1][N+](=O)[O-],other,nitro,substituent,False,*[H]||*[N+](=O)[O-],0.145088,11162,11162,5.96247,5.96247,6,0,False,False,0.234161,True,,1.20139,True,,1.33037,True,,0.785731,True,,1.1891,True,,1.22172,True,,-0.507219,True,,,,
cand_048,actionable,[*:1]c1nnnn1[*:2],[*:2]n1nnc(N=[N+]([*:1])[O-])n1,azole_ring,azoxy,linker,False,*c1nnnn1*||*n1nnc(N=[N+](*)[O-])n1,0.381536,249,249,5.94401,5.94401,6,0,False,False,0.991857,True,,0.919359,True,,0.786746,True,,1.22979,True,,1.0227,True,,0.99356,True,,0.189938,True,,,,
cand_048,actionable,[*:1]c1nnnn1[*:2],[*:1]N=[N+]([O-])n1nnnc1[*:2],azole_ring,azoxy,linker,False,*N=[N+]([O-])n1nnnc1*||*c1nnnn1*,0.386172,229,229,5.94241,5.94241,6,0,False,False,1.01177,True,,0.953617,True,,0.810754,True,,1.25172,True,,0.978768,True,,0.935784,True,,-0.0654356,False,,,,
cand_048,actionable,[*:1]n1ncnn1,[*:1]c1nnn(N[N+](=O)[O-])n1,azole_ring,nitramine,scaffold,False,*c1nnn(N[N+](=O)[O-])n1||*n1ncnn1,0.421008,220,220,5.9189,5.9189,6,0,False,True,0.398982,True,14.5611,0.868332,True,12.0517,1.2635,True,13.2166,0.830741,True,0.0111,1.25368,True,0.462028,1.30367,True,4.97946,-0.867255,True,0.8248,,,
cand_048,actionable,[*:1]c1nnnn1[*:2],[*:1]N=[N+]([O-])n1nnc([*:2])n1,azole_ring,azoxy,linker,False,*N=[N+]([O-])n1nnc(*)n1||*c1nnnn1*,0.383065,259,259,5.90937,5.90937,6,0,False,False,0.973511,True,,0.966867,True,,0.837706,True,,1.25181,True,,0.973185,True,,0.906291,True,,-0.132316,True,,,,
cand_048,actionable,[*:1]n1ncnn1,[*:1]n1nnnc1N[N+](=O)[O-],azole_ring,nitramine,scaffold,False,*n1ncnn1||*n1nnnc1N[N+](=O)[O-],0.417489,235,235,5.76359,5.76359,6,0,False,False,0.366529,True,,0.77827,True,,1.23648,True,,0.753862,True,,1.27637,True,,1.35207,True,,-0.59273,True,,,,
cand_048,actionable,[*:1]n1ncnn1,[*:1]c1nnn([N+](=O)[O-])n1,azole_ring,nitro,scaffold,False,*c1nnn([N+](=O)[O-])n1||*n1ncnn1,0.397299,228,228,5.74998,5.74998,6,0,False,False,0.165378,True,,1.06997,True,,1.34095,True,,0.612209,True,,1.24257,True,,1.3189,True,,-0.478844,True,,,,
cand_048,actionable,[*:1]n1ncnn1,[*:1]n1nnc([N+](=O)[O-])n1,azole_ring,nitro,scaffold,False,*n1ncnn1||*n1nnc([N+](=O)[O-])n1,0.395615,212,212,5.73048,5.73048,6,0,False,False,0.171635,True,,1.06769,True,,1.34351,True,,0.617809,True,,1.23121,True,,1.29863,True,,-0.672958,True,,,,
cand_048,actionable,[*:1]n1ncnn1,[*:1]c1nnnn1N=[N+]=[N-],azole_ring,azide,scaffold,False,*c1nnnn1N=[N+]=[N-]||*n1ncnn1,0.395546,222,222,5.66684,5.66684,6,0,False,False,1.85673,True,,0.828205,True,,0.665024,True,,0.865566,True,,0.744194,True,,0.707124,True,,0.234698,True,,,,
cand_048,actionable,[*:1]n1ncnn1,[*:1]n1nnc(N[N+](=O)[O-])n1,azole_ring,nitramine,scaffold,False,*n1ncnn1||*n1nnc(N[N+](=O)[O-])n1,0.419431,177,177,5.46311,5.46311,6,0,False,False,0.301468,True,,0.741202,True,,1.25217,True,,0.701098,True,,1.20463,True,,1.26254,True,,-0.772607,True,,,,
cand_048,actionable,[*:1]n1ncnn1,[*:1]c1nnn(N=[N+]=[N-])n1,azole_ring,azide,scaffold,False,*c1nnn(N=[N+]=[N-])n1||*n1ncnn1,0.395437,221,221,5.32475,5.32475,6,0,False,False,1.79373,True,,0.746861,True,,0.657509,True,,0.756751,True,,0.701191,True,,0.668711,True,,0.326378,True,,,,
cand_048,actionable,[*:2]c1nnnn1[*:1],[*:1]N=Nc1nnnn1[*:2],azole_ring,azo,linker,False,*N=Nc1nnnn1*||*c1nnnn1*,0.355949,350,350,4.82301,4.82301,6,0,False,False,1.32338,True,,0.730511,True,,0.358726,True,,1.1928,True,,0.655076,True,,0.562518,True,,0.123372,True,,,,
cand_048,actionable,[*:1][H],[*:1]N=[N+]=[N-],other,azide,substituent,False,*N=[N+]=[N-]||*[H],0.148547,5460,5460,4.78796,4.78796,6,0,False,False,1.6527,True,,0.623367,True,,0.697449,True,,0.590303,True,,0.634074,True,,0.590066,True,,0.000225854,False,,,,
cand_048,actionable,[*:1]n1ncnn1,[*:1]n1nnnc1N=[N+]=[N-],azole_ring,azide,scaffold,False,*n1ncnn1||*n1nnnc1N=[N+]=[N-],0.393608,234,234,4.47693,4.47693,6,0,False,False,1.64049,True,,0.555787,True,,0.662647,True,,0.485648,True,,0.579372,True,,0.552986,True,,0.16454,True,,,,
cand_048,actionable,[*:2]c1nnnn1[*:1],[*:1]N=Nc1nnn([*:2])n1,azole_ring,azo,linker,False,*N=Nc1nnn(*)n1||*c1nnnn1*,0.35656,356,356,4.40896,4.40896,6,0,False,False,1.26223,True,,0.639687,True,,0.340861,True,,1.06383,True,,0.590047,True,,0.512296,True,,0.111891,True,,,,
cand_048,actionable,[*:2]c1nnnn1[*:1],[*:1]N=Nn1nnnc1[*:2],azole_ring,azo,linker,False,*N=Nn1nnnc1*||*c1nnnn1*,0.356653,386,386,4.35206,4.35206,6,0,False,False,1.23532,True,,0.615186,True,,0.330104,True,,1.0263,True,,0.60749,True,,0.537659,True,,0.166134,True,,,,
cand_048,actionable,[*:1]n1ncnn1,[*:1]n1nnc(N=[N+]=[N-])n1,azole_ring,azide,scaffold,False,*n1ncnn1||*n1nnc(N=[N+]=[N-])n1,0.39046,176,176,4.10694,4.10694,6,0,False,False,1.57988,True,,0.470815,True,,0.636573,True,,0.365713,True,,0.533431,True,,0.520528,True,,-0.168375,True,,,,
cand_048,actionable,[*:2]c1nnnn1[*:1],[*:1]N=Nn1nnc([*:2])n1,azole_ring,azo,linker,False,*N=Nn1nnc(*)n1||*c1nnnn1*,0.355887,402,402,3.93208,3.93208,6,0,False,False,1.17085,True,,0.536145,True,,0.333633,True,,0.916776,True,,0.52508,True,,0.449589,True,,-0.0634601,False,,,,
cand_048,actionable,[*:1]c1nnnn1[*:2],[*:1]N=Nc1nnnn1[*:2],azole_ring,azo,linker,False,*N=Nc1nnnn1*||*c1nnnn1*,0.351097,336,336,3.75447,3.75447,6,0,False,False,1.17631,True,,0.503957,True,,0.330506,True,,0.868255,True,,0.473577,True,,0.401863,True,,0.159668,True,,,,
cand_048,actionable,[*:2]c1nnnn1[*:1],[*:1]NNn1nnnc1[*:2],azole_ring,hydrazo,linker,False,*NNn1nnnc1*||*c1nnnn1*,0.35995,369,369,3.64902,3.64902,6,0,False,False,0.89669,True,,0.272185,True,,0.0281111,True,,1.47287,True,,0.55144,True,,0.42772,True,,0.0963791,True,,,,
cand_048,actionable,[*:1]c1nnnn1[*:2],[*:1]N=Nc1nnn([*:2])n1,azole_ring,azo,linker,False,*N=Nc1nnn(*)n1||*c1nnnn1*,0.356667,329,329,3.62297,3.62297,6,0,False,False,1.12524,True,,0.47018,True,,0.353315,True,,0.823885,True,,0.464077,True,,0.38627,True,,0.0930074,True,,,,
cand_048,actionable,[*:1]c1nnnn1[*:2],[*:1]N=Nn1nnnc1[*:2],azole_ring,azo,linker,False,*N=Nn1nnnc1*||*c1nnnn1*,0.354557,319,319,3.49741,3.49741,6,0,False,False,1.09274,True,,0.42757,True,,0.346433,True,,0.758009,True,,0.470057,True,,0.402601,True,,0.219847,True,,,,
cand_048,actionable,[*:2]c1nnnn1[*:1],[*:1]NNc1nnnn1[*:2],azole_ring,hydrazo,linker,False,*NNc1nnnn1*||*c1nnnn1*,0.357605,308,308,3.39303,3.39303,6,0,False,False,0.844118,True,,0.200872,True,,0.0369562,True,,1.37573,True,,0.528407,True,,0.406946,True,,-0.0578213,False,,,,
cand_048,actionable,[*:2]c1nnnn1[*:1],[*:1]NNn1nnc([*:2])n1,azole_ring,hydrazo,linker,False,*NNn1nnc(*)n1||*c1nnnn1*,0.361736,393,393,3.28999,3.28999,6,0,False,False,0.833756,True,,0.207705,True,,0.0440876,True,,1.38185,True,,0.481115,True,,0.341475,True,,-0.243635,True,,,,
cand_048,actionable,[*:1]c1nnnn1[*:2],[*:1]N=Nn1nnc([*:2])n1,azole_ring,azo,linker,False,*N=Nn1nnc(*)n1||*c1nnnn1*,0.351134,325,325,3.02894,3.02894,6,0,False,False,1.03313,True,,0.332837,True,,0.326176,True,,0.62886,True,,0.384432,True,,0.323499,True,,0.0338713,False,,,,
cand_048,actionable,[*:2]c1nnnn1[*:1],[*:1]NNc1nnn([*:2])n1,azole_ring,hydrazo,linker,False,*NNc1nnn(*)n1||*c1nnnn1*,0.354073,326,326,2.92851,2.92851,6,0,False,False,0.787273,True,,0.125173,True,,0.0243631,True,,1.22938,True,,0.436184,True,,0.326137,True,,-0.0216373,False,,,,
cand_048,actionable,[*:1]c1nnnn1[*:2],[*:1]NNn1nnnc1[*:2],azole_ring,hydrazo,linker,False,*NNn1nnnc1*||*c1nnnn1*,0.353396,307,307,2.84277,2.84277,6,0,False,False,0.765018,True,,0.0848097,True,,0.0448634,True,,1.22263,True,,0.42504,True,,0.30041,True,,-0.0312679,False,,,,
cand_048,actionable,[*:1]c1nnnn1[*:2],[*:1]NNc1nnnn1[*:2],azole_ring,hydrazo,linker,False,*NNc1nnnn1*||*c1nnnn1*,0.352717,357,357,2.45199,2.43486,5,0,False,False,0.693648,True,,-0.0171293,False,,0.030827,True,,1.06987,True,,0.381362,True,,0.276284,True,,-0.0595134,False,,,,
cand_048,actionable,[*:1]c1nnnn1[*:2],[*:1]NNn1nnc([*:2])n1,azole_ring,hydrazo,linker,False,*NNn1nnc(*)n1||*c1nnnn1*,0.352662,318,318,2.24338,2.23116,5,0,False,False,0.681101,True,,-0.0122265,False,,0.0338148,True,,1.04967,True,,0.301504,True,,0.177294,True,,-0.248633,True,,,,
cand_048,actionable,[*:1]c1nnnn1[*:2],[*:1]c1nnn(N[N+](=O)[O-])c1[*:2],azole_ring,nitramine,linker,False,*c1nnn(N[N+](=O)[O-])c1*||*c1nnnn1*,0.412549,385,385,1.50783,1.54167,4,0,False,False,0.0006166,False,,0.433216,True,,0.343985,True,,0.0332176,False,,0.340516,True,,0.390115,True,,-0.462432,True,,,,
cand_048,actionable,[*:2]c1nnnn1[*:1],[*:1]c1nnn(N[N+](=O)[O-])c1[*:2],azole_ring,nitramine,linker,False,*c1nnn(N[N+](=O)[O-])c1*||*c1nnnn1*,0.410514,341,341,1.33352,1.28057,4,0,False,False,-0.0166058,False,,0.396025,True,,0.315102,True,,-0.0363459,False,,0.285464,True,,0.336933,True,,-0.491826,True,,,,
cand_048,actionable,[*:1]n1ncnn1,[*:1]n1cnnn1,azole_ring,azole_ring,scaffold,False,*n1cnnn1||*n1ncnn1,0.31679,360,360,0.267555,0.267555,5,0,False,False,0.0337936,True,,0.0537874,True,,-0,False,,0.0835862,True,,0.0488291,True,,0.0475588,True,,-0.00339368,False,,,,
cand_048,actionable,[*:1]Nc1nnnn1[*:2],[*:1]Nn1nnnc1[*:2],azole_ring,azole_ring,linker,False,*Nc1nnnn1*||*Nn1nnnc1*,0.295245,593,593,0.26645,0.260235,3,0,False,False,0.0673813,True,,0.0806674,True,,0,False,,0.118401,True,,0.00547648,False,,-0.0116915,False,,-0.0768478,True,,,,
cand_048,actionable,[*:1]c1nnnn1[*:2],[*:2]c1nnnn1[*:1],azole_ring,azole_ring,linker,False,*c1nnnn1*||*c1nnnn1*,0.258476,1293,1293,0.21802,0.21802,5,0,False,False,0.0300112,True,,0.0417528,True,,0,False,,0.057483,True,,0.0430979,True,,0.0456756,True,,-0.0465583,True,,,,
cand_049,actionable,[*:2]c1nnn([*:1])n1,[*:1]N=[N+]([O-])c1nnnn1[*:2],azole_ring,azoxy,linker,False,*N=[N+]([O-])c1nnnn1*||*c1nnn(*)n1,0.385657,203,203,7.54054,7.54054,6,0,False,False,1.28787,True,,1.32943,True,,0.81574,True,,1.80839,True,,1.1937,True,,1.10541,True,,0.0821143,False,,,,
cand_049,actionable,[*:2]c1nnn([*:1])n1,[*:1]N=[N+]([O-])n1nnnc1[*:2],azole_ring,azoxy,linker,False,*N=[N+]([O-])n1nnnc1*||*c1nnn(*)n1,0.389037,291,291,7.46166,7.46166,6,0,False,False,1.26928,True,,1.34087,True,,0.814976,True,,1.77747,True,,1.16995,True,,1.08911,True,,0.0386994,False,,,,
cand_049,actionable,[*:2]c1nnn([*:1])n1,[*:1]N=[N+]([O-])n1nnc([*:2])n1,azole_ring,azoxy,linker,False,*N=[N+]([O-])n1nnc(*)n1||*c1nnn(*)n1,0.387464,272,272,7.25484,7.25484,6,0,False,False,1.24191,True,,1.27006,True,,0.792996,True,,1.73676,True,,1.14376,True,,1.06936,True,,-0.0477761,False,,,,
cand_049,actionable,[*:1]c1nnn([*:2])n1,[*:1]n1nnnc1N=[N+]([*:2])[O-],azole_ring,azoxy,linker,False,*c1nnn(*)n1||*n1nnnc1N=[N+](*)[O-],0.390172,133,133,7.1687,7.1687,6,0,False,False,1.19903,True,,1.22133,True,,0.836397,True,,1.61404,True,,1.17979,True,,1.11811,True,,0.382541,True,,,,
cand_049,actionable,[*:1]c1nnn([*:2])n1,[*:1]c1nnnn1N=[N+]([*:2])[O-],azole_ring,azoxy,linker,False,*c1nnn(*)n1||*c1nnnn1N=[N+](*)[O-],0.380492,118,118,6.98405,6.98405,6,0,False,False,1.23245,True,,1.15049,True,,0.745411,True,,1.5874,True,,1.15025,True,,1.11805,True,,0.295224,True,,,,
cand_049,actionable,[*:1]c1nnn([*:2])n1,[*:2]n1nnnc1N=[N+]([*:1])[O-],azole_ring,azoxy,linker,False,*c1nnn(*)n1||*n1nnnc1N=[N+](*)[O-],0.386228,129,129,6.9305,6.9305,6,0,False,False,1.22164,True,,1.20336,True,,0.791447,True,,1.6175,True,,1.07891,True,,1.01764,True,,0.0905416,False,,,,
cand_049,actionable,[*:1]c1nnn([*:2])n1,[*:1]n1nnc(N=[N+]([*:2])[O-])n1,azole_ring,azoxy,linker,False,*c1nnn(*)n1||*n1nnc(N=[N+](*)[O-])n1,0.378153,238,238,6.70442,6.70442,6,0,False,False,1.15867,True,,1.11382,True,,0.761466,True,,1.49629,True,,1.10497,True,,1.0692,True,,0.243363,True,,,,
cand_049,actionable,[*:1]c1nnn([*:2])n1,[*:1]N=[N+]([O-])c1nnnn1[*:2],azole_ring,azoxy,linker,False,*N=[N+]([O-])c1nnnn1*||*c1nnn(*)n1,0.38408,193,193,6.2752,6.2752,6,0,False,False,1.05157,True,,1.02736,True,,0.803237,True,,1.38052,True,,1.03234,True,,0.980179,True,,-0.0531092,False,,,,
cand_049,actionable,[*:1]n1ncnn1,[*:1]n1nnnc1[N+](=O)[O-],azole_ring,nitro,scaffold,False,*n1ncnn1||*n1nnnc1[N+](=O)[O-],0.395954,230,230,6.22863,6.22863,6,0,False,False,0.289934,True,,1.18885,True,,1.33358,True,,0.805375,True,,1.27622,True,,1.33468,True,,-0.792749,True,,,,
cand_049,actionable,[*:1]c1nnn([*:2])n1,[*:2]n1nnc(N=[N+]([*:1])[O-])n1,azole_ring,azoxy,linker,False,*c1nnn(*)n1||*n1nnc(N=[N+](*)[O-])n1,0.383262,245,245,6.12532,6.12532,6,0,False,False,1.05729,True,,0.968287,True,,0.765806,True,,1.33239,True,,1.01607,True,,0.985474,True,,-0.000412203,False,,,,
cand_049,actionable,[*:1]c1nnn([*:2])n1,[*:1]N=[N+]([O-])n1nnnc1[*:2],azole_ring,azoxy,linker,False,*N=[N+]([O-])n1nnnc1*||*c1nnn(*)n1,0.382236,241,241,6.08289,6.08289,6,0,False,False,1.03381,True,,0.991957,True,,0.801599,True,,1.30846,True,,0.998561,True,,0.948499,True,,0.0401082,False,,,,
cand_049,actionable,[*:1]n1ncnn1,[*:1]c1nnnn1N[N+](=O)[O-],azole_ring,nitramine,scaffold,False,*c1nnnn1N[N+](=O)[O-]||*n1ncnn1,0.421195,242,242,6.03735,6.03735,6,0,False,False,0.422023,True,,0.923697,True,,1.28112,True,,0.853378,True,,1.25666,True,,1.30047,True,,-0.798837,True,,,,
cand_049,actionable,[*:1]n1ncnn1,[*:1]c1nnnn1[N+](=O)[O-],azole_ring,nitro,scaffold,False,*c1nnnn1[N+](=O)[O-]||*n1ncnn1,0.393758,246,246,5.99056,5.99056,6,0,False,False,0.227716,True,,1.10422,True,,1.3216,True,,0.714507,True,,1.27547,True,,1.34705,True,,-0.605233,True,,,,
cand_049,actionable,[*:1]n1ncnn1,[*:1]c1nnn(N[N+](=O)[O-])n1,azole_ring,nitramine,scaffold,False,*c1nnn(N[N+](=O)[O-])n1||*n1ncnn1,0.421008,220,220,5.9189,5.9189,6,0,False,False,0.398982,True,,0.868332,True,,1.2635,True,,0.830741,True,,1.25368,True,,1.30367,True,,-0.867255,True,,,,
cand_049,actionable,[*:1]c1nnn([*:2])n1,[*:1]N=[N+]([O-])n1nnc([*:2])n1,azole_ring,azoxy,linker,False,*N=[N+]([O-])n1nnc(*)n1||*c1nnn(*)n1,0.381099,247,247,5.7921,5.7921,6,0,False,False,1.00262,True,,0.913101,True,,0.784638,True,,1.22695,True,,0.953992,True,,0.910809,True,,-0.0867995,False,,,,
cand_049,actionable,[*:1]n1ncnn1,[*:1]n1nnnc1N[N+](=O)[O-],azole_ring,nitramine,scaffold,False,*n1ncnn1||*n1nnnc1N[N+](=O)[O-],0.417489,235,235,5.76359,5.76359,6,0,False,False,0.366529,True,,0.77827,True,,1.23648,True,,0.753862,True,,1.27637,True,,1.35207,True,,-0.59273,True,,,,
cand_049,actionable,[*:1]n1ncnn1,[*:1]c1nnn([N+](=O)[O-])n1,azole_ring,nitro,scaffold,False,*c1nnn([N+](=O)[O-])n1||*n1ncnn1,0.397299,228,228,5.74998,5.74998,6,0,False,False,0.165378,True,,1.06997,True,,1.34095,True,,0.612209,True,,1.24257,True,,1.3189,True,,-0.478844,True,,,,
cand_049,actionable,[*:1]n1ncnn1,[*:1]n1nnc([N+](=O)[O-])n1,azole_ring,nitro,scaffold,False,*n1ncnn1||*n1nnc([N+](=O)[O-])n1,0.395615,212,212,5.73048,5.73048,6,0,False,False,0.171635,True,,1.06769,True,,1.34351,True,,0.617809,True,,1.23121,True,,1.29863,True,,-0.672958,True,,,,
cand_049,actionable,[*:1]n1ncnn1,[*:1]c1nnnn1N=[N+]=[N-],azole_ring,azide,scaffold,False,*c1nnnn1N=[N+]=[N-]||*n1ncnn1,0.395546,222,222,5.66684,5.66684,6,0,False,False,1.85673,True,,0.828205,True,,0.665024,True,,0.865566,True,,0.744194,True,,0.707124,True,,0.234698,True,,,,
cand_049,actionable,[*:1]n1ncnn1,[*:1]n1nnc(N[N+](=O)[O-])n1,azole_ring,nitramine,scaffold,False,*n1ncnn1||*n1nnc(N[N+](=O)[O-])n1,0.419431,177,177,5.46311,5.46311,6,0,False,False,0.301468,True,,0.741202,True,,1.25217,True,,0.701098,True,,1.20463,True,,1.26254,True,,-0.772607,True,,,,
cand_049,actionable,[*:1]n1ncnn1,[*:1]c1nnn(N=[N+]=[N-])n1,azole_ring,azide,scaffold,False,*c1nnn(N=[N+]=[N-])n1||*n1ncnn1,0.395437,221,221,5.32475,5.32475,6,0,False,False,1.79373,True,,0.746861,True,,0.657509,True,,0.756751,True,,0.701191,True,,0.668711,True,,0.326378,True,,,,
cand_049,actionable,[*:2]c1nnn([*:1])n1,[*:1]N=Nc1nnnn1[*:2],azole_ring,azo,linker,False,*N=Nc1nnnn1*||*c1nnn(*)n1,0.355184,346,346,4.91008,4.91008,6,0,False,False,1.36786,True,,0.775218,True,,0.348896,True,,1.25446,True,,0.632322,True,,0.531322,True,,0.293685,True,,,,
cand_049,actionable,[*:2]c1nnn([*:1])n1,[*:1]N=Nn1nnnc1[*:2],azole_ring,azo,linker,False,*N=Nn1nnnc1*||*c1nnn(*)n1,0.362383,398,398,4.67606,4.67606,6,0,False,False,1.27323,True,,0.697424,True,,0.363967,True,,1.14483,True,,0.646189,True,,0.550421,True,,0.275734,True,,,,
cand_049,actionable,[*:2]c1nnn([*:1])n1,[*:1]N=Nc1nnn([*:2])n1,azole_ring,azo,linker,False,*N=Nc1nnn(*)n1||*c1nnn(*)n1,0.356223,332,332,4.60116,4.60116,6,0,False,False,1.30023,True,,0.69689,True,,0.345385,True,,1.15463,True,,0.599149,True,,0.504875,True,,0.208527,True,,,,
cand_049,actionable,[*:1]n1ncnn1,[*:1]n1nnnc1N=[N+]=[N-],azole_ring,azide,scaffold,False,*n1ncnn1||*n1nnnc1N=[N+]=[N-],0.393608,234,234,4.47693,4.47693,6,0,False,False,1.64049,True,,0.555787,True,,0.662647,True,,0.485648,True,,0.579372,True,,0.552986,True,,0.16454,True,,,,
cand_049,actionable,[*:1]c1nnn([*:2])n1,[*:1]N=Nc1nnnn1[*:2],azole_ring,azo,linker,False,*N=Nc1nnnn1*||*c1nnn(*)n1,0.358491,342,342,4.22356,4.22356,6,0,False,False,1.24148,True,,0.622072,True,,0.350247,True,,1.03701,True,,0.531948,True,,0.44081,True,,0.143936,True,,,,
cand_049,actionable,[*:2]c1nnn([*:1])n1,[*:1]N=Nn1nnc([*:2])n1,azole_ring,azo,linker,False,*N=Nn1nnc(*)n1||*c1nnn(*)n1,0.35839,393,393,4.1863,4.1863,6,0,False,False,1.20702,True,,0.602688,True,,0.344701,True,,1.01106,True,,0.554789,True,,0.466045,True,,0.100027,True,,,,
cand_049,actionable,[*:1]n1ncnn1,[*:1]n1nnc(N=[N+]=[N-])n1,azole_ring,azide,scaffold,False,*n1ncnn1||*n1nnc(N=[N+]=[N-])n1,0.39046,176,176,4.10694,4.10694,6,0,False,False,1.57988,True,,0.470815,True,,0.636573,True,,0.365713,True,,0.533431,True,,0.520528,True,,-0.168375,True,,,,
cand_049,actionable,[*:1]c1nnn([*:2])n1,[*:1]N=Nn1nnnc1[*:2],azole_ring,azo,linker,False,*N=Nn1nnnc1*||*c1nnn(*)n1,0.360747,334,334,3.99535,3.99535,6,0,False,False,1.16569,True,,0.546554,True,,0.362638,True,,0.942865,True,,0.534815,True,,0.442787,True,,0.111146,True,,,,
cand_049,actionable,[*:2]c1nnn([*:1])n1,[*:1]NNn1nnnc1[*:2],azole_ring,hydrazo,linker,False,*NNn1nnnc1*||*c1nnn(*)n1,0.363514,386,386,3.9581,3.9581,6,0,False,False,0.938024,True,,0.350252,True,,0.0500214,True,,1.58906,True,,0.588806,True,,0.441934,True,,0.179119,True,,,,
cand_049,actionable,[*:1]c1nnn([*:2])n1,[*:1]N=Nc1nnn([*:2])n1,azole_ring,azo,linker,False,*N=Nc1nnn(*)n1||*c1nnn(*)n1,0.359132,350,350,3.90856,3.90856,6,0,False,False,1.18334,True,,0.547374,True,,0.349104,True,,0.932112,True,,0.490401,True,,0.406235,True,,0.040073,False,,,,
cand_049,actionable,[*:2]c1nnn([*:1])n1,[*:1]NNc1nnnn1[*:2],azole_ring,hydrazo,linker,False,*NNc1nnnn1*||*c1nnn(*)n1,0.353325,340,340,3.53394,3.53394,6,0,False,False,0.88454,True,,0.238912,True,,0.0334778,True,,1.43352,True,,0.53368,True,,0.40981,True,,0.0617399,False,,,,
cand_049,actionable,[*:2]c1nnn([*:1])n1,[*:1]NNn1nnc([*:2])n1,azole_ring,hydrazo,linker,False,*NNn1nnc(*)n1||*c1nnn(*)n1,0.360374,429,429,3.41725,3.41725,6,0,False,False,0.86855,True,,0.257969,True,,0.0453302,True,,1.43395,True,,0.479044,True,,0.332408,True,,-0.203337,True,,,,
cand_049,actionable,[*:2]c1nnn([*:1])n1,[*:1]NNc1nnn([*:2])n1,azole_ring,hydrazo,linker,False,*NNc1nnn(*)n1||*c1nnn(*)n1,0.357457,302,302,3.29623,3.29623,6,0,False,False,0.845114,True,,0.211921,True,,0.0430512,True,,1.37479,True,,0.47719,True,,0.344168,True,,0.0342877,False,,,,
cand_049,actionable,[*:1]c1nnn([*:2])n1,[*:1]N=Nn1nnc([*:2])n1,azole_ring,azo,linker,False,*N=Nn1nnc(*)n1||*c1nnn(*)n1,0.355385,330,330,3.29485,3.29485,6,0,False,False,1.08009,True,,0.405756,True,,0.332178,True,,0.731677,True,,0.409408,True,,0.335746,True,,-0.179887,True,,,,
cand_049,actionable,[*:1]c1nnn([*:2])n1,[*:1]NNn1nnnc1[*:2],azole_ring,hydrazo,linker,False,*NNn1nnnc1*||*c1nnn(*)n1,0.357043,365,365,3.13594,3.13594,6,0,False,False,0.826481,True,,0.183081,True,,0.0505623,True,,1.33815,True,,0.438654,True,,0.299012,True,,-0.0474263,False,,,,
cand_049,actionable,[*:1]c1nnn([*:2])n1,[*:1]NNc1nnnn1[*:2],azole_ring,hydrazo,linker,False,*NNc1nnnn1*||*c1nnn(*)n1,0.356148,336,336,2.73736,2.73736,6,0,False,False,0.743623,True,,0.0703049,True,,0.0427286,True,,1.17605,True,,0.412791,True,,0.291862,True,,-0.0271239,False,,,,
cand_049,actionable,[*:1]c1nnn([*:2])n1,[*:1]NNn1nnc([*:2])n1,azole_ring,hydrazo,linker,False,*NNn1nnc(*)n1||*c1nnn(*)n1,0.354712,335,335,2.57495,2.57495,6,0,False,False,0.753706,True,,0.0800358,True,,0.0327345,True,,1.18342,True,,0.3302,True,,0.194851,True,,-0.307741,True,,,,
cand_049,actionable,[*:1]c1nnn([*:2])n1,[*:1]NNc1nnn([*:2])n1,azole_ring,hydrazo,linker,False,*NNc1nnn(*)n1||*c1nnn(*)n1,0.350426,329,329,2.37486,2.37486,6,0,False,False,0.713205,True,,0.0268665,True,,0.0205211,True,,1.08548,True,,0.323148,True,,0.205645,True,,-0.209807,True,,,,
cand_049,actionable,[*:1]c1nnn([*:2])n1,[*:2]c1nnn(N[N+](=O)[O-])c1[*:1],azole_ring,nitramine,linker,False,*c1nnn(*)n1||*c1nnn(N[N+](=O)[O-])c1*,0.416782,335,335,1.85304,1.85304,6,0,False,False,0.0511008,True,,0.526783,True,,0.350804,True,,0.12756,True,,0.372822,True,,0.423975,True,,-0.409976,True,,,,
cand_049,actionable,[*:1]c1nnn([*:2])n1,[*:1]c1nnn(N[N+](=O)[O-])c1[*:2],azole_ring,nitramine,linker,False,*c1nnn(*)n1||*c1nnn(N[N+](=O)[O-])c1*,0.406666,404,404,1.5689,1.5689,6,0,False,False,0.0474787,True,,0.434563,True,,0.292453,True,,0.0733892,True,,0.333097,True,,0.387919,True,,-0.431373,True,,,,
cand_049,actionable,[*:1]n1nnc([N+](=O)[O-])n1,[*:1]n1nnnc1[N+](=O)[O-],nitro,nitro,scaffold,False,*n1nnc([N+](=O)[O-])n1||*n1nnnc1[N+](=O)[O-],0.396669,256,256,0.478722,0.484966,4,0,False,False,0.121016,True,,0.140866,True,,0,False,,0.191116,True,,0.0257241,True,,0.00624426,False,,-0.133817,True,,,,
cand_049,actionable,[*:1]c1nnn([*:2])n1,[*:2]c1nnnn1[*:1],azole_ring,azole_ring,linker,False,*c1nnn(*)n1||*c1nnnn1*,0.257644,2457,2457,0.31729,0.31729,5,0,False,False,0.0573355,True,,0.0696148,True,,-2.41191e-19,False,,0.100322,True,,0.0464741,True,,0.0435433,True,,0.109291,True,,,,
cand_049,actionable,[*:1]c1nnn([*:2])n1,[*:1]c1nnnn1[*:2],azole_ring,azole_ring,linker,False,*c1nnn(*)n1||*c1nnnn1*,0.258151,2833,2833,0.304252,0.304252,5,0,False,False,0.0551249,True,,0.0662557,True,,0,False,,0.0947991,True,,0.0449933,True,,0.0430791,True,,0.118519,True,,,,
cand_049,actionable,[*:1]n1ncnn1,[*:1]n1cnnn1,azole_ring,azole_ring,scaffold,False,*n1cnnn1||*n1ncnn1,0.31679,360,360,0.267555,0.267555,5,0,False,True,0.0337936,True,1.29142,0.0537874,True,5.68655,-0,False,0,0.0835862,True,0.004,0.0488291,True,-0.00117996,0.0475588,True,-0.0393973,-0.00339368,False,-30.6396,,,
cand_049,actionable,[*:1]n1nnc([N+](=O)[O-])n1,[*:1]c1nnnn1[N+](=O)[O-],nitro,nitro,scaffold,False,*c1nnnn1[N+](=O)[O-]||*n1nnc([N+](=O)[O-])n1,0.397897,246,246,0.259307,0.259307,5,0,False,False,0.0483262,True,,0.0586571,True,,-0,False,,0.075547,True,,0.0381836,True,,0.0385934,True,,0.106097,True,,,,
cand_049,actionable,[*:1]c1nnn([*:2])n1,[*:2]c1nnn([*:1])n1,azole_ring,azole_ring,linker,False,*c1nnn(*)n1||*c1nnn(*)n1,0.260615,1165,1165,0.0453822,0.0112472,2,0,False,False,-0.00809051,False,,-0.00850428,False,,0,False,,-0.0175402,False,,0.0185507,True,,0.0268315,True,,0.0700273,True,,,,
cand_050,actionable,[*:2]c1nnnn1[*:1],[*:1]N=[N+]([O-])n1nnnc1[*:2],azole_ring,azoxy,linker,False,*N=[N+]([O-])n1nnnc1*||*c1nnnn1*,0.392432,280,280,7.39917,7.39917,6,0,False,False,1.23564,True,,1.29928,True,,0.829576,True,,1.74442,True,,1.1854,True,,1.10485,True,,-0.100889,True,,,,
cand_050,actionable,[*:2]c1nnnn1[*:1],[*:1]N=[N+]([O-])c1nnnn1[*:2],azole_ring,azoxy,linker,False,*N=[N+]([O-])c1nnnn1*||*c1nnnn1*,0.380296,193,193,7.18294,7.18294,6,0,False,False,1.23795,True,,1.23659,True,,0.790892,True,,1.68949,True,,1.14851,True,,1.0795,True,,-0.171171,True,,,,
cand_050,actionable,[*:2]c1nnnn1[*:1],[*:1]N=[N+]([O-])n1nnc([*:2])n1,azole_ring,azoxy,linker,False,*N=[N+]([O-])n1nnc(*)n1||*c1nnnn1*,0.386847,275,275,7.07244,7.07244,6,0,False,False,1.19325,True,,1.21169,True,,0.802861,True,,1.64893,True,,1.14311,True,,1.07258,True,,-0.0690075,False,,,,
cand_050,actionable,[*:1]c1nnnn1[*:2],[*:1]c1nnnn1N=[N+]([*:2])[O-],azole_ring,azoxy,linker,False,*c1nnnn1*||*c1nnnn1N=[N+](*)[O-],0.384684,108,108,7.02768,7.02768,6,0,False,False,1.18176,True,,1.14919,True,,0.79885,True,,1.54468,True,,1.1966,True,,1.1566,True,,0.219111,True,,,,
cand_050,actionable,[*:1]c1nnnn1[*:2],[*:2]n1nnnc1N=[N+]([*:1])[O-],azole_ring,azoxy,linker,False,*c1nnnn1*||*n1nnnc1N=[N+](*)[O-],0.387609,122,122,6.97978,6.97978,6,0,False,False,1.16054,True,,1.17138,True,,0.834346,True,,1.60279,True,,1.14116,True,,1.06956,True,,0.160271,True,,,,
cand_050,actionable,[*:1]c1nnnn1[*:2],[*:1]n1nnnc1N=[N+]([*:2])[O-],azole_ring,azoxy,linker,False,*c1nnnn1*||*n1nnnc1N=[N+](*)[O-],0.381342,140,140,6.77105,6.77105,6,0,False,False,1.13232,True,,1.07776,True,,0.793782,True,,1.46168,True,,1.16784,True,,1.13768,True,,0.300078,True,,,,
cand_050,actionable,[*:1]c1nnnn1[*:2],[*:1]n1nnc(N=[N+]([*:2])[O-])n1,azole_ring,azoxy,linker,False,*c1nnnn1*||*n1nnc(N=[N+](*)[O-])n1,0.382376,243,243,6.74472,6.74472,6,0,False,False,1.09841,True,,1.08922,True,,0.804593,True,,1.45168,True,,1.16528,True,,1.13554,True,,0.218252,True,,,,
cand_050,actionable,[*:1]c1nnnn1[*:2],[*:1]N=[N+]([O-])c1nnnn1[*:2],azole_ring,azoxy,linker,False,*N=[N+]([O-])c1nnnn1*||*c1nnnn1*,0.387444,216,216,6.14634,6.14634,6,0,False,False,1.0166,True,,0.992261,True,,0.829325,True,,1.31178,True,,1.02557,True,,0.970802,True,,0.00583282,False,,,,
cand_050,actionable,[*:1]c1nnnn1[*:2],[*:2]n1nnc(N=[N+]([*:1])[O-])n1,azole_ring,azoxy,linker,False,*c1nnnn1*||*n1nnc(N=[N+](*)[O-])n1,0.381536,249,249,5.94401,5.94401,6,0,False,False,0.991857,True,,0.919359,True,,0.786746,True,,1.22979,True,,1.0227,True,,0.99356,True,,0.189938,True,,,,
cand_050,actionable,[*:1]c1nnnn1[*:2],[*:1]N=[N+]([O-])n1nnnc1[*:2],azole_ring,azoxy,linker,False,*N=[N+]([O-])n1nnnc1*||*c1nnnn1*,0.386172,229,229,5.94241,5.94241,6,0,False,False,1.01177,True,,0.953617,True,,0.810754,True,,1.25172,True,,0.978768,True,,0.935784,True,,-0.0654356,False,,,,
cand_050,actionable,[*:1]c1nnnn1[*:2],[*:1]N=[N+]([O-])n1nnc([*:2])n1,azole_ring,azoxy,linker,False,*N=[N+]([O-])n1nnc(*)n1||*c1nnnn1*,0.383065,259,259,5.90937,5.90937,6,0,False,False,0.973511,True,,0.966867,True,,0.837706,True,,1.25181,True,,0.973185,True,,0.906291,True,,-0.132316,True,,,,
cand_050,actionable,[*:2]c1nnnn1[*:1],[*:1]N=Nc1nnnn1[*:2],azole_ring,azo,linker,False,*N=Nc1nnnn1*||*c1nnnn1*,0.355949,350,350,4.82301,4.82301,6,0,False,False,1.32338,True,,0.730511,True,,0.358726,True,,1.1928,True,,0.655076,True,,0.562518,True,,0.123372,True,,,,
cand_050,actionable,[*:2]c1nnnn1[*:1],[*:1]N=Nc1nnn([*:2])n1,azole_ring,azo,linker,False,*N=Nc1nnn(*)n1||*c1nnnn1*,0.35656,356,356,4.40896,4.40896,6,0,False,False,1.26223,True,,0.639687,True,,0.340861,True,,1.06383,True,,0.590047,True,,0.512296,True,,0.111891,True,,,,
cand_050,actionable,[*:2]c1nnnn1[*:1],[*:1]N=Nn1nnnc1[*:2],azole_ring,azo,linker,False,*N=Nn1nnnc1*||*c1nnnn1*,0.356653,386,386,4.35206,4.35206,6,0,False,False,1.23532,True,,0.615186,True,,0.330104,True,,1.0263,True,,0.60749,True,,0.537659,True,,0.166134,True,,,,
cand_050,actionable,[*:2]c1nnnn1[*:1],[*:1]N=Nn1nnc([*:2])n1,azole_ring,azo,linker,False,*N=Nn1nnc(*)n1||*c1nnnn1*,0.355887,402,402,3.93208,3.93208,6,0,False,False,1.17085,True,,0.536145,True,,0.333633,True,,0.916776,True,,0.52508,True,,0.449589,True,,-0.0634601,False,,,,
cand_050,actionable,[*:1]NN[*:2],[*:1]N=[N+]([*:2])[O-],hydrazo,azoxy,linker,False,*N=[N+](*)[O-]||*NN*,0.149114,4015,4015,3.91186,3.91186,6,0,False,False,0.326838,True,,1.05673,True,,0.815419,True,,0.274361,True,,0.689952,True,,0.748555,True,,0.0589066,True,,,,
cand_050,actionable,[*:1]NNn1nnnc1[*:2],[*:2]c1nnnn1N=[N+]([*:1])[O-],hydrazo,azoxy,linker,False,*NNn1nnnc1*||*c1nnnn1N=[N+](*)[O-],0.38568,101,101,3.77562,3.77562,6,0,False,False,0.380087,True,,1.02672,True,,0.764026,True,,0.265424,True,,0.637316,True,,0.702048,True,,0.0876812,False,,,,
cand_050,actionable,[*:1]NNc1nnnn1[*:2],[*:1]N=[N+]([O-])c1nnnn1[*:2],hydrazo,azoxy,linker,False,*N=[N+]([O-])c1nnnn1*||*NNc1nnnn1*,0.384287,214,214,3.75585,3.75585,6,0,False,False,0.362753,True,,1.01537,True,,0.760783,True,,0.258081,True,,0.644325,True,,0.714542,True,,-0.0713196,False,,,,
cand_050,actionable,[*:1]c1nnnn1[*:2],[*:1]N=Nc1nnnn1[*:2],azole_ring,azo,linker,False,*N=Nc1nnnn1*||*c1nnnn1*,0.351097,336,336,3.75447,3.75447,6,0,False,False,1.17631,True,,0.503957,True,,0.330506,True,,0.868255,True,,0.473577,True,,0.401863,True,,0.159668,True,,,,
cand_050,actionable,[*:1]NNc1nnnn1[*:2],[*:2]n1nnnc1N=[N+]([*:1])[O-],hydrazo,azoxy,linker,False,*NNc1nnnn1*||*n1nnnc1N=[N+](*)[O-],0.385542,120,120,3.70025,3.70025,6,0,False,False,0.375266,True,,1.01536,True,,0.765685,True,,0.239057,True,,0.618406,True,,0.686471,True,,0.237506,True,,,,
cand_050,actionable,[*:1]NNc1nnnn1[*:2],[*:1]N=[N+]([O-])n1nnnc1[*:2],hydrazo,azoxy,linker,False,*N=[N+]([O-])n1nnnc1*||*NNc1nnnn1*,0.38066,248,248,3.66878,3.66878,6,0,False,False,0.361869,True,,1.0013,True,,0.755963,True,,0.251813,True,,0.616857,True,,0.680978,True,,-0.0748014,False,,,,
cand_050,actionable,[*:2]c1nnnn1[*:1],[*:1]NNn1nnnc1[*:2],azole_ring,hydrazo,linker,False,*NNn1nnnc1*||*c1nnnn1*,0.35995,369,369,3.64902,3.64902,6,0,False,False,0.89669,True,,0.272185,True,,0.0281111,True,,1.47287,True,,0.55144,True,,0.42772,True,,0.0963791,True,,,,
cand_050,actionable,[*:1]c1nnnn1[*:2],[*:1]N=Nc1nnn([*:2])n1,azole_ring,azo,linker,False,*N=Nc1nnn(*)n1||*c1nnnn1*,0.356667,329,329,3.62297,3.62297,6,0,False,False,1.12524,True,,0.47018,True,,0.353315,True,,0.823885,True,,0.464077,True,,0.38627,True,,0.0930074,True,,,,
cand_050,actionable,[*:1]NNn1nnnc1[*:2],[*:2]n1nnnc1N=[N+]([*:1])[O-],hydrazo,azoxy,linker,False,*NNn1nnnc1*||*n1nnnc1N=[N+](*)[O-],0.381538,124,124,3.60962,3.60962,6,0,False,False,0.345137,True,,0.945393,True,,0.752178,True,,0.20836,True,,0.641248,True,,0.7173,True,,0.171068,True,,,,
cand_050,actionable,[*:1]NNn1nnnc1[*:2],[*:1]N=[N+]([O-])c1nnnn1[*:2],hydrazo,azoxy,linker,False,*N=[N+]([O-])c1nnnn1*||*NNn1nnnc1*,0.386492,196,196,3.58178,3.58178,6,0,False,False,0.304919,True,,0.977524,True,,0.7793,True,,0.185311,True,,0.633135,True,,0.701595,True,,-0.0112245,False,,,,
cand_050,actionable,[*:1]NNc1nnnn1[*:2],[*:1]N=[N+]([O-])n1nnc([*:2])n1,hydrazo,azoxy,linker,False,*N=[N+]([O-])n1nnc(*)n1||*NNc1nnnn1*,0.385857,236,236,3.53371,3.53371,6,0,False,False,0.323345,True,,0.978208,True,,0.768124,True,,0.211525,True,,0.597316,True,,0.655192,True,,-0.173923,True,,,,
cand_050,actionable,[*:1]NNn1nnnc1[*:2],[*:1]N=[N+]([O-])n1nnnc1[*:2],hydrazo,azoxy,linker,False,*N=[N+]([O-])n1nnnc1*||*NNn1nnnc1*,0.383421,281,281,3.49913,3.49913,6,0,False,False,0.318368,True,,0.92779,True,,0.755612,True,,0.190758,True,,0.618484,True,,0.688114,True,,-0.124634,True,,,,
cand_050,actionable,[*:1]c1nnnn1[*:2],[*:1]N=Nn1nnnc1[*:2],azole_ring,azo,linker,False,*N=Nn1nnnc1*||*c1nnnn1*,0.354557,319,319,3.49741,3.49741,6,0,False,False,1.09274,True,,0.42757,True,,0.346433,True,,0.758009,True,,0.470057,True,,0.402601,True,,0.219847,True,,,,
cand_050,actionable,[*:1]NNc1nnnn1[*:2],[*:2]n1nnc(N=[N+]([*:1])[O-])n1,hydrazo,azoxy,linker,False,*NNc1nnnn1*||*n1nnc(N=[N+](*)[O-])n1,0.383099,238,238,3.46695,3.46695,6,0,False,True,0.2865,True,22.0106,0.905599,True,127.258,0.762232,True,12.9203,0.164457,True,0.0229,0.636924,True,0.264653,0.711233,True,2.53288,0.199321,True,8.4876,,,
cand_050,actionable,[*:2]c1nnnn1[*:1],[*:1]NNc1nnnn1[*:2],azole_ring,hydrazo,linker,False,*NNc1nnnn1*||*c1nnnn1*,0.357605,308,308,3.39303,3.39303,6,0,False,False,0.844118,True,,0.200872,True,,0.0369562,True,,1.37573,True,,0.528407,True,,0.406946,True,,-0.0578213,False,,,,
cand_050,actionable,[*:2]c1nnnn1[*:1],[*:1]NNn1nnc([*:2])n1,azole_ring,hydrazo,linker,False,*NNn1nnc(*)n1||*c1nnnn1*,0.361736,393,393,3.28999,3.28999,6,0,False,False,0.833756,True,,0.207705,True,,0.0440876,True,,1.38185,True,,0.481115,True,,0.341475,True,,-0.243635,True,,,,
cand_050,actionable,[*:1]NNn1nnnc1[*:2],[*:1]N=[N+]([O-])n1nnc([*:2])n1,hydrazo,azoxy,linker,False,*N=[N+]([O-])n1nnc(*)n1||*NNn1nnnc1*,0.388177,284,284,3.28792,3.28792,6,0,False,False,0.259273,True,,0.886412,True,,0.770162,True,,0.119598,True,,0.592501,True,,0.659977,True,,-0.176656,True,,,,
cand_050,actionable,[*:1]NNn1nnnc1[*:2],[*:2]n1nnc(N=[N+]([*:1])[O-])n1,hydrazo,azoxy,linker,False,*NNn1nnnc1*||*n1nnc(N=[N+](*)[O-])n1,0.383234,240,240,3.07909,3.1191,5,0,False,False,0.218088,True,,0.796665,True,,0.756166,True,,0.0400139,False,,0.610524,True,,0.697644,True,,0.162702,True,,,,
cand_050,actionable,[*:1]c1nnnn1[*:2],[*:1]N=Nn1nnc([*:2])n1,azole_ring,azo,linker,False,*N=Nn1nnc(*)n1||*c1nnnn1*,0.351134,325,325,3.02894,3.02894,6,0,False,False,1.03313,True,,0.332837,True,,0.326176,True,,0.62886,True,,0.384432,True,,0.323499,True,,0.0338713,False,,,,
cand_050,actionable,[*:2]c1nnnn1[*:1],[*:1]NNc1nnn([*:2])n1,azole_ring,hydrazo,linker,False,*NNc1nnn(*)n1||*c1nnnn1*,0.354073,326,326,2.92851,2.92851,6,0,False,False,0.787273,True,,0.125173,True,,0.0243631,True,,1.22938,True,,0.436184,True,,0.326137,True,,-0.0216373,False,,,,
cand_050,actionable,[*:1]c1nnnn1[*:2],[*:1]NNn1nnnc1[*:2],azole_ring,hydrazo,linker,False,*NNn1nnnc1*||*c1nnnn1*,0.353396,307,307,2.84277,2.84277,6,0,False,False,0.765018,True,,0.0848097,True,,0.0448634,True,,1.22263,True,,0.42504,True,,0.30041,True,,-0.0312679,False,,,,
cand_050,actionable,[*:1]c1nnnn1[*:2],[*:1]NNc1nnnn1[*:2],azole_ring,hydrazo,linker,False,*NNc1nnnn1*||*c1nnnn1*,0.352717,357,357,2.45199,2.43486,5,0,False,False,0.693648,True,,-0.0171293,False,,0.030827,True,,1.06987,True,,0.381362,True,,0.276284,True,,-0.0595134,False,,,,
cand_050,actionable,[*:1]c1nnnn1[*:2],[*:1]NNn1nnc([*:2])n1,azole_ring,hydrazo,linker,False,*NNn1nnc(*)n1||*c1nnnn1*,0.352662,318,318,2.24338,2.23116,5,0,False,False,0.681101,True,,-0.0122265,False,,0.0338148,True,,1.04967,True,,0.301504,True,,0.177294,True,,-0.248633,True,,,,
cand_050,actionable,[*:1]c1nnnn1[*:2],[*:1]c1nnn(N[N+](=O)[O-])c1[*:2],azole_ring,nitramine,linker,False,*c1nnn(N[N+](=O)[O-])c1*||*c1nnnn1*,0.412549,385,385,1.50783,1.54167,4,0,False,False,0.0006166,False,,0.433216,True,,0.343985,True,,0.0332176,False,,0.340516,True,,0.390115,True,,-0.462432,True,,,,
cand_050,actionable,[*:2]c1nnnn1[*:1],[*:1]c1nnn(N[N+](=O)[O-])c1[*:2],azole_ring,nitramine,linker,False,*c1nnn(N[N+](=O)[O-])c1*||*c1nnnn1*,0.410514,341,341,1.33352,1.28057,4,0,False,False,-0.0166058,False,,0.396025,True,,0.315102,True,,-0.0363459,False,,0.285464,True,,0.336933,True,,-0.491826,True,,,,
cand_050,actionable,[*:1]NNc1nnnn1[*:2],[*:1]NNn1nnnc1[*:2],hydrazo,hydrazo,linker,False,*NNc1nnnn1*||*NNn1nnnc1*,0.353639,345,345,0.286238,0.295714,4,0,False,False,0.0646865,True,,0.0784278,True,,0,False,,0.12108,True,,0.0220436,True,,0.009476,False,,-0.0180254,False,,,,
cand_050,actionable,[*:1]Nc1nnnn1[*:2],[*:1]Nn1nnnc1[*:2],azole_ring,azole_ring,linker,False,*Nc1nnnn1*||*Nn1nnnc1*,0.295245,593,593,0.26645,0.260235,3,0,False,False,0.0673813,True,,0.0806674,True,,0,False,,0.118401,True,,0.00547648,False,,-0.0116915,False,,-0.0768478,True,,,,
cand_050,actionable,[*:1]c1nnnn1[*:2],[*:2]c1nnnn1[*:1],azole_ring,azole_ring,linker,False,*c1nnnn1*||*c1nnnn1*,0.258476,1293,1293,0.21802,0.21802,5,0,False,False,0.0300112,True,,0.0417528,True,,0,False,,0.057483,True,,0.0430979,True,,0.0456756,True,,-0.0465583,True,,,,
cand_051,actionable,[*:2]c1nnnn1[*:1],[*:1]N=[N+]([O-])n1nnnc1[*:2],azole_ring,azoxy,linker,False,*N=[N+]([O-])n1nnnc1*||*c1nnnn1*,0.392432,280,280,7.39917,7.39917,6,0,False,False,1.23564,True,,1.29928,True,,0.829576,True,,1.74442,True,,1.1854,True,,1.10485,True,,-0.100889,True,,,,
cand_051,actionable,[*:2]c1nnnn1[*:1],[*:1]N=[N+]([O-])c1nnnn1[*:2],azole_ring,azoxy,linker,False,*N=[N+]([O-])c1nnnn1*||*c1nnnn1*,0.380296,193,193,7.18294,7.18294,6,0,False,False,1.23795,True,,1.23659,True,,0.790892,True,,1.68949,True,,1.14851,True,,1.0795,True,,-0.171171,True,,,,
cand_051,actionable,[*:2]c1nnnn1[*:1],[*:1]N=[N+]([O-])n1nnc([*:2])n1,azole_ring,azoxy,linker,False,*N=[N+]([O-])n1nnc(*)n1||*c1nnnn1*,0.386847,275,275,7.07244,7.07244,6,0,False,False,1.19325,True,,1.21169,True,,0.802861,True,,1.64893,True,,1.14311,True,,1.07258,True,,-0.0690075,False,,,,
cand_051,actionable,[*:1]c1nnnn1[*:2],[*:1]c1nnnn1N=[N+]([*:2])[O-],azole_ring,azoxy,linker,False,*c1nnnn1*||*c1nnnn1N=[N+](*)[O-],0.384684,108,108,7.02768,7.02768,6,0,False,False,1.18176,True,,1.14919,True,,0.79885,True,,1.54468,True,,1.1966,True,,1.1566,True,,0.219111,True,,,,
cand_051,actionable,[*:1]c1nnnn1[*:2],[*:2]n1nnnc1N=[N+]([*:1])[O-],azole_ring,azoxy,linker,False,*c1nnnn1*||*n1nnnc1N=[N+](*)[O-],0.387609,122,122,6.97978,6.97978,6,0,False,False,1.16054,True,,1.17138,True,,0.834346,True,,1.60279,True,,1.14116,True,,1.06956,True,,0.160271,True,,,,
cand_051,actionable,[*:1]c1nnnn1[*:2],[*:1]n1nnnc1N=[N+]([*:2])[O-],azole_ring,azoxy,linker,False,*c1nnnn1*||*n1nnnc1N=[N+](*)[O-],0.381342,140,140,6.77105,6.77105,6,0,False,False,1.13232,True,,1.07776,True,,0.793782,True,,1.46168,True,,1.16784,True,,1.13768,True,,0.300078,True,,,,
cand_051,actionable,[*:1]c1nnnn1[*:2],[*:1]n1nnc(N=[N+]([*:2])[O-])n1,azole_ring,azoxy,linker,False,*c1nnnn1*||*n1nnc(N=[N+](*)[O-])n1,0.382376,243,243,6.74472,6.74472,6,0,False,False,1.09841,True,,1.08922,True,,0.804593,True,,1.45168,True,,1.16528,True,,1.13554,True,,0.218252,True,,,,
cand_051,actionable,[*:1]c1nnnn1[*:2],[*:1]N=[N+]([O-])c1nnnn1[*:2],azole_ring,azoxy,linker,False,*N=[N+]([O-])c1nnnn1*||*c1nnnn1*,0.387444,216,216,6.14634,6.14634,6,0,False,False,1.0166,True,,0.992261,True,,0.829325,True,,1.31178,True,,1.02557,True,,0.970802,True,,0.00583282,False,,,,
cand_051,actionable,[*:1][H],[*:1]N[N+](=O)[O-],other,nitramine,substituent,False,*N[N+](=O)[O-]||*[H],0.189405,5877,5877,5.99818,5.99818,6,0,False,True,0.324233,True,16.9162,0.88904,True,12.6899,1.3388,True,16.6219,0.827536,True,0.0163,1.29303,True,0.406339,1.32554,True,4.07728,-0.514252,True,-20.487,,,
cand_051,actionable,[*:1][H],[*:1][N+](=O)[O-],other,nitro,substituent,False,*[H]||*[N+](=O)[O-],0.145088,11162,11162,5.96247,5.96247,6,0,False,True,0.234161,True,11.228,1.20139,True,72.3369,1.33037,True,19.1309,0.785731,True,0.0197,1.1891,True,0.433513,1.22172,True,4.29998,-0.507219,True,-5.5,,,
cand_051,actionable,[*:1]c1nnnn1[*:2],[*:2]n1nnc(N=[N+]([*:1])[O-])n1,azole_ring,azoxy,linker,False,*c1nnnn1*||*n1nnc(N=[N+](*)[O-])n1,0.381536,249,249,5.94401,5.94401,6,0,False,False,0.991857,True,,0.919359,True,,0.786746,True,,1.22979,True,,1.0227,True,,0.99356,True,,0.189938,True,,,,
cand_051,actionable,[*:1]c1nnnn1[*:2],[*:1]N=[N+]([O-])n1nnnc1[*:2],azole_ring,azoxy,linker,False,*N=[N+]([O-])n1nnnc1*||*c1nnnn1*,0.386172,229,229,5.94241,5.94241,6,0,False,False,1.01177,True,,0.953617,True,,0.810754,True,,1.25172,True,,0.978768,True,,0.935784,True,,-0.0654356,False,,,,
cand_051,actionable,[*:1]n1cnnn1,[*:1]n1nnnc1[N+](=O)[O-],azole_ring,nitro,scaffold,False,*n1cnnn1||*n1nnnc1[N+](=O)[O-],0.391358,197,197,5.91171,5.91171,6,0,False,True,0.273064,True,11.228,1.1069,True,72.3369,1.29383,True,19.1309,0.770725,True,0.0197,1.20569,True,0.433513,1.2615,True,4.29998,-0.961467,True,-5.5,,,
cand_051,actionable,[*:1]c1nnnn1[*:2],[*:1]N=[N+]([O-])n1nnc([*:2])n1,azole_ring,azoxy,linker,False,*N=[N+]([O-])n1nnc(*)n1||*c1nnnn1*,0.383065,259,259,5.90937,5.90937,6,0,False,False,0.973511,True,,0.966867,True,,0.837706,True,,1.25181,True,,0.973185,True,,0.906291,True,,-0.132316,True,,,,
cand_051,actionable,[*:1]n1cnnn1,[*:1]c1nnnn1N[N+](=O)[O-],azole_ring,nitramine,scaffold,False,*c1nnnn1N[N+](=O)[O-]||*n1cnnn1,0.421747,206,206,5.90055,5.90055,6,0,False,True,0.395863,True,17.0053,0.887343,True,13.0046,1.29369,True,16.6219,0.830264,True,0.0166,1.23043,True,0.488096,1.26296,True,5.0549,-0.742385,True,-32.0207,,,
cand_051,actionable,[*:1]n1cnnn1,[*:1]c1nnnn1[N+](=O)[O-],azole_ring,nitro,scaffold,False,*c1nnnn1[N+](=O)[O-]||*n1cnnn1,0.387251,243,243,5.5597,5.5597,6,0,False,True,0.191236,True,9.19233,0.979734,True,64.7443,1.27645,True,19.1309,0.618551,True,0.0143,1.20716,True,0.567018,1.28656,True,5.94414,-0.677783,True,114.845,,,
cand_051,actionable,[*:1]n1cnnn1,[*:1]n1nnnc1N[N+](=O)[O-],azole_ring,nitramine,scaffold,False,*n1cnnn1||*n1nnnc1N[N+](=O)[O-],0.418723,164,164,5.5509,5.5509,6,0,False,True,0.329096,True,16.9162,0.736148,True,12.6899,1.22845,True,16.6219,0.686914,True,0.0163,1.24101,True,0.406339,1.32929,True,4.07728,-0.651655,True,-20.487,,,
cand_051,actionable,[*:1]n1cnnn1,[*:1]c1nnn([N+](=O)[O-])n1,azole_ring,nitro,scaffold,False,*c1nnn([N+](=O)[O-])n1||*n1cnnn1,0.397374,227,227,5.46536,5.46536,6,0,False,False,0.11473,True,,1.03099,True,,1.34929,True,,0.537146,True,,1.18159,True,,1.25162,True,,-0.509196,True,,,,
cand_051,actionable,[*:1]n1cnnn1,[*:1]c1nnn(N[N+](=O)[O-])n1,azole_ring,nitramine,scaffold,False,*c1nnn(N[N+](=O)[O-])n1||*n1cnnn1,0.418398,188,188,5.4048,5.4048,6,0,False,False,0.351237,True,,0.747068,True,,1.20353,True,,0.7056,True,,1.16263,True,,1.23474,True,,-0.916488,True,,,,
cand_051,actionable,[*:1]n1cnnn1,[*:1]n1nnc([N+](=O)[O-])n1,azole_ring,nitro,scaffold,False,*n1cnnn1||*n1nnc([N+](=O)[O-])n1,0.391663,249,249,5.37825,5.37825,6,0,False,True,0.144357,True,6.78458,0.948766,True,55.7638,1.29642,True,19.1309,0.545122,True,0.0079,1.18269,True,0.403867,1.26089,True,4.02084,-0.723643,True,-25.3986,,,
cand_051,actionable,[*:1]n1cnnn1,[*:1]c1nnnn1N=[N+]=[N-],azole_ring,azide,scaffold,False,*c1nnnn1N=[N+]=[N-]||*n1cnnn1,0.391064,256,256,5.25695,5.25695,6,0,False,True,1.83292,True,89.4457,0.743577,True,40.4338,0.627035,True,6.92573,0.756638,True,0.0166,0.66215,True,0.130726,0.634623,True,1.16654,0.226794,True,38.4735,,,
cand_051,actionable,[*:1]n1cnnn1,[*:1]n1nnc(N[N+](=O)[O-])n1,azole_ring,nitramine,scaffold,False,*n1cnnn1||*n1nnc(N[N+](=O)[O-])n1,0.416918,230,230,5.18671,5.18671,6,0,False,True,0.274516,True,13.3262,0.695455,True,0.01026,1.24125,True,16.6219,0.611538,True,0.007,1.15065,True,0.411144,1.21331,True,4.1928,-0.808248,True,-17.1324,,,
cand_051,actionable,[*:1]n1cnnn1,[*:1]c1nnn(N=[N+]=[N-])n1,azole_ring,azide,scaffold,False,*c1nnn(N=[N+]=[N-])n1||*n1cnnn1,0.396984,204,204,5.12644,5.12644,6,0,False,False,1.75494,True,,0.708411,True,,0.670692,True,,0.687376,True,,0.669258,True,,0.635763,True,,0.324515,True,,,,
cand_051,actionable,[*:2]c1nnnn1[*:1],[*:1]N=Nc1nnnn1[*:2],azole_ring,azo,linker,False,*N=Nc1nnnn1*||*c1nnnn1*,0.355949,350,350,4.82301,4.82301,6,0,False,False,1.32338,True,,0.730511,True,,0.358726,True,,1.1928,True,,0.655076,True,,0.562518,True,,0.123372,True,,,,
cand_051,actionable,[*:1][H],[*:1]N=[N+]=[N-],other,azide,substituent,False,*N=[N+]=[N-]||*[H],0.148547,5460,5460,4.78796,4.78796,6,0,False,False,1.6527,True,,0.623367,True,,0.697449,True,,0.590303,True,,0.634074,True,,0.590066,True,,0.000225854,False,,,,
cand_051,actionable,[*:1]n1cnnn1,[*:1]n1nnnc1N=[N+]=[N-],azole_ring,azide,scaffold,False,*n1cnnn1||*n1nnnc1N=[N+]=[N-],0.4,173,173,4.50066,4.50066,6,0,False,False,1.61274,True,,0.569006,True,,0.699722,True,,0.493093,True,,0.58453,True,,0.541571,True,,0.0771344,False,,,,
cand_051,actionable,[*:2]c1nnnn1[*:1],[*:1]N=Nc1nnn([*:2])n1,azole_ring,azo,linker,False,*N=Nc1nnn(*)n1||*c1nnnn1*,0.35656,356,356,4.40896,4.40896,6,0,False,False,1.26223,True,,0.639687,True,,0.340861,True,,1.06383,True,,0.590047,True,,0.512296,True,,0.111891,True,,,,
cand_051,actionable,[*:2]c1nnnn1[*:1],[*:1]N=Nn1nnnc1[*:2],azole_ring,azo,linker,False,*N=Nn1nnnc1*||*c1nnnn1*,0.356653,386,386,4.35206,4.35206,6,0,False,False,1.23532,True,,0.615186,True,,0.330104,True,,1.0263,True,,0.60749,True,,0.537659,True,,0.166134,True,,,,
cand_051,actionable,[*:1]n1cnnn1,[*:1]n1nnc(N=[N+]=[N-])n1,azole_ring,azide,scaffold,False,*n1cnnn1||*n1nnc(N=[N+]=[N-])n1,0.396897,243,243,3.99797,3.99797,6,0,False,False,1.54735,True,,0.443323,True,,0.662316,True,,0.334195,True,,0.515139,True,,0.495649,True,,-0.352393,True,,,,
cand_051,actionable,[*:2]c1nnnn1[*:1],[*:1]N=Nn1nnc([*:2])n1,azole_ring,azo,linker,False,*N=Nn1nnc(*)n1||*c1nnnn1*,0.355887,402,402,3.93208,3.93208,6,0,False,False,1.17085,True,,0.536145,True,,0.333633,True,,0.916776,True,,0.52508,True,,0.449589,True,,-0.0634601,False,,,,
cand_051,actionable,[*:1]c1nnnn1[*:2],[*:1]N=Nc1nnnn1[*:2],azole_ring,azo,linker,False,*N=Nc1nnnn1*||*c1nnnn1*,0.351097,336,336,3.75447,3.75447,6,0,False,False,1.17631,True,,0.503957,True,,0.330506,True,,0.868255,True,,0.473577,True,,0.401863,True,,0.159668,True,,,,
cand_051,actionable,[*:2]c1nnnn1[*:1],[*:1]NNn1nnnc1[*:2],azole_ring,hydrazo,linker,False,*NNn1nnnc1*||*c1nnnn1*,0.35995,369,369,3.64902,3.64902,6,0,False,False,0.89669,True,,0.272185,True,,0.0281111,True,,1.47287,True,,0.55144,True,,0.42772,True,,0.0963791,True,,,,
cand_051,actionable,[*:1]c1nnnn1[*:2],[*:1]N=Nc1nnn([*:2])n1,azole_ring,azo,linker,False,*N=Nc1nnn(*)n1||*c1nnnn1*,0.356667,329,329,3.62297,3.62297,6,0,False,False,1.12524,True,,0.47018,True,,0.353315,True,,0.823885,True,,0.464077,True,,0.38627,True,,0.0930074,True,,,,
cand_051,actionable,[*:1]c1nnnn1[*:2],[*:1]N=Nn1nnnc1[*:2],azole_ring,azo,linker,False,*N=Nn1nnnc1*||*c1nnnn1*,0.354557,319,319,3.49741,3.49741,6,0,False,False,1.09274,True,,0.42757,True,,0.346433,True,,0.758009,True,,0.470057,True,,0.402601,True,,0.219847,True,,,,
cand_051,actionable,[*:2]c1nnnn1[*:1],[*:1]NNc1nnnn1[*:2],azole_ring,hydrazo,linker,False,*NNc1nnnn1*||*c1nnnn1*,0.357605,308,308,3.39303,3.39303,6,0,False,False,0.844118,True,,0.200872,True,,0.0369562,True,,1.37573,True,,0.528407,True,,0.406946,True,,-0.0578213,False,,,,
cand_051,actionable,[*:2]c1nnnn1[*:1],[*:1]NNn1nnc([*:2])n1,azole_ring,hydrazo,linker,False,*NNn1nnc(*)n1||*c1nnnn1*,0.361736,393,393,3.28999,3.28999,6,0,False,False,0.833756,True,,0.207705,True,,0.0440876,True,,1.38185,True,,0.481115,True,,0.341475,True,,-0.243635,True,,,,
cand_051,actionable,[*:1]c1nnnn1[*:2],[*:1]N=Nn1nnc([*:2])n1,azole_ring,azo,linker,False,*N=Nn1nnc(*)n1||*c1nnnn1*,0.351134,325,325,3.02894,3.02894,6,0,False,False,1.03313,True,,0.332837,True,,0.326176,True,,0.62886,True,,0.384432,True,,0.323499,True,,0.0338713,False,,,,
cand_051,actionable,[*:2]c1nnnn1[*:1],[*:1]NNc1nnn([*:2])n1,azole_ring,hydrazo,linker,False,*NNc1nnn(*)n1||*c1nnnn1*,0.354073,326,326,2.92851,2.92851,6,0,False,False,0.787273,True,,0.125173,True,,0.0243631,True,,1.22938,True,,0.436184,True,,0.326137,True,,-0.0216373,False,,,,
cand_051,actionable,[*:1]c1nnnn1[*:2],[*:1]NNn1nnnc1[*:2],azole_ring,hydrazo,linker,False,*NNn1nnnc1*||*c1nnnn1*,0.353396,307,307,2.84277,2.84277,6,0,False,False,0.765018,True,,0.0848097,True,,0.0448634,True,,1.22263,True,,0.42504,True,,0.30041,True,,-0.0312679,False,,,,
cand_051,actionable,[*:1]c1nnnn1[*:2],[*:1]NNc1nnnn1[*:2],azole_ring,hydrazo,linker,False,*NNc1nnnn1*||*c1nnnn1*,0.352717,357,357,2.45199,2.43486,5,0,False,False,0.693648,True,,-0.0171293,False,,0.030827,True,,1.06987,True,,0.381362,True,,0.276284,True,,-0.0595134,False,,,,
cand_051,actionable,[*:1]c1nnnn1[*:2],[*:1]NNn1nnc([*:2])n1,azole_ring,hydrazo,linker,False,*NNn1nnc(*)n1||*c1nnnn1*,0.352662,318,318,2.24338,2.23116,5,0,False,False,0.681101,True,,-0.0122265,False,,0.0338148,True,,1.04967,True,,0.301504,True,,0.177294,True,,-0.248633,True,,,,
cand_051,actionable,[*:1]c1nnnn1[*:2],[*:1]c1nnn(N[N+](=O)[O-])c1[*:2],azole_ring,nitramine,linker,False,*c1nnn(N[N+](=O)[O-])c1*||*c1nnnn1*,0.412549,385,385,1.50783,1.54167,4,0,False,False,0.0006166,False,,0.433216,True,,0.343985,True,,0.0332176,False,,0.340516,True,,0.390115,True,,-0.462432,True,,,,
cand_051,actionable,[*:2]c1nnnn1[*:1],[*:1]c1nnn(N[N+](=O)[O-])c1[*:2],azole_ring,nitramine,linker,False,*c1nnn(N[N+](=O)[O-])c1*||*c1nnnn1*,0.410514,341,341,1.33352,1.28057,4,0,False,False,-0.0166058,False,,0.396025,True,,0.315102,True,,-0.0363459,False,,0.285464,True,,0.336933,True,,-0.491826,True,,,,
cand_051,actionable,[*:1]c1nnnn1[*:2],[*:2]c1nnnn1[*:1],azole_ring,azole_ring,linker,False,*c1nnnn1*||*c1nnnn1*,0.258476,1293,1293,0.21802,0.21802,5,0,False,False,0.0300112,True,,0.0417528,True,,0,False,,0.057483,True,,0.0430979,True,,0.0456756,True,,-0.0465583,True,,,,
cand_052,actionable,[*:2]c1nnnn1[*:1],[*:1]N=[N+]([O-])n1nnnc1[*:2],azole_ring,azoxy,linker,False,*N=[N+]([O-])n1nnnc1*||*c1nnnn1*,0.392432,280,280,7.39917,7.39917,6,0,False,False,1.23564,True,,1.29928,True,,0.829576,True,,1.74442,True,,1.1854,True,,1.10485,True,,-0.100889,True,,,,
cand_052,actionable,[*:2]c1nnnn1[*:1],[*:1]N=[N+]([O-])c1nnnn1[*:2],azole_ring,azoxy,linker,False,*N=[N+]([O-])c1nnnn1*||*c1nnnn1*,0.380296,193,193,7.18294,7.18294,6,0,False,False,1.23795,True,,1.23659,True,,0.790892,True,,1.68949,True,,1.14851,True,,1.0795,True,,-0.171171,True,,,,
cand_052,actionable,[*:2]c1nnnn1[*:1],[*:1]N=[N+]([O-])n1nnc([*:2])n1,azole_ring,azoxy,linker,False,*N=[N+]([O-])n1nnc(*)n1||*c1nnnn1*,0.386847,275,275,7.07244,7.07244,6,0,False,False,1.19325,True,,1.21169,True,,0.802861,True,,1.64893,True,,1.14311,True,,1.07258,True,,-0.0690075,False,,,,
cand_052,actionable,[*:1]c1nnnn1[*:2],[*:1]c1nnnn1N=[N+]([*:2])[O-],azole_ring,azoxy,linker,False,*c1nnnn1*||*c1nnnn1N=[N+](*)[O-],0.384684,108,108,7.02768,7.02768,6,0,False,False,1.18176,True,,1.14919,True,,0.79885,True,,1.54468,True,,1.1966,True,,1.1566,True,,0.219111,True,,,,
cand_052,actionable,[*:1]c1nnnn1[*:2],[*:2]n1nnnc1N=[N+]([*:1])[O-],azole_ring,azoxy,linker,False,*c1nnnn1*||*n1nnnc1N=[N+](*)[O-],0.387609,122,122,6.97978,6.97978,6,0,False,False,1.16054,True,,1.17138,True,,0.834346,True,,1.60279,True,,1.14116,True,,1.06956,True,,0.160271,True,,,,
cand_052,actionable,[*:1]c1nnnn1[*:2],[*:1]n1nnnc1N=[N+]([*:2])[O-],azole_ring,azoxy,linker,False,*c1nnnn1*||*n1nnnc1N=[N+](*)[O-],0.381342,140,140,6.77105,6.77105,6,0,False,False,1.13232,True,,1.07776,True,,0.793782,True,,1.46168,True,,1.16784,True,,1.13768,True,,0.300078,True,,,,
cand_052,actionable,[*:1]c1nnnn1[*:2],[*:1]n1nnc(N=[N+]([*:2])[O-])n1,azole_ring,azoxy,linker,False,*c1nnnn1*||*n1nnc(N=[N+](*)[O-])n1,0.382376,243,243,6.74472,6.74472,6,0,False,False,1.09841,True,,1.08922,True,,0.804593,True,,1.45168,True,,1.16528,True,,1.13554,True,,0.218252,True,,,,
cand_052,actionable,[*:1]c1nnnn1[*:2],[*:1]N=[N+]([O-])c1nnnn1[*:2],azole_ring,azoxy,linker,False,*N=[N+]([O-])c1nnnn1*||*c1nnnn1*,0.387444,216,216,6.14634,6.14634,6,0,False,False,1.0166,True,,0.992261,True,,0.829325,True,,1.31178,True,,1.02557,True,,0.970802,True,,0.00583282,False,,,,
cand_052,actionable,[*:1][H],[*:1]N[N+](=O)[O-],other,nitramine,substituent,False,*N[N+](=O)[O-]||*[H],0.189405,5877,5877,5.99818,5.99818,6,0,False,True,0.324233,True,14.1727,0.88904,True,10.4233,1.3388,True,13.2166,0.827536,True,0.01,1.29303,True,0.389005,1.32554,True,4.14757,-0.514252,True,-0.1209,,,
cand_052,actionable,[*:1][H],[*:1][N+](=O)[O-],other,nitro,substituent,False,*[H]||*[N+](=O)[O-],0.145088,11162,11162,5.96247,5.96247,6,0,False,False,0.234161,True,,1.20139,True,,1.33037,True,,0.785731,True,,1.1891,True,,1.22172,True,,-0.507219,True,,,,
cand_052,actionable,[*:1]c1nnnn1[*:2],[*:2]n1nnc(N=[N+]([*:1])[O-])n1,azole_ring,azoxy,linker,False,*c1nnnn1*||*n1nnc(N=[N+](*)[O-])n1,0.381536,249,249,5.94401,5.94401,6,0,False,False,0.991857,True,,0.919359,True,,0.786746,True,,1.22979,True,,1.0227,True,,0.99356,True,,0.189938,True,,,,
cand_052,actionable,[*:1]c1nnnn1[*:2],[*:1]N=[N+]([O-])n1nnnc1[*:2],azole_ring,azoxy,linker,False,*N=[N+]([O-])n1nnnc1*||*c1nnnn1*,0.386172,229,229,5.94241,5.94241,6,0,False,False,1.01177,True,,0.953617,True,,0.810754,True,,1.25172,True,,0.978768,True,,0.935784,True,,-0.0654356,False,,,,
cand_052,actionable,[*:1]n1cnnn1,[*:1]n1nnnc1[N+](=O)[O-],azole_ring,nitro,scaffold,False,*n1cnnn1||*n1nnnc1[N+](=O)[O-],0.391358,197,197,5.91171,5.91171,6,0,False,False,0.273064,True,,1.1069,True,,1.29383,True,,0.770725,True,,1.20569,True,,1.2615,True,,-0.961467,True,,,,
cand_052,actionable,[*:1]c1nnnn1[*:2],[*:1]N=[N+]([O-])n1nnc([*:2])n1,azole_ring,azoxy,linker,False,*N=[N+]([O-])n1nnc(*)n1||*c1nnnn1*,0.383065,259,259,5.90937,5.90937,6,0,False,False,0.973511,True,,0.966867,True,,0.837706,True,,1.25181,True,,0.973185,True,,0.906291,True,,-0.132316,True,,,,
cand_052,actionable,[*:1]n1cnnn1,[*:1]c1nnnn1N[N+](=O)[O-],azole_ring,nitramine,scaffold,False,*c1nnnn1N[N+](=O)[O-]||*n1cnnn1,0.421747,206,206,5.90055,5.90055,6,0,False,True,0.395863,True,19.2047,0.887343,True,27.0783,1.29369,True,13.2166,0.830264,True,0.0224,1.23043,True,0.297591,1.26296,True,2.95906,-0.742385,True,-0.5219,,,
cand_052,actionable,[*:1]n1cnnn1,[*:1]c1nnnn1[N+](=O)[O-],azole_ring,nitro,scaffold,False,*c1nnnn1[N+](=O)[O-]||*n1cnnn1,0.387251,243,243,5.5597,5.5597,6,0,False,False,0.191236,True,,0.979734,True,,1.27645,True,,0.618551,True,,1.20716,True,,1.28656,True,,-0.677783,True,,,,
cand_052,actionable,[*:1]n1cnnn1,[*:1]n1nnnc1N[N+](=O)[O-],azole_ring,nitramine,scaffold,False,*n1cnnn1||*n1nnnc1N[N+](=O)[O-],0.418723,164,164,5.5509,5.5509,6,0,False,False,0.329096,True,,0.736148,True,,1.22845,True,,0.686914,True,,1.24101,True,,1.32929,True,,-0.651655,True,,,,
cand_052,actionable,[*:1]n1cnnn1,[*:1]c1nnn([N+](=O)[O-])n1,azole_ring,nitro,scaffold,False,*c1nnn([N+](=O)[O-])n1||*n1cnnn1,0.397374,227,227,5.46536,5.46536,6,0,False,False,0.11473,True,,1.03099,True,,1.34929,True,,0.537146,True,,1.18159,True,,1.25162,True,,-0.509196,True,,,,
cand_052,actionable,[*:1]n1cnnn1,[*:1]c1nnn(N[N+](=O)[O-])n1,azole_ring,nitramine,scaffold,False,*c1nnn(N[N+](=O)[O-])n1||*n1cnnn1,0.418398,188,188,5.4048,5.4048,6,0,False,False,0.351237,True,,0.747068,True,,1.20353,True,,0.7056,True,,1.16263,True,,1.23474,True,,-0.916488,True,,,,
cand_052,actionable,[*:1]n1cnnn1,[*:1]n1nnc([N+](=O)[O-])n1,azole_ring,nitro,scaffold,False,*n1cnnn1||*n1nnc([N+](=O)[O-])n1,0.391663,249,249,5.37825,5.37825,6,0,False,False,0.144357,True,,0.948766,True,,1.29642,True,,0.545122,True,,1.18269,True,,1.26089,True,,-0.723643,True,,,,
cand_052,actionable,[*:1]n1cnnn1,[*:1]c1nnnn1N=[N+]=[N-],azole_ring,azide,scaffold,False,*c1nnnn1N=[N+]=[N-]||*n1cnnn1,0.391064,256,256,5.25695,5.25695,6,0,False,False,1.83292,True,,0.743577,True,,0.627035,True,,0.756638,True,,0.66215,True,,0.634623,True,,0.226794,True,,,,
cand_052,actionable,[*:1]n1cnnn1,[*:1]n1nnc(N[N+](=O)[O-])n1,azole_ring,nitramine,scaffold,False,*n1cnnn1||*n1nnc(N[N+](=O)[O-])n1,0.416918,230,230,5.18671,5.18671,6,0,False,False,0.274516,True,,0.695455,True,,1.24125,True,,0.611538,True,,1.15065,True,,1.21331,True,,-0.808248,True,,,,
cand_052,actionable,[*:1]n1cnnn1,[*:1]c1nnn(N=[N+]=[N-])n1,azole_ring,azide,scaffold,False,*c1nnn(N=[N+]=[N-])n1||*n1cnnn1,0.396984,204,204,5.12644,5.12644,6,0,False,False,1.75494,True,,0.708411,True,,0.670692,True,,0.687376,True,,0.669258,True,,0.635763,True,,0.324515,True,,,,
cand_052,actionable,[*:2]c1nnnn1[*:1],[*:1]N=Nc1nnnn1[*:2],azole_ring,azo,linker,False,*N=Nc1nnnn1*||*c1nnnn1*,0.355949,350,350,4.82301,4.82301,6,0,False,False,1.32338,True,,0.730511,True,,0.358726,True,,1.1928,True,,0.655076,True,,0.562518,True,,0.123372,True,,,,
cand_052,actionable,[*:1][H],[*:1]N=[N+]=[N-],other,azide,substituent,False,*N=[N+]=[N-]||*[H],0.148547,5460,5460,4.78796,4.78796,6,0,False,True,1.6527,True,82.4245,0.623367,True,18.4728,0.697449,True,4.73992,0.590303,True,-0.001,0.634074,True,0.0960806,0.590066,True,0.977896,0.000225854,False,5.3873,,,
cand_052,actionable,[*:1]n1cnnn1,[*:1]n1nnnc1N=[N+]=[N-],azole_ring,azide,scaffold,False,*n1cnnn1||*n1nnnc1N=[N+]=[N-],0.4,173,173,4.50066,4.50066,6,0,False,False,1.61274,True,,0.569006,True,,0.699722,True,,0.493093,True,,0.58453,True,,0.541571,True,,0.0771344,False,,,,
cand_052,actionable,[*:2]c1nnnn1[*:1],[*:1]N=Nc1nnn([*:2])n1,azole_ring,azo,linker,False,*N=Nc1nnn(*)n1||*c1nnnn1*,0.35656,356,356,4.40896,4.40896,6,0,False,False,1.26223,True,,0.639687,True,,0.340861,True,,1.06383,True,,0.590047,True,,0.512296,True,,0.111891,True,,,,
cand_052,actionable,[*:2]c1nnnn1[*:1],[*:1]N=Nn1nnnc1[*:2],azole_ring,azo,linker,False,*N=Nn1nnnc1*||*c1nnnn1*,0.356653,386,386,4.35206,4.35206,6,0,False,False,1.23532,True,,0.615186,True,,0.330104,True,,1.0263,True,,0.60749,True,,0.537659,True,,0.166134,True,,,,
cand_052,actionable,[*:1]n1cnnn1,[*:1]n1nnc(N=[N+]=[N-])n1,azole_ring,azide,scaffold,False,*n1cnnn1||*n1nnc(N=[N+]=[N-])n1,0.396897,243,243,3.99797,3.99797,6,0,False,False,1.54735,True,,0.443323,True,,0.662316,True,,0.334195,True,,0.515139,True,,0.495649,True,,-0.352393,True,,,,
cand_052,actionable,[*:2]c1nnnn1[*:1],[*:1]N=Nn1nnc([*:2])n1,azole_ring,azo,linker,False,*N=Nn1nnc(*)n1||*c1nnnn1*,0.355887,402,402,3.93208,3.93208,6,0,False,False,1.17085,True,,0.536145,True,,0.333633,True,,0.916776,True,,0.52508,True,,0.449589,True,,-0.0634601,False,,,,
cand_052,actionable,[*:1]c1nnnn1[*:2],[*:1]N=Nc1nnnn1[*:2],azole_ring,azo,linker,False,*N=Nc1nnnn1*||*c1nnnn1*,0.351097,336,336,3.75447,3.75447,6,0,False,False,1.17631,True,,0.503957,True,,0.330506,True,,0.868255,True,,0.473577,True,,0.401863,True,,0.159668,True,,,,
cand_052,actionable,[*:2]c1nnnn1[*:1],[*:1]NNn1nnnc1[*:2],azole_ring,hydrazo,linker,False,*NNn1nnnc1*||*c1nnnn1*,0.35995,369,369,3.64902,3.64902,6,0,False,False,0.89669,True,,0.272185,True,,0.0281111,True,,1.47287,True,,0.55144,True,,0.42772,True,,0.0963791,True,,,,
cand_052,actionable,[*:1]c1nnnn1[*:2],[*:1]N=Nc1nnn([*:2])n1,azole_ring,azo,linker,False,*N=Nc1nnn(*)n1||*c1nnnn1*,0.356667,329,329,3.62297,3.62297,6,0,False,False,1.12524,True,,0.47018,True,,0.353315,True,,0.823885,True,,0.464077,True,,0.38627,True,,0.0930074,True,,,,
cand_052,actionable,[*:1]c1nnnn1[*:2],[*:1]N=Nn1nnnc1[*:2],azole_ring,azo,linker,False,*N=Nn1nnnc1*||*c1nnnn1*,0.354557,319,319,3.49741,3.49741,6,0,False,False,1.09274,True,,0.42757,True,,0.346433,True,,0.758009,True,,0.470057,True,,0.402601,True,,0.219847,True,,,,
cand_052,actionable,[*:2]c1nnnn1[*:1],[*:1]NNc1nnnn1[*:2],azole_ring,hydrazo,linker,False,*NNc1nnnn1*||*c1nnnn1*,0.357605,308,308,3.39303,3.39303,6,0,False,False,0.844118,True,,0.200872,True,,0.0369562,True,,1.37573,True,,0.528407,True,,0.406946,True,,-0.0578213,False,,,,
cand_052,actionable,[*:2]c1nnnn1[*:1],[*:1]NNn1nnc([*:2])n1,azole_ring,hydrazo,linker,False,*NNn1nnc(*)n1||*c1nnnn1*,0.361736,393,393,3.28999,3.28999,6,0,False,False,0.833756,True,,0.207705,True,,0.0440876,True,,1.38185,True,,0.481115,True,,0.341475,True,,-0.243635,True,,,,
cand_052,actionable,[*:1]c1nnnn1[*:2],[*:1]N=Nn1nnc([*:2])n1,azole_ring,azo,linker,False,*N=Nn1nnc(*)n1||*c1nnnn1*,0.351134,325,325,3.02894,3.02894,6,0,False,False,1.03313,True,,0.332837,True,,0.326176,True,,0.62886,True,,0.384432,True,,0.323499,True,,0.0338713,False,,,,
cand_052,actionable,[*:2]c1nnnn1[*:1],[*:1]NNc1nnn([*:2])n1,azole_ring,hydrazo,linker,False,*NNc1nnn(*)n1||*c1nnnn1*,0.354073,326,326,2.92851,2.92851,6,0,False,False,0.787273,True,,0.125173,True,,0.0243631,True,,1.22938,True,,0.436184,True,,0.326137,True,,-0.0216373,False,,,,
cand_052,actionable,[*:1]c1nnnn1[*:2],[*:1]NNn1nnnc1[*:2],azole_ring,hydrazo,linker,False,*NNn1nnnc1*||*c1nnnn1*,0.353396,307,307,2.84277,2.84277,6,0,False,False,0.765018,True,,0.0848097,True,,0.0448634,True,,1.22263,True,,0.42504,True,,0.30041,True,,-0.0312679,False,,,,
cand_052,actionable,[*:1]c1nnnn1[*:2],[*:1]NNc1nnnn1[*:2],azole_ring,hydrazo,linker,False,*NNc1nnnn1*||*c1nnnn1*,0.352717,357,357,2.45199,2.43486,5,0,False,False,0.693648,True,,-0.0171293,False,,0.030827,True,,1.06987,True,,0.381362,True,,0.276284,True,,-0.0595134,False,,,,
cand_052,actionable,[*:1]c1nnnn1[*:2],[*:1]NNn1nnc([*:2])n1,azole_ring,hydrazo,linker,False,*NNn1nnc(*)n1||*c1nnnn1*,0.352662,318,318,2.24338,2.23116,5,0,False,False,0.681101,True,,-0.0122265,False,,0.0338148,True,,1.04967,True,,0.301504,True,,0.177294,True,,-0.248633,True,,,,
cand_052,actionable,[*:1]c1nnnn1[*:2],[*:1]c1nnn(N[N+](=O)[O-])c1[*:2],azole_ring,nitramine,linker,False,*c1nnn(N[N+](=O)[O-])c1*||*c1nnnn1*,0.412549,385,385,1.50783,1.54167,4,0,False,False,0.0006166,False,,0.433216,True,,0.343985,True,,0.0332176,False,,0.340516,True,,0.390115,True,,-0.462432,True,,,,
cand_052,actionable,[*:2]c1nnnn1[*:1],[*:1]c1nnn(N[N+](=O)[O-])c1[*:2],azole_ring,nitramine,linker,False,*c1nnn(N[N+](=O)[O-])c1*||*c1nnnn1*,0.410514,341,341,1.33352,1.28057,4,0,False,False,-0.0166058,False,,0.396025,True,,0.315102,True,,-0.0363459,False,,0.285464,True,,0.336933,True,,-0.491826,True,,,,
cand_052,actionable,[*:1]c1nnnn1[*:2],[*:2]c1nnnn1[*:1],azole_ring,azole_ring,linker,False,*c1nnnn1*||*c1nnnn1*,0.258476,1293,1293,0.21802,0.21802,5,0,False,True,0.0300112,True,-0.799448,0.0417528,True,-3.30187,0,False,0,0.057483,True,-0.0024,0.0430979,True,-0.0374319,0.0456756,True,-0.41754,-0.0465583,True,0.026,,,
cand_053,actionable,[*:2]c1nnnn1[*:1],[*:1]N=[N+]([O-])n1nnnc1[*:2],azole_ring,azoxy,linker,False,*N=[N+]([O-])n1nnnc1*||*c1nnnn1*,0.392432,280,280,7.39917,7.39917,6,0,False,False,1.23564,True,,1.29928,True,,0.829576,True,,1.74442,True,,1.1854,True,,1.10485,True,,-0.100889,True,,,,
cand_053,actionable,[*:2]c1nnnn1[*:1],[*:1]N=[N+]([O-])c1nnnn1[*:2],azole_ring,azoxy,linker,False,*N=[N+]([O-])c1nnnn1*||*c1nnnn1*,0.380296,193,193,7.18294,7.18294,6,0,False,False,1.23795,True,,1.23659,True,,0.790892,True,,1.68949,True,,1.14851,True,,1.0795,True,,-0.171171,True,,,,
cand_053,actionable,[*:2]c1nnnn1[*:1],[*:1]N=[N+]([O-])n1nnc([*:2])n1,azole_ring,azoxy,linker,False,*N=[N+]([O-])n1nnc(*)n1||*c1nnnn1*,0.386847,275,275,7.07244,7.07244,6,0,False,False,1.19325,True,,1.21169,True,,0.802861,True,,1.64893,True,,1.14311,True,,1.07258,True,,-0.0690075,False,,,,
cand_053,actionable,[*:1]c1nnnn1[*:2],[*:1]c1nnnn1N=[N+]([*:2])[O-],azole_ring,azoxy,linker,False,*c1nnnn1*||*c1nnnn1N=[N+](*)[O-],0.384684,108,108,7.02768,7.02768,6,0,False,False,1.18176,True,,1.14919,True,,0.79885,True,,1.54468,True,,1.1966,True,,1.1566,True,,0.219111,True,,,,
cand_053,actionable,[*:1]c1nnnn1[*:2],[*:2]n1nnnc1N=[N+]([*:1])[O-],azole_ring,azoxy,linker,False,*c1nnnn1*||*n1nnnc1N=[N+](*)[O-],0.387609,122,122,6.97978,6.97978,6,0,False,False,1.16054,True,,1.17138,True,,0.834346,True,,1.60279,True,,1.14116,True,,1.06956,True,,0.160271,True,,,,
cand_053,actionable,[*:1]c1nnnn1[*:2],[*:1]n1nnnc1N=[N+]([*:2])[O-],azole_ring,azoxy,linker,False,*c1nnnn1*||*n1nnnc1N=[N+](*)[O-],0.381342,140,140,6.77105,6.77105,6,0,False,False,1.13232,True,,1.07776,True,,0.793782,True,,1.46168,True,,1.16784,True,,1.13768,True,,0.300078,True,,,,
cand_053,actionable,[*:1]c1nnnn1[*:2],[*:1]n1nnc(N=[N+]([*:2])[O-])n1,azole_ring,azoxy,linker,False,*c1nnnn1*||*n1nnc(N=[N+](*)[O-])n1,0.382376,243,243,6.74472,6.74472,6,0,False,False,1.09841,True,,1.08922,True,,0.804593,True,,1.45168,True,,1.16528,True,,1.13554,True,,0.218252,True,,,,
cand_053,actionable,[*:1]c1nnnn1[*:2],[*:1]N=[N+]([O-])c1nnnn1[*:2],azole_ring,azoxy,linker,False,*N=[N+]([O-])c1nnnn1*||*c1nnnn1*,0.387444,216,216,6.14634,6.14634,6,0,False,False,1.0166,True,,0.992261,True,,0.829325,True,,1.31178,True,,1.02557,True,,0.970802,True,,0.00583282,False,,,,
cand_053,actionable,[*:1]c1nnnn1[*:2],[*:2]n1nnc(N=[N+]([*:1])[O-])n1,azole_ring,azoxy,linker,False,*c1nnnn1*||*n1nnc(N=[N+](*)[O-])n1,0.381536,249,249,5.94401,5.94401,6,0,False,False,0.991857,True,,0.919359,True,,0.786746,True,,1.22979,True,,1.0227,True,,0.99356,True,,0.189938,True,,,,
cand_053,actionable,[*:1]c1nnnn1[*:2],[*:1]N=[N+]([O-])n1nnnc1[*:2],azole_ring,azoxy,linker,False,*N=[N+]([O-])n1nnnc1*||*c1nnnn1*,0.386172,229,229,5.94241,5.94241,6,0,False,False,1.01177,True,,0.953617,True,,0.810754,True,,1.25172,True,,0.978768,True,,0.935784,True,,-0.0654356,False,,,,
cand_053,actionable,[*:1]c1nnnn1[*:2],[*:1]N=[N+]([O-])n1nnc([*:2])n1,azole_ring,azoxy,linker,False,*N=[N+]([O-])n1nnc(*)n1||*c1nnnn1*,0.383065,259,259,5.90937,5.90937,6,0,False,False,0.973511,True,,0.966867,True,,0.837706,True,,1.25181,True,,0.973185,True,,0.906291,True,,-0.132316,True,,,,
cand_053,actionable,[*:2]c1nnnn1[*:1],[*:1]N=Nc1nnnn1[*:2],azole_ring,azo,linker,False,*N=Nc1nnnn1*||*c1nnnn1*,0.355949,350,350,4.82301,4.82301,6,0,False,False,1.32338,True,,0.730511,True,,0.358726,True,,1.1928,True,,0.655076,True,,0.562518,True,,0.123372,True,,,,
cand_053,actionable,[*:2]c1nnnn1[*:1],[*:1]N=Nc1nnn([*:2])n1,azole_ring,azo,linker,False,*N=Nc1nnn(*)n1||*c1nnnn1*,0.35656,356,356,4.40896,4.40896,6,0,False,False,1.26223,True,,0.639687,True,,0.340861,True,,1.06383,True,,0.590047,True,,0.512296,True,,0.111891,True,,,,
cand_053,actionable,[*:2]c1nnnn1[*:1],[*:1]N=Nn1nnnc1[*:2],azole_ring,azo,linker,False,*N=Nn1nnnc1*||*c1nnnn1*,0.356653,386,386,4.35206,4.35206,6,0,False,False,1.23532,True,,0.615186,True,,0.330104,True,,1.0263,True,,0.60749,True,,0.537659,True,,0.166134,True,,,,
cand_053,actionable,[*:2]c1nnnn1[*:1],[*:1]N=Nn1nnc([*:2])n1,azole_ring,azo,linker,False,*N=Nn1nnc(*)n1||*c1nnnn1*,0.355887,402,402,3.93208,3.93208,6,0,False,False,1.17085,True,,0.536145,True,,0.333633,True,,0.916776,True,,0.52508,True,,0.449589,True,,-0.0634601,False,,,,
cand_053,actionable,[*:1]c1nnnn1[*:2],[*:1]N=Nc1nnnn1[*:2],azole_ring,azo,linker,False,*N=Nc1nnnn1*||*c1nnnn1*,0.351097,336,336,3.75447,3.75447,6,0,False,False,1.17631,True,,0.503957,True,,0.330506,True,,0.868255,True,,0.473577,True,,0.401863,True,,0.159668,True,,,,
cand_053,actionable,[*:2]c1nnnn1[*:1],[*:1]NNn1nnnc1[*:2],azole_ring,hydrazo,linker,False,*NNn1nnnc1*||*c1nnnn1*,0.35995,369,369,3.64902,3.64902,6,0,False,False,0.89669,True,,0.272185,True,,0.0281111,True,,1.47287,True,,0.55144,True,,0.42772,True,,0.0963791,True,,,,
cand_053,actionable,[*:1]c1nnnn1[*:2],[*:1]N=Nc1nnn([*:2])n1,azole_ring,azo,linker,False,*N=Nc1nnn(*)n1||*c1nnnn1*,0.356667,329,329,3.62297,3.62297,6,0,False,False,1.12524,True,,0.47018,True,,0.353315,True,,0.823885,True,,0.464077,True,,0.38627,True,,0.0930074,True,,,,
cand_053,actionable,[*:1]c1nnnn1[*:2],[*:1]N=Nn1nnnc1[*:2],azole_ring,azo,linker,False,*N=Nn1nnnc1*||*c1nnnn1*,0.354557,319,319,3.49741,3.49741,6,0,False,False,1.09274,True,,0.42757,True,,0.346433,True,,0.758009,True,,0.470057,True,,0.402601,True,,0.219847,True,,,,
cand_053,actionable,[*:2]c1nnnn1[*:1],[*:1]NNc1nnnn1[*:2],azole_ring,hydrazo,linker,False,*NNc1nnnn1*||*c1nnnn1*,0.357605,308,308,3.39303,3.39303,6,0,False,False,0.844118,True,,0.200872,True,,0.0369562,True,,1.37573,True,,0.528407,True,,0.406946,True,,-0.0578213,False,,,,
cand_053,actionable,[*:2]c1nnnn1[*:1],[*:1]NNn1nnc([*:2])n1,azole_ring,hydrazo,linker,False,*NNn1nnc(*)n1||*c1nnnn1*,0.361736,393,393,3.28999,3.28999,6,0,False,False,0.833756,True,,0.207705,True,,0.0440876,True,,1.38185,True,,0.481115,True,,0.341475,True,,-0.243635,True,,,,
cand_053,actionable,[*:1]c1nnnn1[*:2],[*:1]N=Nn1nnc([*:2])n1,azole_ring,azo,linker,False,*N=Nn1nnc(*)n1||*c1nnnn1*,0.351134,325,325,3.02894,3.02894,6,0,False,False,1.03313,True,,0.332837,True,,0.326176,True,,0.62886,True,,0.384432,True,,0.323499,True,,0.0338713,False,,,,
cand_053,actionable,[*:2]c1nnnn1[*:1],[*:1]NNc1nnn([*:2])n1,azole_ring,hydrazo,linker,False,*NNc1nnn(*)n1||*c1nnnn1*,0.354073,326,326,2.92851,2.92851,6,0,False,False,0.787273,True,,0.125173,True,,0.0243631,True,,1.22938,True,,0.436184,True,,0.326137,True,,-0.0216373,False,,,,
cand_053,actionable,[*:1]c1nnnn1[*:2],[*:1]NNn1nnnc1[*:2],azole_ring,hydrazo,linker,False,*NNn1nnnc1*||*c1nnnn1*,0.353396,307,307,2.84277,2.84277,6,0,False,False,0.765018,True,,0.0848097,True,,0.0448634,True,,1.22263,True,,0.42504,True,,0.30041,True,,-0.0312679,False,,,,
cand_053,actionable,[*:1]c1nnnn1[*:2],[*:1]NNc1nnnn1[*:2],azole_ring,hydrazo,linker,False,*NNc1nnnn1*||*c1nnnn1*,0.352717,357,357,2.45199,2.43486,5,0,False,False,0.693648,True,,-0.0171293,False,,0.030827,True,,1.06987,True,,0.381362,True,,0.276284,True,,-0.0595134,False,,,,
cand_053,actionable,[*:1]c1nnnn1[*:2],[*:1]NNn1nnc([*:2])n1,azole_ring,hydrazo,linker,False,*NNn1nnc(*)n1||*c1nnnn1*,0.352662,318,318,2.24338,2.23116,5,0,False,False,0.681101,True,,-0.0122265,False,,0.0338148,True,,1.04967,True,,0.301504,True,,0.177294,True,,-0.248633,True,,,,
cand_053,actionable,[*:1]c1nnnn1[*:2],[*:1]c1nnn(N[N+](=O)[O-])c1[*:2],azole_ring,nitramine,linker,False,*c1nnn(N[N+](=O)[O-])c1*||*c1nnnn1*,0.412549,385,385,1.50783,1.54167,4,0,False,False,0.0006166,False,,0.433216,True,,0.343985,True,,0.0332176,False,,0.340516,True,,0.390115,True,,-0.462432,True,,,,
cand_053,actionable,[*:2]c1nnnn1[*:1],[*:1]c1nnn(N[N+](=O)[O-])c1[*:2],azole_ring,nitramine,linker,False,*c1nnn(N[N+](=O)[O-])c1*||*c1nnnn1*,0.410514,341,341,1.33352,1.28057,4,0,False,False,-0.0166058,False,,0.396025,True,,0.315102,True,,-0.0363459,False,,0.285464,True,,0.336933,True,,-0.491826,True,,,,
cand_053,actionable,[*:1]n1nnnc1N=[N+]=[N-],[*:1]c1nnnn1N=[N+]=[N-],azide,azide,scaffold,False,*c1nnnn1N=[N+]=[N-]||*n1nnnc1N=[N+]=[N-],0.399843,254,254,1.24541,1.24541,5,0,False,False,0.230024,True,,0.280165,True,,-0,False,,0.400707,True,,0.173694,True,,0.160816,True,,0.113129,True,,,,
cand_053,actionable,[*:1]n1nnnc1N=[N+]=[N-],[*:1]c1nnn(N=[N+]=[N-])n1,azide,azide,scaffold,False,*c1nnn(N=[N+]=[N-])n1||*n1nnnc1N=[N+]=[N-],0.393562,217,217,0.885388,0.885388,5,0,False,False,0.162554,True,,0.197381,True,,-0,False,,0.276541,True,,0.126935,True,,0.121976,True,,0.220473,True,,,,
cand_053,actionable,[*:1]c1nnnn1[*:2],[*:2]c1nnnn1[*:1],azole_ring,azole_ring,linker,False,*c1nnnn1*||*c1nnnn1*,0.258476,1293,1293,0.21802,0.21802,5,0,False,True,0.0300112,True,0.959462,0.0417528,True,3.38877,0,False,0,0.057483,True,0.0025,0.0430979,True,-0.0892958,0.0456756,True,-1.05637,-0.0465583,True,-4.6064,,,
cand_054,actionable,[*:2]c1nnnn1[*:1],[*:1]N=[N+]([O-])n1nnnc1[*:2],azole_ring,azoxy,linker,False,*N=[N+]([O-])n1nnnc1*||*c1nnnn1*,0.392432,280,280,7.39917,7.39917,6,0,False,False,1.23564,True,,1.29928,True,,0.829576,True,,1.74442,True,,1.1854,True,,1.10485,True,,-0.100889,True,,,,
cand_054,actionable,[*:2]c1nnnn1[*:1],[*:1]N=[N+]([O-])c1nnnn1[*:2],azole_ring,azoxy,linker,False,*N=[N+]([O-])c1nnnn1*||*c1nnnn1*,0.380296,193,193,7.18294,7.18294,6,0,False,False,1.23795,True,,1.23659,True,,0.790892,True,,1.68949,True,,1.14851,True,,1.0795,True,,-0.171171,True,,,,
cand_054,actionable,[*:2]c1nnnn1[*:1],[*:1]N=[N+]([O-])n1nnc([*:2])n1,azole_ring,azoxy,linker,False,*N=[N+]([O-])n1nnc(*)n1||*c1nnnn1*,0.386847,275,275,7.07244,7.07244,6,0,False,False,1.19325,True,,1.21169,True,,0.802861,True,,1.64893,True,,1.14311,True,,1.07258,True,,-0.0690075,False,,,,
cand_054,actionable,[*:1]c1nnnn1[*:2],[*:1]c1nnnn1N=[N+]([*:2])[O-],azole_ring,azoxy,linker,False,*c1nnnn1*||*c1nnnn1N=[N+](*)[O-],0.384684,108,108,7.02768,7.02768,6,0,False,False,1.18176,True,,1.14919,True,,0.79885,True,,1.54468,True,,1.1966,True,,1.1566,True,,0.219111,True,,,,
cand_054,actionable,[*:1]c1nnnn1[*:2],[*:2]n1nnnc1N=[N+]([*:1])[O-],azole_ring,azoxy,linker,False,*c1nnnn1*||*n1nnnc1N=[N+](*)[O-],0.387609,122,122,6.97978,6.97978,6,0,False,False,1.16054,True,,1.17138,True,,0.834346,True,,1.60279,True,,1.14116,True,,1.06956,True,,0.160271,True,,,,
cand_054,actionable,[*:1]c1nnnn1[*:2],[*:1]n1nnnc1N=[N+]([*:2])[O-],azole_ring,azoxy,linker,False,*c1nnnn1*||*n1nnnc1N=[N+](*)[O-],0.381342,140,140,6.77105,6.77105,6,0,False,False,1.13232,True,,1.07776,True,,0.793782,True,,1.46168,True,,1.16784,True,,1.13768,True,,0.300078,True,,,,
cand_054,actionable,[*:1]c1nnnn1[*:2],[*:1]n1nnc(N=[N+]([*:2])[O-])n1,azole_ring,azoxy,linker,False,*c1nnnn1*||*n1nnc(N=[N+](*)[O-])n1,0.382376,243,243,6.74472,6.74472,6,0,False,False,1.09841,True,,1.08922,True,,0.804593,True,,1.45168,True,,1.16528,True,,1.13554,True,,0.218252,True,,,,
cand_054,actionable,[*:1]n1ncnn1,[*:1]n1nnnc1[N+](=O)[O-],azole_ring,nitro,scaffold,False,*n1ncnn1||*n1nnnc1[N+](=O)[O-],0.395954,230,230,6.22863,6.22863,6,0,False,True,0.289934,True,11.821,1.18885,True,74.9946,1.33358,True,19.1309,0.805375,True,0.0217,1.27622,True,0.452729,1.33468,True,4.50478,-0.792749,True,-221.228,,,
cand_054,actionable,[*:1]c1nnnn1[*:2],[*:1]N=[N+]([O-])c1nnnn1[*:2],azole_ring,azoxy,linker,False,*N=[N+]([O-])c1nnnn1*||*c1nnnn1*,0.387444,216,216,6.14634,6.14634,6,0,False,False,1.0166,True,,0.992261,True,,0.829325,True,,1.31178,True,,1.02557,True,,0.970802,True,,0.00583282,False,,,,
cand_054,actionable,[*:1]n1ncnn1,[*:1]c1nnnn1N[N+](=O)[O-],azole_ring,nitramine,scaffold,False,*c1nnnn1N[N+](=O)[O-]||*n1ncnn1,0.421195,242,242,6.03735,6.03735,6,0,False,True,0.422023,True,17.5983,0.923697,True,15.6624,1.28112,True,16.6219,0.853378,True,0.0186,1.25666,True,0.507313,1.30047,True,5.2597,-0.798837,True,-247.749,,,
cand_054,actionable,[*:1][H],[*:1]N[N+](=O)[O-],other,nitramine,substituent,False,*N[N+](=O)[O-]||*[H],0.189405,5877,5877,5.99818,5.99818,6,0,False,True,0.324233,True,13.9192,0.88904,True,2.66801,1.3388,True,16.6219,0.827536,True,0.009,1.29303,True,0.430361,1.32554,True,4.3976,-0.514252,True,-232.86,,,
cand_054,actionable,[*:1]n1ncnn1,[*:1]c1nnnn1[N+](=O)[O-],azole_ring,nitro,scaffold,False,*c1nnnn1[N+](=O)[O-]||*n1ncnn1,0.393758,246,246,5.99056,5.99056,6,0,False,True,0.227716,True,9.78533,1.10422,True,67.402,1.3216,True,19.1309,0.714507,True,0.0163,1.27547,True,0.586234,1.34705,True,6.14894,-0.605233,True,-100.883,,,
cand_054,actionable,[*:1][H],[*:1][N+](=O)[O-],other,nitro,substituent,False,*[H]||*[N+](=O)[O-],0.145088,11162,11162,5.96247,5.96247,6,0,False,True,0.234161,True,7.37758,1.20139,True,58.4216,1.33037,True,19.1309,0.785731,True,0.0099,1.1891,True,0.423084,1.22172,True,4.22563,-0.507219,True,-241.127,,,
cand_054,actionable,[*:1]c1nnnn1[*:2],[*:2]n1nnc(N=[N+]([*:1])[O-])n1,azole_ring,azoxy,linker,False,*c1nnnn1*||*n1nnc(N=[N+](*)[O-])n1,0.381536,249,249,5.94401,5.94401,6,0,False,False,0.991857,True,,0.919359,True,,0.786746,True,,1.22979,True,,1.0227,True,,0.99356,True,,0.189938,True,,,,
cand_054,actionable,[*:1]c1nnnn1[*:2],[*:1]N=[N+]([O-])n1nnnc1[*:2],azole_ring,azoxy,linker,False,*N=[N+]([O-])n1nnnc1*||*c1nnnn1*,0.386172,229,229,5.94241,5.94241,6,0,False,False,1.01177,True,,0.953617,True,,0.810754,True,,1.25172,True,,0.978768,True,,0.935784,True,,-0.0654356,False,,,,
cand_054,actionable,[*:1]n1ncnn1,[*:1]c1nnn(N[N+](=O)[O-])n1,azole_ring,nitramine,scaffold,False,*c1nnn(N[N+](=O)[O-])n1||*n1ncnn1,0.421008,220,220,5.9189,5.9189,6,0,False,False,0.398982,True,,0.868332,True,,1.2635,True,,0.830741,True,,1.25368,True,,1.30367,True,,-0.867255,True,,,,
cand_054,actionable,[*:1]c1nnnn1[*:2],[*:1]N=[N+]([O-])n1nnc([*:2])n1,azole_ring,azoxy,linker,False,*N=[N+]([O-])n1nnc(*)n1||*c1nnnn1*,0.383065,259,259,5.90937,5.90937,6,0,False,False,0.973511,True,,0.966867,True,,0.837706,True,,1.25181,True,,0.973185,True,,0.906291,True,,-0.132316,True,,,,
cand_054,actionable,[*:1]n1ncnn1,[*:1]n1nnnc1N[N+](=O)[O-],azole_ring,nitramine,scaffold,False,*n1ncnn1||*n1nnnc1N[N+](=O)[O-],0.417489,235,235,5.76359,5.76359,6,0,False,True,0.366529,True,17.5092,0.77827,True,15.3476,1.23648,True,16.6219,0.753862,True,0.0183,1.27637,True,0.425556,1.35207,True,4.28207,-0.59273,True,-236.215,,,
cand_054,actionable,[*:1]n1ncnn1,[*:1]c1nnn([N+](=O)[O-])n1,azole_ring,nitro,scaffold,False,*c1nnn([N+](=O)[O-])n1||*n1ncnn1,0.397299,228,228,5.74998,5.74998,6,0,False,False,0.165378,True,,1.06997,True,,1.34095,True,,0.612209,True,,1.24257,True,,1.3189,True,,-0.478844,True,,,,
cand_054,actionable,[*:1]n1ncnn1,[*:1]n1nnc([N+](=O)[O-])n1,azole_ring,nitro,scaffold,False,*n1ncnn1||*n1nnc([N+](=O)[O-])n1,0.395615,212,212,5.73048,5.73048,6,0,False,True,0.171635,True,7.37758,1.06769,True,58.4216,1.34351,True,19.1309,0.617809,True,0.0099,1.23121,True,0.423084,1.29863,True,4.22563,-0.672958,True,-241.127,,,
cand_054,actionable,[*:1]n1ncnn1,[*:1]c1nnnn1N=[N+]=[N-],azole_ring,azide,scaffold,False,*c1nnnn1N=[N+]=[N-]||*n1ncnn1,0.395546,222,222,5.66684,5.66684,6,0,False,True,1.85673,True,90.0387,0.828205,True,43.0915,0.665024,True,6.92573,0.865566,True,0.0186,0.744194,True,0.149943,0.707124,True,1.37134,0.234698,True,-177.254,,,
cand_054,actionable,[*:1]n1ncnn1,[*:1]n1nnc(N[N+](=O)[O-])n1,azole_ring,nitramine,scaffold,False,*n1ncnn1||*n1nnc(N[N+](=O)[O-])n1,0.419431,177,177,5.46311,5.46311,6,0,False,True,0.301468,True,13.9192,0.741202,True,2.66801,1.25217,True,16.6219,0.701098,True,0.009,1.20463,True,0.430361,1.26254,True,4.3976,-0.772607,True,-232.86,,,
cand_054,actionable,[*:1]n1ncnn1,[*:1]c1nnn(N=[N+]=[N-])n1,azole_ring,azide,scaffold,False,*c1nnn(N=[N+]=[N-])n1||*n1ncnn1,0.395437,221,221,5.32475,5.32475,6,0,False,False,1.79373,True,,0.746861,True,,0.657509,True,,0.756751,True,,0.701191,True,,0.668711,True,,0.326378,True,,,,
cand_054,actionable,[*:2]c1nnnn1[*:1],[*:1]N=Nc1nnnn1[*:2],azole_ring,azo,linker,False,*N=Nc1nnnn1*||*c1nnnn1*,0.355949,350,350,4.82301,4.82301,6,0,False,False,1.32338,True,,0.730511,True,,0.358726,True,,1.1928,True,,0.655076,True,,0.562518,True,,0.123372,True,,,,
cand_054,actionable,[*:1][H],[*:1]N=[N+]=[N-],other,azide,substituent,False,*N=[N+]=[N-]||*[H],0.148547,5460,5460,4.78796,4.78796,6,0,False,False,1.6527,True,,0.623367,True,,0.697449,True,,0.590303,True,,0.634074,True,,0.590066,True,,0.000225854,False,,,,
cand_054,actionable,[*:1]n1ncnn1,[*:1]n1nnnc1N=[N+]=[N-],azole_ring,azide,scaffold,False,*n1ncnn1||*n1nnnc1N=[N+]=[N-],0.393608,234,234,4.47693,4.47693,6,0,False,False,1.64049,True,,0.555787,True,,0.662647,True,,0.485648,True,,0.579372,True,,0.552986,True,,0.16454,True,,,,
cand_054,actionable,[*:2]c1nnnn1[*:1],[*:1]N=Nc1nnn([*:2])n1,azole_ring,azo,linker,False,*N=Nc1nnn(*)n1||*c1nnnn1*,0.35656,356,356,4.40896,4.40896,6,0,False,False,1.26223,True,,0.639687,True,,0.340861,True,,1.06383,True,,0.590047,True,,0.512296,True,,0.111891,True,,,,
cand_054,actionable,[*:2]c1nnnn1[*:1],[*:1]N=Nn1nnnc1[*:2],azole_ring,azo,linker,False,*N=Nn1nnnc1*||*c1nnnn1*,0.356653,386,386,4.35206,4.35206,6,0,False,False,1.23532,True,,0.615186,True,,0.330104,True,,1.0263,True,,0.60749,True,,0.537659,True,,0.166134,True,,,,
cand_054,actionable,[*:1]n1ncnn1,[*:1]n1nnc(N=[N+]=[N-])n1,azole_ring,azide,scaffold,False,*n1ncnn1||*n1nnc(N=[N+]=[N-])n1,0.39046,176,176,4.10694,4.10694,6,0,False,False,1.57988,True,,0.470815,True,,0.636573,True,,0.365713,True,,0.533431,True,,0.520528,True,,-0.168375,True,,,,
cand_054,actionable,[*:2]c1nnnn1[*:1],[*:1]N=Nn1nnc([*:2])n1,azole_ring,azo,linker,False,*N=Nn1nnc(*)n1||*c1nnnn1*,0.355887,402,402,3.93208,3.93208,6,0,False,False,1.17085,True,,0.536145,True,,0.333633,True,,0.916776,True,,0.52508,True,,0.449589,True,,-0.0634601,False,,,,
cand_054,actionable,[*:1]c1nnnn1[*:2],[*:1]N=Nc1nnnn1[*:2],azole_ring,azo,linker,False,*N=Nc1nnnn1*||*c1nnnn1*,0.351097,336,336,3.75447,3.75447,6,0,False,False,1.17631,True,,0.503957,True,,0.330506,True,,0.868255,True,,0.473577,True,,0.401863,True,,0.159668,True,,,,
cand_054,actionable,[*:2]c1nnnn1[*:1],[*:1]NNn1nnnc1[*:2],azole_ring,hydrazo,linker,False,*NNn1nnnc1*||*c1nnnn1*,0.35995,369,369,3.64902,3.64902,6,0,False,False,0.89669,True,,0.272185,True,,0.0281111,True,,1.47287,True,,0.55144,True,,0.42772,True,,0.0963791,True,,,,
cand_054,actionable,[*:1]c1nnnn1[*:2],[*:1]N=Nc1nnn([*:2])n1,azole_ring,azo,linker,False,*N=Nc1nnn(*)n1||*c1nnnn1*,0.356667,329,329,3.62297,3.62297,6,0,False,False,1.12524,True,,0.47018,True,,0.353315,True,,0.823885,True,,0.464077,True,,0.38627,True,,0.0930074,True,,,,
cand_054,actionable,[*:1]c1nnnn1[*:2],[*:1]N=Nn1nnnc1[*:2],azole_ring,azo,linker,False,*N=Nn1nnnc1*||*c1nnnn1*,0.354557,319,319,3.49741,3.49741,6,0,False,False,1.09274,True,,0.42757,True,,0.346433,True,,0.758009,True,,0.470057,True,,0.402601,True,,0.219847,True,,,,
cand_054,actionable,[*:2]c1nnnn1[*:1],[*:1]NNc1nnnn1[*:2],azole_ring,hydrazo,linker,False,*NNc1nnnn1*||*c1nnnn1*,0.357605,308,308,3.39303,3.39303,6,0,False,False,0.844118,True,,0.200872,True,,0.0369562,True,,1.37573,True,,0.528407,True,,0.406946,True,,-0.0578213,False,,,,
cand_054,actionable,[*:2]c1nnnn1[*:1],[*:1]NNn1nnc([*:2])n1,azole_ring,hydrazo,linker,False,*NNn1nnc(*)n1||*c1nnnn1*,0.361736,393,393,3.28999,3.28999,6,0,False,False,0.833756,True,,0.207705,True,,0.0440876,True,,1.38185,True,,0.481115,True,,0.341475,True,,-0.243635,True,,,,
cand_054,actionable,[*:1]c1nnnn1[*:2],[*:1]N=Nn1nnc([*:2])n1,azole_ring,azo,linker,False,*N=Nn1nnc(*)n1||*c1nnnn1*,0.351134,325,325,3.02894,3.02894,6,0,False,False,1.03313,True,,0.332837,True,,0.326176,True,,0.62886,True,,0.384432,True,,0.323499,True,,0.0338713,False,,,,
cand_054,actionable,[*:2]c1nnnn1[*:1],[*:1]NNc1nnn([*:2])n1,azole_ring,hydrazo,linker,False,*NNc1nnn(*)n1||*c1nnnn1*,0.354073,326,326,2.92851,2.92851,6,0,False,False,0.787273,True,,0.125173,True,,0.0243631,True,,1.22938,True,,0.436184,True,,0.326137,True,,-0.0216373,False,,,,
cand_054,actionable,[*:1]c1nnnn1[*:2],[*:1]NNn1nnnc1[*:2],azole_ring,hydrazo,linker,False,*NNn1nnnc1*||*c1nnnn1*,0.353396,307,307,2.84277,2.84277,6,0,False,False,0.765018,True,,0.0848097,True,,0.0448634,True,,1.22263,True,,0.42504,True,,0.30041,True,,-0.0312679,False,,,,
cand_054,actionable,[*:1]c1nnnn1[*:2],[*:1]NNc1nnnn1[*:2],azole_ring,hydrazo,linker,False,*NNc1nnnn1*||*c1nnnn1*,0.352717,357,357,2.45199,2.43486,5,0,False,False,0.693648,True,,-0.0171293,False,,0.030827,True,,1.06987,True,,0.381362,True,,0.276284,True,,-0.0595134,False,,,,
cand_054,actionable,[*:1]c1nnnn1[*:2],[*:1]NNn1nnc([*:2])n1,azole_ring,hydrazo,linker,False,*NNn1nnc(*)n1||*c1nnnn1*,0.352662,318,318,2.24338,2.23116,5,0,False,False,0.681101,True,,-0.0122265,False,,0.0338148,True,,1.04967,True,,0.301504,True,,0.177294,True,,-0.248633,True,,,,
cand_054,actionable,[*:1]c1nnnn1[*:2],[*:1]c1nnn(N[N+](=O)[O-])c1[*:2],azole_ring,nitramine,linker,False,*c1nnn(N[N+](=O)[O-])c1*||*c1nnnn1*,0.412549,385,385,1.50783,1.54167,4,0,False,False,0.0006166,False,,0.433216,True,,0.343985,True,,0.0332176,False,,0.340516,True,,0.390115,True,,-0.462432,True,,,,
cand_054,actionable,[*:2]c1nnnn1[*:1],[*:1]c1nnn(N[N+](=O)[O-])c1[*:2],azole_ring,nitramine,linker,False,*c1nnn(N[N+](=O)[O-])c1*||*c1nnnn1*,0.410514,341,341,1.33352,1.28057,4,0,False,False,-0.0166058,False,,0.396025,True,,0.315102,True,,-0.0363459,False,,0.285464,True,,0.336933,True,,-0.491826,True,,,,
cand_054,actionable,[*:1]n1ncnn1,[*:1]n1cnnn1,azole_ring,azole_ring,scaffold,False,*n1cnnn1||*n1ncnn1,0.31679,360,360,0.267555,0.267555,5,0,False,True,0.0337936,True,0.592997,0.0537874,True,2.65775,-0,False,0,0.0835862,True,0.002,0.0488291,True,0.0192168,0.0475588,True,0.204798,-0.00339368,False,-215.728,,,
cand_054,actionable,[*:1]c1nnnn1[*:2],[*:2]c1nnnn1[*:1],azole_ring,azole_ring,linker,False,*c1nnnn1*||*c1nnnn1*,0.258476,1293,1293,0.21802,0.21802,5,0,False,False,0.0300112,True,,0.0417528,True,,0,False,,0.057483,True,,0.0430979,True,,0.0456756,True,,-0.0465583,True,,,,
cand_055,actionable,[*:2]c1nnnn1[*:1],[*:1]N=[N+]([O-])n1nnnc1[*:2],azole_ring,azoxy,linker,False,*N=[N+]([O-])n1nnnc1*||*c1nnnn1*,0.392432,280,280,7.39917,7.39917,6,0,False,False,1.23564,True,,1.29928,True,,0.829576,True,,1.74442,True,,1.1854,True,,1.10485,True,,-0.100889,True,,,,
cand_055,actionable,[*:2]c1nnnn1[*:1],[*:1]N=[N+]([O-])c1nnnn1[*:2],azole_ring,azoxy,linker,False,*N=[N+]([O-])c1nnnn1*||*c1nnnn1*,0.380296,193,193,7.18294,7.18294,6,0,False,False,1.23795,True,,1.23659,True,,0.790892,True,,1.68949,True,,1.14851,True,,1.0795,True,,-0.171171,True,,,,
cand_055,actionable,[*:2]c1nnnn1[*:1],[*:1]N=[N+]([O-])n1nnc([*:2])n1,azole_ring,azoxy,linker,False,*N=[N+]([O-])n1nnc(*)n1||*c1nnnn1*,0.386847,275,275,7.07244,7.07244,6,0,False,False,1.19325,True,,1.21169,True,,0.802861,True,,1.64893,True,,1.14311,True,,1.07258,True,,-0.0690075,False,,,,
cand_055,actionable,[*:1]c1nnnn1[*:2],[*:1]c1nnnn1N=[N+]([*:2])[O-],azole_ring,azoxy,linker,False,*c1nnnn1*||*c1nnnn1N=[N+](*)[O-],0.384684,108,108,7.02768,7.02768,6,0,False,False,1.18176,True,,1.14919,True,,0.79885,True,,1.54468,True,,1.1966,True,,1.1566,True,,0.219111,True,,,,
cand_055,actionable,[*:1]c1nnnn1[*:2],[*:2]n1nnnc1N=[N+]([*:1])[O-],azole_ring,azoxy,linker,False,*c1nnnn1*||*n1nnnc1N=[N+](*)[O-],0.387609,122,122,6.97978,6.97978,6,0,False,False,1.16054,True,,1.17138,True,,0.834346,True,,1.60279,True,,1.14116,True,,1.06956,True,,0.160271,True,,,,
cand_055,actionable,[*:1]c1nnnn1[*:2],[*:1]n1nnnc1N=[N+]([*:2])[O-],azole_ring,azoxy,linker,False,*c1nnnn1*||*n1nnnc1N=[N+](*)[O-],0.381342,140,140,6.77105,6.77105,6,0,False,False,1.13232,True,,1.07776,True,,0.793782,True,,1.46168,True,,1.16784,True,,1.13768,True,,0.300078,True,,,,
cand_055,actionable,[*:1]c1nnnn1[*:2],[*:1]n1nnc(N=[N+]([*:2])[O-])n1,azole_ring,azoxy,linker,False,*c1nnnn1*||*n1nnc(N=[N+](*)[O-])n1,0.382376,243,243,6.74472,6.74472,6,0,False,False,1.09841,True,,1.08922,True,,0.804593,True,,1.45168,True,,1.16528,True,,1.13554,True,,0.218252,True,,,,
cand_055,actionable,[*:1]n1ncnn1,[*:1]n1nnnc1[N+](=O)[O-],azole_ring,nitro,scaffold,False,*n1ncnn1||*n1nnnc1[N+](=O)[O-],0.395954,230,230,6.22863,6.22863,6,0,False,False,0.289934,True,,1.18885,True,,1.33358,True,,0.805375,True,,1.27622,True,,1.33468,True,,-0.792749,True,,,,
cand_055,actionable,[*:1]c1nnnn1[*:2],[*:1]N=[N+]([O-])c1nnnn1[*:2],azole_ring,azoxy,linker,False,*N=[N+]([O-])c1nnnn1*||*c1nnnn1*,0.387444,216,216,6.14634,6.14634,6,0,False,False,1.0166,True,,0.992261,True,,0.829325,True,,1.31178,True,,1.02557,True,,0.970802,True,,0.00583282,False,,,,
cand_055,actionable,[*:1]n1ncnn1,[*:1]c1nnnn1N[N+](=O)[O-],azole_ring,nitramine,scaffold,False,*c1nnnn1N[N+](=O)[O-]||*n1ncnn1,0.421195,242,242,6.03735,6.03735,6,0,False,True,0.422023,True,19.9558,0.923697,True,30.1806,1.28112,True,13.2166,0.853378,True,0.0247,1.25666,True,0.281478,1.30047,True,2.75794,-0.798837,True,-4.4094,,,
cand_055,actionable,[*:1][H],[*:1]N[N+](=O)[O-],other,nitramine,substituent,False,*N[N+](=O)[O-]||*[H],0.189405,5877,5877,5.99818,5.99818,6,0,False,True,0.324233,True,14.4124,0.88904,True,11.8329,1.3388,True,13.2166,0.827536,True,0.011,1.29303,True,0.288812,1.32554,True,2.93367,-0.514252,True,-4.0878,,,
cand_055,actionable,[*:1]n1ncnn1,[*:1]c1nnnn1[N+](=O)[O-],azole_ring,nitro,scaffold,False,*c1nnnn1[N+](=O)[O-]||*n1ncnn1,0.393758,246,246,5.99056,5.99056,6,0,False,False,0.227716,True,,1.10422,True,,1.3216,True,,0.714507,True,,1.27547,True,,1.34705,True,,-0.605233,True,,,,
cand_055,actionable,[*:1][H],[*:1][N+](=O)[O-],other,nitro,substituent,False,*[H]||*[N+](=O)[O-],0.145088,11162,11162,5.96247,5.96247,6,0,False,False,0.234161,True,,1.20139,True,,1.33037,True,,0.785731,True,,1.1891,True,,1.22172,True,,-0.507219,True,,,,
cand_055,actionable,[*:1]c1nnnn1[*:2],[*:2]n1nnc(N=[N+]([*:1])[O-])n1,azole_ring,azoxy,linker,False,*c1nnnn1*||*n1nnc(N=[N+](*)[O-])n1,0.381536,249,249,5.94401,5.94401,6,0,False,False,0.991857,True,,0.919359,True,,0.786746,True,,1.22979,True,,1.0227,True,,0.99356,True,,0.189938,True,,,,
cand_055,actionable,[*:1]c1nnnn1[*:2],[*:1]N=[N+]([O-])n1nnnc1[*:2],azole_ring,azoxy,linker,False,*N=[N+]([O-])n1nnnc1*||*c1nnnn1*,0.386172,229,229,5.94241,5.94241,6,0,False,False,1.01177,True,,0.953617,True,,0.810754,True,,1.25172,True,,0.978768,True,,0.935784,True,,-0.0654356,False,,,,
cand_055,actionable,[*:1]n1ncnn1,[*:1]c1nnn(N[N+](=O)[O-])n1,azole_ring,nitramine,scaffold,False,*c1nnn(N[N+](=O)[O-])n1||*n1ncnn1,0.421008,220,220,5.9189,5.9189,6,0,False,False,0.398982,True,,0.868332,True,,1.2635,True,,0.830741,True,,1.25368,True,,1.30367,True,,-0.867255,True,,,,
cand_055,actionable,[*:1]c1nnnn1[*:2],[*:1]N=[N+]([O-])n1nnc([*:2])n1,azole_ring,azoxy,linker,False,*N=[N+]([O-])n1nnc(*)n1||*c1nnnn1*,0.383065,259,259,5.90937,5.90937,6,0,False,False,0.973511,True,,0.966867,True,,0.837706,True,,1.25181,True,,0.973185,True,,0.906291,True,,-0.132316,True,,,,
cand_055,actionable,[*:1]n1ncnn1,[*:1]n1nnnc1N[N+](=O)[O-],azole_ring,nitramine,scaffold,False,*n1ncnn1||*n1nnnc1N[N+](=O)[O-],0.417489,235,235,5.76359,5.76359,6,0,False,False,0.366529,True,,0.77827,True,,1.23648,True,,0.753862,True,,1.27637,True,,1.35207,True,,-0.59273,True,,,,
cand_055,actionable,[*:1]n1ncnn1,[*:1]c1nnn([N+](=O)[O-])n1,azole_ring,nitro,scaffold,False,*c1nnn([N+](=O)[O-])n1||*n1ncnn1,0.397299,228,228,5.74998,5.74998,6,0,False,False,0.165378,True,,1.06997,True,,1.34095,True,,0.612209,True,,1.24257,True,,1.3189,True,,-0.478844,True,,,,
cand_055,actionable,[*:1]n1ncnn1,[*:1]n1nnc([N+](=O)[O-])n1,azole_ring,nitro,scaffold,False,*n1ncnn1||*n1nnc([N+](=O)[O-])n1,0.395615,212,212,5.73048,5.73048,6,0,False,False,0.171635,True,,1.06769,True,,1.34351,True,,0.617809,True,,1.23121,True,,1.29863,True,,-0.672958,True,,,,
cand_055,actionable,[*:1]n1ncnn1,[*:1]c1nnnn1N=[N+]=[N-],azole_ring,azide,scaffold,False,*c1nnnn1N=[N+]=[N-]||*n1ncnn1,0.395546,222,222,5.66684,5.66684,6,0,False,False,1.85673,True,,0.828205,True,,0.665024,True,,0.865566,True,,0.744194,True,,0.707124,True,,0.234698,True,,,,
cand_055,actionable,[*:1]n1ncnn1,[*:1]n1nnc(N[N+](=O)[O-])n1,azole_ring,nitramine,scaffold,False,*n1ncnn1||*n1nnc(N[N+](=O)[O-])n1,0.419431,177,177,5.46311,5.46311,6,0,False,False,0.301468,True,,0.741202,True,,1.25217,True,,0.701098,True,,1.20463,True,,1.26254,True,,-0.772607,True,,,,
cand_055,actionable,[*:1]n1ncnn1,[*:1]c1nnn(N=[N+]=[N-])n1,azole_ring,azide,scaffold,False,*c1nnn(N=[N+]=[N-])n1||*n1ncnn1,0.395437,221,221,5.32475,5.32475,6,0,False,False,1.79373,True,,0.746861,True,,0.657509,True,,0.756751,True,,0.701191,True,,0.668711,True,,0.326378,True,,,,
cand_055,actionable,[*:2]c1nnnn1[*:1],[*:1]N=Nc1nnnn1[*:2],azole_ring,azo,linker,False,*N=Nc1nnnn1*||*c1nnnn1*,0.355949,350,350,4.82301,4.82301,6,0,False,False,1.32338,True,,0.730511,True,,0.358726,True,,1.1928,True,,0.655076,True,,0.562518,True,,0.123372,True,,,,
cand_055,actionable,[*:1][H],[*:1]N=[N+]=[N-],other,azide,substituent,False,*N=[N+]=[N-]||*[H],0.148547,5460,5460,4.78796,4.78796,6,0,False,False,1.6527,True,,0.623367,True,,0.697449,True,,0.590303,True,,0.634074,True,,0.590066,True,,0.000225854,False,,,,
cand_055,actionable,[*:1]n1ncnn1,[*:1]n1nnnc1N=[N+]=[N-],azole_ring,azide,scaffold,False,*n1ncnn1||*n1nnnc1N=[N+]=[N-],0.393608,234,234,4.47693,4.47693,6,0,False,False,1.64049,True,,0.555787,True,,0.662647,True,,0.485648,True,,0.579372,True,,0.552986,True,,0.16454,True,,,,
cand_055,actionable,[*:2]c1nnnn1[*:1],[*:1]N=Nc1nnn([*:2])n1,azole_ring,azo,linker,False,*N=Nc1nnn(*)n1||*c1nnnn1*,0.35656,356,356,4.40896,4.40896,6,0,False,False,1.26223,True,,0.639687,True,,0.340861,True,,1.06383,True,,0.590047,True,,0.512296,True,,0.111891,True,,,,
cand_055,actionable,[*:2]c1nnnn1[*:1],[*:1]N=Nn1nnnc1[*:2],azole_ring,azo,linker,False,*N=Nn1nnnc1*||*c1nnnn1*,0.356653,386,386,4.35206,4.35206,6,0,False,False,1.23532,True,,0.615186,True,,0.330104,True,,1.0263,True,,0.60749,True,,0.537659,True,,0.166134,True,,,,
cand_055,actionable,[*:1]n1ncnn1,[*:1]n1nnc(N=[N+]=[N-])n1,azole_ring,azide,scaffold,False,*n1ncnn1||*n1nnc(N=[N+]=[N-])n1,0.39046,176,176,4.10694,4.10694,6,0,False,False,1.57988,True,,0.470815,True,,0.636573,True,,0.365713,True,,0.533431,True,,0.520528,True,,-0.168375,True,,,,
cand_055,actionable,[*:2]c1nnnn1[*:1],[*:1]N=Nn1nnc([*:2])n1,azole_ring,azo,linker,False,*N=Nn1nnc(*)n1||*c1nnnn1*,0.355887,402,402,3.93208,3.93208,6,0,False,False,1.17085,True,,0.536145,True,,0.333633,True,,0.916776,True,,0.52508,True,,0.449589,True,,-0.0634601,False,,,,
cand_055,actionable,[*:1]c1nnnn1[*:2],[*:1]N=Nc1nnnn1[*:2],azole_ring,azo,linker,False,*N=Nc1nnnn1*||*c1nnnn1*,0.351097,336,336,3.75447,3.75447,6,0,False,False,1.17631,True,,0.503957,True,,0.330506,True,,0.868255,True,,0.473577,True,,0.401863,True,,0.159668,True,,,,
cand_055,actionable,[*:2]c1nnnn1[*:1],[*:1]NNn1nnnc1[*:2],azole_ring,hydrazo,linker,False,*NNn1nnnc1*||*c1nnnn1*,0.35995,369,369,3.64902,3.64902,6,0,False,False,0.89669,True,,0.272185,True,,0.0281111,True,,1.47287,True,,0.55144,True,,0.42772,True,,0.0963791,True,,,,
cand_055,actionable,[*:1]c1nnnn1[*:2],[*:1]N=Nc1nnn([*:2])n1,azole_ring,azo,linker,False,*N=Nc1nnn(*)n1||*c1nnnn1*,0.356667,329,329,3.62297,3.62297,6,0,False,False,1.12524,True,,0.47018,True,,0.353315,True,,0.823885,True,,0.464077,True,,0.38627,True,,0.0930074,True,,,,
cand_055,actionable,[*:1]c1nnnn1[*:2],[*:1]N=Nn1nnnc1[*:2],azole_ring,azo,linker,False,*N=Nn1nnnc1*||*c1nnnn1*,0.354557,319,319,3.49741,3.49741,6,0,False,False,1.09274,True,,0.42757,True,,0.346433,True,,0.758009,True,,0.470057,True,,0.402601,True,,0.219847,True,,,,
cand_055,actionable,[*:2]c1nnnn1[*:1],[*:1]NNc1nnnn1[*:2],azole_ring,hydrazo,linker,False,*NNc1nnnn1*||*c1nnnn1*,0.357605,308,308,3.39303,3.39303,6,0,False,False,0.844118,True,,0.200872,True,,0.0369562,True,,1.37573,True,,0.528407,True,,0.406946,True,,-0.0578213,False,,,,
cand_055,actionable,[*:2]c1nnnn1[*:1],[*:1]NNn1nnc([*:2])n1,azole_ring,hydrazo,linker,False,*NNn1nnc(*)n1||*c1nnnn1*,0.361736,393,393,3.28999,3.28999,6,0,False,False,0.833756,True,,0.207705,True,,0.0440876,True,,1.38185,True,,0.481115,True,,0.341475,True,,-0.243635,True,,,,
cand_055,actionable,[*:1]c1nnnn1[*:2],[*:1]N=Nn1nnc([*:2])n1,azole_ring,azo,linker,False,*N=Nn1nnc(*)n1||*c1nnnn1*,0.351134,325,325,3.02894,3.02894,6,0,False,False,1.03313,True,,0.332837,True,,0.326176,True,,0.62886,True,,0.384432,True,,0.323499,True,,0.0338713,False,,,,
cand_055,actionable,[*:2]c1nnnn1[*:1],[*:1]NNc1nnn([*:2])n1,azole_ring,hydrazo,linker,False,*NNc1nnn(*)n1||*c1nnnn1*,0.354073,326,326,2.92851,2.92851,6,0,False,False,0.787273,True,,0.125173,True,,0.0243631,True,,1.22938,True,,0.436184,True,,0.326137,True,,-0.0216373,False,,,,
cand_055,actionable,[*:1]c1nnnn1[*:2],[*:1]NNn1nnnc1[*:2],azole_ring,hydrazo,linker,False,*NNn1nnnc1*||*c1nnnn1*,0.353396,307,307,2.84277,2.84277,6,0,False,False,0.765018,True,,0.0848097,True,,0.0448634,True,,1.22263,True,,0.42504,True,,0.30041,True,,-0.0312679,False,,,,
cand_055,actionable,[*:1]c1nnnn1[*:2],[*:1]NNc1nnnn1[*:2],azole_ring,hydrazo,linker,False,*NNc1nnnn1*||*c1nnnn1*,0.352717,357,357,2.45199,2.43486,5,0,False,False,0.693648,True,,-0.0171293,False,,0.030827,True,,1.06987,True,,0.381362,True,,0.276284,True,,-0.0595134,False,,,,
cand_055,actionable,[*:1]c1nnnn1[*:2],[*:1]NNn1nnc([*:2])n1,azole_ring,hydrazo,linker,False,*NNn1nnc(*)n1||*c1nnnn1*,0.352662,318,318,2.24338,2.23116,5,0,False,False,0.681101,True,,-0.0122265,False,,0.0338148,True,,1.04967,True,,0.301504,True,,0.177294,True,,-0.248633,True,,,,
cand_055,actionable,[*:1]c1nnnn1[*:2],[*:1]c1nnn(N[N+](=O)[O-])c1[*:2],azole_ring,nitramine,linker,False,*c1nnn(N[N+](=O)[O-])c1*||*c1nnnn1*,0.412549,385,385,1.50783,1.54167,4,0,False,False,0.0006166,False,,0.433216,True,,0.343985,True,,0.0332176,False,,0.340516,True,,0.390115,True,,-0.462432,True,,,,
cand_055,actionable,[*:2]c1nnnn1[*:1],[*:1]c1nnn(N[N+](=O)[O-])c1[*:2],azole_ring,nitramine,linker,False,*c1nnn(N[N+](=O)[O-])c1*||*c1nnnn1*,0.410514,341,341,1.33352,1.28057,4,0,False,False,-0.0166058,False,,0.396025,True,,0.315102,True,,-0.0363459,False,,0.285464,True,,0.336933,True,,-0.491826,True,,,,
cand_055,actionable,[*:1]n1ncnn1,[*:1]n1cnnn1,azole_ring,azole_ring,scaffold,False,*n1cnnn1||*n1ncnn1,0.31679,360,360,0.267555,0.267555,5,0,False,True,0.0337936,True,0.751129,0.0537874,True,3.1023,-0,False,0,0.0835862,True,0.0023,0.0488291,True,-0.0161135,0.0475588,True,-0.201118,-0.00339368,False,-3.8875,,,
cand_055,actionable,[*:1]c1nnnn1[*:2],[*:2]c1nnnn1[*:1],azole_ring,azole_ring,linker,False,*c1nnnn1*||*c1nnnn1*,0.258476,1293,1293,0.21802,0.21802,5,0,False,False,0.0300112,True,,0.0417528,True,,0,False,,0.057483,True,,0.0430979,True,,0.0456756,True,,-0.0465583,True,,,,
cand_056,actionable,[*:2]c1nnn([*:1])n1,[*:1]N=[N+]([O-])c1nnnn1[*:2],azole_ring,azoxy,linker,False,*N=[N+]([O-])c1nnnn1*||*c1nnn(*)n1,0.385657,203,203,7.54054,7.54054,6,0,False,False,1.28787,True,,1.32943,True,,0.81574,True,,1.80839,True,,1.1937,True,,1.10541,True,,0.0821143,False,,,,
cand_056,actionable,[*:2]c1nnn([*:1])n1,[*:1]N=[N+]([O-])n1nnnc1[*:2],azole_ring,azoxy,linker,False,*N=[N+]([O-])n1nnnc1*||*c1nnn(*)n1,0.389037,291,291,7.46166,7.46166,6,0,False,False,1.26928,True,,1.34087,True,,0.814976,True,,1.77747,True,,1.16995,True,,1.08911,True,,0.0386994,False,,,,
cand_056,actionable,[*:2]c1nnnn1[*:1],[*:1]N=[N+]([O-])n1nnnc1[*:2],azole_ring,azoxy,linker,False,*N=[N+]([O-])n1nnnc1*||*c1nnnn1*,0.392432,280,280,7.39917,7.39917,6,0,False,False,1.23564,True,,1.29928,True,,0.829576,True,,1.74442,True,,1.1854,True,,1.10485,True,,-0.100889,True,,,,
cand_056,actionable,[*:2]c1nnn([*:1])n1,[*:1]N=[N+]([O-])n1nnc([*:2])n1,azole_ring,azoxy,linker,False,*N=[N+]([O-])n1nnc(*)n1||*c1nnn(*)n1,0.387464,272,272,7.25484,7.25484,6,0,False,False,1.24191,True,,1.27006,True,,0.792996,True,,1.73676,True,,1.14376,True,,1.06936,True,,-0.0477761,False,,,,
cand_056,actionable,[*:2]c1nnnn1[*:1],[*:1]N=[N+]([O-])c1nnnn1[*:2],azole_ring,azoxy,linker,False,*N=[N+]([O-])c1nnnn1*||*c1nnnn1*,0.380296,193,193,7.18294,7.18294,6,0,False,False,1.23795,True,,1.23659,True,,0.790892,True,,1.68949,True,,1.14851,True,,1.0795,True,,-0.171171,True,,,,
cand_056,actionable,[*:1]c1nnn([*:2])n1,[*:1]n1nnnc1N=[N+]([*:2])[O-],azole_ring,azoxy,linker,False,*c1nnn(*)n1||*n1nnnc1N=[N+](*)[O-],0.390172,133,133,7.1687,7.1687,6,0,False,False,1.19903,True,,1.22133,True,,0.836397,True,,1.61404,True,,1.17979,True,,1.11811,True,,0.382541,True,,,,
cand_056,actionable,[*:2]c1nnnn1[*:1],[*:1]N=[N+]([O-])n1nnc([*:2])n1,azole_ring,azoxy,linker,False,*N=[N+]([O-])n1nnc(*)n1||*c1nnnn1*,0.386847,275,275,7.07244,7.07244,6,0,False,False,1.19325,True,,1.21169,True,,0.802861,True,,1.64893,True,,1.14311,True,,1.07258,True,,-0.0690075,False,,,,
cand_056,actionable,[*:1]c1nnnn1[*:2],[*:1]c1nnnn1N=[N+]([*:2])[O-],azole_ring,azoxy,linker,False,*c1nnnn1*||*c1nnnn1N=[N+](*)[O-],0.384684,108,108,7.02768,7.02768,6,0,False,False,1.18176,True,,1.14919,True,,0.79885,True,,1.54468,True,,1.1966,True,,1.1566,True,,0.219111,True,,,,
cand_056,actionable,[*:1]c1nnn([*:2])n1,[*:1]c1nnnn1N=[N+]([*:2])[O-],azole_ring,azoxy,linker,False,*c1nnn(*)n1||*c1nnnn1N=[N+](*)[O-],0.380492,118,118,6.98405,6.98405,6,0,False,False,1.23245,True,,1.15049,True,,0.745411,True,,1.5874,True,,1.15025,True,,1.11805,True,,0.295224,True,,,,
cand_056,actionable,[*:1]c1nnnn1[*:2],[*:2]n1nnnc1N=[N+]([*:1])[O-],azole_ring,azoxy,linker,False,*c1nnnn1*||*n1nnnc1N=[N+](*)[O-],0.387609,122,122,6.97978,6.97978,6,0,False,False,1.16054,True,,1.17138,True,,0.834346,True,,1.60279,True,,1.14116,True,,1.06956,True,,0.160271,True,,,,
cand_056,actionable,[*:1]c1nnn([*:2])n1,[*:2]n1nnnc1N=[N+]([*:1])[O-],azole_ring,azoxy,linker,False,*c1nnn(*)n1||*n1nnnc1N=[N+](*)[O-],0.386228,129,129,6.9305,6.9305,6,0,False,False,1.22164,True,,1.20336,True,,0.791447,True,,1.6175,True,,1.07891,True,,1.01764,True,,0.0905416,False,,,,
cand_056,actionable,[*:1]c1nnnn1[*:2],[*:1]n1nnnc1N=[N+]([*:2])[O-],azole_ring,azoxy,linker,False,*c1nnnn1*||*n1nnnc1N=[N+](*)[O-],0.381342,140,140,6.77105,6.77105,6,0,False,False,1.13232,True,,1.07776,True,,0.793782,True,,1.46168,True,,1.16784,True,,1.13768,True,,0.300078,True,,,,
cand_056,actionable,[*:1]c1nnnn1[*:2],[*:1]n1nnc(N=[N+]([*:2])[O-])n1,azole_ring,azoxy,linker,False,*c1nnnn1*||*n1nnc(N=[N+](*)[O-])n1,0.382376,243,243,6.74472,6.74472,6,0,False,False,1.09841,True,,1.08922,True,,0.804593,True,,1.45168,True,,1.16528,True,,1.13554,True,,0.218252,True,,,,
cand_056,actionable,[*:1]c1nnn([*:2])n1,[*:1]n1nnc(N=[N+]([*:2])[O-])n1,azole_ring,azoxy,linker,False,*c1nnn(*)n1||*n1nnc(N=[N+](*)[O-])n1,0.378153,238,238,6.70442,6.70442,6,0,False,False,1.15867,True,,1.11382,True,,0.761466,True,,1.49629,True,,1.10497,True,,1.0692,True,,0.243363,True,,,,
cand_056,actionable,[*:1]c1nnn([*:2])n1,[*:1]N=[N+]([O-])c1nnnn1[*:2],azole_ring,azoxy,linker,False,*N=[N+]([O-])c1nnnn1*||*c1nnn(*)n1,0.38408,193,193,6.2752,6.2752,6,0,False,False,1.05157,True,,1.02736,True,,0.803237,True,,1.38052,True,,1.03234,True,,0.980179,True,,-0.0531092,False,,,,
cand_056,actionable,[*:1]c1nnnn1[*:2],[*:1]N=[N+]([O-])c1nnnn1[*:2],azole_ring,azoxy,linker,False,*N=[N+]([O-])c1nnnn1*||*c1nnnn1*,0.387444,216,216,6.14634,6.14634,6,0,False,False,1.0166,True,,0.992261,True,,0.829325,True,,1.31178,True,,1.02557,True,,0.970802,True,,0.00583282,False,,,,
cand_056,actionable,[*:1]c1nnn([*:2])n1,[*:2]n1nnc(N=[N+]([*:1])[O-])n1,azole_ring,azoxy,linker,False,*c1nnn(*)n1||*n1nnc(N=[N+](*)[O-])n1,0.383262,245,245,6.12532,6.12532,6,0,False,False,1.05729,True,,0.968287,True,,0.765806,True,,1.33239,True,,1.01607,True,,0.985474,True,,-0.000412203,False,,,,
cand_056,actionable,[*:1]c1nnn([*:2])n1,[*:1]N=[N+]([O-])n1nnnc1[*:2],azole_ring,azoxy,linker,False,*N=[N+]([O-])n1nnnc1*||*c1nnn(*)n1,0.382236,241,241,6.08289,6.08289,6,0,False,False,1.03381,True,,0.991957,True,,0.801599,True,,1.30846,True,,0.998561,True,,0.948499,True,,0.0401082,False,,,,
cand_056,actionable,[*:1]c1nnnn1[*:2],[*:2]n1nnc(N=[N+]([*:1])[O-])n1,azole_ring,azoxy,linker,False,*c1nnnn1*||*n1nnc(N=[N+](*)[O-])n1,0.381536,249,249,5.94401,5.94401,6,0,False,False,0.991857,True,,0.919359,True,,0.786746,True,,1.22979,True,,1.0227,True,,0.99356,True,,0.189938,True,,,,
cand_056,actionable,[*:1]c1nnnn1[*:2],[*:1]N=[N+]([O-])n1nnnc1[*:2],azole_ring,azoxy,linker,False,*N=[N+]([O-])n1nnnc1*||*c1nnnn1*,0.386172,229,229,5.94241,5.94241,6,0,False,False,1.01177,True,,0.953617,True,,0.810754,True,,1.25172,True,,0.978768,True,,0.935784,True,,-0.0654356,False,,,,
cand_056,actionable,[*:1]c1nnnn1[*:2],[*:1]N=[N+]([O-])n1nnc([*:2])n1,azole_ring,azoxy,linker,False,*N=[N+]([O-])n1nnc(*)n1||*c1nnnn1*,0.383065,259,259,5.90937,5.90937,6,0,False,False,0.973511,True,,0.966867,True,,0.837706,True,,1.25181,True,,0.973185,True,,0.906291,True,,-0.132316,True,,,,
cand_056,actionable,[*:1]c1nnn([*:2])n1,[*:1]N=[N+]([O-])n1nnc([*:2])n1,azole_ring,azoxy,linker,False,*N=[N+]([O-])n1nnc(*)n1||*c1nnn(*)n1,0.381099,247,247,5.7921,5.7921,6,0,False,False,1.00262,True,,0.913101,True,,0.784638,True,,1.22695,True,,0.953992,True,,0.910809,True,,-0.0867995,False,,,,
cand_056,actionable,[*:2]c1nnn([*:1])n1,[*:1]N=Nc1nnnn1[*:2],azole_ring,azo,linker,False,*N=Nc1nnnn1*||*c1nnn(*)n1,0.355184,346,346,4.91008,4.91008,6,0,False,False,1.36786,True,,0.775218,True,,0.348896,True,,1.25446,True,,0.632322,True,,0.531322,True,,0.293685,True,,,,
cand_056,actionable,[*:2]c1nnnn1[*:1],[*:1]N=Nc1nnnn1[*:2],azole_ring,azo,linker,False,*N=Nc1nnnn1*||*c1nnnn1*,0.355949,350,350,4.82301,4.82301,6,0,False,False,1.32338,True,,0.730511,True,,0.358726,True,,1.1928,True,,0.655076,True,,0.562518,True,,0.123372,True,,,,
cand_056,actionable,[*:2]c1nnn([*:1])n1,[*:1]N=Nn1nnnc1[*:2],azole_ring,azo,linker,False,*N=Nn1nnnc1*||*c1nnn(*)n1,0.362383,398,398,4.67606,4.67606,6,0,False,False,1.27323,True,,0.697424,True,,0.363967,True,,1.14483,True,,0.646189,True,,0.550421,True,,0.275734,True,,,,
cand_056,actionable,[*:2]c1nnn([*:1])n1,[*:1]N=Nc1nnn([*:2])n1,azole_ring,azo,linker,False,*N=Nc1nnn(*)n1||*c1nnn(*)n1,0.356223,332,332,4.60116,4.60116,6,0,False,False,1.30023,True,,0.69689,True,,0.345385,True,,1.15463,True,,0.599149,True,,0.504875,True,,0.208527,True,,,,
cand_056,actionable,[*:2]c1nnnn1[*:1],[*:1]N=Nc1nnn([*:2])n1,azole_ring,azo,linker,False,*N=Nc1nnn(*)n1||*c1nnnn1*,0.35656,356,356,4.40896,4.40896,6,0,False,False,1.26223,True,,0.639687,True,,0.340861,True,,1.06383,True,,0.590047,True,,0.512296,True,,0.111891,True,,,,
cand_056,actionable,[*:2]c1nnnn1[*:1],[*:1]N=Nn1nnnc1[*:2],azole_ring,azo,linker,False,*N=Nn1nnnc1*||*c1nnnn1*,0.356653,386,386,4.35206,4.35206,6,0,False,False,1.23532,True,,0.615186,True,,0.330104,True,,1.0263,True,,0.60749,True,,0.537659,True,,0.166134,True,,,,
cand_056,actionable,[*:1]c1nnn([*:2])n1,[*:1]N=Nc1nnnn1[*:2],azole_ring,azo,linker,False,*N=Nc1nnnn1*||*c1nnn(*)n1,0.358491,342,342,4.22356,4.22356,6,0,False,False,1.24148,True,,0.622072,True,,0.350247,True,,1.03701,True,,0.531948,True,,0.44081,True,,0.143936,True,,,,
cand_056,actionable,[*:2]c1nnn([*:1])n1,[*:1]N=Nn1nnc([*:2])n1,azole_ring,azo,linker,False,*N=Nn1nnc(*)n1||*c1nnn(*)n1,0.35839,393,393,4.1863,4.1863,6,0,False,False,1.20702,True,,0.602688,True,,0.344701,True,,1.01106,True,,0.554789,True,,0.466045,True,,0.100027,True,,,,
cand_056,actionable,[*:1]c1nnn([*:2])n1,[*:1]N=Nn1nnnc1[*:2],azole_ring,azo,linker,False,*N=Nn1nnnc1*||*c1nnn(*)n1,0.360747,334,334,3.99535,3.99535,6,0,False,False,1.16569,True,,0.546554,True,,0.362638,True,,0.942865,True,,0.534815,True,,0.442787,True,,0.111146,True,,,,
cand_056,actionable,[*:2]c1nnn([*:1])n1,[*:1]NNn1nnnc1[*:2],azole_ring,hydrazo,linker,False,*NNn1nnnc1*||*c1nnn(*)n1,0.363514,386,386,3.9581,3.9581,6,0,False,False,0.938024,True,,0.350252,True,,0.0500214,True,,1.58906,True,,0.588806,True,,0.441934,True,,0.179119,True,,,,
cand_056,actionable,[*:2]c1nnnn1[*:1],[*:1]N=Nn1nnc([*:2])n1,azole_ring,azo,linker,False,*N=Nn1nnc(*)n1||*c1nnnn1*,0.355887,402,402,3.93208,3.93208,6,0,False,False,1.17085,True,,0.536145,True,,0.333633,True,,0.916776,True,,0.52508,True,,0.449589,True,,-0.0634601,False,,,,
cand_056,actionable,[*:1]c1nnn([*:2])n1,[*:1]N=Nc1nnn([*:2])n1,azole_ring,azo,linker,False,*N=Nc1nnn(*)n1||*c1nnn(*)n1,0.359132,350,350,3.90856,3.90856,6,0,False,False,1.18334,True,,0.547374,True,,0.349104,True,,0.932112,True,,0.490401,True,,0.406235,True,,0.040073,False,,,,
cand_056,actionable,[*:1]c1nnnn1[*:2],[*:1]N=Nc1nnnn1[*:2],azole_ring,azo,linker,False,*N=Nc1nnnn1*||*c1nnnn1*,0.351097,336,336,3.75447,3.75447,6,0,False,False,1.17631,True,,0.503957,True,,0.330506,True,,0.868255,True,,0.473577,True,,0.401863,True,,0.159668,True,,,,
cand_056,actionable,[*:2]c1nnnn1[*:1],[*:1]NNn1nnnc1[*:2],azole_ring,hydrazo,linker,False,*NNn1nnnc1*||*c1nnnn1*,0.35995,369,369,3.64902,3.64902,6,0,False,False,0.89669,True,,0.272185,True,,0.0281111,True,,1.47287,True,,0.55144,True,,0.42772,True,,0.0963791,True,,,,
cand_056,actionable,[*:1]c1nnnn1[*:2],[*:1]N=Nc1nnn([*:2])n1,azole_ring,azo,linker,False,*N=Nc1nnn(*)n1||*c1nnnn1*,0.356667,329,329,3.62297,3.62297,6,0,False,False,1.12524,True,,0.47018,True,,0.353315,True,,0.823885,True,,0.464077,True,,0.38627,True,,0.0930074,True,,,,
cand_056,actionable,[*:2]c1nnn([*:1])n1,[*:1]NNc1nnnn1[*:2],azole_ring,hydrazo,linker,False,*NNc1nnnn1*||*c1nnn(*)n1,0.353325,340,340,3.53394,3.53394,6,0,False,False,0.88454,True,,0.238912,True,,0.0334778,True,,1.43352,True,,0.53368,True,,0.40981,True,,0.0617399,False,,,,
cand_056,actionable,[*:1]c1nnnn1[*:2],[*:1]N=Nn1nnnc1[*:2],azole_ring,azo,linker,False,*N=Nn1nnnc1*||*c1nnnn1*,0.354557,319,319,3.49741,3.49741,6,0,False,False,1.09274,True,,0.42757,True,,0.346433,True,,0.758009,True,,0.470057,True,,0.402601,True,,0.219847,True,,,,
cand_056,actionable,[*:2]c1nnn([*:1])n1,[*:1]NNn1nnc([*:2])n1,azole_ring,hydrazo,linker,False,*NNn1nnc(*)n1||*c1nnn(*)n1,0.360374,429,429,3.41725,3.41725,6,0,False,False,0.86855,True,,0.257969,True,,0.0453302,True,,1.43395,True,,0.479044,True,,0.332408,True,,-0.203337,True,,,,
cand_056,actionable,[*:2]c1nnnn1[*:1],[*:1]NNc1nnnn1[*:2],azole_ring,hydrazo,linker,False,*NNc1nnnn1*||*c1nnnn1*,0.357605,308,308,3.39303,3.39303,6,0,False,False,0.844118,True,,0.200872,True,,0.0369562,True,,1.37573,True,,0.528407,True,,0.406946,True,,-0.0578213,False,,,,
cand_056,actionable,[*:2]c1nnn([*:1])n1,[*:1]NNc1nnn([*:2])n1,azole_ring,hydrazo,linker,False,*NNc1nnn(*)n1||*c1nnn(*)n1,0.357457,302,302,3.29623,3.29623,6,0,False,False,0.845114,True,,0.211921,True,,0.0430512,True,,1.37479,True,,0.47719,True,,0.344168,True,,0.0342877,False,,,,
cand_056,actionable,[*:1]c1nnn([*:2])n1,[*:1]N=Nn1nnc([*:2])n1,azole_ring,azo,linker,False,*N=Nn1nnc(*)n1||*c1nnn(*)n1,0.355385,330,330,3.29485,3.29485,6,0,False,False,1.08009,True,,0.405756,True,,0.332178,True,,0.731677,True,,0.409408,True,,0.335746,True,,-0.179887,True,,,,
cand_056,actionable,[*:2]c1nnnn1[*:1],[*:1]NNn1nnc([*:2])n1,azole_ring,hydrazo,linker,False,*NNn1nnc(*)n1||*c1nnnn1*,0.361736,393,393,3.28999,3.28999,6,0,False,False,0.833756,True,,0.207705,True,,0.0440876,True,,1.38185,True,,0.481115,True,,0.341475,True,,-0.243635,True,,,,
cand_056,actionable,[*:1]c1nnn([*:2])n1,[*:1]NNn1nnnc1[*:2],azole_ring,hydrazo,linker,False,*NNn1nnnc1*||*c1nnn(*)n1,0.357043,365,365,3.13594,3.13594,6,0,False,False,0.826481,True,,0.183081,True,,0.0505623,True,,1.33815,True,,0.438654,True,,0.299012,True,,-0.0474263,False,,,,
cand_056,actionable,[*:1]c1nnnn1[*:2],[*:1]N=Nn1nnc([*:2])n1,azole_ring,azo,linker,False,*N=Nn1nnc(*)n1||*c1nnnn1*,0.351134,325,325,3.02894,3.02894,6,0,False,False,1.03313,True,,0.332837,True,,0.326176,True,,0.62886,True,,0.384432,True,,0.323499,True,,0.0338713,False,,,,
cand_056,actionable,[*:2]c1nnnn1[*:1],[*:1]NNc1nnn([*:2])n1,azole_ring,hydrazo,linker,False,*NNc1nnn(*)n1||*c1nnnn1*,0.354073,326,326,2.92851,2.92851,6,0,False,False,0.787273,True,,0.125173,True,,0.0243631,True,,1.22938,True,,0.436184,True,,0.326137,True,,-0.0216373,False,,,,
cand_056,actionable,[*:1]c1nnnn1[*:2],[*:1]NNn1nnnc1[*:2],azole_ring,hydrazo,linker,False,*NNn1nnnc1*||*c1nnnn1*,0.353396,307,307,2.84277,2.84277,6,0,False,False,0.765018,True,,0.0848097,True,,0.0448634,True,,1.22263,True,,0.42504,True,,0.30041,True,,-0.0312679,False,,,,
cand_056,actionable,[*:1]c1nnn([*:2])n1,[*:1]NNc1nnnn1[*:2],azole_ring,hydrazo,linker,False,*NNc1nnnn1*||*c1nnn(*)n1,0.356148,336,336,2.73736,2.73736,6,0,False,False,0.743623,True,,0.0703049,True,,0.0427286,True,,1.17605,True,,0.412791,True,,0.291862,True,,-0.0271239,False,,,,
cand_056,actionable,[*:1]c1nnn([*:2])n1,[*:1]NNn1nnc([*:2])n1,azole_ring,hydrazo,linker,False,*NNn1nnc(*)n1||*c1nnn(*)n1,0.354712,335,335,2.57495,2.57495,6,0,False,False,0.753706,True,,0.0800358,True,,0.0327345,True,,1.18342,True,,0.3302,True,,0.194851,True,,-0.307741,True,,,,
cand_056,actionable,[*:1]c1nnnn1[*:2],[*:1]NNc1nnnn1[*:2],azole_ring,hydrazo,linker,False,*NNc1nnnn1*||*c1nnnn1*,0.352717,357,357,2.45199,2.43486,5,0,False,False,0.693648,True,,-0.0171293,False,,0.030827,True,,1.06987,True,,0.381362,True,,0.276284,True,,-0.0595134,False,,,,
cand_056,actionable,[*:1]c1nnn([*:2])n1,[*:1]NNc1nnn([*:2])n1,azole_ring,hydrazo,linker,False,*NNc1nnn(*)n1||*c1nnn(*)n1,0.350426,329,329,2.37486,2.37486,6,0,False,False,0.713205,True,,0.0268665,True,,0.0205211,True,,1.08548,True,,0.323148,True,,0.205645,True,,-0.209807,True,,,,
cand_056,actionable,[*:1]c1nnnn1[*:2],[*:1]NNn1nnc([*:2])n1,azole_ring,hydrazo,linker,False,*NNn1nnc(*)n1||*c1nnnn1*,0.352662,318,318,2.24338,2.23116,5,0,False,False,0.681101,True,,-0.0122265,False,,0.0338148,True,,1.04967,True,,0.301504,True,,0.177294,True,,-0.248633,True,,,,
cand_056,actionable,[*:1]c1nnn([*:2])n1,[*:2]c1nnn(N[N+](=O)[O-])c1[*:1],azole_ring,nitramine,linker,False,*c1nnn(*)n1||*c1nnn(N[N+](=O)[O-])c1*,0.416782,335,335,1.85304,1.85304,6,0,False,False,0.0511008,True,,0.526783,True,,0.350804,True,,0.12756,True,,0.372822,True,,0.423975,True,,-0.409976,True,,,,
cand_056,actionable,[*:1]c1nnn([*:2])n1,[*:1]c1nnn(N[N+](=O)[O-])c1[*:2],azole_ring,nitramine,linker,False,*c1nnn(*)n1||*c1nnn(N[N+](=O)[O-])c1*,0.406666,404,404,1.5689,1.5689,6,0,False,False,0.0474787,True,,0.434563,True,,0.292453,True,,0.0733892,True,,0.333097,True,,0.387919,True,,-0.431373,True,,,,
cand_056,actionable,[*:1]c1nnnn1[*:2],[*:1]c1nnn(N[N+](=O)[O-])c1[*:2],azole_ring,nitramine,linker,False,*c1nnn(N[N+](=O)[O-])c1*||*c1nnnn1*,0.412549,385,385,1.50783,1.54167,4,0,False,False,0.0006166,False,,0.433216,True,,0.343985,True,,0.0332176,False,,0.340516,True,,0.390115,True,,-0.462432,True,,,,
cand_056,actionable,[*:2]c1nnnn1[*:1],[*:1]c1nnn(N[N+](=O)[O-])c1[*:2],azole_ring,nitramine,linker,False,*c1nnn(N[N+](=O)[O-])c1*||*c1nnnn1*,0.410514,341,341,1.33352,1.28057,4,0,False,False,-0.0166058,False,,0.396025,True,,0.315102,True,,-0.0363459,False,,0.285464,True,,0.336933,True,,-0.491826,True,,,,
cand_056,actionable,[*:1]c1nnn(N=[N+]=[N-])n1,[*:1]c1nnnn1N=[N+]=[N-],azide,azide,scaffold,False,*c1nnn(N=[N+]=[N-])n1||*c1nnnn1N=[N+]=[N-],0.395339,229,229,0.352403,0.352403,5,0,False,True,0.0738585,True,7.5389,0.0859202,True,26.627,0,False,0,0.119177,True,0.0195,0.038839,True,0.0208891,0.034608,True,0.12582,-0.0988083,False,2.7113,,,
cand_056,actionable,[*:1]c1nnn([*:2])n1,[*:2]c1nnnn1[*:1],azole_ring,azole_ring,linker,False,*c1nnn(*)n1||*c1nnnn1*,0.257644,2457,2457,0.31729,0.31729,5,0,False,True,0.0573355,True,7.5389,0.0696148,True,26.627,-2.41191e-19,False,0,0.100322,True,0.0195,0.0464741,True,0.0208891,0.0435433,True,0.12582,0.109291,True,2.7113,,,
cand_056,actionable,[*:1]c1nnn([*:2])n1,[*:1]c1nnnn1[*:2],azole_ring,azole_ring,linker,False,*c1nnn(*)n1||*c1nnnn1*,0.258151,2833,2833,0.304252,0.304252,5,0,False,True,0.0551249,True,7.5389,0.0662557,True,26.627,0,False,0,0.0947991,True,0.0195,0.0449933,True,0.0208891,0.0430791,True,0.12582,0.118519,True,2.7113,,,
cand_056,actionable,[*:1]Nc1nnnn1[*:2],[*:1]Nn1nnnc1[*:2],azole_ring,azole_ring,linker,False,*Nc1nnnn1*||*Nn1nnnc1*,0.295245,593,593,0.26645,0.260235,3,0,False,True,0.0673813,True,3.02334,0.0806674,True,10.6783,0,False,0,0.118401,True,0.0079,0.00547648,False,-0.0403891,-0.0116915,False,-0.527422,-0.0768478,True,1.1293,,,
cand_056,actionable,[*:1]c1nnnn1[*:2],[*:2]c1nnnn1[*:1],azole_ring,azole_ring,linker,False,*c1nnnn1*||*c1nnnn1*,0.258476,1293,1293,0.21802,0.21802,5,0,False,True,0.0300112,True,3.02334,0.0417528,True,10.6783,0,False,0,0.057483,True,0.0079,0.0430979,True,-0.0403891,0.0456756,True,-0.527422,-0.0465583,True,1.1293,,,
cand_056,actionable,[*:1]c1nnn([*:2])n1,[*:2]c1nnn([*:1])n1,azole_ring,azole_ring,linker,False,*c1nnn(*)n1||*c1nnn(*)n1,0.260615,1165,1165,0.0453822,0.0112472,2,0,False,False,-0.00809051,False,,-0.00850428,False,,0,False,,-0.0175402,False,,0.0185507,True,,0.0268315,True,,0.0700273,True,,,,
cand_057,actionable,[*:2]c1nnn([*:1])n1,[*:1]N=[N+]([O-])c1nnnn1[*:2],azole_ring,azoxy,linker,False,*N=[N+]([O-])c1nnnn1*||*c1nnn(*)n1,0.385657,203,203,7.54054,7.54054,6,0,False,False,1.28787,True,,1.32943,True,,0.81574,True,,1.80839,True,,1.1937,True,,1.10541,True,,0.0821143,False,,,,
cand_057,actionable,[*:2]c1nnn([*:1])n1,[*:1]N=[N+]([O-])n1nnnc1[*:2],azole_ring,azoxy,linker,False,*N=[N+]([O-])n1nnnc1*||*c1nnn(*)n1,0.389037,291,291,7.46166,7.46166,6,0,False,False,1.26928,True,,1.34087,True,,0.814976,True,,1.77747,True,,1.16995,True,,1.08911,True,,0.0386994,False,,,,
cand_057,actionable,[*:2]c1nnn([*:1])n1,[*:1]N=[N+]([O-])n1nnc([*:2])n1,azole_ring,azoxy,linker,False,*N=[N+]([O-])n1nnc(*)n1||*c1nnn(*)n1,0.387464,272,272,7.25484,7.25484,6,0,False,False,1.24191,True,,1.27006,True,,0.792996,True,,1.73676,True,,1.14376,True,,1.06936,True,,-0.0477761,False,,,,
cand_057,actionable,[*:1]c1nnn([*:2])n1,[*:1]n1nnnc1N=[N+]([*:2])[O-],azole_ring,azoxy,linker,False,*c1nnn(*)n1||*n1nnnc1N=[N+](*)[O-],0.390172,133,133,7.1687,7.1687,6,0,False,False,1.19903,True,,1.22133,True,,0.836397,True,,1.61404,True,,1.17979,True,,1.11811,True,,0.382541,True,,,,
cand_057,actionable,[*:1]c1nnn([*:2])n1,[*:1]c1nnnn1N=[N+]([*:2])[O-],azole_ring,azoxy,linker,False,*c1nnn(*)n1||*c1nnnn1N=[N+](*)[O-],0.380492,118,118,6.98405,6.98405,6,0,False,False,1.23245,True,,1.15049,True,,0.745411,True,,1.5874,True,,1.15025,True,,1.11805,True,,0.295224,True,,,,
cand_057,actionable,[*:1]c1nnn([*:2])n1,[*:2]n1nnnc1N=[N+]([*:1])[O-],azole_ring,azoxy,linker,False,*c1nnn(*)n1||*n1nnnc1N=[N+](*)[O-],0.386228,129,129,6.9305,6.9305,6,0,False,False,1.22164,True,,1.20336,True,,0.791447,True,,1.6175,True,,1.07891,True,,1.01764,True,,0.0905416,False,,,,
cand_057,actionable,[*:1]c1nnn([*:2])n1,[*:1]n1nnc(N=[N+]([*:2])[O-])n1,azole_ring,azoxy,linker,False,*c1nnn(*)n1||*n1nnc(N=[N+](*)[O-])n1,0.378153,238,238,6.70442,6.70442,6,0,False,False,1.15867,True,,1.11382,True,,0.761466,True,,1.49629,True,,1.10497,True,,1.0692,True,,0.243363,True,,,,
cand_057,actionable,[*:1]c1nnn([*:2])n1,[*:1]N=[N+]([O-])c1nnnn1[*:2],azole_ring,azoxy,linker,False,*N=[N+]([O-])c1nnnn1*||*c1nnn(*)n1,0.38408,193,193,6.2752,6.2752,6,0,False,False,1.05157,True,,1.02736,True,,0.803237,True,,1.38052,True,,1.03234,True,,0.980179,True,,-0.0531092,False,,,,
cand_057,actionable,[*:1]c1nnn([*:2])n1,[*:2]n1nnc(N=[N+]([*:1])[O-])n1,azole_ring,azoxy,linker,False,*c1nnn(*)n1||*n1nnc(N=[N+](*)[O-])n1,0.383262,245,245,6.12532,6.12532,6,0,False,False,1.05729,True,,0.968287,True,,0.765806,True,,1.33239,True,,1.01607,True,,0.985474,True,,-0.000412203,False,,,,
cand_057,actionable,[*:1]c1nnn([*:2])n1,[*:1]N=[N+]([O-])n1nnnc1[*:2],azole_ring,azoxy,linker,False,*N=[N+]([O-])n1nnnc1*||*c1nnn(*)n1,0.382236,241,241,6.08289,6.08289,6,0,False,False,1.03381,True,,0.991957,True,,0.801599,True,,1.30846,True,,0.998561,True,,0.948499,True,,0.0401082,False,,,,
cand_057,actionable,[*:1]c1nnn([*:2])n1,[*:1]N=[N+]([O-])n1nnc([*:2])n1,azole_ring,azoxy,linker,False,*N=[N+]([O-])n1nnc(*)n1||*c1nnn(*)n1,0.381099,247,247,5.7921,5.7921,6,0,False,False,1.00262,True,,0.913101,True,,0.784638,True,,1.22695,True,,0.953992,True,,0.910809,True,,-0.0867995,False,,,,
cand_057,actionable,[*:2]c1nnn([*:1])n1,[*:1]N=Nc1nnnn1[*:2],azole_ring,azo,linker,False,*N=Nc1nnnn1*||*c1nnn(*)n1,0.355184,346,346,4.91008,4.91008,6,0,False,False,1.36786,True,,0.775218,True,,0.348896,True,,1.25446,True,,0.632322,True,,0.531322,True,,0.293685,True,,,,
cand_057,actionable,[*:2]c1nnn([*:1])n1,[*:1]N=Nn1nnnc1[*:2],azole_ring,azo,linker,False,*N=Nn1nnnc1*||*c1nnn(*)n1,0.362383,398,398,4.67606,4.67606,6,0,False,False,1.27323,True,,0.697424,True,,0.363967,True,,1.14483,True,,0.646189,True,,0.550421,True,,0.275734,True,,,,
cand_057,actionable,[*:2]c1nnn([*:1])n1,[*:1]N=Nc1nnn([*:2])n1,azole_ring,azo,linker,False,*N=Nc1nnn(*)n1||*c1nnn(*)n1,0.356223,332,332,4.60116,4.60116,6,0,False,False,1.30023,True,,0.69689,True,,0.345385,True,,1.15463,True,,0.599149,True,,0.504875,True,,0.208527,True,,,,
cand_057,actionable,[*:1]c1nnn([*:2])n1,[*:1]N=Nc1nnnn1[*:2],azole_ring,azo,linker,False,*N=Nc1nnnn1*||*c1nnn(*)n1,0.358491,342,342,4.22356,4.22356,6,0,False,False,1.24148,True,,0.622072,True,,0.350247,True,,1.03701,True,,0.531948,True,,0.44081,True,,0.143936,True,,,,
cand_057,actionable,[*:2]c1nnn([*:1])n1,[*:1]N=Nn1nnc([*:2])n1,azole_ring,azo,linker,False,*N=Nn1nnc(*)n1||*c1nnn(*)n1,0.35839,393,393,4.1863,4.1863,6,0,False,False,1.20702,True,,0.602688,True,,0.344701,True,,1.01106,True,,0.554789,True,,0.466045,True,,0.100027,True,,,,
cand_057,actionable,[*:1]c1nnn([*:2])n1,[*:1]N=Nn1nnnc1[*:2],azole_ring,azo,linker,False,*N=Nn1nnnc1*||*c1nnn(*)n1,0.360747,334,334,3.99535,3.99535,6,0,False,False,1.16569,True,,0.546554,True,,0.362638,True,,0.942865,True,,0.534815,True,,0.442787,True,,0.111146,True,,,,
cand_057,actionable,[*:2]c1nnn([*:1])n1,[*:1]NNn1nnnc1[*:2],azole_ring,hydrazo,linker,False,*NNn1nnnc1*||*c1nnn(*)n1,0.363514,386,386,3.9581,3.9581,6,0,False,False,0.938024,True,,0.350252,True,,0.0500214,True,,1.58906,True,,0.588806,True,,0.441934,True,,0.179119,True,,,,
cand_057,actionable,[*:1]c1nnn([*:2])n1,[*:1]N=Nc1nnn([*:2])n1,azole_ring,azo,linker,False,*N=Nc1nnn(*)n1||*c1nnn(*)n1,0.359132,350,350,3.90856,3.90856,6,0,False,False,1.18334,True,,0.547374,True,,0.349104,True,,0.932112,True,,0.490401,True,,0.406235,True,,0.040073,False,,,,
cand_057,actionable,[*:2]c1nnn([*:1])n1,[*:1]NNc1nnnn1[*:2],azole_ring,hydrazo,linker,False,*NNc1nnnn1*||*c1nnn(*)n1,0.353325,340,340,3.53394,3.53394,6,0,False,False,0.88454,True,,0.238912,True,,0.0334778,True,,1.43352,True,,0.53368,True,,0.40981,True,,0.0617399,False,,,,
cand_057,actionable,[*:2]c1nnn([*:1])n1,[*:1]NNn1nnc([*:2])n1,azole_ring,hydrazo,linker,False,*NNn1nnc(*)n1||*c1nnn(*)n1,0.360374,429,429,3.41725,3.41725,6,0,False,False,0.86855,True,,0.257969,True,,0.0453302,True,,1.43395,True,,0.479044,True,,0.332408,True,,-0.203337,True,,,,
cand_057,actionable,[*:2]c1nnn([*:1])n1,[*:1]NNc1nnn([*:2])n1,azole_ring,hydrazo,linker,False,*NNc1nnn(*)n1||*c1nnn(*)n1,0.357457,302,302,3.29623,3.29623,6,0,False,False,0.845114,True,,0.211921,True,,0.0430512,True,,1.37479,True,,0.47719,True,,0.344168,True,,0.0342877,False,,,,
cand_057,actionable,[*:1]c1nnn([*:2])n1,[*:1]N=Nn1nnc([*:2])n1,azole_ring,azo,linker,False,*N=Nn1nnc(*)n1||*c1nnn(*)n1,0.355385,330,330,3.29485,3.29485,6,0,False,False,1.08009,True,,0.405756,True,,0.332178,True,,0.731677,True,,0.409408,True,,0.335746,True,,-0.179887,True,,,,
cand_057,actionable,[*:1]c1nnn([*:2])n1,[*:1]NNn1nnnc1[*:2],azole_ring,hydrazo,linker,False,*NNn1nnnc1*||*c1nnn(*)n1,0.357043,365,365,3.13594,3.13594,6,0,False,False,0.826481,True,,0.183081,True,,0.0505623,True,,1.33815,True,,0.438654,True,,0.299012,True,,-0.0474263,False,,,,
cand_057,actionable,[*:1]c1nnn([*:2])n1,[*:1]NNc1nnnn1[*:2],azole_ring,hydrazo,linker,False,*NNc1nnnn1*||*c1nnn(*)n1,0.356148,336,336,2.73736,2.73736,6,0,False,False,0.743623,True,,0.0703049,True,,0.0427286,True,,1.17605,True,,0.412791,True,,0.291862,True,,-0.0271239,False,,,,
cand_057,actionable,[*:1]c1nnn([*:2])n1,[*:1]NNn1nnc([*:2])n1,azole_ring,hydrazo,linker,False,*NNn1nnc(*)n1||*c1nnn(*)n1,0.354712,335,335,2.57495,2.57495,6,0,False,False,0.753706,True,,0.0800358,True,,0.0327345,True,,1.18342,True,,0.3302,True,,0.194851,True,,-0.307741,True,,,,
cand_057,actionable,[*:1]c1nnn([*:2])n1,[*:1]NNc1nnn([*:2])n1,azole_ring,hydrazo,linker,False,*NNc1nnn(*)n1||*c1nnn(*)n1,0.350426,329,329,2.37486,2.37486,6,0,False,False,0.713205,True,,0.0268665,True,,0.0205211,True,,1.08548,True,,0.323148,True,,0.205645,True,,-0.209807,True,,,,
cand_057,actionable,[*:1]c1nnn([*:2])n1,[*:2]c1nnn(N[N+](=O)[O-])c1[*:1],azole_ring,nitramine,linker,False,*c1nnn(*)n1||*c1nnn(N[N+](=O)[O-])c1*,0.416782,335,335,1.85304,1.85304,6,0,False,False,0.0511008,True,,0.526783,True,,0.350804,True,,0.12756,True,,0.372822,True,,0.423975,True,,-0.409976,True,,,,
cand_057,actionable,[*:1]c1nnn([*:2])n1,[*:1]c1nnn(N[N+](=O)[O-])c1[*:2],azole_ring,nitramine,linker,False,*c1nnn(*)n1||*c1nnn(N[N+](=O)[O-])c1*,0.406666,404,404,1.5689,1.5689,6,0,False,False,0.0474787,True,,0.434563,True,,0.292453,True,,0.0733892,True,,0.333097,True,,0.387919,True,,-0.431373,True,,,,
cand_057,actionable,[*:1]n1nnc([N+](=O)[O-])n1,[*:1]n1nnnc1[N+](=O)[O-],nitro,nitro,scaffold,False,*n1nnc([N+](=O)[O-])n1||*n1nnnc1[N+](=O)[O-],0.396669,256,256,0.478722,0.484966,4,0,False,True,0.121016,True,5.04267,0.140866,True,18.8082,0,False,0,0.191116,True,0.0133,0.0257241,True,-0.046947,0.00624426,False,-0.636698,-0.133817,True,-25.255,,,
cand_057,actionable,[*:1]c1nnn(N=[N+]=[N-])n1,[*:1]c1nnnn1N=[N+]=[N-],azide,azide,scaffold,False,*c1nnn(N=[N+]=[N-])n1||*c1nnnn1N=[N+]=[N-],0.395339,229,229,0.352403,0.352403,5,0,False,True,0.0738585,True,5.36897,0.0859202,True,20.0253,0,False,0,0.119177,True,0.0142,0.038839,True,0.0439163,0.034608,True,0.431112,-0.0988083,False,-28.3693,,,
cand_057,actionable,[*:1]c1nnn([*:2])n1,[*:2]c1nnnn1[*:1],azole_ring,azole_ring,linker,False,*c1nnn(*)n1||*c1nnnn1*,0.257644,2457,2457,0.31729,0.31729,5,0,False,True,0.0573355,True,4.57308,0.0696148,True,17.0567,-2.41191e-19,False,0,0.100322,True,0.0120667,0.0464741,True,0.0333264,0.0435433,True,0.322091,0.109291,True,12.7122,,,
cand_057,actionable,[*:1]c1nnn([*:2])n1,[*:1]c1nnnn1[*:2],azole_ring,azole_ring,linker,False,*c1nnn(*)n1||*c1nnnn1*,0.258151,2833,2833,0.304252,0.304252,5,0,False,True,0.0551249,True,4.57308,0.0662557,True,17.0567,0,False,0,0.0947991,True,0.0120667,0.0449933,True,0.0333264,0.0430791,True,0.322091,0.118519,True,12.7122,,,
cand_057,actionable,[*:1]n1nnc([N+](=O)[O-])n1,[*:1]c1nnnn1[N+](=O)[O-],nitro,nitro,scaffold,False,*c1nnnn1[N+](=O)[O-]||*n1nnc([N+](=O)[O-])n1,0.397897,246,246,0.259307,0.259307,5,0,False,True,0.0483262,True,3.3076,0.0586571,True,12.3367,-0,False,0,0.075547,True,0.0087,0.0381836,True,0.10301,0.0385934,True,1.17186,0.106097,True,91.7608,,,
cand_057,actionable,[*:1]c1nnn([*:2])n1,[*:2]c1nnn([*:1])n1,azole_ring,azole_ring,linker,False,*c1nnn(*)n1||*c1nnn(*)n1,0.260615,1165,1165,0.0453822,0.0112472,2,0,False,False,-0.00809051,False,,-0.00850428,False,,0,False,,-0.0175402,False,,0.0185507,True,,0.0268315,True,,0.0700273,True,,,,
cand_058,actionable,[*:2]c1nnn([*:1])n1,[*:1]N=[N+]([O-])c1nnnn1[*:2],azole_ring,azoxy,linker,False,*N=[N+]([O-])c1nnnn1*||*c1nnn(*)n1,0.385657,203,203,7.54054,7.54054,6,0,False,False,1.28787,True,,1.32943,True,,0.81574,True,,1.80839,True,,1.1937,True,,1.10541,True,,0.0821143,False,,,,
cand_058,actionable,[*:2]c1nnn([*:1])n1,[*:1]N=[N+]([O-])n1nnnc1[*:2],azole_ring,azoxy,linker,False,*N=[N+]([O-])n1nnnc1*||*c1nnn(*)n1,0.389037,291,291,7.46166,7.46166,6,0,False,False,1.26928,True,,1.34087,True,,0.814976,True,,1.77747,True,,1.16995,True,,1.08911,True,,0.0386994,False,,,,
cand_058,actionable,[*:2]c1nnn([*:1])n1,[*:1]N=[N+]([O-])n1nnc([*:2])n1,azole_ring,azoxy,linker,False,*N=[N+]([O-])n1nnc(*)n1||*c1nnn(*)n1,0.387464,272,272,7.25484,7.25484,6,0,False,False,1.24191,True,,1.27006,True,,0.792996,True,,1.73676,True,,1.14376,True,,1.06936,True,,-0.0477761,False,,,,
cand_058,actionable,[*:1]c1nnn([*:2])n1,[*:1]n1nnnc1N=[N+]([*:2])[O-],azole_ring,azoxy,linker,False,*c1nnn(*)n1||*n1nnnc1N=[N+](*)[O-],0.390172,133,133,7.1687,7.1687,6,0,False,False,1.19903,True,,1.22133,True,,0.836397,True,,1.61404,True,,1.17979,True,,1.11811,True,,0.382541,True,,,,
cand_058,actionable,[*:1]c1nnn([*:2])n1,[*:1]c1nnnn1N=[N+]([*:2])[O-],azole_ring,azoxy,linker,False,*c1nnn(*)n1||*c1nnnn1N=[N+](*)[O-],0.380492,118,118,6.98405,6.98405,6,0,False,False,1.23245,True,,1.15049,True,,0.745411,True,,1.5874,True,,1.15025,True,,1.11805,True,,0.295224,True,,,,
cand_058,actionable,[*:1]c1nnn([*:2])n1,[*:2]n1nnnc1N=[N+]([*:1])[O-],azole_ring,azoxy,linker,False,*c1nnn(*)n1||*n1nnnc1N=[N+](*)[O-],0.386228,129,129,6.9305,6.9305,6,0,False,False,1.22164,True,,1.20336,True,,0.791447,True,,1.6175,True,,1.07891,True,,1.01764,True,,0.0905416,False,,,,
cand_058,actionable,[*:1]c1nnn([*:2])n1,[*:1]n1nnc(N=[N+]([*:2])[O-])n1,azole_ring,azoxy,linker,False,*c1nnn(*)n1||*n1nnc(N=[N+](*)[O-])n1,0.378153,238,238,6.70442,6.70442,6,0,False,False,1.15867,True,,1.11382,True,,0.761466,True,,1.49629,True,,1.10497,True,,1.0692,True,,0.243363,True,,,,
cand_058,actionable,[*:1]c1nnn([*:2])n1,[*:1]N=[N+]([O-])c1nnnn1[*:2],azole_ring,azoxy,linker,False,*N=[N+]([O-])c1nnnn1*||*c1nnn(*)n1,0.38408,193,193,6.2752,6.2752,6,0,False,False,1.05157,True,,1.02736,True,,0.803237,True,,1.38052,True,,1.03234,True,,0.980179,True,,-0.0531092,False,,,,
cand_058,actionable,[*:1]c1nnn([*:2])n1,[*:2]n1nnc(N=[N+]([*:1])[O-])n1,azole_ring,azoxy,linker,False,*c1nnn(*)n1||*n1nnc(N=[N+](*)[O-])n1,0.383262,245,245,6.12532,6.12532,6,0,False,False,1.05729,True,,0.968287,True,,0.765806,True,,1.33239,True,,1.01607,True,,0.985474,True,,-0.000412203,False,,,,
cand_058,actionable,[*:1]c1nnn([*:2])n1,[*:1]N=[N+]([O-])n1nnnc1[*:2],azole_ring,azoxy,linker,False,*N=[N+]([O-])n1nnnc1*||*c1nnn(*)n1,0.382236,241,241,6.08289,6.08289,6,0,False,False,1.03381,True,,0.991957,True,,0.801599,True,,1.30846,True,,0.998561,True,,0.948499,True,,0.0401082,False,,,,
cand_058,actionable,[*:1]c1nnn([*:2])n1,[*:1]N=[N+]([O-])n1nnc([*:2])n1,azole_ring,azoxy,linker,False,*N=[N+]([O-])n1nnc(*)n1||*c1nnn(*)n1,0.381099,247,247,5.7921,5.7921,6,0,False,False,1.00262,True,,0.913101,True,,0.784638,True,,1.22695,True,,0.953992,True,,0.910809,True,,-0.0867995,False,,,,
cand_058,actionable,[*:2]c1nnn([*:1])n1,[*:1]N=Nc1nnnn1[*:2],azole_ring,azo,linker,False,*N=Nc1nnnn1*||*c1nnn(*)n1,0.355184,346,346,4.91008,4.91008,6,0,False,False,1.36786,True,,0.775218,True,,0.348896,True,,1.25446,True,,0.632322,True,,0.531322,True,,0.293685,True,,,,
cand_058,actionable,[*:2]c1nnn([*:1])n1,[*:1]N=Nn1nnnc1[*:2],azole_ring,azo,linker,False,*N=Nn1nnnc1*||*c1nnn(*)n1,0.362383,398,398,4.67606,4.67606,6,0,False,False,1.27323,True,,0.697424,True,,0.363967,True,,1.14483,True,,0.646189,True,,0.550421,True,,0.275734,True,,,,
cand_058,actionable,[*:2]c1nnn([*:1])n1,[*:1]N=Nc1nnn([*:2])n1,azole_ring,azo,linker,False,*N=Nc1nnn(*)n1||*c1nnn(*)n1,0.356223,332,332,4.60116,4.60116,6,0,False,False,1.30023,True,,0.69689,True,,0.345385,True,,1.15463,True,,0.599149,True,,0.504875,True,,0.208527,True,,,,
cand_058,actionable,[*:1]c1nnn([*:2])n1,[*:1]N=Nc1nnnn1[*:2],azole_ring,azo,linker,False,*N=Nc1nnnn1*||*c1nnn(*)n1,0.358491,342,342,4.22356,4.22356,6,0,False,False,1.24148,True,,0.622072,True,,0.350247,True,,1.03701,True,,0.531948,True,,0.44081,True,,0.143936,True,,,,
cand_058,actionable,[*:2]c1nnn([*:1])n1,[*:1]N=Nn1nnc([*:2])n1,azole_ring,azo,linker,False,*N=Nn1nnc(*)n1||*c1nnn(*)n1,0.35839,393,393,4.1863,4.1863,6,0,False,False,1.20702,True,,0.602688,True,,0.344701,True,,1.01106,True,,0.554789,True,,0.466045,True,,0.100027,True,,,,
cand_058,actionable,[*:1]c1nnn([*:2])n1,[*:1]N=Nn1nnnc1[*:2],azole_ring,azo,linker,False,*N=Nn1nnnc1*||*c1nnn(*)n1,0.360747,334,334,3.99535,3.99535,6,0,False,False,1.16569,True,,0.546554,True,,0.362638,True,,0.942865,True,,0.534815,True,,0.442787,True,,0.111146,True,,,,
cand_058,actionable,[*:2]c1nnn([*:1])n1,[*:1]NNn1nnnc1[*:2],azole_ring,hydrazo,linker,False,*NNn1nnnc1*||*c1nnn(*)n1,0.363514,386,386,3.9581,3.9581,6,0,False,False,0.938024,True,,0.350252,True,,0.0500214,True,,1.58906,True,,0.588806,True,,0.441934,True,,0.179119,True,,,,
cand_058,actionable,[*:1]c1nnn([*:2])n1,[*:1]N=Nc1nnn([*:2])n1,azole_ring,azo,linker,False,*N=Nc1nnn(*)n1||*c1nnn(*)n1,0.359132,350,350,3.90856,3.90856,6,0,False,False,1.18334,True,,0.547374,True,,0.349104,True,,0.932112,True,,0.490401,True,,0.406235,True,,0.040073,False,,,,
cand_058,actionable,[*:2]c1nnn([*:1])n1,[*:1]NNc1nnnn1[*:2],azole_ring,hydrazo,linker,False,*NNc1nnnn1*||*c1nnn(*)n1,0.353325,340,340,3.53394,3.53394,6,0,False,False,0.88454,True,,0.238912,True,,0.0334778,True,,1.43352,True,,0.53368,True,,0.40981,True,,0.0617399,False,,,,
cand_058,actionable,[*:2]c1nnn([*:1])n1,[*:1]NNn1nnc([*:2])n1,azole_ring,hydrazo,linker,False,*NNn1nnc(*)n1||*c1nnn(*)n1,0.360374,429,429,3.41725,3.41725,6,0,False,False,0.86855,True,,0.257969,True,,0.0453302,True,,1.43395,True,,0.479044,True,,0.332408,True,,-0.203337,True,,,,
cand_058,actionable,[*:2]c1nnn([*:1])n1,[*:1]NNc1nnn([*:2])n1,azole_ring,hydrazo,linker,False,*NNc1nnn(*)n1||*c1nnn(*)n1,0.357457,302,302,3.29623,3.29623,6,0,False,False,0.845114,True,,0.211921,True,,0.0430512,True,,1.37479,True,,0.47719,True,,0.344168,True,,0.0342877,False,,,,
cand_058,actionable,[*:1]c1nnn([*:2])n1,[*:1]N=Nn1nnc([*:2])n1,azole_ring,azo,linker,False,*N=Nn1nnc(*)n1||*c1nnn(*)n1,0.355385,330,330,3.29485,3.29485,6,0,False,False,1.08009,True,,0.405756,True,,0.332178,True,,0.731677,True,,0.409408,True,,0.335746,True,,-0.179887,True,,,,
cand_058,actionable,[*:1]c1nnn([*:2])n1,[*:1]NNn1nnnc1[*:2],azole_ring,hydrazo,linker,False,*NNn1nnnc1*||*c1nnn(*)n1,0.357043,365,365,3.13594,3.13594,6,0,False,False,0.826481,True,,0.183081,True,,0.0505623,True,,1.33815,True,,0.438654,True,,0.299012,True,,-0.0474263,False,,,,
cand_058,actionable,[*:1]c1nnn([*:2])n1,[*:1]NNc1nnnn1[*:2],azole_ring,hydrazo,linker,False,*NNc1nnnn1*||*c1nnn(*)n1,0.356148,336,336,2.73736,2.73736,6,0,False,False,0.743623,True,,0.0703049,True,,0.0427286,True,,1.17605,True,,0.412791,True,,0.291862,True,,-0.0271239,False,,,,
cand_058,actionable,[*:1]c1nnn([*:2])n1,[*:1]NNn1nnc([*:2])n1,azole_ring,hydrazo,linker,False,*NNn1nnc(*)n1||*c1nnn(*)n1,0.354712,335,335,2.57495,2.57495,6,0,False,False,0.753706,True,,0.0800358,True,,0.0327345,True,,1.18342,True,,0.3302,True,,0.194851,True,,-0.307741,True,,,,
cand_058,actionable,[*:1]c1nnn([*:2])n1,[*:1]NNc1nnn([*:2])n1,azole_ring,hydrazo,linker,False,*NNc1nnn(*)n1||*c1nnn(*)n1,0.350426,329,329,2.37486,2.37486,6,0,False,False,0.713205,True,,0.0268665,True,,0.0205211,True,,1.08548,True,,0.323148,True,,0.205645,True,,-0.209807,True,,,,
cand_058,actionable,[*:1]c1nnn([*:2])n1,[*:2]c1nnn(N[N+](=O)[O-])c1[*:1],azole_ring,nitramine,linker,False,*c1nnn(*)n1||*c1nnn(N[N+](=O)[O-])c1*,0.416782,335,335,1.85304,1.85304,6,0,False,False,0.0511008,True,,0.526783,True,,0.350804,True,,0.12756,True,,0.372822,True,,0.423975,True,,-0.409976,True,,,,
cand_058,actionable,[*:1]c1nnn([*:2])n1,[*:1]c1nnn(N[N+](=O)[O-])c1[*:2],azole_ring,nitramine,linker,False,*c1nnn(*)n1||*c1nnn(N[N+](=O)[O-])c1*,0.406666,404,404,1.5689,1.5689,6,0,False,False,0.0474787,True,,0.434563,True,,0.292453,True,,0.0733892,True,,0.333097,True,,0.387919,True,,-0.431373,True,,,,
cand_058,actionable,[*:1]n1nnc(N[N+](=O)[O-])n1,[*:1]c1nnnn1N[N+](=O)[O-],nitramine,nitramine,scaffold,False,*c1nnnn1N[N+](=O)[O-]||*n1nnc(N[N+](=O)[O-])n1,0.42612,240,240,0.621843,0.621843,5,0,False,True,0.143001,True,4.19867,0.160883,True,14.8295,-0,False,0,0.222531,True,0.0109,0.0552503,True,0.111738,0.0401777,True,1.24054,0.0290161,False,10.0796,,,
cand_058,actionable,[*:1]Nc1nnn([*:2])n1,[*:1]Nn1nnnc1[*:2],azole_ring,azole_ring,linker,False,*Nc1nnn(*)n1||*Nn1nnnc1*,0.296781,590,590,0.586504,0.586504,5,0,False,True,0.112857,True,4.19867,0.133311,True,14.8295,-1.00442e-18,False,0,0.194414,True,0.0109,0.0770241,True,0.111738,0.068899,True,1.24054,0.0758934,True,10.0796,,,
cand_058,actionable,[*:1]n1nnc(N[N+](=O)[O-])n1,[*:1]c1nnn(N[N+](=O)[O-])n1,nitramine,nitramine,scaffold,False,*c1nnn(N[N+](=O)[O-])n1||*n1nnc(N[N+](=O)[O-])n1,0.419189,217,217,0.414518,0.414518,5,0,False,True,0.0942139,True,1.31902,0.106322,True,4.65873,-0,False,0,0.146046,True,0.0034,0.0382935,True,0.277442,0.0296424,True,3.26882,-0.00943077,False,41.7056,,,
cand_058,actionable,[*:1]n1nnc(N[N+](=O)[O-])n1,[*:1]n1nnnc1N[N+](=O)[O-],nitramine,nitramine,scaffold,False,*n1nnc(N[N+](=O)[O-])n1||*n1nnnc1N[N+](=O)[O-],0.421025,263,263,0.384195,0.384195,5,0,False,True,0.05792,True,1.17533,0.0632786,True,4.15119,0,False,0,0.0885686,True,0.003,0.0797586,True,0.152127,0.0946692,True,1.76797,0.157912,True,8.9503,,,
cand_058,actionable,[*:1]Nc1nnn([*:2])n1,[*:1]Nc1nnnn1[*:2],azole_ring,azole_ring,linker,False,*Nc1nnn(*)n1||*Nc1nnnn1*,0.296477,606,606,0.357168,0.357168,5,0,False,True,0.0518527,True,1.17533,0.0596833,True,4.15119,0,False,0,0.088328,True,0.003,0.0743302,True,0.152127,0.082974,True,1.76797,0.152069,True,8.9503,,,
cand_058,actionable,[*:1]c1nnn(N=[N+]=[N-])n1,[*:1]c1nnnn1N=[N+]=[N-],azide,azide,scaffold,False,*c1nnn(N=[N+]=[N-])n1||*c1nnnn1N=[N+]=[N-],0.395339,229,229,0.352403,0.352403,5,0,False,True,0.0738585,True,5.12424,0.0859202,True,18.0986,0,False,0,0.119177,True,0.0132,0.038839,True,0.177821,0.034608,True,2.00931,-0.0988083,False,15.0162,,,
cand_058,actionable,[*:1]c1nnn([*:2])n1,[*:2]c1nnnn1[*:1],azole_ring,azole_ring,linker,False,*c1nnn(*)n1||*c1nnnn1*,0.257644,2457,2457,0.31729,0.31729,5,0,False,True,0.0573355,True,3.49941,0.0696148,True,12.3598,-2.41191e-19,False,0,0.100322,True,0.00903333,0.0464741,True,0.147229,0.0435433,True,1.67261,0.109291,True,11.3487,,,
cand_058,actionable,[*:1]Nc1nnn([*:2])n1,[*:1]Nn1nnc([*:2])n1,azole_ring,azole_ring,linker,False,*Nc1nnn(*)n1||*Nn1nnc(*)n1,0.294748,550,550,0.313818,0.313818,5,0,False,True,0.0666932,True,1.31902,0.0817783,True,4.65873,0,False,0,0.121744,True,0.0034,0.0272393,True,0.277442,0.016363,True,3.26882,-0.116371,True,41.7056,,,
cand_058,actionable,[*:1]c1nnn([*:2])n1,[*:1]c1nnnn1[*:2],azole_ring,azole_ring,linker,False,*c1nnn(*)n1||*c1nnnn1*,0.258151,2833,2833,0.304252,0.304252,5,0,False,True,0.0551249,True,3.49941,0.0662557,True,12.3598,0,False,0,0.0947991,True,0.00903333,0.0449933,True,0.147229,0.0430791,True,1.67261,0.118519,True,11.3487,,,
cand_058,actionable,[*:1]c1nnn([*:2])n1,[*:2]c1nnn([*:1])n1,azole_ring,azole_ring,linker,False,*c1nnn(*)n1||*c1nnn(*)n1,0.260615,1165,1165,0.0453822,0.0112472,2,0,False,True,-0.00809051,False,1.31902,-0.00850428,False,4.65873,0,False,0,-0.0175402,False,0.0034,0.0185507,True,0.277442,0.0268315,True,3.26882,0.0700273,True,41.7056,,,
cand_059,actionable,[*:2]c1nnnn1[*:1],[*:1]N=[N+]([O-])n1nnnc1[*:2],azole_ring,azoxy,linker,False,*N=[N+]([O-])n1nnnc1*||*c1nnnn1*,0.392432,280,280,7.39917,7.39917,6,0,False,False,1.23564,True,,1.29928,True,,0.829576,True,,1.74442,True,,1.1854,True,,1.10485,True,,-0.100889,True,,,,
cand_059,actionable,[*:2]c1nnnn1[*:1],[*:1]N=[N+]([O-])c1nnnn1[*:2],azole_ring,azoxy,linker,False,*N=[N+]([O-])c1nnnn1*||*c1nnnn1*,0.380296,193,193,7.18294,7.18294,6,0,False,False,1.23795,True,,1.23659,True,,0.790892,True,,1.68949,True,,1.14851,True,,1.0795,True,,-0.171171,True,,,,
cand_059,actionable,[*:2]c1nnnn1[*:1],[*:1]N=[N+]([O-])n1nnc([*:2])n1,azole_ring,azoxy,linker,False,*N=[N+]([O-])n1nnc(*)n1||*c1nnnn1*,0.386847,275,275,7.07244,7.07244,6,0,False,False,1.19325,True,,1.21169,True,,0.802861,True,,1.64893,True,,1.14311,True,,1.07258,True,,-0.0690075,False,,,,
cand_059,actionable,[*:1]c1nnnn1[*:2],[*:1]c1nnnn1N=[N+]([*:2])[O-],azole_ring,azoxy,linker,False,*c1nnnn1*||*c1nnnn1N=[N+](*)[O-],0.384684,108,108,7.02768,7.02768,6,0,False,False,1.18176,True,,1.14919,True,,0.79885,True,,1.54468,True,,1.1966,True,,1.1566,True,,0.219111,True,,,,
cand_059,actionable,[*:1]c1nnnn1[*:2],[*:2]n1nnnc1N=[N+]([*:1])[O-],azole_ring,azoxy,linker,False,*c1nnnn1*||*n1nnnc1N=[N+](*)[O-],0.387609,122,122,6.97978,6.97978,6,0,False,False,1.16054,True,,1.17138,True,,0.834346,True,,1.60279,True,,1.14116,True,,1.06956,True,,0.160271,True,,,,
cand_059,actionable,[*:1]c1nnnn1[*:2],[*:1]n1nnnc1N=[N+]([*:2])[O-],azole_ring,azoxy,linker,False,*c1nnnn1*||*n1nnnc1N=[N+](*)[O-],0.381342,140,140,6.77105,6.77105,6,0,False,False,1.13232,True,,1.07776,True,,0.793782,True,,1.46168,True,,1.16784,True,,1.13768,True,,0.300078,True,,,,
cand_059,actionable,[*:1]c1nnnn1[*:2],[*:1]n1nnc(N=[N+]([*:2])[O-])n1,azole_ring,azoxy,linker,False,*c1nnnn1*||*n1nnc(N=[N+](*)[O-])n1,0.382376,243,243,6.74472,6.74472,6,0,False,False,1.09841,True,,1.08922,True,,0.804593,True,,1.45168,True,,1.16528,True,,1.13554,True,,0.218252,True,,,,
cand_059,actionable,[*:1]c1nnnn1[*:2],[*:1]N=[N+]([O-])c1nnnn1[*:2],azole_ring,azoxy,linker,False,*N=[N+]([O-])c1nnnn1*||*c1nnnn1*,0.387444,216,216,6.14634,6.14634,6,0,False,False,1.0166,True,,0.992261,True,,0.829325,True,,1.31178,True,,1.02557,True,,0.970802,True,,0.00583282,False,,,,
cand_059,actionable,[*:1]N,[*:1]N[N+](=O)[O-],amino,nitramine,substituent,False,*N||*N[N+](=O)[O-],0.188459,5413,5413,6.03693,6.03693,6,0,False,False,0.308406,True,,1.3132,True,,1.28858,True,,0.912885,True,,1.10263,True,,1.11124,True,,-0.583201,True,,,,
cand_059,actionable,[*:1]N,[*:1][N+](=O)[O-],amino,nitro,substituent,False,*N||*[N+](=O)[O-],0.148191,5112,5112,5.98981,5.98981,6,0,False,False,0.157204,True,,1.53142,True,,1.32071,True,,0.775292,True,,1.08777,True,,1.11743,True,,-0.496825,True,,,,
cand_059,actionable,[*:1]c1nnnn1[*:2],[*:2]n1nnc(N=[N+]([*:1])[O-])n1,azole_ring,azoxy,linker,False,*c1nnnn1*||*n1nnc(N=[N+](*)[O-])n1,0.381536,249,249,5.94401,5.94401,6,0,False,False,0.991857,True,,0.919359,True,,0.786746,True,,1.22979,True,,1.0227,True,,0.99356,True,,0.189938,True,,,,
cand_059,actionable,[*:1]c1nnnn1[*:2],[*:1]N=[N+]([O-])n1nnnc1[*:2],azole_ring,azoxy,linker,False,*N=[N+]([O-])n1nnnc1*||*c1nnnn1*,0.386172,229,229,5.94241,5.94241,6,0,False,False,1.01177,True,,0.953617,True,,0.810754,True,,1.25172,True,,0.978768,True,,0.935784,True,,-0.0654356,False,,,,
cand_059,actionable,[*:1]c1nnnn1[*:2],[*:1]N=[N+]([O-])n1nnc([*:2])n1,azole_ring,azoxy,linker,False,*N=[N+]([O-])n1nnc(*)n1||*c1nnnn1*,0.383065,259,259,5.90937,5.90937,6,0,False,False,0.973511,True,,0.966867,True,,0.837706,True,,1.25181,True,,0.973185,True,,0.906291,True,,-0.132316,True,,,,
cand_059,actionable,[*:1]c1nnnn1N,[*:1]n1nnnc1[N+](=O)[O-],azole_ring,nitro,scaffold,False,*c1nnnn1N||*n1nnnc1[N+](=O)[O-],0.396785,253,253,5.47455,5.47455,6,0,False,True,0.152756,True,6.38001,1.49305,True,265.108,1.30723,True,23.9405,0.633375,True,-0.021,0.928808,True,0.201214,0.959337,True,2.08618,-0.971985,True,-37.3674,,,
cand_059,actionable,[*:1]c1nnnn1N,[*:1]n1nnnc1N[N+](=O)[O-],azole_ring,nitramine,scaffold,False,*c1nnnn1N||*n1nnnc1N[N+](=O)[O-],0.425024,251,251,5.34239,5.34239,6,0,False,False,0.227127,True,,1.17266,True,,1.27465,True,,0.6487,True,,0.989708,True,,1.02955,True,,-0.633728,True,,,,
cand_059,actionable,[*:1]c1nnnn1N,[*:1]c1nnn([N+](=O)[O-])n1,azole_ring,nitro,scaffold,False,*c1nnn([N+](=O)[O-])n1||*c1nnnn1N,0.403203,214,214,5.13999,5.13999,6,0,False,True,0.0197455,True,-1.67936,1.38507,True,233.395,1.33579,True,23.9405,0.478121,True,-0.0447,0.936433,True,0.102064,0.984829,True,1.10237,-0.535327,True,3.5307,,,
cand_059,actionable,[*:1]c1nnnn1N,[*:1]c1nnn(N[N+](=O)[O-])n1,azole_ring,nitramine,scaffold,False,*c1nnn(N[N+](=O)[O-])n1||*c1nnnn1N,0.419242,199,199,5.08693,5.08693,6,0,False,False,0.247305,True,,1.13601,True,,1.23535,True,,0.62269,True,,0.908545,True,,0.937034,True,,-1.02069,True,,,,
cand_059,actionable,[*:1]c1nnnn1N,[*:1]n1nnc([N+](=O)[O-])n1,azole_ring,nitro,scaffold,False,*c1nnnn1N||*n1nnc([N+](=O)[O-])n1,0.398214,223,223,5.05096,5.05096,6,0,False,False,0.0407971,True,,1.36871,True,,1.31312,True,,0.451594,True,,0.910969,True,,0.965769,True,,-0.617695,True,,,,
cand_059,actionable,[*:1]N,[*:1]N=[N+]=[N-],amino,azide,substituent,False,*N||*N=[N+]=[N-],0.147408,5034,5034,4.83275,4.83275,6,0,False,True,1.64656,True,85.5346,1.05141,True,190.032,0.642612,True,10.8464,0.683445,True,0.0165,0.438054,True,0.00346025,0.37067,True,-0.150794,-0.0694188,True,91.6894,,,
cand_059,actionable,[*:2]c1nnnn1[*:1],[*:1]N=Nc1nnnn1[*:2],azole_ring,azo,linker,False,*N=Nc1nnnn1*||*c1nnnn1*,0.355949,350,350,4.82301,4.82301,6,0,False,False,1.32338,True,,0.730511,True,,0.358726,True,,1.1928,True,,0.655076,True,,0.562518,True,,0.123372,True,,,,
cand_059,actionable,[*:1]c1nnnn1N,[*:1]n1nnc(N[N+](=O)[O-])n1,azole_ring,nitramine,scaffold,False,*c1nnnn1N||*n1nnc(N[N+](=O)[O-])n1,0.420287,215,215,4.78497,4.78497,6,0,False,False,0.172739,True,,1.05117,True,,1.23397,True,,0.522908,True,,0.88353,True,,0.920651,True,,-0.882684,True,,,,
cand_059,actionable,[*:1]c1nnnn1N,[*:1]c1nnn(N=[N+]=[N-])n1,azole_ring,azide,scaffold,False,*c1nnn(N=[N+]=[N-])n1||*c1nnnn1N,0.397965,264,264,4.71893,4.71893,6,0,False,True,1.65271,True,83.2831,1.03934,True,181.031,0.637827,True,10.8464,0.622956,True,0.0093,0.410181,True,0.0366968,0.355915,True,0.260465,0.239613,True,158.801,,,
cand_059,actionable,[*:2]c1nnnn1[*:1],[*:1]N=Nc1nnn([*:2])n1,azole_ring,azo,linker,False,*N=Nc1nnn(*)n1||*c1nnnn1*,0.35656,356,356,4.40896,4.40896,6,0,False,False,1.26223,True,,0.639687,True,,0.340861,True,,1.06383,True,,0.590047,True,,0.512296,True,,0.111891,True,,,,
cand_059,actionable,[*:2]c1nnnn1[*:1],[*:1]N=Nn1nnnc1[*:2],azole_ring,azo,linker,False,*N=Nn1nnnc1*||*c1nnnn1*,0.356653,386,386,4.35206,4.35206,6,0,False,False,1.23532,True,,0.615186,True,,0.330104,True,,1.0263,True,,0.60749,True,,0.537659,True,,0.166134,True,,,,
cand_059,actionable,[*:2]c1nnnn1[*:1],[*:1]N=Nn1nnc([*:2])n1,azole_ring,azo,linker,False,*N=Nn1nnc(*)n1||*c1nnnn1*,0.355887,402,402,3.93208,3.93208,6,0,False,False,1.17085,True,,0.536145,True,,0.333633,True,,0.916776,True,,0.52508,True,,0.449589,True,,-0.0634601,False,,,,
cand_059,actionable,[*:1]NN[*:2],[*:1]N=[N+]([*:2])[O-],hydrazo,azoxy,linker,False,*N=[N+](*)[O-]||*NN*,0.149114,4015,4015,3.91186,3.91186,6,0,False,False,0.326838,True,,1.05673,True,,0.815419,True,,0.274361,True,,0.689952,True,,0.748555,True,,0.0589066,True,,,,
cand_059,actionable,[*:1]c1nnnn1N,[*:1]n1nnnc1N=[N+]=[N-],azole_ring,azide,scaffold,False,*c1nnnn1N||*n1nnnc1N=[N+]=[N-],0.395412,237,237,3.80995,3.80995,6,0,False,True,1.5164,True,84.0104,0.855822,True,183.939,0.621316,True,10.8464,0.351302,True,0.0116,0.257303,True,0.130932,0.207812,True,1.30628,0.0275322,False,138.598,,,
cand_059,actionable,[*:1]NNc1nnnn1[*:2],[*:1]N=[N+]([O-])c1nnnn1[*:2],hydrazo,azoxy,linker,False,*N=[N+]([O-])c1nnnn1*||*NNc1nnnn1*,0.384287,214,214,3.75585,3.75585,6,0,False,False,0.362753,True,,1.01537,True,,0.760783,True,,0.258081,True,,0.644325,True,,0.714542,True,,-0.0713196,False,,,,
cand_059,actionable,[*:1]c1nnnn1[*:2],[*:1]N=Nc1nnnn1[*:2],azole_ring,azo,linker,False,*N=Nc1nnnn1*||*c1nnnn1*,0.351097,336,336,3.75447,3.75447,6,0,False,False,1.17631,True,,0.503957,True,,0.330506,True,,0.868255,True,,0.473577,True,,0.401863,True,,0.159668,True,,,,
cand_059,actionable,[*:1]NNc1nnnn1[*:2],[*:2]n1nnnc1N=[N+]([*:1])[O-],hydrazo,azoxy,linker,False,*NNc1nnnn1*||*n1nnnc1N=[N+](*)[O-],0.385542,120,120,3.70025,3.70025,6,0,False,False,0.375266,True,,1.01536,True,,0.765685,True,,0.239057,True,,0.618406,True,,0.686471,True,,0.237506,True,,,,
cand_059,actionable,[*:1]NNc1nnnn1[*:2],[*:1]N=[N+]([O-])n1nnnc1[*:2],hydrazo,azoxy,linker,False,*N=[N+]([O-])n1nnnc1*||*NNc1nnnn1*,0.38066,248,248,3.66878,3.66878,6,0,False,True,0.361869,True,12.1906,1.0013,True,208.077,0.755963,True,15.9524,0.251813,True,-0.0582,0.616857,True,-0.021763,0.680978,True,0.0439343,-0.0748014,False,10.8405,,,
cand_059,actionable,[*:2]c1nnnn1[*:1],[*:1]NNn1nnnc1[*:2],azole_ring,hydrazo,linker,False,*NNn1nnnc1*||*c1nnnn1*,0.35995,369,369,3.64902,3.64902,6,0,False,False,0.89669,True,,0.272185,True,,0.0281111,True,,1.47287,True,,0.55144,True,,0.42772,True,,0.0963791,True,,,,
cand_059,actionable,[*:1]c1nnnn1[*:2],[*:1]N=Nc1nnn([*:2])n1,azole_ring,azo,linker,False,*N=Nc1nnn(*)n1||*c1nnnn1*,0.356667,329,329,3.62297,3.62297,6,0,False,False,1.12524,True,,0.47018,True,,0.353315,True,,0.823885,True,,0.464077,True,,0.38627,True,,0.0930074,True,,,,
cand_059,actionable,[*:1]NNc1nnnn1[*:2],[*:1]N=[N+]([O-])n1nnc([*:2])n1,hydrazo,azoxy,linker,False,*N=[N+]([O-])n1nnc(*)n1||*NNc1nnnn1*,0.385857,236,236,3.53371,3.53371,6,0,False,True,0.323345,True,9.51064,0.978208,True,196.822,0.768124,True,15.9524,0.211525,True,-0.0667,0.597316,True,-0.0122485,0.655192,True,0.200505,-0.173923,True,113.836,,,
cand_059,actionable,[*:1]c1nnnn1N,[*:1]n1nnc(N=[N+]=[N-])n1,azole_ring,azide,scaffold,False,*c1nnnn1N||*n1nnc(N=[N+]=[N-])n1,0.395284,264,264,3.52023,3.52023,6,0,False,False,1.4438,True,,0.779381,True,,0.634055,True,,0.237561,True,,0.23381,True,,0.19163,True,,-0.358947,True,,,,
cand_059,actionable,[*:1]c1nnnn1[*:2],[*:1]N=Nn1nnnc1[*:2],azole_ring,azo,linker,False,*N=Nn1nnnc1*||*c1nnnn1*,0.354557,319,319,3.49741,3.49741,6,0,False,False,1.09274,True,,0.42757,True,,0.346433,True,,0.758009,True,,0.470057,True,,0.402601,True,,0.219847,True,,,,
cand_059,actionable,[*:1]NNc1nnnn1[*:2],[*:2]n1nnc(N=[N+]([*:1])[O-])n1,hydrazo,azoxy,linker,False,*NNc1nnnn1*||*n1nnc(N=[N+](*)[O-])n1,0.383099,238,238,3.46695,3.46695,6,0,False,False,0.2865,True,,0.905599,True,,0.762232,True,,0.164457,True,,0.636924,True,,0.711233,True,,0.199321,True,,,,
cand_059,actionable,[*:2]c1nnnn1[*:1],[*:1]NNc1nnnn1[*:2],azole_ring,hydrazo,linker,False,*NNc1nnnn1*||*c1nnnn1*,0.357605,308,308,3.39303,3.39303,6,0,False,False,0.844118,True,,0.200872,True,,0.0369562,True,,1.37573,True,,0.528407,True,,0.406946,True,,-0.0578213,False,,,,
cand_059,actionable,[*:2]c1nnnn1[*:1],[*:1]NNn1nnc([*:2])n1,azole_ring,hydrazo,linker,False,*NNn1nnc(*)n1||*c1nnnn1*,0.361736,393,393,3.28999,3.28999,6,0,False,False,0.833756,True,,0.207705,True,,0.0440876,True,,1.38185,True,,0.481115,True,,0.341475,True,,-0.243635,True,,,,
cand_059,actionable,[*:1]c1nnnn1[*:2],[*:1]N=Nn1nnc([*:2])n1,azole_ring,azo,linker,False,*N=Nn1nnc(*)n1||*c1nnnn1*,0.351134,325,325,3.02894,3.02894,6,0,False,False,1.03313,True,,0.332837,True,,0.326176,True,,0.62886,True,,0.384432,True,,0.323499,True,,0.0338713,False,,,,
cand_059,actionable,[*:2]c1nnnn1[*:1],[*:1]NNc1nnn([*:2])n1,azole_ring,hydrazo,linker,False,*NNc1nnn(*)n1||*c1nnnn1*,0.354073,326,326,2.92851,2.92851,6,0,False,False,0.787273,True,,0.125173,True,,0.0243631,True,,1.22938,True,,0.436184,True,,0.326137,True,,-0.0216373,False,,,,
cand_059,actionable,[*:1]c1nnnn1[*:2],[*:1]NNn1nnnc1[*:2],azole_ring,hydrazo,linker,False,*NNn1nnnc1*||*c1nnnn1*,0.353396,307,307,2.84277,2.84277,6,0,False,False,0.765018,True,,0.0848097,True,,0.0448634,True,,1.22263,True,,0.42504,True,,0.30041,True,,-0.0312679,False,,,,
cand_059,actionable,[*:1]c1nnnn1[*:2],[*:1]NNc1nnnn1[*:2],azole_ring,hydrazo,linker,False,*NNc1nnnn1*||*c1nnnn1*,0.352717,357,357,2.45199,2.43486,5,0,False,False,0.693648,True,,-0.0171293,False,,0.030827,True,,1.06987,True,,0.381362,True,,0.276284,True,,-0.0595134,False,,,,
cand_059,actionable,[*:1]c1nnnn1[*:2],[*:1]NNn1nnc([*:2])n1,azole_ring,hydrazo,linker,False,*NNn1nnc(*)n1||*c1nnnn1*,0.352662,318,318,2.24338,2.23116,5,0,False,False,0.681101,True,,-0.0122265,False,,0.0338148,True,,1.04967,True,,0.301504,True,,0.177294,True,,-0.248633,True,,,,
cand_059,actionable,[*:1]c1nnnn1[*:2],[*:1]c1nnn(N[N+](=O)[O-])c1[*:2],azole_ring,nitramine,linker,False,*c1nnn(N[N+](=O)[O-])c1*||*c1nnnn1*,0.412549,385,385,1.50783,1.54167,4,0,False,False,0.0006166,False,,0.433216,True,,0.343985,True,,0.0332176,False,,0.340516,True,,0.390115,True,,-0.462432,True,,,,
cand_059,actionable,[*:2]c1nnnn1[*:1],[*:1]c1nnn(N[N+](=O)[O-])c1[*:2],azole_ring,nitramine,linker,False,*c1nnn(N[N+](=O)[O-])c1*||*c1nnnn1*,0.410514,341,341,1.33352,1.28057,4,0,False,False,-0.0166058,False,,0.396025,True,,0.315102,True,,-0.0363459,False,,0.285464,True,,0.336933,True,,-0.491826,True,,,,
cand_059,actionable,[*:1]NNc1nnnn1[*:2],[*:1]NNn1nnnc1[*:2],hydrazo,hydrazo,linker,False,*NNc1nnnn1*||*NNn1nnnc1*,0.353639,345,345,0.286238,0.295714,4,0,False,True,0.0646865,True,-11.1994,0.0784278,True,-49.9637,0,False,0,0.12108,True,-0.045,0.0220436,True,-0.180202,0.009476,False,-1.71944,-0.0180254,False,86.6429,,,
cand_059,actionable,[*:1]Nc1nnnn1[*:2],[*:1]Nn1nnnc1[*:2],azole_ring,azole_ring,linker,False,*Nc1nnnn1*||*Nn1nnnc1*,0.295245,593,593,0.26645,0.260235,3,0,False,True,0.0673813,True,-11.1994,0.0806674,True,-49.9637,0,False,0,0.118401,True,-0.045,0.00547648,False,-0.180202,-0.0116915,False,-1.71944,-0.0768478,True,86.6429,,,
cand_059,actionable,[*:1]c1nnnn1[*:2],[*:2]c1nnnn1[*:1],azole_ring,azole_ring,linker,False,*c1nnnn1*||*c1nnnn1*,0.258476,1293,1293,0.21802,0.21802,5,0,False,True,0.0300112,True,-11.1994,0.0417528,True,-49.9637,0,False,0,0.057483,True,-0.045,0.0430979,True,-0.180202,0.0456756,True,-1.71944,-0.0465583,True,86.6429,,,
cand_060,actionable,[*:2]c1nnnn1[*:1],[*:1]N=[N+]([O-])n1nnnc1[*:2],azole_ring,azoxy,linker,False,*N=[N+]([O-])n1nnnc1*||*c1nnnn1*,0.392432,280,280,7.39917,7.39917,6,0,False,False,1.23564,True,,1.29928,True,,0.829576,True,,1.74442,True,,1.1854,True,,1.10485,True,,-0.100889,True,,,,
cand_060,actionable,[*:2]c1nnnn1[*:1],[*:1]N=[N+]([O-])c1nnnn1[*:2],azole_ring,azoxy,linker,False,*N=[N+]([O-])c1nnnn1*||*c1nnnn1*,0.380296,193,193,7.18294,7.18294,6,0,False,False,1.23795,True,,1.23659,True,,0.790892,True,,1.68949,True,,1.14851,True,,1.0795,True,,-0.171171,True,,,,
cand_060,actionable,[*:2]c1nnnn1[*:1],[*:1]N=[N+]([O-])n1nnc([*:2])n1,azole_ring,azoxy,linker,False,*N=[N+]([O-])n1nnc(*)n1||*c1nnnn1*,0.386847,275,275,7.07244,7.07244,6,0,False,False,1.19325,True,,1.21169,True,,0.802861,True,,1.64893,True,,1.14311,True,,1.07258,True,,-0.0690075,False,,,,
cand_060,actionable,[*:1]c1nnnn1[*:2],[*:1]c1nnnn1N=[N+]([*:2])[O-],azole_ring,azoxy,linker,False,*c1nnnn1*||*c1nnnn1N=[N+](*)[O-],0.384684,108,108,7.02768,7.02768,6,0,False,False,1.18176,True,,1.14919,True,,0.79885,True,,1.54468,True,,1.1966,True,,1.1566,True,,0.219111,True,,,,
cand_060,actionable,[*:1]c1nnnn1[*:2],[*:2]n1nnnc1N=[N+]([*:1])[O-],azole_ring,azoxy,linker,False,*c1nnnn1*||*n1nnnc1N=[N+](*)[O-],0.387609,122,122,6.97978,6.97978,6,0,False,False,1.16054,True,,1.17138,True,,0.834346,True,,1.60279,True,,1.14116,True,,1.06956,True,,0.160271,True,,,,
cand_060,actionable,[*:1]c1nnnn1[*:2],[*:1]n1nnnc1N=[N+]([*:2])[O-],azole_ring,azoxy,linker,False,*c1nnnn1*||*n1nnnc1N=[N+](*)[O-],0.381342,140,140,6.77105,6.77105,6,0,False,False,1.13232,True,,1.07776,True,,0.793782,True,,1.46168,True,,1.16784,True,,1.13768,True,,0.300078,True,,,,
cand_060,actionable,[*:1]c1nnnn1[*:2],[*:1]n1nnc(N=[N+]([*:2])[O-])n1,azole_ring,azoxy,linker,False,*c1nnnn1*||*n1nnc(N=[N+](*)[O-])n1,0.382376,243,243,6.74472,6.74472,6,0,False,False,1.09841,True,,1.08922,True,,0.804593,True,,1.45168,True,,1.16528,True,,1.13554,True,,0.218252,True,,,,
cand_060,actionable,[*:1]c1nnnn1[*:2],[*:1]N=[N+]([O-])c1nnnn1[*:2],azole_ring,azoxy,linker,False,*N=[N+]([O-])c1nnnn1*||*c1nnnn1*,0.387444,216,216,6.14634,6.14634,6,0,False,False,1.0166,True,,0.992261,True,,0.829325,True,,1.31178,True,,1.02557,True,,0.970802,True,,0.00583282,False,,,,
cand_060,actionable,[*:1]N,[*:1]N[N+](=O)[O-],amino,nitramine,substituent,False,*N||*N[N+](=O)[O-],0.188459,5413,5413,6.03693,6.03693,6,0,False,False,0.308406,True,,1.3132,True,,1.28858,True,,0.912885,True,,1.10263,True,,1.11124,True,,-0.583201,True,,,,
cand_060,actionable,[*:1]N,[*:1][N+](=O)[O-],amino,nitro,substituent,False,*N||*[N+](=O)[O-],0.148191,5112,5112,5.98981,5.98981,6,0,False,False,0.157204,True,,1.53142,True,,1.32071,True,,0.775292,True,,1.08777,True,,1.11743,True,,-0.496825,True,,,,
cand_060,actionable,[*:1]c1nnnn1[*:2],[*:2]n1nnc(N=[N+]([*:1])[O-])n1,azole_ring,azoxy,linker,False,*c1nnnn1*||*n1nnc(N=[N+](*)[O-])n1,0.381536,249,249,5.94401,5.94401,6,0,False,False,0.991857,True,,0.919359,True,,0.786746,True,,1.22979,True,,1.0227,True,,0.99356,True,,0.189938,True,,,,
cand_060,actionable,[*:1]c1nnnn1[*:2],[*:1]N=[N+]([O-])n1nnnc1[*:2],azole_ring,azoxy,linker,False,*N=[N+]([O-])n1nnnc1*||*c1nnnn1*,0.386172,229,229,5.94241,5.94241,6,0,False,False,1.01177,True,,0.953617,True,,0.810754,True,,1.25172,True,,0.978768,True,,0.935784,True,,-0.0654356,False,,,,
cand_060,actionable,[*:1]c1nnnn1[*:2],[*:1]N=[N+]([O-])n1nnc([*:2])n1,azole_ring,azoxy,linker,False,*N=[N+]([O-])n1nnc(*)n1||*c1nnnn1*,0.383065,259,259,5.90937,5.90937,6,0,False,False,0.973511,True,,0.966867,True,,0.837706,True,,1.25181,True,,0.973185,True,,0.906291,True,,-0.132316,True,,,,
cand_060,actionable,[*:1]c1nnnn1N,[*:1]n1nnnc1[N+](=O)[O-],azole_ring,nitro,scaffold,False,*c1nnnn1N||*n1nnnc1[N+](=O)[O-],0.396785,253,253,5.47455,5.47455,6,0,False,False,0.152756,True,,1.49305,True,,1.30723,True,,0.633375,True,,0.928808,True,,0.959337,True,,-0.971985,True,,,,
cand_060,actionable,[*:1]c1nnnn1N,[*:1]n1nnnc1N[N+](=O)[O-],azole_ring,nitramine,scaffold,False,*c1nnnn1N||*n1nnnc1N[N+](=O)[O-],0.425024,251,251,5.34239,5.34239,6,0,False,False,0.227127,True,,1.17266,True,,1.27465,True,,0.6487,True,,0.989708,True,,1.02955,True,,-0.633728,True,,,,
cand_060,actionable,[*:1]c1nnnn1N,[*:1]c1nnn([N+](=O)[O-])n1,azole_ring,nitro,scaffold,False,*c1nnn([N+](=O)[O-])n1||*c1nnnn1N,0.403203,214,214,5.13999,5.13999,6,0,False,False,0.0197455,True,,1.38507,True,,1.33579,True,,0.478121,True,,0.936433,True,,0.984829,True,,-0.535327,True,,,,
cand_060,actionable,[*:1]c1nnnn1N,[*:1]c1nnn(N[N+](=O)[O-])n1,azole_ring,nitramine,scaffold,False,*c1nnn(N[N+](=O)[O-])n1||*c1nnnn1N,0.419242,199,199,5.08693,5.08693,6,0,False,False,0.247305,True,,1.13601,True,,1.23535,True,,0.62269,True,,0.908545,True,,0.937034,True,,-1.02069,True,,,,
cand_060,actionable,[*:1]c1nnnn1N,[*:1]n1nnc([N+](=O)[O-])n1,azole_ring,nitro,scaffold,False,*c1nnnn1N||*n1nnc([N+](=O)[O-])n1,0.398214,223,223,5.05096,5.05096,6,0,False,False,0.0407971,True,,1.36871,True,,1.31312,True,,0.451594,True,,0.910969,True,,0.965769,True,,-0.617695,True,,,,
cand_060,actionable,[*:1]N,[*:1]N=[N+]=[N-],amino,azide,substituent,False,*N||*N=[N+]=[N-],0.147408,5034,5034,4.83275,4.83275,6,0,False,False,1.64656,True,,1.05141,True,,0.642612,True,,0.683445,True,,0.438054,True,,0.37067,True,,-0.0694188,True,,,,
cand_060,actionable,[*:2]c1nnnn1[*:1],[*:1]N=Nc1nnnn1[*:2],azole_ring,azo,linker,False,*N=Nc1nnnn1*||*c1nnnn1*,0.355949,350,350,4.82301,4.82301,6,0,False,False,1.32338,True,,0.730511,True,,0.358726,True,,1.1928,True,,0.655076,True,,0.562518,True,,0.123372,True,,,,
cand_060,actionable,[*:1]c1nnnn1N,[*:1]n1nnc(N[N+](=O)[O-])n1,azole_ring,nitramine,scaffold,False,*c1nnnn1N||*n1nnc(N[N+](=O)[O-])n1,0.420287,215,215,4.78497,4.78497,6,0,False,False,0.172739,True,,1.05117,True,,1.23397,True,,0.522908,True,,0.88353,True,,0.920651,True,,-0.882684,True,,,,
cand_060,actionable,[*:1]c1nnnn1N,[*:1]c1nnn(N=[N+]=[N-])n1,azole_ring,azide,scaffold,False,*c1nnn(N=[N+]=[N-])n1||*c1nnnn1N,0.397965,264,264,4.71893,4.71893,6,0,False,False,1.65271,True,,1.03934,True,,0.637827,True,,0.622956,True,,0.410181,True,,0.355915,True,,0.239613,True,,,,
cand_060,actionable,[*:2]c1nnnn1[*:1],[*:1]N=Nc1nnn([*:2])n1,azole_ring,azo,linker,False,*N=Nc1nnn(*)n1||*c1nnnn1*,0.35656,356,356,4.40896,4.40896,6,0,False,False,1.26223,True,,0.639687,True,,0.340861,True,,1.06383,True,,0.590047,True,,0.512296,True,,0.111891,True,,,,
cand_060,actionable,[*:2]c1nnnn1[*:1],[*:1]N=Nn1nnnc1[*:2],azole_ring,azo,linker,False,*N=Nn1nnnc1*||*c1nnnn1*,0.356653,386,386,4.35206,4.35206,6,0,False,False,1.23532,True,,0.615186,True,,0.330104,True,,1.0263,True,,0.60749,True,,0.537659,True,,0.166134,True,,,,
cand_060,actionable,[*:2]c1nnnn1[*:1],[*:1]N=Nn1nnc([*:2])n1,azole_ring,azo,linker,False,*N=Nn1nnc(*)n1||*c1nnnn1*,0.355887,402,402,3.93208,3.93208,6,0,False,False,1.17085,True,,0.536145,True,,0.333633,True,,0.916776,True,,0.52508,True,,0.449589,True,,-0.0634601,False,,,,
cand_060,actionable,[*:1]c1nnnn1N,[*:1]n1nnnc1N=[N+]=[N-],azole_ring,azide,scaffold,False,*c1nnnn1N||*n1nnnc1N=[N+]=[N-],0.395412,237,237,3.80995,3.80995,6,0,False,False,1.5164,True,,0.855822,True,,0.621316,True,,0.351302,True,,0.257303,True,,0.207812,True,,0.0275322,False,,,,
cand_060,actionable,[*:1]c1nnnn1[*:2],[*:1]N=Nc1nnnn1[*:2],azole_ring,azo,linker,False,*N=Nc1nnnn1*||*c1nnnn1*,0.351097,336,336,3.75447,3.75447,6,0,False,False,1.17631,True,,0.503957,True,,0.330506,True,,0.868255,True,,0.473577,True,,0.401863,True,,0.159668,True,,,,
cand_060,actionable,[*:2]c1nnnn1[*:1],[*:1]NNn1nnnc1[*:2],azole_ring,hydrazo,linker,False,*NNn1nnnc1*||*c1nnnn1*,0.35995,369,369,3.64902,3.64902,6,0,False,False,0.89669,True,,0.272185,True,,0.0281111,True,,1.47287,True,,0.55144,True,,0.42772,True,,0.0963791,True,,,,
cand_060,actionable,[*:1]c1nnnn1[*:2],[*:1]N=Nc1nnn([*:2])n1,azole_ring,azo,linker,False,*N=Nc1nnn(*)n1||*c1nnnn1*,0.356667,329,329,3.62297,3.62297,6,0,False,False,1.12524,True,,0.47018,True,,0.353315,True,,0.823885,True,,0.464077,True,,0.38627,True,,0.0930074,True,,,,
cand_060,actionable,[*:1]c1nnnn1N,[*:1]n1nnc(N=[N+]=[N-])n1,azole_ring,azide,scaffold,False,*c1nnnn1N||*n1nnc(N=[N+]=[N-])n1,0.395284,264,264,3.52023,3.52023,6,0,False,False,1.4438,True,,0.779381,True,,0.634055,True,,0.237561,True,,0.23381,True,,0.19163,True,,-0.358947,True,,,,
cand_060,actionable,[*:1]c1nnnn1[*:2],[*:1]N=Nn1nnnc1[*:2],azole_ring,azo,linker,False,*N=Nn1nnnc1*||*c1nnnn1*,0.354557,319,319,3.49741,3.49741,6,0,False,False,1.09274,True,,0.42757,True,,0.346433,True,,0.758009,True,,0.470057,True,,0.402601,True,,0.219847,True,,,,
cand_060,actionable,[*:2]c1nnnn1[*:1],[*:1]NNc1nnnn1[*:2],azole_ring,hydrazo,linker,False,*NNc1nnnn1*||*c1nnnn1*,0.357605,308,308,3.39303,3.39303,6,0,False,False,0.844118,True,,0.200872,True,,0.0369562,True,,1.37573,True,,0.528407,True,,0.406946,True,,-0.0578213,False,,,,
cand_060,actionable,[*:2]c1nnnn1[*:1],[*:1]NNn1nnc([*:2])n1,azole_ring,hydrazo,linker,False,*NNn1nnc(*)n1||*c1nnnn1*,0.361736,393,393,3.28999,3.28999,6,0,False,False,0.833756,True,,0.207705,True,,0.0440876,True,,1.38185,True,,0.481115,True,,0.341475,True,,-0.243635,True,,,,
cand_060,actionable,[*:1]c1nnnn1[*:2],[*:1]N=Nn1nnc([*:2])n1,azole_ring,azo,linker,False,*N=Nn1nnc(*)n1||*c1nnnn1*,0.351134,325,325,3.02894,3.02894,6,0,False,False,1.03313,True,,0.332837,True,,0.326176,True,,0.62886,True,,0.384432,True,,0.323499,True,,0.0338713,False,,,,
cand_060,actionable,[*:2]c1nnnn1[*:1],[*:1]NNc1nnn([*:2])n1,azole_ring,hydrazo,linker,False,*NNc1nnn(*)n1||*c1nnnn1*,0.354073,326,326,2.92851,2.92851,6,0,False,False,0.787273,True,,0.125173,True,,0.0243631,True,,1.22938,True,,0.436184,True,,0.326137,True,,-0.0216373,False,,,,
cand_060,actionable,[*:1]c1nnnn1[*:2],[*:1]NNn1nnnc1[*:2],azole_ring,hydrazo,linker,False,*NNn1nnnc1*||*c1nnnn1*,0.353396,307,307,2.84277,2.84277,6,0,False,False,0.765018,True,,0.0848097,True,,0.0448634,True,,1.22263,True,,0.42504,True,,0.30041,True,,-0.0312679,False,,,,
cand_060,actionable,[*:1]c1nnnn1[*:2],[*:1]NNc1nnnn1[*:2],azole_ring,hydrazo,linker,False,*NNc1nnnn1*||*c1nnnn1*,0.352717,357,357,2.45199,2.43486,5,0,False,False,0.693648,True,,-0.0171293,False,,0.030827,True,,1.06987,True,,0.381362,True,,0.276284,True,,-0.0595134,False,,,,
cand_060,actionable,[*:1]c1nnnn1[*:2],[*:1]NNn1nnc([*:2])n1,azole_ring,hydrazo,linker,False,*NNn1nnc(*)n1||*c1nnnn1*,0.352662,318,318,2.24338,2.23116,5,0,False,False,0.681101,True,,-0.0122265,False,,0.0338148,True,,1.04967,True,,0.301504,True,,0.177294,True,,-0.248633,True,,,,
cand_060,actionable,[*:1]c1nnnn1[*:2],[*:1]c1nnn(N[N+](=O)[O-])c1[*:2],azole_ring,nitramine,linker,False,*c1nnn(N[N+](=O)[O-])c1*||*c1nnnn1*,0.412549,385,385,1.50783,1.54167,4,0,False,False,0.0006166,False,,0.433216,True,,0.343985,True,,0.0332176,False,,0.340516,True,,0.390115,True,,-0.462432,True,,,,
cand_060,actionable,[*:2]c1nnnn1[*:1],[*:1]c1nnn(N[N+](=O)[O-])c1[*:2],azole_ring,nitramine,linker,False,*c1nnn(N[N+](=O)[O-])c1*||*c1nnnn1*,0.410514,341,341,1.33352,1.28057,4,0,False,False,-0.0166058,False,,0.396025,True,,0.315102,True,,-0.0363459,False,,0.285464,True,,0.336933,True,,-0.491826,True,,,,
cand_060,actionable,[*:1]c1nnnn1[*:2],[*:2]c1nnnn1[*:1],azole_ring,azole_ring,linker,False,*c1nnnn1*||*c1nnnn1*,0.258476,1293,1293,0.21802,0.21802,5,0,False,False,0.0300112,True,,0.0417528,True,,0,False,,0.057483,True,,0.0430979,True,,0.0456756,True,,-0.0465583,True,,,,
cand_061,actionable,[*:2]c1nnn([*:1])n1,[*:1]N=[N+]([O-])c1nnnn1[*:2],azole_ring,azoxy,linker,False,*N=[N+]([O-])c1nnnn1*||*c1nnn(*)n1,0.385657,203,203,7.54054,7.54054,6,0,False,False,1.28787,True,,1.32943,True,,0.81574,True,,1.80839,True,,1.1937,True,,1.10541,True,,0.0821143,False,,,,
cand_061,actionable,[*:2]c1nnn([*:1])n1,[*:1]N=[N+]([O-])n1nnnc1[*:2],azole_ring,azoxy,linker,False,*N=[N+]([O-])n1nnnc1*||*c1nnn(*)n1,0.389037,291,291,7.46166,7.46166,6,0,False,False,1.26928,True,,1.34087,True,,0.814976,True,,1.77747,True,,1.16995,True,,1.08911,True,,0.0386994,False,,,,
cand_061,actionable,[*:2]c1nnn([*:1])n1,[*:1]N=[N+]([O-])n1nnc([*:2])n1,azole_ring,azoxy,linker,False,*N=[N+]([O-])n1nnc(*)n1||*c1nnn(*)n1,0.387464,272,272,7.25484,7.25484,6,0,False,False,1.24191,True,,1.27006,True,,0.792996,True,,1.73676,True,,1.14376,True,,1.06936,True,,-0.0477761,False,,,,
cand_061,actionable,[*:1]c1nnn([*:2])n1,[*:1]n1nnnc1N=[N+]([*:2])[O-],azole_ring,azoxy,linker,False,*c1nnn(*)n1||*n1nnnc1N=[N+](*)[O-],0.390172,133,133,7.1687,7.1687,6,0,False,False,1.19903,True,,1.22133,True,,0.836397,True,,1.61404,True,,1.17979,True,,1.11811,True,,0.382541,True,,,,
cand_061,actionable,[*:1]c1nnn([*:2])n1,[*:1]c1nnnn1N=[N+]([*:2])[O-],azole_ring,azoxy,linker,False,*c1nnn(*)n1||*c1nnnn1N=[N+](*)[O-],0.380492,118,118,6.98405,6.98405,6,0,False,False,1.23245,True,,1.15049,True,,0.745411,True,,1.5874,True,,1.15025,True,,1.11805,True,,0.295224,True,,,,
cand_061,actionable,[*:1]c1nnn([*:2])n1,[*:2]n1nnnc1N=[N+]([*:1])[O-],azole_ring,azoxy,linker,False,*c1nnn(*)n1||*n1nnnc1N=[N+](*)[O-],0.386228,129,129,6.9305,6.9305,6,0,False,False,1.22164,True,,1.20336,True,,0.791447,True,,1.6175,True,,1.07891,True,,1.01764,True,,0.0905416,False,,,,
cand_061,actionable,[*:1]c1nnn([*:2])n1,[*:1]n1nnc(N=[N+]([*:2])[O-])n1,azole_ring,azoxy,linker,False,*c1nnn(*)n1||*n1nnc(N=[N+](*)[O-])n1,0.378153,238,238,6.70442,6.70442,6,0,False,False,1.15867,True,,1.11382,True,,0.761466,True,,1.49629,True,,1.10497,True,,1.0692,True,,0.243363,True,,,,
cand_061,actionable,[*:1]c1nnn([*:2])n1,[*:1]N=[N+]([O-])c1nnnn1[*:2],azole_ring,azoxy,linker,False,*N=[N+]([O-])c1nnnn1*||*c1nnn(*)n1,0.38408,193,193,6.2752,6.2752,6,0,False,False,1.05157,True,,1.02736,True,,0.803237,True,,1.38052,True,,1.03234,True,,0.980179,True,,-0.0531092,False,,,,
cand_061,actionable,[*:1]c1nnn([*:2])n1,[*:2]n1nnc(N=[N+]([*:1])[O-])n1,azole_ring,azoxy,linker,False,*c1nnn(*)n1||*n1nnc(N=[N+](*)[O-])n1,0.383262,245,245,6.12532,6.12532,6,0,False,False,1.05729,True,,0.968287,True,,0.765806,True,,1.33239,True,,1.01607,True,,0.985474,True,,-0.000412203,False,,,,
cand_061,actionable,[*:1]c1nnn([*:2])n1,[*:1]N=[N+]([O-])n1nnnc1[*:2],azole_ring,azoxy,linker,False,*N=[N+]([O-])n1nnnc1*||*c1nnn(*)n1,0.382236,241,241,6.08289,6.08289,6,0,False,False,1.03381,True,,0.991957,True,,0.801599,True,,1.30846,True,,0.998561,True,,0.948499,True,,0.0401082,False,,,,
cand_061,actionable,[*:1]c1nnn([*:2])n1,[*:1]N=[N+]([O-])n1nnc([*:2])n1,azole_ring,azoxy,linker,False,*N=[N+]([O-])n1nnc(*)n1||*c1nnn(*)n1,0.381099,247,247,5.7921,5.7921,6,0,False,False,1.00262,True,,0.913101,True,,0.784638,True,,1.22695,True,,0.953992,True,,0.910809,True,,-0.0867995,False,,,,
cand_061,actionable,[*:2]c1nnn([*:1])n1,[*:1]N=Nc1nnnn1[*:2],azole_ring,azo,linker,False,*N=Nc1nnnn1*||*c1nnn(*)n1,0.355184,346,346,4.91008,4.91008,6,0,False,False,1.36786,True,,0.775218,True,,0.348896,True,,1.25446,True,,0.632322,True,,0.531322,True,,0.293685,True,,,,
cand_061,actionable,[*:2]c1nnn([*:1])n1,[*:1]N=Nn1nnnc1[*:2],azole_ring,azo,linker,False,*N=Nn1nnnc1*||*c1nnn(*)n1,0.362383,398,398,4.67606,4.67606,6,0,False,False,1.27323,True,,0.697424,True,,0.363967,True,,1.14483,True,,0.646189,True,,0.550421,True,,0.275734,True,,,,
cand_061,actionable,[*:2]c1nnn([*:1])n1,[*:1]N=Nc1nnn([*:2])n1,azole_ring,azo,linker,False,*N=Nc1nnn(*)n1||*c1nnn(*)n1,0.356223,332,332,4.60116,4.60116,6,0,False,False,1.30023,True,,0.69689,True,,0.345385,True,,1.15463,True,,0.599149,True,,0.504875,True,,0.208527,True,,,,
cand_061,actionable,[*:1]c1nnn([*:2])n1,[*:1]N=Nc1nnnn1[*:2],azole_ring,azo,linker,False,*N=Nc1nnnn1*||*c1nnn(*)n1,0.358491,342,342,4.22356,4.22356,6,0,False,False,1.24148,True,,0.622072,True,,0.350247,True,,1.03701,True,,0.531948,True,,0.44081,True,,0.143936,True,,,,
cand_061,actionable,[*:2]c1nnn([*:1])n1,[*:1]N=Nn1nnc([*:2])n1,azole_ring,azo,linker,False,*N=Nn1nnc(*)n1||*c1nnn(*)n1,0.35839,393,393,4.1863,4.1863,6,0,False,False,1.20702,True,,0.602688,True,,0.344701,True,,1.01106,True,,0.554789,True,,0.466045,True,,0.100027,True,,,,
cand_061,actionable,[*:1]c1nnn([*:2])n1,[*:1]N=Nn1nnnc1[*:2],azole_ring,azo,linker,False,*N=Nn1nnnc1*||*c1nnn(*)n1,0.360747,334,334,3.99535,3.99535,6,0,False,False,1.16569,True,,0.546554,True,,0.362638,True,,0.942865,True,,0.534815,True,,0.442787,True,,0.111146,True,,,,
cand_061,actionable,[*:2]c1nnn([*:1])n1,[*:1]NNn1nnnc1[*:2],azole_ring,hydrazo,linker,False,*NNn1nnnc1*||*c1nnn(*)n1,0.363514,386,386,3.9581,3.9581,6,0,False,False,0.938024,True,,0.350252,True,,0.0500214,True,,1.58906,True,,0.588806,True,,0.441934,True,,0.179119,True,,,,
cand_061,actionable,[*:1]c1nnn([*:2])n1,[*:1]N=Nc1nnn([*:2])n1,azole_ring,azo,linker,False,*N=Nc1nnn(*)n1||*c1nnn(*)n1,0.359132,350,350,3.90856,3.90856,6,0,False,False,1.18334,True,,0.547374,True,,0.349104,True,,0.932112,True,,0.490401,True,,0.406235,True,,0.040073,False,,,,
cand_061,actionable,[*:2]c1nnn([*:1])n1,[*:1]NNc1nnnn1[*:2],azole_ring,hydrazo,linker,False,*NNc1nnnn1*||*c1nnn(*)n1,0.353325,340,340,3.53394,3.53394,6,0,False,False,0.88454,True,,0.238912,True,,0.0334778,True,,1.43352,True,,0.53368,True,,0.40981,True,,0.0617399,False,,,,
cand_061,actionable,[*:2]c1nnn([*:1])n1,[*:1]NNn1nnc([*:2])n1,azole_ring,hydrazo,linker,False,*NNn1nnc(*)n1||*c1nnn(*)n1,0.360374,429,429,3.41725,3.41725,6,0,False,False,0.86855,True,,0.257969,True,,0.0453302,True,,1.43395,True,,0.479044,True,,0.332408,True,,-0.203337,True,,,,
cand_061,actionable,[*:2]c1nnn([*:1])n1,[*:1]NNc1nnn([*:2])n1,azole_ring,hydrazo,linker,False,*NNc1nnn(*)n1||*c1nnn(*)n1,0.357457,302,302,3.29623,3.29623,6,0,False,False,0.845114,True,,0.211921,True,,0.0430512,True,,1.37479,True,,0.47719,True,,0.344168,True,,0.0342877,False,,,,
cand_061,actionable,[*:1]c1nnn([*:2])n1,[*:1]N=Nn1nnc([*:2])n1,azole_ring,azo,linker,False,*N=Nn1nnc(*)n1||*c1nnn(*)n1,0.355385,330,330,3.29485,3.29485,6,0,False,False,1.08009,True,,0.405756,True,,0.332178,True,,0.731677,True,,0.409408,True,,0.335746,True,,-0.179887,True,,,,
cand_061,actionable,[*:1]c1nnn([*:2])n1,[*:1]NNn1nnnc1[*:2],azole_ring,hydrazo,linker,False,*NNn1nnnc1*||*c1nnn(*)n1,0.357043,365,365,3.13594,3.13594,6,0,False,False,0.826481,True,,0.183081,True,,0.0505623,True,,1.33815,True,,0.438654,True,,0.299012,True,,-0.0474263,False,,,,
cand_061,actionable,[*:1]c1nnn([*:2])n1,[*:1]NNc1nnnn1[*:2],azole_ring,hydrazo,linker,False,*NNc1nnnn1*||*c1nnn(*)n1,0.356148,336,336,2.73736,2.73736,6,0,False,False,0.743623,True,,0.0703049,True,,0.0427286,True,,1.17605,True,,0.412791,True,,0.291862,True,,-0.0271239,False,,,,
cand_061,actionable,[*:1]c1nnn([*:2])n1,[*:1]NNn1nnc([*:2])n1,azole_ring,hydrazo,linker,False,*NNn1nnc(*)n1||*c1nnn(*)n1,0.354712,335,335,2.57495,2.57495,6,0,False,False,0.753706,True,,0.0800358,True,,0.0327345,True,,1.18342,True,,0.3302,True,,0.194851,True,,-0.307741,True,,,,
cand_061,actionable,[*:1]c1nnn([*:2])n1,[*:1]NNc1nnn([*:2])n1,azole_ring,hydrazo,linker,False,*NNc1nnn(*)n1||*c1nnn(*)n1,0.350426,329,329,2.37486,2.37486,6,0,False,False,0.713205,True,,0.0268665,True,,0.0205211,True,,1.08548,True,,0.323148,True,,0.205645,True,,-0.209807,True,,,,
cand_061,actionable,[*:1]c1nnn([*:2])n1,[*:2]c1nnn(N[N+](=O)[O-])c1[*:1],azole_ring,nitramine,linker,False,*c1nnn(*)n1||*c1nnn(N[N+](=O)[O-])c1*,0.416782,335,335,1.85304,1.85304,6,0,False,False,0.0511008,True,,0.526783,True,,0.350804,True,,0.12756,True,,0.372822,True,,0.423975,True,,-0.409976,True,,,,
cand_061,actionable,[*:1]c1nnn([*:2])n1,[*:1]c1nnn(N[N+](=O)[O-])c1[*:2],azole_ring,nitramine,linker,False,*c1nnn(*)n1||*c1nnn(N[N+](=O)[O-])c1*,0.406666,404,404,1.5689,1.5689,6,0,False,False,0.0474787,True,,0.434563,True,,0.292453,True,,0.0733892,True,,0.333097,True,,0.387919,True,,-0.431373,True,,,,
cand_061,actionable,[*:1]Nn1nnc([*:2])n1,[*:1]Nn1nnnc1[*:2],azole_ring,azole_ring,linker,False,*Nn1nnc(*)n1||*Nn1nnnc1*,0.299811,633,633,0.353273,0.353273,5,0,False,True,0.0577357,True,2.87964,0.0671624,True,10.1707,0,False,0,0.0993867,True,0.0075,0.0630548,True,-0.165703,0.0659334,True,-2.02827,0.236509,True,-31.626,,,
cand_061,actionable,[*:1]c1nnn(N=[N+]=[N-])n1,[*:1]c1nnnn1N=[N+]=[N-],azide,azide,scaffold,False,*c1nnn(N=[N+]=[N-])n1||*c1nnnn1N=[N+]=[N-],0.395339,229,229,0.352403,0.352403,5,0,False,False,0.0738585,True,,0.0859202,True,,0,False,,0.119177,True,,0.038839,True,,0.034608,True,,-0.0988083,False,,,,
cand_061,actionable,[*:1]c1nnn([*:2])n1,[*:2]c1nnnn1[*:1],azole_ring,azole_ring,linker,False,*c1nnn(*)n1||*c1nnnn1*,0.257644,2457,2457,0.31729,0.31729,5,0,False,True,0.0573355,True,1.36797,0.0696148,True,4.83158,-2.41191e-19,False,0,0.100322,True,0.00355,0.0464741,True,-0.145508,0.0435433,True,-1.76456,0.109291,True,-32.1906,,,
cand_061,actionable,[*:1]c1nnn([*:2])n1,[*:1]c1nnnn1[*:2],azole_ring,azole_ring,linker,False,*c1nnn(*)n1||*c1nnnn1*,0.258151,2833,2833,0.304252,0.304252,5,0,False,True,0.0551249,True,1.36797,0.0662557,True,4.83158,0,False,0,0.0947991,True,0.00355,0.0449933,True,-0.145508,0.0430791,True,-1.76456,0.118519,True,-32.1906,,,
cand_061,actionable,[*:1]c1nnn(N[N+](=O)[O-])n1,[*:1]c1nnnn1N[N+](=O)[O-],nitramine,nitramine,scaffold,False,*c1nnn(N[N+](=O)[O-])n1||*c1nnnn1N[N+](=O)[O-],0.422033,209,209,0.178983,0.195204,3,0,False,True,0.0499769,True,2.87964,0.0541472,True,10.1707,0,False,0,0.0748584,True,0.0075,0.0115004,False,-0.165703,0.00472109,False,-2.02827,0.0590661,False,-31.626,,,
cand_061,actionable,[*:1]Nn1nnc([*:2])n1,[*:1]Nc1nnnn1[*:2],azole_ring,azole_ring,linker,False,*Nc1nnnn1*||*Nn1nnc(*)n1,0.295317,577,577,0.147251,0.127895,2,0,False,True,-0.00447786,False,-0.143699,-0.00725383,False,-0.507537,-0,False,0,-0.00762427,False,-0.0004,0.0643502,True,-0.125314,0.0829003,True,-1.50085,0.280637,True,-32.7553,,,
cand_061,actionable,[*:1]c1nnn([*:2])n1,[*:2]c1nnn([*:1])n1,azole_ring,azole_ring,linker,False,*c1nnn(*)n1||*c1nnn(*)n1,0.260615,1165,1165,0.0453822,0.0112472,2,0,False,True,-0.00809051,False,-1.31902,-0.00850428,False,-4.65873,0,False,0,-0.0175402,False,-0.0034,0.0185507,True,-0.277442,0.0268315,True,-3.26882,0.0700273,True,-41.7056,,,
cand_062,actionable,[*:2]c1nnn([*:1])n1,[*:1]N=[N+]([O-])c1nnnn1[*:2],azole_ring,azoxy,linker,False,*N=[N+]([O-])c1nnnn1*||*c1nnn(*)n1,0.385657,203,203,7.54054,7.54054,6,0,False,False,1.28787,True,,1.32943,True,,0.81574,True,,1.80839,True,,1.1937,True,,1.10541,True,,0.0821143,False,,,,
cand_062,actionable,[*:2]c1nnn([*:1])n1,[*:1]N=[N+]([O-])n1nnnc1[*:2],azole_ring,azoxy,linker,False,*N=[N+]([O-])n1nnnc1*||*c1nnn(*)n1,0.389037,291,291,7.46166,7.46166,6,0,False,False,1.26928,True,,1.34087,True,,0.814976,True,,1.77747,True,,1.16995,True,,1.08911,True,,0.0386994,False,,,,
cand_062,actionable,[*:2]c1nnnn1[*:1],[*:1]N=[N+]([O-])n1nnnc1[*:2],azole_ring,azoxy,linker,False,*N=[N+]([O-])n1nnnc1*||*c1nnnn1*,0.392432,280,280,7.39917,7.39917,6,0,False,False,1.23564,True,,1.29928,True,,0.829576,True,,1.74442,True,,1.1854,True,,1.10485,True,,-0.100889,True,,,,
cand_062,actionable,[*:2]c1nnn([*:1])n1,[*:1]N=[N+]([O-])n1nnc([*:2])n1,azole_ring,azoxy,linker,False,*N=[N+]([O-])n1nnc(*)n1||*c1nnn(*)n1,0.387464,272,272,7.25484,7.25484,6,0,False,False,1.24191,True,,1.27006,True,,0.792996,True,,1.73676,True,,1.14376,True,,1.06936,True,,-0.0477761,False,,,,
cand_062,actionable,[*:2]c1nnnn1[*:1],[*:1]N=[N+]([O-])c1nnnn1[*:2],azole_ring,azoxy,linker,False,*N=[N+]([O-])c1nnnn1*||*c1nnnn1*,0.380296,193,193,7.18294,7.18294,6,0,False,False,1.23795,True,,1.23659,True,,0.790892,True,,1.68949,True,,1.14851,True,,1.0795,True,,-0.171171,True,,,,
cand_062,actionable,[*:1]c1nnn([*:2])n1,[*:1]n1nnnc1N=[N+]([*:2])[O-],azole_ring,azoxy,linker,False,*c1nnn(*)n1||*n1nnnc1N=[N+](*)[O-],0.390172,133,133,7.1687,7.1687,6,0,False,False,1.19903,True,,1.22133,True,,0.836397,True,,1.61404,True,,1.17979,True,,1.11811,True,,0.382541,True,,,,
cand_062,actionable,[*:2]c1nnnn1[*:1],[*:1]N=[N+]([O-])n1nnc([*:2])n1,azole_ring,azoxy,linker,False,*N=[N+]([O-])n1nnc(*)n1||*c1nnnn1*,0.386847,275,275,7.07244,7.07244,6,0,False,False,1.19325,True,,1.21169,True,,0.802861,True,,1.64893,True,,1.14311,True,,1.07258,True,,-0.0690075,False,,,,
cand_062,actionable,[*:1]c1nnnn1[*:2],[*:1]c1nnnn1N=[N+]([*:2])[O-],azole_ring,azoxy,linker,False,*c1nnnn1*||*c1nnnn1N=[N+](*)[O-],0.384684,108,108,7.02768,7.02768,6,0,False,False,1.18176,True,,1.14919,True,,0.79885,True,,1.54468,True,,1.1966,True,,1.1566,True,,0.219111,True,,,,
cand_062,actionable,[*:1]c1nnn([*:2])n1,[*:1]c1nnnn1N=[N+]([*:2])[O-],azole_ring,azoxy,linker,False,*c1nnn(*)n1||*c1nnnn1N=[N+](*)[O-],0.380492,118,118,6.98405,6.98405,6,0,False,False,1.23245,True,,1.15049,True,,0.745411,True,,1.5874,True,,1.15025,True,,1.11805,True,,0.295224,True,,,,
cand_062,actionable,[*:1]c1nnnn1[*:2],[*:2]n1nnnc1N=[N+]([*:1])[O-],azole_ring,azoxy,linker,False,*c1nnnn1*||*n1nnnc1N=[N+](*)[O-],0.387609,122,122,6.97978,6.97978,6,0,False,False,1.16054,True,,1.17138,True,,0.834346,True,,1.60279,True,,1.14116,True,,1.06956,True,,0.160271,True,,,,
cand_062,actionable,[*:1]c1nnn([*:2])n1,[*:2]n1nnnc1N=[N+]([*:1])[O-],azole_ring,azoxy,linker,False,*c1nnn(*)n1||*n1nnnc1N=[N+](*)[O-],0.386228,129,129,6.9305,6.9305,6,0,False,False,1.22164,True,,1.20336,True,,0.791447,True,,1.6175,True,,1.07891,True,,1.01764,True,,0.0905416,False,,,,
cand_062,actionable,[*:1]c1nnnn1[*:2],[*:1]n1nnnc1N=[N+]([*:2])[O-],azole_ring,azoxy,linker,False,*c1nnnn1*||*n1nnnc1N=[N+](*)[O-],0.381342,140,140,6.77105,6.77105,6,0,False,False,1.13232,True,,1.07776,True,,0.793782,True,,1.46168,True,,1.16784,True,,1.13768,True,,0.300078,True,,,,
cand_062,actionable,[*:1]c1nnnn1[*:2],[*:1]n1nnc(N=[N+]([*:2])[O-])n1,azole_ring,azoxy,linker,False,*c1nnnn1*||*n1nnc(N=[N+](*)[O-])n1,0.382376,243,243,6.74472,6.74472,6,0,False,False,1.09841,True,,1.08922,True,,0.804593,True,,1.45168,True,,1.16528,True,,1.13554,True,,0.218252,True,,,,
cand_062,actionable,[*:1]c1nnn([*:2])n1,[*:1]n1nnc(N=[N+]([*:2])[O-])n1,azole_ring,azoxy,linker,False,*c1nnn(*)n1||*n1nnc(N=[N+](*)[O-])n1,0.378153,238,238,6.70442,6.70442,6,0,False,False,1.15867,True,,1.11382,True,,0.761466,True,,1.49629,True,,1.10497,True,,1.0692,True,,0.243363,True,,,,
cand_062,actionable,[*:1]c1nnn([*:2])n1,[*:1]N=[N+]([O-])c1nnnn1[*:2],azole_ring,azoxy,linker,False,*N=[N+]([O-])c1nnnn1*||*c1nnn(*)n1,0.38408,193,193,6.2752,6.2752,6,0,False,False,1.05157,True,,1.02736,True,,0.803237,True,,1.38052,True,,1.03234,True,,0.980179,True,,-0.0531092,False,,,,
cand_062,actionable,[*:1]c1nnnn1[*:2],[*:1]N=[N+]([O-])c1nnnn1[*:2],azole_ring,azoxy,linker,False,*N=[N+]([O-])c1nnnn1*||*c1nnnn1*,0.387444,216,216,6.14634,6.14634,6,0,False,False,1.0166,True,,0.992261,True,,0.829325,True,,1.31178,True,,1.02557,True,,0.970802,True,,0.00583282,False,,,,
cand_062,actionable,[*:1]c1nnn([*:2])n1,[*:2]n1nnc(N=[N+]([*:1])[O-])n1,azole_ring,azoxy,linker,False,*c1nnn(*)n1||*n1nnc(N=[N+](*)[O-])n1,0.383262,245,245,6.12532,6.12532,6,0,False,False,1.05729,True,,0.968287,True,,0.765806,True,,1.33239,True,,1.01607,True,,0.985474,True,,-0.000412203,False,,,,
cand_062,actionable,[*:1]c1nnn([*:2])n1,[*:1]N=[N+]([O-])n1nnnc1[*:2],azole_ring,azoxy,linker,False,*N=[N+]([O-])n1nnnc1*||*c1nnn(*)n1,0.382236,241,241,6.08289,6.08289,6,0,False,False,1.03381,True,,0.991957,True,,0.801599,True,,1.30846,True,,0.998561,True,,0.948499,True,,0.0401082,False,,,,
cand_062,actionable,[*:1]N,[*:1]N[N+](=O)[O-],amino,nitramine,substituent,False,*N||*N[N+](=O)[O-],0.188459,5413,5413,6.03693,6.03693,6,0,False,False,0.308406,True,,1.3132,True,,1.28858,True,,0.912885,True,,1.10263,True,,1.11124,True,,-0.583201,True,,,,
cand_062,actionable,[*:1]N,[*:1][N+](=O)[O-],amino,nitro,substituent,False,*N||*[N+](=O)[O-],0.148191,5112,5112,5.98981,5.98981,6,0,False,True,0.157204,True,1.38916,1.53142,True,247.084,1.32071,True,23.9405,0.775292,True,-0.0324,1.08777,True,0.193896,1.11743,True,2.04559,-0.496825,True,-80.3064,,,
cand_062,actionable,[*:1]c1nnnn1[*:2],[*:2]n1nnc(N=[N+]([*:1])[O-])n1,azole_ring,azoxy,linker,False,*c1nnnn1*||*n1nnc(N=[N+](*)[O-])n1,0.381536,249,249,5.94401,5.94401,6,0,False,False,0.991857,True,,0.919359,True,,0.786746,True,,1.22979,True,,1.0227,True,,0.99356,True,,0.189938,True,,,,
cand_062,actionable,[*:1]c1nnnn1[*:2],[*:1]N=[N+]([O-])n1nnnc1[*:2],azole_ring,azoxy,linker,False,*N=[N+]([O-])n1nnnc1*||*c1nnnn1*,0.386172,229,229,5.94241,5.94241,6,0,False,False,1.01177,True,,0.953617,True,,0.810754,True,,1.25172,True,,0.978768,True,,0.935784,True,,-0.0654356,False,,,,
cand_062,actionable,[*:1]c1nnnn1[*:2],[*:1]N=[N+]([O-])n1nnc([*:2])n1,azole_ring,azoxy,linker,False,*N=[N+]([O-])n1nnc(*)n1||*c1nnnn1*,0.383065,259,259,5.90937,5.90937,6,0,False,False,0.973511,True,,0.966867,True,,0.837706,True,,1.25181,True,,0.973185,True,,0.906291,True,,-0.132316,True,,,,
cand_062,actionable,[*:1]c1nnn([*:2])n1,[*:1]N=[N+]([O-])n1nnc([*:2])n1,azole_ring,azoxy,linker,False,*N=[N+]([O-])n1nnc(*)n1||*c1nnn(*)n1,0.381099,247,247,5.7921,5.7921,6,0,False,False,1.00262,True,,0.913101,True,,0.784638,True,,1.22695,True,,0.953992,True,,0.910809,True,,-0.0867995,False,,,,
cand_062,actionable,[*:1]c1nnn(N)n1,[*:1]n1nnnc1[N+](=O)[O-],azole_ring,nitro,scaffold,False,*c1nnn(N)n1||*n1nnnc1[N+](=O)[O-],0.396584,209,209,5.77205,5.77205,6,0,False,True,0.182189,True,9.44853,1.51723,True,278.798,1.29955,True,23.9405,0.723951,True,-0.0087,1.00516,True,0.293045,1.04397,True,3.02939,-0.541409,True,-121.204,,,
cand_062,actionable,[*:1]c1nnn(N)n1,[*:1]c1nnnn1N[N+](=O)[O-],azole_ring,nitramine,scaffold,False,*c1nnn(N)n1||*c1nnnn1N[N+](=O)[O-],0.423187,247,247,5.76118,5.76118,6,0,False,False,0.33338,True,,1.29356,True,,1.2663,True,,0.838853,True,,1.00579,True,,1.02329,True,,-0.461308,True,,,,
cand_062,actionable,[*:1]c1nnn(N)n1,[*:1]c1nnnn1[N+](=O)[O-],azole_ring,nitro,scaffold,False,*c1nnn(N)n1||*c1nnnn1[N+](=O)[O-],0.397351,225,225,5.65294,5.65294,6,0,False,False,0.130929,True,,1.47935,True,,1.31223,True,,0.643704,True,,1.01934,True,,1.06739,True,,-0.265892,True,,,,
cand_062,actionable,[*:1]c1nnn(N)n1,[*:1]n1nnnc1N[N+](=O)[O-],azole_ring,nitramine,scaffold,False,*c1nnn(N)n1||*n1nnnc1N[N+](=O)[O-],0.420803,227,227,5.45167,5.45167,6,0,False,False,0.259801,True,,1.15402,True,,1.23525,True,,0.698208,True,,1.02772,True,,1.07667,True,,-0.237703,True,,,,
cand_062,actionable,[*:1]c1nnn(N)n1,[*:1]n1nnc([N+](=O)[O-])n1,azole_ring,nitro,scaffold,False,*c1nnn(N)n1||*n1nnc([N+](=O)[O-])n1,0.400709,226,226,5.40997,5.40997,6,0,False,False,0.0682605,True,,1.4027,True,,1.32456,True,,0.576993,True,,0.9957,True,,1.04177,True,,-0.303862,True,,,,
cand_062,actionable,[*:1]c1nnn(N)n1,[*:1]c1nnnn1N=[N+]=[N-],azole_ring,azide,scaffold,False,*c1nnn(N)n1||*c1nnnn1N=[N+]=[N-],0.399356,217,217,5.26271,5.26271,6,0,False,True,1.77034,True,88.6031,1.17885,True,203.722,0.635342,True,10.8464,0.792342,True,0.0288,0.470463,True,0.0952918,0.415369,True,0.792421,0.694615,True,7.8523,,,
cand_062,actionable,[*:1]c1nnn(N)n1,[*:1]n1nnc(N[N+](=O)[O-])n1,azole_ring,nitramine,scaffold,False,*c1nnn(N)n1||*n1nnc(N[N+](=O)[O-])n1,0.417997,224,224,5.13146,5.13146,6,0,False,False,0.213821,True,,1.10856,True,,1.22896,True,,0.649559,True,,0.948148,True,,0.982419,True,,-0.412789,True,,,,
cand_062,actionable,[*:2]c1nnn([*:1])n1,[*:1]N=Nc1nnnn1[*:2],azole_ring,azo,linker,False,*N=Nc1nnnn1*||*c1nnn(*)n1,0.355184,346,346,4.91008,4.91008,6,0,False,False,1.36786,True,,0.775218,True,,0.348896,True,,1.25446,True,,0.632322,True,,0.531322,True,,0.293685,True,,,,
cand_062,actionable,[*:1]N,[*:1]N=[N+]=[N-],amino,azide,substituent,False,*N||*N=[N+]=[N-],0.147408,5034,5034,4.83275,4.83275,6,0,False,True,1.64656,True,86.3516,1.05141,True,194.721,0.642612,True,10.8464,0.683445,True,0.0216,0.438054,True,0.128528,0.37067,True,1.20368,-0.0694188,True,74.9639,,,
cand_062,actionable,[*:2]c1nnnn1[*:1],[*:1]N=Nc1nnnn1[*:2],azole_ring,azo,linker,False,*N=Nc1nnnn1*||*c1nnnn1*,0.355949,350,350,4.82301,4.82301,6,0,False,False,1.32338,True,,0.730511,True,,0.358726,True,,1.1928,True,,0.655076,True,,0.562518,True,,0.123372,True,,,,
cand_062,actionable,[*:2]c1nnn([*:1])n1,[*:1]N=Nn1nnnc1[*:2],azole_ring,azo,linker,False,*N=Nn1nnnc1*||*c1nnn(*)n1,0.362383,398,398,4.67606,4.67606,6,0,False,False,1.27323,True,,0.697424,True,,0.363967,True,,1.14483,True,,0.646189,True,,0.550421,True,,0.275734,True,,,,
cand_062,actionable,[*:2]c1nnn([*:1])n1,[*:1]N=Nc1nnn([*:2])n1,azole_ring,azo,linker,False,*N=Nc1nnn(*)n1||*c1nnn(*)n1,0.356223,332,332,4.60116,4.60116,6,0,False,False,1.30023,True,,0.69689,True,,0.345385,True,,1.15463,True,,0.599149,True,,0.504875,True,,0.208527,True,,,,
cand_062,actionable,[*:2]c1nnnn1[*:1],[*:1]N=Nc1nnn([*:2])n1,azole_ring,azo,linker,False,*N=Nc1nnn(*)n1||*c1nnnn1*,0.35656,356,356,4.40896,4.40896,6,0,False,False,1.26223,True,,0.639687,True,,0.340861,True,,1.06383,True,,0.590047,True,,0.512296,True,,0.111891,True,,,,
cand_062,actionable,[*:2]c1nnnn1[*:1],[*:1]N=Nn1nnnc1[*:2],azole_ring,azo,linker,False,*N=Nn1nnnc1*||*c1nnnn1*,0.356653,386,386,4.35206,4.35206,6,0,False,False,1.23532,True,,0.615186,True,,0.330104,True,,1.0263,True,,0.60749,True,,0.537659,True,,0.166134,True,,,,
cand_062,actionable,[*:1]c1nnn([*:2])n1,[*:1]N=Nc1nnnn1[*:2],azole_ring,azo,linker,False,*N=Nc1nnnn1*||*c1nnn(*)n1,0.358491,342,342,4.22356,4.22356,6,0,False,False,1.24148,True,,0.622072,True,,0.350247,True,,1.03701,True,,0.531948,True,,0.44081,True,,0.143936,True,,,,
cand_062,actionable,[*:2]c1nnn([*:1])n1,[*:1]N=Nn1nnc([*:2])n1,azole_ring,azo,linker,False,*N=Nn1nnc(*)n1||*c1nnn(*)n1,0.35839,393,393,4.1863,4.1863,6,0,False,False,1.20702,True,,0.602688,True,,0.344701,True,,1.01106,True,,0.554789,True,,0.466045,True,,0.100027,True,,,,
cand_062,actionable,[*:1]NNc1nnn([*:2])n1,[*:2]n1nnnc1N=[N+]([*:1])[O-],hydrazo,azoxy,linker,False,*NNc1nnn(*)n1||*n1nnnc1N=[N+](*)[O-],0.38714,143,143,4.09268,4.09268,6,0,False,False,0.426165,True,,1.06872,True,,0.764736,True,,0.383076,True,,0.693991,True,,0.755986,True,,0.122658,False,,,,
cand_062,actionable,[*:1]c1nnn(N)n1,[*:1]n1nnnc1N=[N+]=[N-],azole_ring,azide,scaffold,False,*c1nnn(N)n1||*n1nnnc1N=[N+]=[N-],0.402179,203,203,4.07073,4.07073,6,0,False,True,1.52308,True,87.0789,0.891753,True,197.628,0.647237,True,10.8464,0.417414,True,0.0239,0.321051,True,0.222763,0.270193,True,2.2495,0.547546,True,54.7611,,,
cand_062,actionable,[*:1]NNc1nnn([*:2])n1,[*:1]N=[N+]([O-])c1nnnn1[*:2],hydrazo,azoxy,linker,False,*N=[N+]([O-])c1nnnn1*||*NNc1nnn(*)n1,0.376686,206,206,4.04017,4.04017,6,0,False,False,0.393024,True,,1.01706,True,,0.749352,True,,0.34812,True,,0.727939,True,,0.804679,True,,0.156998,True,,,,
cand_062,actionable,[*:1]NNc1nnn([*:2])n1,[*:1]N=[N+]([O-])n1nnnc1[*:2],hydrazo,azoxy,linker,False,*N=[N+]([O-])n1nnnc1*||*NNc1nnn(*)n1,0.3872,242,242,4.01267,4.01267,6,0,False,True,0.400389,True,15.2592,1.07723,True,221.766,0.772572,True,15.9524,0.324559,True,-0.0459,0.686478,True,0.0700685,0.751436,True,0.987149,0.0367844,False,-72.9966,,,
cand_062,actionable,[*:1]c1nnn([*:2])n1,[*:1]N=Nn1nnnc1[*:2],azole_ring,azo,linker,False,*N=Nn1nnnc1*||*c1nnn(*)n1,0.360747,334,334,3.99535,3.99535,6,0,False,False,1.16569,True,,0.546554,True,,0.362638,True,,0.942865,True,,0.534815,True,,0.442787,True,,0.111146,True,,,,
cand_062,actionable,[*:1]NNc1nnn([*:2])n1,[*:1]N=[N+]([O-])n1nnc([*:2])n1,hydrazo,azoxy,linker,False,*N=[N+]([O-])n1nnc(*)n1||*NNc1nnn(*)n1,0.385973,216,216,3.97732,3.97732,6,0,False,False,0.371775,True,,1.05598,True,,0.779648,True,,0.338369,True,,0.690065,True,,0.741484,True,,-0.01712,False,,,,
cand_062,actionable,[*:2]c1nnn([*:1])n1,[*:1]NNn1nnnc1[*:2],azole_ring,hydrazo,linker,False,*NNn1nnnc1*||*c1nnn(*)n1,0.363514,386,386,3.9581,3.9581,6,0,False,False,0.938024,True,,0.350252,True,,0.0500214,True,,1.58906,True,,0.588806,True,,0.441934,True,,0.179119,True,,,,
cand_062,actionable,[*:2]c1nnnn1[*:1],[*:1]N=Nn1nnc([*:2])n1,azole_ring,azo,linker,False,*N=Nn1nnc(*)n1||*c1nnnn1*,0.355887,402,402,3.93208,3.93208,6,0,False,False,1.17085,True,,0.536145,True,,0.333633,True,,0.916776,True,,0.52508,True,,0.449589,True,,-0.0634601,False,,,,
cand_062,actionable,[*:1]NN[*:2],[*:1]N=[N+]([*:2])[O-],hydrazo,azoxy,linker,False,*N=[N+](*)[O-]||*NN*,0.149114,4015,4015,3.91186,3.91186,6,0,False,False,0.326838,True,,1.05673,True,,0.815419,True,,0.274361,True,,0.689952,True,,0.748555,True,,0.0589066,True,,,,
cand_062,actionable,[*:1]c1nnn([*:2])n1,[*:1]N=Nc1nnn([*:2])n1,azole_ring,azo,linker,False,*N=Nc1nnn(*)n1||*c1nnn(*)n1,0.359132,350,350,3.90856,3.90856,6,0,False,False,1.18334,True,,0.547374,True,,0.349104,True,,0.932112,True,,0.490401,True,,0.406235,True,,0.040073,False,,,,
cand_062,actionable,[*:1]c1nnn(N)n1,[*:1]n1nnc(N=[N+]=[N-])n1,azole_ring,azide,scaffold,False,*c1nnn(N)n1||*n1nnc(N=[N+]=[N-])n1,0.397906,209,209,3.84714,3.84714,6,0,False,False,1.46913,True,,0.842138,True,,0.647685,True,,0.34107,True,,0.296733,True,,0.250384,True,,0.0669286,False,,,,
cand_062,actionable,[*:1]NNc1nnnn1[*:2],[*:1]N=[N+]([O-])c1nnnn1[*:2],hydrazo,azoxy,linker,False,*N=[N+]([O-])c1nnnn1*||*NNc1nnnn1*,0.384287,214,214,3.75585,3.75585,6,0,False,False,0.362753,True,,1.01537,True,,0.760783,True,,0.258081,True,,0.644325,True,,0.714542,True,,-0.0713196,False,,,,
cand_062,actionable,[*:1]c1nnnn1[*:2],[*:1]N=Nc1nnnn1[*:2],azole_ring,azo,linker,False,*N=Nc1nnnn1*||*c1nnnn1*,0.351097,336,336,3.75447,3.75447,6,0,False,False,1.17631,True,,0.503957,True,,0.330506,True,,0.868255,True,,0.473577,True,,0.401863,True,,0.159668,True,,,,
cand_062,actionable,[*:1]NNc1nnn([*:2])n1,[*:2]n1nnc(N=[N+]([*:1])[O-])n1,hydrazo,azoxy,linker,False,*NNc1nnn(*)n1||*n1nnc(N=[N+](*)[O-])n1,0.39045,231,231,3.75314,3.75314,6,0,False,False,0.31684,True,,1.02059,True,,0.789767,True,,0.208524,True,,0.675028,True,,0.742398,True,,0.276512,True,,,,
cand_062,actionable,[*:1]NNc1nnnn1[*:2],[*:2]n1nnnc1N=[N+]([*:1])[O-],hydrazo,azoxy,linker,False,*NNc1nnnn1*||*n1nnnc1N=[N+](*)[O-],0.385542,120,120,3.70025,3.70025,6,0,False,False,0.375266,True,,1.01536,True,,0.765685,True,,0.239057,True,,0.618406,True,,0.686471,True,,0.237506,True,,,,
cand_062,actionable,[*:1]NNc1nnnn1[*:2],[*:1]N=[N+]([O-])n1nnnc1[*:2],hydrazo,azoxy,linker,False,*N=[N+]([O-])n1nnnc1*||*NNc1nnnn1*,0.38066,248,248,3.66878,3.66878,6,0,False,True,0.361869,True,11.5492,1.0013,True,206.187,0.755963,True,15.9524,0.251813,True,-0.0576,0.616857,True,0.0654266,0.680978,True,1.00559,-0.0748014,False,-106.867,,,
cand_062,actionable,[*:2]c1nnnn1[*:1],[*:1]NNn1nnnc1[*:2],azole_ring,hydrazo,linker,False,*NNn1nnnc1*||*c1nnnn1*,0.35995,369,369,3.64902,3.64902,6,0,False,False,0.89669,True,,0.272185,True,,0.0281111,True,,1.47287,True,,0.55144,True,,0.42772,True,,0.0963791,True,,,,
cand_062,actionable,[*:1]c1nnnn1[*:2],[*:1]N=Nc1nnn([*:2])n1,azole_ring,azo,linker,False,*N=Nc1nnn(*)n1||*c1nnnn1*,0.356667,329,329,3.62297,3.62297,6,0,False,False,1.12524,True,,0.47018,True,,0.353315,True,,0.823885,True,,0.464077,True,,0.38627,True,,0.0930074,True,,,,
cand_062,actionable,[*:2]c1nnn([*:1])n1,[*:1]NNc1nnnn1[*:2],azole_ring,hydrazo,linker,False,*NNc1nnnn1*||*c1nnn(*)n1,0.353325,340,340,3.53394,3.53394,6,0,False,False,0.88454,True,,0.238912,True,,0.0334778,True,,1.43352,True,,0.53368,True,,0.40981,True,,0.0617399,False,,,,
cand_062,actionable,[*:1]NNc1nnnn1[*:2],[*:1]N=[N+]([O-])n1nnc([*:2])n1,hydrazo,azoxy,linker,False,*N=[N+]([O-])n1nnc(*)n1||*NNc1nnnn1*,0.385857,236,236,3.53371,3.53371,6,0,False,False,0.323345,True,,0.978208,True,,0.768124,True,,0.211525,True,,0.597316,True,,0.655192,True,,-0.173923,True,,,,
cand_062,actionable,[*:1]c1nnnn1[*:2],[*:1]N=Nn1nnnc1[*:2],azole_ring,azo,linker,False,*N=Nn1nnnc1*||*c1nnnn1*,0.354557,319,319,3.49741,3.49741,6,0,False,False,1.09274,True,,0.42757,True,,0.346433,True,,0.758009,True,,0.470057,True,,0.402601,True,,0.219847,True,,,,
cand_062,actionable,[*:1]NNc1nnnn1[*:2],[*:2]n1nnc(N=[N+]([*:1])[O-])n1,hydrazo,azoxy,linker,False,*NNc1nnnn1*||*n1nnc(N=[N+](*)[O-])n1,0.383099,238,238,3.46695,3.46695,6,0,False,False,0.2865,True,,0.905599,True,,0.762232,True,,0.164457,True,,0.636924,True,,0.711233,True,,0.199321,True,,,,
cand_062,actionable,[*:2]c1nnn([*:1])n1,[*:1]NNn1nnc([*:2])n1,azole_ring,hydrazo,linker,False,*NNn1nnc(*)n1||*c1nnn(*)n1,0.360374,429,429,3.41725,3.41725,6,0,False,False,0.86855,True,,0.257969,True,,0.0453302,True,,1.43395,True,,0.479044,True,,0.332408,True,,-0.203337,True,,,,
cand_062,actionable,[*:2]c1nnnn1[*:1],[*:1]NNc1nnnn1[*:2],azole_ring,hydrazo,linker,False,*NNc1nnnn1*||*c1nnnn1*,0.357605,308,308,3.39303,3.39303,6,0,False,False,0.844118,True,,0.200872,True,,0.0369562,True,,1.37573,True,,0.528407,True,,0.406946,True,,-0.0578213,False,,,,
cand_062,actionable,[*:2]c1nnn([*:1])n1,[*:1]NNc1nnn([*:2])n1,azole_ring,hydrazo,linker,False,*NNc1nnn(*)n1||*c1nnn(*)n1,0.357457,302,302,3.29623,3.29623,6,0,False,False,0.845114,True,,0.211921,True,,0.0430512,True,,1.37479,True,,0.47719,True,,0.344168,True,,0.0342877,False,,,,
cand_062,actionable,[*:1]c1nnn([*:2])n1,[*:1]N=Nn1nnc([*:2])n1,azole_ring,azo,linker,False,*N=Nn1nnc(*)n1||*c1nnn(*)n1,0.355385,330,330,3.29485,3.29485,6,0,False,False,1.08009,True,,0.405756,True,,0.332178,True,,0.731677,True,,0.409408,True,,0.335746,True,,-0.179887,True,,,,
cand_062,actionable,[*:2]c1nnnn1[*:1],[*:1]NNn1nnc([*:2])n1,azole_ring,hydrazo,linker,False,*NNn1nnc(*)n1||*c1nnnn1*,0.361736,393,393,3.28999,3.28999,6,0,False,False,0.833756,True,,0.207705,True,,0.0440876,True,,1.38185,True,,0.481115,True,,0.341475,True,,-0.243635,True,,,,
cand_062,actionable,[*:1]c1nnn([*:2])n1,[*:1]NNn1nnnc1[*:2],azole_ring,hydrazo,linker,False,*NNn1nnnc1*||*c1nnn(*)n1,0.357043,365,365,3.13594,3.13594,6,0,False,False,0.826481,True,,0.183081,True,,0.0505623,True,,1.33815,True,,0.438654,True,,0.299012,True,,-0.0474263,False,,,,
cand_062,actionable,[*:1]c1nnnn1[*:2],[*:1]N=Nn1nnc([*:2])n1,azole_ring,azo,linker,False,*N=Nn1nnc(*)n1||*c1nnnn1*,0.351134,325,325,3.02894,3.02894,6,0,False,False,1.03313,True,,0.332837,True,,0.326176,True,,0.62886,True,,0.384432,True,,0.323499,True,,0.0338713,False,,,,
cand_062,actionable,[*:2]c1nnnn1[*:1],[*:1]NNc1nnn([*:2])n1,azole_ring,hydrazo,linker,False,*NNc1nnn(*)n1||*c1nnnn1*,0.354073,326,326,2.92851,2.92851,6,0,False,False,0.787273,True,,0.125173,True,,0.0243631,True,,1.22938,True,,0.436184,True,,0.326137,True,,-0.0216373,False,,,,
cand_062,actionable,[*:1]c1nnnn1[*:2],[*:1]NNn1nnnc1[*:2],azole_ring,hydrazo,linker,False,*NNn1nnnc1*||*c1nnnn1*,0.353396,307,307,2.84277,2.84277,6,0,False,False,0.765018,True,,0.0848097,True,,0.0448634,True,,1.22263,True,,0.42504,True,,0.30041,True,,-0.0312679,False,,,,
cand_062,actionable,[*:1]c1nnn([*:2])n1,[*:1]NNc1nnnn1[*:2],azole_ring,hydrazo,linker,False,*NNc1nnnn1*||*c1nnn(*)n1,0.356148,336,336,2.73736,2.73736,6,0,False,False,0.743623,True,,0.0703049,True,,0.0427286,True,,1.17605,True,,0.412791,True,,0.291862,True,,-0.0271239,False,,,,
cand_062,actionable,[*:1]c1nnn([*:2])n1,[*:1]NNn1nnc([*:2])n1,azole_ring,hydrazo,linker,False,*NNn1nnc(*)n1||*c1nnn(*)n1,0.354712,335,335,2.57495,2.57495,6,0,False,False,0.753706,True,,0.0800358,True,,0.0327345,True,,1.18342,True,,0.3302,True,,0.194851,True,,-0.307741,True,,,,
cand_062,actionable,[*:1]c1nnnn1[*:2],[*:1]NNc1nnnn1[*:2],azole_ring,hydrazo,linker,False,*NNc1nnnn1*||*c1nnnn1*,0.352717,357,357,2.45199,2.43486,5,0,False,False,0.693648,True,,-0.0171293,False,,0.030827,True,,1.06987,True,,0.381362,True,,0.276284,True,,-0.0595134,False,,,,
cand_062,actionable,[*:1]c1nnn([*:2])n1,[*:1]NNc1nnn([*:2])n1,azole_ring,hydrazo,linker,False,*NNc1nnn(*)n1||*c1nnn(*)n1,0.350426,329,329,2.37486,2.37486,6,0,False,False,0.713205,True,,0.0268665,True,,0.0205211,True,,1.08548,True,,0.323148,True,,0.205645,True,,-0.209807,True,,,,
cand_062,actionable,[*:1]c1nnnn1[*:2],[*:1]NNn1nnc([*:2])n1,azole_ring,hydrazo,linker,False,*NNn1nnc(*)n1||*c1nnnn1*,0.352662,318,318,2.24338,2.23116,5,0,False,False,0.681101,True,,-0.0122265,False,,0.0338148,True,,1.04967,True,,0.301504,True,,0.177294,True,,-0.248633,True,,,,
cand_062,actionable,[*:1]c1nnn([*:2])n1,[*:2]c1nnn(N[N+](=O)[O-])c1[*:1],azole_ring,nitramine,linker,False,*c1nnn(*)n1||*c1nnn(N[N+](=O)[O-])c1*,0.416782,335,335,1.85304,1.85304,6,0,False,False,0.0511008,True,,0.526783,True,,0.350804,True,,0.12756,True,,0.372822,True,,0.423975,True,,-0.409976,True,,,,
cand_062,actionable,[*:1]c1nnn([*:2])n1,[*:1]c1nnn(N[N+](=O)[O-])c1[*:2],azole_ring,nitramine,linker,False,*c1nnn(*)n1||*c1nnn(N[N+](=O)[O-])c1*,0.406666,404,404,1.5689,1.5689,6,0,False,False,0.0474787,True,,0.434563,True,,0.292453,True,,0.0733892,True,,0.333097,True,,0.387919,True,,-0.431373,True,,,,
cand_062,actionable,[*:1]c1nnnn1[*:2],[*:1]c1nnn(N[N+](=O)[O-])c1[*:2],azole_ring,nitramine,linker,False,*c1nnn(N[N+](=O)[O-])c1*||*c1nnnn1*,0.412549,385,385,1.50783,1.54167,4,0,False,False,0.0006166,False,,0.433216,True,,0.343985,True,,0.0332176,False,,0.340516,True,,0.390115,True,,-0.462432,True,,,,
cand_062,actionable,[*:2]c1nnnn1[*:1],[*:1]c1nnn(N[N+](=O)[O-])c1[*:2],azole_ring,nitramine,linker,False,*c1nnn(N[N+](=O)[O-])c1*||*c1nnnn1*,0.410514,341,341,1.33352,1.28057,4,0,False,False,-0.0166058,False,,0.396025,True,,0.315102,True,,-0.0363459,False,,0.285464,True,,0.336933,True,,-0.491826,True,,,,
cand_062,actionable,[*:1]Nc1nnn([*:2])n1,[*:1]Nn1nnnc1[*:2],azole_ring,azole_ring,linker,False,*Nc1nnn(*)n1||*Nn1nnnc1*,0.296781,590,590,0.586504,0.586504,5,0,False,False,0.112857,True,,0.133311,True,,-1.00442e-18,False,,0.194414,True,,0.0770241,True,,0.068899,True,,0.0758934,True,,,,
cand_062,actionable,[*:1]NNc1nnn([*:2])n1,[*:1]NNn1nnnc1[*:2],hydrazo,hydrazo,linker,False,*NNc1nnn(*)n1||*NNn1nnnc1*,0.353525,331,331,0.524164,0.524164,5,0,False,False,0.0855983,True,,0.103341,True,,-1.79035e-18,False,,0.158828,True,,0.088843,True,,0.087554,True,,0.116797,True,,,,
cand_062,actionable,[*:1]Nc1nnn([*:2])n1,[*:1]Nc1nnnn1[*:2],azole_ring,azole_ring,linker,False,*Nc1nnn(*)n1||*Nc1nnnn1*,0.296477,606,606,0.357168,0.357168,5,0,False,True,0.0518527,True,3.06852,0.0596833,True,13.6896,0,False,0,0.088328,True,0.0123,0.0743302,True,0.0918315,0.082974,True,0.943215,0.152069,True,-83.8371,,,
cand_062,actionable,[*:1]NNc1nnn([*:2])n1,[*:1]NNc1nnnn1[*:2],hydrazo,hydrazo,linker,False,*NNc1nnn(*)n1||*NNc1nnnn1*,0.358294,324,324,0.34326,0.34326,5,0,False,True,0.0475121,True,3.06852,0.0568088,True,13.6896,0,False,0,0.0882654,True,0.0123,0.0730358,True,0.0918315,0.0776379,True,0.943215,0.150102,True,-83.8371,,,
cand_062,actionable,[*:1]c1nnn([*:2])n1,[*:2]c1nnnn1[*:1],azole_ring,azole_ring,linker,False,*c1nnn(*)n1||*c1nnnn1*,0.257644,2457,2457,0.31729,0.31729,5,0,False,True,0.0573355,True,3.06852,0.0696148,True,13.6896,-2.41191e-19,False,0,0.100322,True,0.0123,0.0464741,True,0.0918315,0.0435433,True,0.943215,0.109291,True,-83.8371,,,
cand_062,actionable,[*:1]Nc1nnn([*:2])n1,[*:1]Nn1nnc([*:2])n1,azole_ring,azole_ring,linker,False,*Nc1nnn(*)n1||*Nn1nnc(*)n1,0.294748,550,550,0.313818,0.313818,5,0,False,False,0.0666932,True,,0.0817783,True,,0,False,,0.121744,True,,0.0272393,True,,0.016363,True,,-0.116371,True,,,,
cand_062,actionable,[*:1]c1nnn([*:2])n1,[*:1]c1nnnn1[*:2],azole_ring,azole_ring,linker,False,*c1nnn(*)n1||*c1nnnn1*,0.258151,2833,2833,0.304252,0.304252,5,0,False,True,0.0551249,True,3.06852,0.0662557,True,13.6896,0,False,0,0.0947991,True,0.0123,0.0449933,True,0.0918315,0.0430791,True,0.943215,0.118519,True,-83.8371,,,
cand_062,actionable,[*:1]c1nnn(N)n1,[*:1]c1nnnn1N,azole_ring,azole_ring,scaffold,False,*c1nnn(N)n1||*c1nnnn1N,0.332213,247,247,0.294968,0.294968,5,0,False,True,0.0442575,True,3.06852,0.0571221,True,13.6896,0,False,0,0.0870891,True,0.0123,0.0533213,True,0.0918315,0.0531775,True,0.943215,0.368452,True,-83.8371,,,
cand_062,actionable,[*:1]NNc1nnnn1[*:2],[*:1]NNn1nnnc1[*:2],hydrazo,hydrazo,linker,False,*NNc1nnnn1*||*NNn1nnnc1*,0.353639,345,345,0.286238,0.295714,4,0,False,True,0.0646865,True,-8.20084,0.0784278,True,-36.5864,0,False,0,0.12108,True,-0.0329,0.0220436,True,-0.14278,0.009476,False,-1.36135,-0.0180254,False,-37.2354,,,
cand_062,actionable,[*:1]Nc1nnnn1[*:2],[*:1]Nn1nnnc1[*:2],azole_ring,azole_ring,linker,False,*Nc1nnnn1*||*Nn1nnnc1*,0.295245,593,593,0.26645,0.260235,3,0,False,True,0.0673813,True,-8.20084,0.0806674,True,-36.5864,0,False,0,0.118401,True,-0.0329,0.00547648,False,-0.14278,-0.0116915,False,-1.36135,-0.0768478,True,-37.2354,,,
cand_062,actionable,[*:1]c1nnnn1[*:2],[*:2]c1nnnn1[*:1],azole_ring,azole_ring,linker,False,*c1nnnn1*||*c1nnnn1*,0.258476,1293,1293,0.21802,0.21802,5,0,False,True,0.0300112,True,-8.20084,0.0417528,True,-36.5864,0,False,0,0.057483,True,-0.0329,0.0430979,True,-0.14278,0.0456756,True,-1.36135,-0.0465583,True,-37.2354,,,
cand_062,actionable,[*:1]NNc1nnn([*:2])n1,[*:1]NNn1nnc([*:2])n1,hydrazo,hydrazo,linker,False,*NNc1nnn(*)n1||*NNn1nnc(*)n1,0.352913,315,315,0.1812,0.200351,3,0,False,False,0.0406317,True,,0.0529851,True,,0,False,,0.087583,True,,0.0149176,False,,0.00423405,False,,-0.179545,True,,,,
cand_062,actionable,[*:1]c1nnn([*:2])n1,[*:2]c1nnn([*:1])n1,azole_ring,azole_ring,linker,False,*c1nnn(*)n1||*c1nnn(*)n1,0.260615,1165,1165,0.0453822,0.0112472,2,0,False,False,-0.00809051,False,,-0.00850428,False,,0,False,,-0.0175402,False,,0.0185507,True,,0.0268315,True,,0.0700273,True,,,,
