fragment,chemotype,layer,n_attach,frag_heavy,n_total_pairs,n_contexts,A_Hf,s_Hf,n_Hf,fpos_Hf,t_Hf,A_Q,s_Q,n_Q,fpos_Q,t_Q,A_OBgood,s_OBgood,n_OBgood,fpos_OBgood,t_OBgood,A_Pe,s_Pe,n_Pe,fpos_Pe,t_Pe,A_D,s_D,n_D,fpos_D,t_D,A_P,s_P,n_P,fpos_P,t_P,A_IS,s_IS,n_IS,fpos_IS,t_IS
[*:1]c1c(N)nnn1[*:2],azole_ring,linker,2,6,47154,2997,1.45958,36.8463,47154,0.618929,8.60186,-55.8238,117.267,47154,0.352717,-103.372,-7.4104,12.9814,47154,0.208848,-123.96,0.0120415,0.0640535,47154,0.560843,40.8221,-0.0603117,0.330916,47154,0.403126,-39.5771,-0.630609,2.6882,47154,0.381495,-50.9398,14.1698,92.6633,47154,0.582347,33.206
[*:1]c1c(C)nnn1[*:2],azole_ring,linker,2,6,46662,2966,-8.00582,36.4376,46662,0.45611,-47.4611,-80.5189,120.363,46662,0.284771,-144.506,-23.2643,13.3119,46662,0,-377.514,-0.0163426,0.0632683,46662,0.391218,-55.7978,-0.525665,0.332365,46662,0.115147,-341.645,-4.54482,2.74136,46662,0.107925,-358.124,30.8595,101.784,46662,0.648065,65.4923
[*:1]c1c(O)nnn1[*:2],azole_ring,linker,2,6,46318,3002,-36.0739,36.2137,46318,0.125545,-214.385,-11.7045,115.443,46318,0.46021,-21.8203,2.38601,13.0115,46318,0.461505,39.4658,-0.0253346,0.0615271,46318,0.332765,-88.618,0.0230807,0.331017,46318,0.522907,15.0063,0.319803,2.69685,46318,0.542251,25.5211,-14.1604,93.185,46318,0.432834,-32.7043
[*:1]c1c(N=[N+]=[N-])nnn1[*:2],azide,linker,2,8,45329,2915,82.8697,35.5659,45329,0.959143,496.077,90.7907,114.379,45329,0.759911,168.999,3.82226,13.0935,45329,0.522646,62.1514,0.0548211,0.06342,45329,0.80004,184.039,0.113943,0.338283,45329,0.605153,71.7126,0.610932,2.74017,45329,0.576673,47.4683,-13.4822,94.4932,45329,0.44669,-30.3771
[*:1]c1c([N+](=O)[O-])nnn1[*:2],nitro,linker,2,8,45162,2952,6.56831,36.6522,45162,0.688411,38.0837,156.962,122.616,45162,0.945463,272.041,15.8148,13.3658,45162,0.83816,251.453,0.0577708,0.0626915,45162,0.827798,195.833,0.408742,0.332011,45162,0.921638,261.627,3.44964,2.71214,45162,0.918892,270.302,-34.056,94.7714,45162,0.325938,-76.3666
[*:1]c1cnn([*:2])n1,azole_ring,linker,2,5,44909,2913,-3.01736,36.6407,44909,0.546683,-17.4514,-1.49594,116.624,44909,0.500367,-2.71827,-7.73807,13.3039,44909,0.210247,-123.259,0.00899432,0.0624853,44909,0.53791,30.504,-0.1609,0.332416,44909,0.266717,-102.575,-1.52319,2.69698,44909,0.23247,-119.686,6.21639,96.0338,44909,0.540938,13.7177
[*:1]c1nc([*:2])n(C)n1,azole_ring,linker,2,6,44760,3273,-43.0679,36.3842,44760,0.0681412,-250.43,-215.429,122.665,44760,0.00507149,-371.559,-23.2554,13.4164,44760,0,-366.719,-0.123145,0.0648509,44760,0.0113494,-401.741,-0.707904,0.337448,44760,0.0090706,-443.826,-5.56952,2.75107,44760,0.0154155,-428.313,51.8648,118.753,44760,0.694861,92.4005
[*:1]c1n[nH]c([*:2])n1,azole_ring,linker,2,5,44740,3241,-37.9441,36.6509,44740,0.101453,-218.982,-147.094,121.174,44740,0.0991954,-256.765,-8.01728,13.4652,44740,0.207622,-125.94,-0.101785,0.0652009,44740,0.0473402,-330.2,-0.281365,0.343745,44740,0.161645,-173.134,-1.96975,2.75442,44740,0.185203,-151.262,-8.03202,97.7982,44740,0.47823,-17.3717
[*:1]c1c(N[N+](=O)[O-])nnn1[*:2],nitramine,linker,2,9,44530,2850,15.8769,35.9297,44530,0.793645,93.248,121.655,119.098,44530,0.855558,215.552,14.6145,13.3135,44530,0.75174,231.643,0.0690329,0.0601482,44530,0.898922,242.192,0.406429,0.327363,44530,0.925556,261.988,3.37498,2.67836,44530,0.917067,265.906,-46.1389,94.2623,44530,0.280732,-103.289
[*:1]c1cn([*:2])nn1,azole_ring,linker,2,5,44267,2951,0.49298,36.5523,44267,0.602413,2.83763,11.4729,117.192,44267,0.540809,20.5974,-7.78377,13.3342,44267,0.205977,-122.818,0.0199823,0.0632632,44267,0.605372,66.4561,-0.131953,0.332735,44267,0.306865,-83.4373,-1.30968,2.70296,44267,0.266451,-101.945,11.0858,94.9915,44267,0.561592,24.5541
[*:1]c1nc([*:2])n(N)n1,azole_ring,linker,2,6,44238,3271,-14.0694,36.6712,44238,0.383833,-80.695,-115.501,115.632,44238,0.169967,-210.09,-7.58429,13.0594,44238,0.200145,-122.149,-0.0361312,0.0610263,44238,0.288982,-124.527,-0.141802,0.329664,44238,0.289706,-90.4706,-1.1286,2.69031,44238,0.290926,-88.2344,17.27,94.697,44238,0.601248,38.3579
[*:1]c1cnnn1[*:2],azole_ring,linker,2,5,44116,2951,2.83926,36.6773,44116,0.644732,16.2594,21.8228,116.857,44116,0.576004,39.2241,-7.90071,13.2964,44116,0.206864,-124.804,0.026796,0.0627066,44116,0.653912,89.754,-0.126544,0.333029,44116,0.316098,-79.8103,-1.29412,2.70885,44116,0.270877,-100.344,9.088,93.3236,44116,0.54708,20.4538
[*:1]c1nc([*:2])n(N=[N+]=[N-])n1,azide,linker,2,8,43707,3232,71.4779,36.0416,43707,0.913858,414.614,50.5841,111.548,43707,0.614821,94.804,3.36911,13.0869,43707,0.501727,53.8213,0.0263063,0.0608727,43707,0.618871,90.3468,0.0705933,0.334147,43707,0.545199,44.1673,0.357498,2.72561,43707,0.530052,27.4212,28.1463,106.087,43707,0.638799,55.4668
[*:1]c1nc([*:2])n(O)n1,azole_ring,linker,2,6,42937,3263,-37.9315,36.4581,42937,0.0934858,-215.587,-19.4594,112.233,42937,0.439248,-35.9272,2.00085,13.026,42937,0.436453,31.8288,-0.0302023,0.0596015,42937,0.305634,-105.002,0.0278757,0.330273,42937,0.514917,17.4891,0.403561,2.70718,42937,0.547593,30.8893,-18.3252,93.8858,42937,0.430631,-40.445
[*:1]c1nc([*:2])n([N+](=O)[O-])n1,nitro,linker,2,8,41992,3182,-13.0178,36.9546,41992,0.395051,-72.1861,88.6456,120.625,41992,0.708516,150.592,15.2365,13.3687,41992,0.829182,233.551,0.0108326,0.062125,41992,0.516527,35.7313,0.310573,0.333335,41992,0.763431,190.926,2.73337,2.73292,41992,0.791198,204.954,-19.4856,92.1307,41992,0.41496,-43.3403
[*:1]c1nc(C)n([*:2])n1,azole_ring,linker,2,6,41842,3009,-30.5005,36.5295,41842,0.169782,-170.793,-168.474,122.053,41842,0.0509058,-282.352,-23.4818,13.2637,41842,0,-362.136,-0.0850204,0.0649703,41842,0.0842933,-267.679,-0.651812,0.330606,41842,0.0343674,-403.291,-5.28244,2.70095,41842,0.0361837,-400.06,43.9106,122.211,41842,0.671072,73.4964
[*:1]c1nc(C)nn1[*:2],azole_ring,linker,2,6,41823,3006,-29.179,36.3779,41823,0.180499,-164.037,-164.243,122.857,41823,0.0605887,-273.398,-23.5396,13.1652,41823,0,-365.663,-0.0820463,0.0653897,41823,0.0963346,-256.6,-0.655277,0.327298,41823,0.031179,-409.439,-5.33877,2.68719,41823,0.0305095,-406.303,34.3719,109.614,41823,0.653564,64.1276
[*:1]c1nc([*:2])n(N[N+](=O)[O-])n1,nitramine,linker,2,9,41687,3098,-0.0603302,36.1252,41687,0.583851,-0.340977,68.3446,117.187,41687,0.64327,119.077,14.2063,13.3742,41687,0.740087,216.878,0.0311057,0.059277,41687,0.648548,107.14,0.308742,0.32999,41687,0.765466,191.027,2.58899,2.71196,41687,0.77084,194.916,-48.8773,95.5298,41687,0.27042,-104.464
[*:1]c1nnn([*:2])n1,azole_ring,linker,2,5,41666,9799,5.7861,37.786,41666,0.638146,31.2569,32.9284,114.064,41666,0.576201,58.9267,5.86011,12.812,41666,0.548433,93.364,0.0391662,0.0766335,41666,0.696851,104.324,0.143494,0.346738,41666,0.585009,84.4742,1.03748,2.75925,41666,0.579537,76.7501,-17.1306,89.4427,41666,0.408103,-39.0948
[*:1]c1nc(N)n([*:2])n1,azole_ring,linker,2,6,40975,2998,-23.8316,37.0798,40975,0.245686,-130.1,-153.856,117.173,40975,0.0761196,-265.795,-7.79486,12.9037,40975,0.199341,-122.28,-0.0650481,0.0638918,40975,0.158731,-206.086,-0.189896,0.327299,40975,0.232776,-117.444,-1.39904,2.66177,40975,0.251202,-106.395,20.2505,96.4194,40975,0.611568,42.5139
[*:1]c1nc(N)nn1[*:2],azole_ring,linker,2,6,40507,2954,-21.2923,37.0753,40507,0.276421,-115.585,-144.022,118.459,40507,0.0993162,-244.695,-7.75663,12.9255,40507,0.201323,-120.779,-0.0580027,0.0646049,40507,0.189547,-180.696,-0.204255,0.328479,40507,0.216827,-125.15,-1.58579,2.66724,40507,0.22369,-119.659,16.6216,89.9744,40507,0.606389,37.1808
[*:1]c1nc(N=[N+]=[N-])n([*:2])n1,azide,linker,2,8,39995,2958,60.725,36.4909,39995,0.87871,332.802,11.335,110.976,39995,0.504163,20.4266,3.28648,12.9349,39995,0.502713,50.8125,-0.00262594,0.0598883,39995,0.44058,-8.76891,0.00407913,0.326959,39995,0.465133,2.49504,-0.124822,2.67502,39995,0.448831,-9.33185,33.1629,104.032,39995,0.657232,63.7511
[*:1]c1nc(N=[N+]=[N-])nn1[*:2],azide,linker,2,8,39891,2946,61.3666,36.5205,39891,0.881377,335.608,12.093,111.46,39891,0.508711,21.6696,3.33316,12.9617,39891,0.509564,51.3607,-0.00275502,0.0599644,39891,0.443759,-9.17632,0.00400966,0.327305,39891,0.464942,2.44677,-0.125838,2.68399,39891,0.449801,-9.36412,-15.4517,95.9357,39891,0.439974,-32.1687
[*:1]c1nc(O)n([*:2])n1,azole_ring,linker,2,6,39416,2999,-60.6171,35.7416,39416,0.0110869,-336.711,-108.256,112.84,39416,0.182337,-190.471,2.09866,12.9665,39416,0.448194,32.1332,-0.0959313,0.0618461,39416,0.055891,-307.953,-0.108002,0.333577,39416,0.346382,-64.2791,-0.510303,2.72277,39416,0.399178,-37.2094,-16.2447,93.4897,39416,0.441724,-34.4973
[*:1]c1nc(O)nn1[*:2],azole_ring,linker,2,6,38774,3003,-59.7898,35.6244,38774,0.010703,-330.484,-105.763,113.73,38774,0.192603,-183.116,2.14517,13.0901,38774,0.451282,32.2692,-0.094179,0.0626775,38774,0.0639088,-295.878,-0.11876,0.334962,38774,0.335586,-69.8144,-0.630413,2.7185,38774,0.381802,-45.6633,-20.1086,91.5731,38774,0.406896,-43.2398
[*:1][H],other,substituent,1,0,38630,29950,-10.8321,34.7252,38630,0.391665,-61.3097,-56.9008,133.59,38630,0.385478,-83.7159,-11.2588,15.3826,38630,0.221046,-143.855,-0.0195637,0.0597822,38630,0.412684,-64.3195,-0.246766,0.36008,38630,0.173207,-134.694,-2.12696,2.9169,38630,0.168496,-143.318,19.9081,91.0554,38630,0.611649,42.9721
[*:1]c1nc([N+](=O)[O-])nn1[*:2],nitro,linker,2,8,38394,2968,-11.9701,36.458,38394,0.401104,-64.3334,92.1751,119.377,38394,0.730687,151.295,15.6131,13.3247,38394,0.838881,229.596,0.0117893,0.0603344,38394,0.523754,38.2872,0.31695,0.329355,38394,0.778299,188.564,2.79191,2.69973,38394,0.806428,202.634,-22.6832,95.3389,38394,0.395478,-46.6193
[*:1]c1nc(N[N+](=O)[O-])nn1[*:2],nitramine,linker,2,9,38302,2845,-3.33765,36.7757,38302,0.532296,-17.7619,56.2709,116.148,38302,0.60848,94.8165,14.1987,13.2873,38302,0.74594,209.133,0.0227917,0.0590524,38302,0.596783,75.5352,0.308635,0.32435,38302,0.767062,186.227,2.64595,2.66259,38302,0.781474,194.486,-32.4578,90.8064,38302,0.347162,-69.9541
[*:1][N+](=O)[O-],nitro,substituent,1,3,38259,30019,-0.511584,36.1643,38259,0.644816,-2.76696,160.388,110.45,38259,0.989127,284.035,19.4938,12.9529,38259,0.966805,294.371,0.0500422,0.052856,38259,0.798819,185.186,0.452408,0.303275,38259,0.92292,291.783,3.84387,2.44867,38259,0.928252,307.047,-40.4401,93.4149,38259,0.288481,-84.6765
[*:1]c1nc(N[N+](=O)[O-])n([*:2])n1,nitramine,linker,2,9,38070,2843,-3.20262,36.4862,38070,0.534778,-17.1265,55.3703,116.221,38070,0.604255,92.9572,14.0282,13.2315,38070,0.73814,206.863,0.0226086,0.0591034,38070,0.593354,74.6368,0.311757,0.32454,38070,0.778671,187.43,2.68906,2.66923,38070,0.798371,196.565,-34.8762,92.58,38070,0.338245,-73.5026
[*:1]c1ncn([*:2])n1,azole_ring,linker,2,5,37768,2954,-19.0611,36.1252,37768,0.301975,-102.541,-68.5987,118.006,37768,0.320933,-112.973,-7.91132,13.3058,37768,0.206259,-115.55,-0.042306,0.0622719,37768,0.253601,-132.03,-0.249912,0.334272,37768,0.175731,-145.294,-2.06243,2.69797,37768,0.168926,-148.56,17.2654,98.8663,37768,0.599476,33.9383
[*:1]c1nc([N+](=O)[O-])n([*:2])n1,nitro,linker,2,8,37688,2916,-8.54357,36.2838,37688,0.447782,-45.7118,102.738,119.487,37688,0.777197,166.921,15.4089,13.3542,37688,0.83313,224.004,0.0199925,0.06032,37688,0.57976,64.3439,0.315038,0.330326,37688,0.777781,185.149,2.71911,2.70631,37688,0.795028,195.052,-33.2413,92.5669,37688,0.319226,-69.7147
[*:1]c1nn([*:2])nc1C,azole_ring,linker,2,6,37638,2990,-15.8534,36.377,37638,0.342765,-84.5492,-110.269,118.367,37638,0.185823,-180.732,-23.3604,13.2098,37638,0,-343.081,-0.0393307,0.0619569,37638,0.261704,-123.156,-0.582181,0.328095,37638,0.0824167,-344.248,-4.94497,2.71859,37638,0.0734896,-352.884,31.5029,111.751,37638,0.644614,54.6905
[*:1]c1nn([*:2])nc1N,azole_ring,linker,2,6,37437,2999,-7.15445,36.9376,37437,0.479472,-37.4764,-87.5129,115.83,37437,0.251169,-146.185,-7.71691,12.9898,37437,0.198841,-114.945,-0.0133971,0.0625571,37437,0.40305,-41.4366,-0.115072,0.330847,37437,0.32126,-67.2964,-1.00858,2.69586,37437,0.310922,-72.3879,12.1144,92.153,37437,0.584422,25.4357
[*:1]c1nn([*:2])nc1N=[N+]=[N-],azide,linker,2,8,36909,2976,76.3902,36.0889,36909,0.925113,406.659,68.0003,113.541,36909,0.66561,115.06,3.55713,12.9561,36909,0.511772,52.7464,0.0383106,0.0624495,36909,0.692731,117.857,0.0716896,0.332387,36909,0.547671,41.436,0.291728,2.69335,36909,0.519087,20.809,11.4844,100.791,36909,0.567585,21.8902
[*:1]c1ncnn1[*:2],azole_ring,linker,2,5,36843,2922,-18.1262,36.3077,36843,0.315745,-95.8262,-63.7159,118.958,36843,0.33716,-102.809,-7.97135,13.3615,36843,0.206389,-114.513,-0.0394803,0.0630052,36843,0.275873,-120.277,-0.252558,0.336332,36843,0.17466,-144.136,-2.09629,2.71031,36843,0.168363,-148.46,10.6715,97.0296,36843,0.56776,21.1106
[*:1]c1nnnn1[*:2],azole_ring,linker,2,5,36729,8498,9.32455,38.6943,36729,0.709358,46.1833,47.9632,116.105,36729,0.673691,79.1702,6.07836,13.0562,36729,0.577037,89.2225,0.0505724,0.0778876,36729,0.787797,124.437,0.170754,0.353592,36729,0.641782,92.5491,1.24731,2.82522,36729,0.623431,84.6111,-11.4609,89.5364,36729,0.429007,-24.5315
[*:1]c1nn([*:2])nc1O,azole_ring,linker,2,6,36202,2971,-44.1044,36.4121,36202,0.064803,-230.464,-42.1237,114.734,36202,0.368737,-69.8555,2.14226,13.1219,36202,0.445832,31.0627,-0.0471516,0.061334,36202,0.221921,-146.272,-0.0240065,0.335319,36202,0.442351,-13.6219,-0.00715549,2.73178,36202,0.473206,-0.498378,-20.1156,91.9878,36202,0.413485,-41.6073
[*:1]c1nn([*:2])nc1[N+](=O)[O-],nitro,linker,2,8,35820,2968,1.07208,36.5879,35820,0.612647,5.54564,136.72,120.49,35820,0.90483,214.755,15.5405,13.362,35820,0.838498,220.118,0.0444552,0.061348,35820,0.745729,137.146,0.362701,0.333554,35820,0.852848,205.8,3.06128,2.72952,35820,0.852931,212.266,-28.7981,92.5668,35820,0.348409,-58.8804
[*:1]c1nnc(C)n1[*:2],azole_ring,linker,2,6,35290,3007,-21.744,36.0503,35290,0.264551,-113.307,-134.557,121.031,35290,0.130292,-208.852,-23.4349,13.2227,35290,0,-332.944,-0.0595553,0.063744,35290,0.179201,-175.512,-0.592669,0.332145,35290,0.080136,-335.206,-4.9045,2.72331,35290,0.0815245,-338.317,54.4809,122.237,35290,0.693993,83.7271
[*:1]c1nnc(N)n1[*:2],azole_ring,linker,2,6,34967,3020,-12.7605,36.6746,34967,0.386564,-65.0627,-111.719,116.707,34967,0.17874,-179.003,-7.66836,12.9866,34967,0.203306,-110.417,-0.031946,0.062036,34967,0.304001,-96.2945,-0.119422,0.330299,34967,0.318043,-67.6092,-0.926033,2.6966,34967,0.32422,-64.2155,43.5317,103.355,34967,0.685132,78.7596
[*:1]c1nn[nH]c1[*:2],azole_ring,linker,2,5,34610,3237,-20.4967,36.4238,34610,0.3,-104.689,-73.1402,116.673,34610,0.300665,-116.623,-7.99188,13.4426,34610,0.207194,-110.603,-0.0452123,0.061832,34610,0.240566,-136.033,-0.170322,0.33594,34610,0.262294,-94.3214,-1.27322,2.72376,34610,0.276683,-86.9634,-11.3435,97.4354,34610,0.465675,-21.6587
[*:1]c1nn([*:2])nc1N[N+](=O)[O-],nitramine,linker,2,9,34566,2819,9.2724,36.4608,34566,0.727275,47.2814,98.9118,118.251,34566,0.758867,155.513,14.2897,13.2873,34566,0.745849,199.946,0.0537787,0.0593151,34566,0.809842,168.566,0.364703,0.329103,34566,0.861916,206.03,3.04304,2.70299,34566,0.858503,209.309,-36.5553,92.4909,34566,0.31829,-73.4811
[*:1]c1nnc(N=[N+]=[N-])n1[*:2],azide,linker,2,8,34009,2943,69.7379,35.6346,34009,0.905525,360.906,42.7436,111.817,34009,0.587168,70.4954,3.34573,12.9729,34009,0.505043,47.5611,0.0191914,0.0602224,34009,0.569643,58.7686,0.0552775,0.332564,34009,0.529154,30.6528,0.255597,2.72295,34009,0.513835,17.3106,35.5146,96.3668,34009,0.677027,67.9637
[*:1]c1nnc(O)n1[*:2],azole_ring,linker,2,6,33759,2980,-51.0289,36.1273,33759,0.0330875,-259.523,-70.5576,112.927,33759,0.291596,-114.8,2.05191,13.0341,33759,0.440297,28.9249,-0.0680233,0.0612252,33759,0.14405,-204.137,-0.0447056,0.335469,33759,0.418792,-24.4852,-0.0664004,2.74303,33759,0.462573,-4.4477,12.4684,97.9672,33759,0.561658,23.3843
[*:1]C,other,substituent,1,1,33337,23886,-21.8555,34.8918,33337,0.148634,-114.367,-146.549,110.581,33337,0.0266971,-241.974,-26.9863,11.5837,33337,0,-425.363,-0.0595825,0.0519592,33337,0.0900501,-209.372,-0.676105,0.257751,33337,0,-478.935,-5.60967,2.11335,33337,0,-484.651,48.4171,107.392,33337,0.72484,82.3172
[*:1]c1nncn1[*:2],azole_ring,linker,2,5,32941,2950,-10.1434,36.499,32941,0.427734,-50.4397,-31.4343,118.527,32941,0.4189,-48.1342,-8.01474,13.4009,32941,0.208737,-108.549,-0.0140328,0.0624748,32941,0.400322,-40.7668,-0.187538,0.337192,32941,0.237364,-100.944,-1.63027,2.727,32941,0.221699,-108.504,37.7563,104.284,32941,0.66267,65.7113
[*:1]c1nnc([N+](=O)[O-])n1[*:2],nitro,linker,2,8,32893,2935,-1.56358,36.4005,32893,0.570821,-7.79048,128.125,121.417,32893,0.879214,191.384,15.6201,13.4693,32893,0.838324,210.324,0.0368575,0.0615051,32893,0.695254,108.684,0.366796,0.335188,32893,0.866689,198.467,3.15076,2.74376,32893,0.876144,208.267,-31.755,94.3435,32893,0.329857,-61.0452
[*:1]c1nnc(N[N+](=O)[O-])n1[*:2],nitramine,linker,2,9,32581,2847,4.23458,36.5557,32581,0.662411,20.9092,82.7106,117.25,32581,0.693687,127.329,14.3068,13.2944,32581,0.748258,194.248,0.0414727,0.0593488,32581,0.728584,126.134,0.352388,0.328579,32581,0.844818,193.581,2.99135,2.6987,32581,0.852368,200.076,-33.9263,94.1065,32581,0.332863,-65.0727
[*:1]N[N+](=O)[O-],nitramine,substituent,1,4,32305,23978,9.74033,35.1444,32305,0.845411,49.8141,120.085,120.235,32305,0.805943,179.511,18.5601,14.2578,32305,0.855595,233.971,0.0630135,0.0515989,32305,0.931775,219.497,0.465579,0.327692,32305,0.907507,255.366,3.8664,2.65185,32305,0.901161,262.055,-47.1542,91.9328,32305,0.256462,-92.1902
[*:1]N,amino,substituent,1,1,32143,23036,-8.35321,36.8138,32143,0.442056,-40.6805,-107.378,113.821,32143,0.191519,-169.136,-7.86439,14.96,32143,0.278661,-94.2491,-0.0191604,0.0554361,32143,0.388452,-61.9663,-0.0980375,0.366838,32143,0.361914,-47.9138,-0.806537,3.01822,32143,0.351803,-47.909,20.5826,89.1295,32143,0.622313,41.402
[*:1]c1nnn([*:2])c1C,azole_ring,linker,2,6,31851,2959,-12.6349,36.4383,31851,0.38746,-61.8838,-98.9026,119.764,31851,0.228815,-147.382,-23.7617,13.2328,31851,0,-320.471,-0.0298385,0.0631108,31851,0.313742,-84.379,-0.554908,0.331643,31851,0.108442,-298.615,-4.73998,2.73069,31851,0.103419,-309.789,40.8184,108.609,31851,0.674987,67.0736
[*:1]N=[N+]=[N-],azide,substituent,1,3,31665,23212,86.7938,17.9063,31665,1,862.529,74.0335,110.703,31665,0.682868,119.003,4.85958,14.6917,31665,0.620685,58.8594,0.0420272,0.0530241,31665,0.748524,141.042,0.111708,0.35653,31665,0.636349,55.7543,0.615322,2.93115,31665,0.603916,37.3555,13.1949,92.0557,31665,0.571577,25.5062
[*:1]c1nnn([*:2])c1N,azole_ring,linker,2,6,31341,2988,-3.46106,37.398,31341,0.548866,-16.3839,-73.6073,117.23,31341,0.300629,-111.157,-7.7165,13.0473,31341,0.201653,-104.702,-0.0011231,0.0631531,31341,0.47583,-3.14832,-0.0655326,0.331796,31341,0.389649,-34.9658,-0.595507,2.6946,31341,0.380556,-39.1246,19.0759,94.8387,31341,0.601385,35.6087
[*:1]c1nnn([*:2])c1O,azole_ring,linker,2,6,31006,2997,-39.1986,36.7199,31006,0.102464,-187.971,-22.7823,117.03,31006,0.420048,-34.2785,2.05057,13.1026,31006,0.443076,27.5576,-0.0328567,0.062605,31006,0.292556,-92.414,0.0225101,0.33659,31006,0.502774,11.776,0.371477,2.7418,31006,0.534284,23.8572,-6.24072,95.0013,31006,0.48739,-11.5672
[*:1]c1nnn([*:2])c1N=[N+]=[N-],azide,linker,2,8,30725,2935,82.9572,35.7283,30725,0.96153,406.994,90.4391,114.324,30725,0.75795,138.665,3.37781,13.0512,30725,0.503271,45.366,0.0550751,0.0637495,30725,0.802116,151.434,0.114683,0.336435,30725,0.601269,59.7509,0.630911,2.71867,30725,0.577152,40.6778,16.8574,93.0326,30725,0.603678,31.7615
[*:1]c1nnn([*:2])c1[N+](=O)[O-],nitro,linker,2,8,29664,2906,8.07385,36.5397,29664,0.715682,38.0566,161.643,122.339,29664,0.970503,227.566,15.5851,13.3975,29664,0.840918,200.355,0.0609824,0.0623348,29664,0.855819,168.496,0.406011,0.335468,29664,0.929072,208.45,3.41478,2.7378,29664,0.924757,214.821,-37.8902,91.3681,29664,0.29551,-71.4245
[*:1]c1nnn([*:2])c1N[N+](=O)[O-],nitramine,linker,2,9,29660,2845,14.4766,36.0417,29660,0.787626,69.1745,117.483,120.393,29660,0.840121,168.058,14.493,13.3934,29660,0.752225,186.361,0.0662264,0.0603332,29660,0.890357,189.043,0.398381,0.333111,29660,0.919285,205.966,3.30924,2.7205,29660,0.910452,209.491,-49.0312,94.2407,29660,0.265172,-89.6025
[*:1]O,hydroxyl,substituent,1,1,29565,21144,-55.061,31.6795,29565,0,-298.85,-61.7233,107.827,29565,0.355589,-98.4264,2.97921,14.3703,29565,0.547032,35.647,-0.0650461,0.0450737,29565,0.0709623,-248.134,-0.0224379,0.348477,29565,0.502317,-11.0713,0.123385,2.88778,29565,0.554236,7.34662,-13.2596,88.0578,29565,0.43078,-25.8912
[*:1]c1nnn(C)c1[*:2],azole_ring,linker,2,6,29328,3246,-25.6509,36.3458,29328,0.237009,-120.862,-147.719,118.889,29328,0.104133,-212.783,-23.3896,13.2738,29328,0,-301.764,-0.0695025,0.0620581,29328,0.149379,-191.798,-0.608755,0.333691,29328,0.0760366,-312.421,-5.00806,2.74964,29328,0.0782529,-311.914,52.8651,109.986,29328,0.713073,82.3136
[*:1]c1nnn(N)c1[*:2],azole_ring,linker,2,6,28891,3259,4.4941,36.6772,28891,0.66834,20.827,-42.1951,114.011,28891,0.387249,-62.9065,-7.46842,12.896,28891,0.203351,-98.436,0.0220293,0.0615168,28891,0.606763,60.8678,-0.0293082,0.330738,28891,0.435568,-15.0621,-0.389637,2.69091,28891,0.415423,-24.6117,5.90959,93.0627,28891,0.556402,10.7935
[*:2]c1nnnn1[*:1],azole_ring,linker,2,5,28056,7870,7.6084,40.5505,28056,0.662176,31.4275,45.3878,119.075,28056,0.65159,63.8458,5.9525,12.6175,28056,0.565084,79.0204,0.0459787,0.0863271,28056,0.738202,89.2118,0.162392,0.352314,28056,0.641859,77.2053,1.20106,2.78634,28056,0.624323,72.2013,-9.1278,90.9076,28056,0.447248,-16.8182
[*:1]c1nnn(N=[N+]=[N-])c1[*:2],azide,linker,2,8,27722,3189,90.6509,35.9101,27722,0.993254,420.308,118.084,115.058,27722,0.869346,170.878,3.24786,12.8908,27722,0.50018,41.9497,0.0760303,0.0666206,27722,0.914761,190.016,0.157396,0.339131,27722,0.654138,77.2751,0.939547,2.72723,27722,0.625316,57.36,28.681,97.1987,27722,0.651252,49.1299
[*:1]c1nnn(O)c1[*:2],azole_ring,linker,2,6,27366,3219,-18.6546,36.0515,27366,0.314405,-85.5986,54.3388,113.507,27366,0.625411,79.1941,1.98633,12.8619,27366,0.441314,25.5478,0.0243637,0.061132,27366,0.603705,65.9296,0.129436,0.328646,27366,0.634145,65.1526,1.08564,2.68525,27366,0.641891,66.8816,-22.2944,94.0928,27366,0.412629,-39.1963
[*:1]c1nnn([N+](=O)[O-])c1[*:2],nitro,linker,2,8,26977,3183,8.55103,36.5059,26977,0.722764,38.4727,165.337,126.431,26977,0.972718,214.79,15.4584,13.3768,26977,0.832413,189.805,0.0639563,0.0635497,26977,0.863847,165.298,0.409443,0.336003,26977,0.932461,200.146,3.42409,2.73685,26977,0.92527,205.49,-31.4833,92.2677,26977,0.348742,-56.0437
[*:1]c1nnn(N[N+](=O)[O-])c1[*:2],nitramine,linker,2,9,26885,3090,20.045,35.0645,26885,0.834815,93.7332,132.651,121.585,26885,0.895258,178.89,14.2027,13.3348,26885,0.738144,174.638,0.0782284,0.0616217,26885,0.943872,208.154,0.39625,0.334392,26885,0.912553,194.298,3.21393,2.72659,26885,0.890571,193.273,-60.5543,94.1133,26885,0.210266,-105.499
[*:1]c1nnc([*:2])n1N,azole_ring,linker,2,6,24796,3219,-4.51331,36.0837,24796,0.50734,-19.6959,-78.6505,114.676,24796,0.269761,-107.999,-7.26117,12.9631,24796,0.211486,-88.2037,-0.00674991,0.0601249,24796,0.434344,-17.678,-0.0546581,0.327555,24796,0.409824,-26.2761,-0.46518,2.6847,24796,0.41059,-27.2845,37.4199,98.7103,24796,0.667567,59.694
[*:1]c1nn(O)nc1[*:2],azole_ring,linker,2,6,24669,3215,-22.9183,36.3203,24669,0.253111,-99.1079,39.9462,115.395,24669,0.578135,54.3705,2.43793,13.0583,24669,0.454984,29.3232,0.0127618,0.0620178,24669,0.522275,32.3201,0.102192,0.332097,24669,0.608578,48.3311,0.864411,2.70715,24669,0.618144,50.1516,-39.8168,93.6049,24669,0.336495,-66.8104
[*:1]c1nnc([*:2])[nH]1,azole_ring,linker,2,5,24521,3191,-33.0198,36.3705,24521,0.151258,-142.165,-122.919,115.884,24521,0.149872,-166.098,-7.59091,13.2337,24521,0.208597,-89.8219,-0.0847793,0.0627642,24521,0.0875168,-211.518,-0.226566,0.337544,24521,0.199584,-105.108,-1.56938,2.73179,24521,0.233433,-89.9603,19.8116,96.999,24521,0.595204,31.9832
[*:1]c1nn(C)nc1[*:2],azole_ring,linker,2,6,24417,3180,-28.4619,35.9258,24417,0.194864,-123.795,-159.892,119.247,24417,0.065651,-209.519,-23.1265,13.4414,24417,0,-268.85,-0.079849,0.0630467,24417,0.105214,-197.903,-0.636468,0.336101,24417,0.0446001,-295.906,-5.17972,2.76524,24417,0.0451734,-292.698,58.3846,119.045,24417,0.713642,76.6361
[*:1]c1nnc([*:2])n1O,azole_ring,linker,2,6,24359,3177,-29.5731,36.2244,24359,0.175623,-127.416,13.4153,113.225,24359,0.518576,18.4922,2.30946,12.9478,24359,0.455766,27.8383,-0.00690702,0.0604594,24359,0.422719,-17.8302,0.101684,0.329423,24359,0.613367,48.1756,0.998411,2.69737,24359,0.638245,57.7696,19.5905,97.4712,24359,0.609426,31.3688
[*:1]c1nnc([*:2])n1C,azole_ring,linker,2,6,24347,3188,-35.0997,36.3486,24347,0.13554,-150.674,-184.138,121.434,24347,0.0342958,-236.606,-23.0239,13.4023,24347,0,-268.054,-0.0990509,0.0640115,24347,0.0552019,-241.448,-0.632406,0.334575,24347,0.0515875,-294.935,-5.02985,2.73241,24347,0.0638272,-287.231,53.3426,123.064,24347,0.695199,67.6339
[*:1]c1nnc([*:2])n1N=[N+]=[N-],azide,linker,2,8,24332,3149,81.408,35.9754,24332,0.951956,352.98,89.4404,113.75,24332,0.748315,122.651,4.00742,13.0824,24332,0.527823,47.7824,0.0531286,0.0635515,24332,0.787276,130.404,0.14311,0.336191,24332,0.646803,66.4007,0.913297,2.71622,24332,0.631637,52.4489,33.3249,100.196,24332,0.656913,51.8807
[*:1]c1nn(N)nc1[*:2],azole_ring,linker,2,6,24258,3192,2.03943,36.3166,24258,0.617487,8.74646,-52.8336,115.095,24258,0.358232,-71.496,-7.21172,13.0973,24258,0.216547,-85.7603,0.0142801,0.0611654,24258,0.552478,36.3625,-0.0531586,0.331165,24258,0.411163,-25.001,-0.591652,2.69878,24258,0.391706,-34.145,-0.971816,93.3957,24258,0.522961,-1.62063
[*:1]c1nnc([*:2])n1[N+](=O)[O-],nitro,linker,2,8,23970,3133,-1.62695,36.4907,23970,0.56262,-6.90281,128.334,122.684,23970,0.862703,161.953,15.735,13.5152,23970,0.833751,180.251,0.0391322,0.0628248,23970,0.703212,96.4355,0.391153,0.337851,23970,0.888486,179.249,3.37451,2.75148,23970,0.902795,189.88,-6.0861,89.2327,23970,0.479182,-10.5596
[*:1]c1nn(N=[N+]=[N-])nc1[*:2],azide,linker,2,8,23898,3097,86.3007,36.4984,23898,0.969119,365.528,107.492,115.962,23898,0.807306,143.299,3.94806,13.0413,23898,0.522052,46.7996,0.0672433,0.066048,23898,0.85798,157.387,0.150146,0.338714,23898,0.650808,68.527,0.89883,2.7357,23898,0.625785,50.7914,28.099,107.424,23898,0.636288,40.4363
[*:1]c1nn([N+](=O)[O-])nc1[*:2],nitro,linker,2,8,23890,3100,1.70994,36.4771,23890,0.616702,7.24552,140.29,124.306,23890,0.900921,174.438,15.8332,13.4283,23890,0.837756,182.246,0.047404,0.0632196,23890,0.75743,115.897,0.376513,0.3388,23890,0.854625,171.769,3.16304,2.76337,23890,0.854751,176.919,-34.0002,93.0903,23890,0.337882,-56.4527
[*:1]c1n[nH]nc1[*:2],azole_ring,linker,2,5,23843,3102,-21.6236,36.2822,23843,0.270687,-92.027,-79.3362,117.208,23843,0.279118,-104.519,-7.73041,13.4456,23843,0.205721,-88.7776,-0.0502053,0.0616717,23843,0.21457,-125.703,-0.184179,0.336482,23843,0.244852,-84.5199,-1.37564,2.73349,23843,0.261586,-77.7081,-25.0696,95.1032,23843,0.399656,-40.7035
[*:1]c1nnc([*:2])n1N[N+](=O)[O-],nitramine,linker,2,9,23797,3057,8.2338,36.3843,23797,0.712737,34.9098,98.7183,118.803,23797,0.764508,128.183,14.5747,13.3464,23797,0.747783,168.461,0.0524329,0.0604116,23797,0.796781,133.889,0.376517,0.330331,23797,0.870026,175.831,3.15515,2.69943,23797,0.869395,180.305,-28.1605,93.5261,23797,0.366517,-46.4481
[*:1]c1nn(N[N+](=O)[O-])nc1[*:2],nitramine,linker,2,9,23368,3009,15.0962,35.8889,23368,0.790226,64.3011,119.826,120.356,23368,0.836743,152.193,14.4823,13.2567,23368,0.74632,166.999,0.0685051,0.0611242,23368,0.88741,171.325,0.373032,0.329956,23368,0.863874,172.822,3.01974,2.6956,23368,0.842306,171.248,-63.7236,95.2877,23368,0.196251,-102.229
[*:2]c1nnn([*:1])n1,azole_ring,linker,2,5,22393,6069,4.43982,42.56,22393,0.633278,15.6106,36.0901,123.023,22393,0.615817,43.8991,5.96309,13.0226,22393,0.601617,68.5217,0.0390668,0.0917987,22393,0.706783,63.6836,0.14639,0.365873,22393,0.602733,59.8737,1.07409,2.8548,22393,0.593266,56.3019,-14.9318,93.9938,22393,0.419283,-23.7722
[*:2]c1nnn([N+](=O)[O-])c1[*:1],nitro,linker,2,8,20572,2968,9.09521,36.6411,20572,0.726327,35.6026,170.175,127.287,20572,0.962084,191.757,16.1446,13.615,20572,0.836768,170.078,0.0661644,0.0632495,20572,0.862337,150.039,0.426813,0.336768,20572,0.927571,181.779,3.56042,2.74159,20572,0.921495,186.267,-28.5742,95.5294,20572,0.363407,-42.9018
[*:2]c1nnn(O)c1[*:1],azole_ring,linker,2,6,20379,2975,-17.5764,37.0272,20379,0.32087,-67.7642,63.9531,116.177,20379,0.659306,78.5835,2.85102,13.1488,20379,0.476127,30.9531,0.0297675,0.0631987,20379,0.640561,67.2397,0.156395,0.33373,20379,0.670347,66.899,1.29508,2.71969,20379,0.67967,67.9779,-23.3298,97.0576,20379,0.409539,-34.3141
[*:2]c1nnn(N=[N+]=[N-])c1[*:1],azide,linker,2,8,19447,2959,92.4223,36.1607,19447,0.990127,356.424,133.68,114.762,19447,0.893917,162.44,4.73912,13.2092,19447,0.548619,50.0321,0.0849774,0.0664461,19447,0.940351,178.345,0.204266,0.340837,19447,0.715894,83.575,1.31829,2.74419,19447,0.689772,66.9918,26.1011,102.644,19447,0.62822,35.4612
[*:2]c1nnn(N)c1[*:1],azole_ring,linker,2,6,19433,3037,7.73965,35.6247,19433,0.711727,30.2859,-27.0919,111.866,19433,0.437709,-33.7608,-6.16851,13.2908,19433,0.239695,-64.699,0.0319458,0.0599221,19433,0.677816,74.3184,0.0170285,0.333287,19433,0.509751,7.12242,-0.0253622,2.71974,19433,0.487933,-1.29996,4.83876,98.7911,19433,0.551485,6.82789
[*:2]c1nnn(N[N+](=O)[O-])c1[*:1],nitramine,linker,2,9,19258,2843,20.2237,36.7577,19258,0.826877,76.3518,144.097,122.056,19258,0.913802,163.833,15.3772,13.4766,19258,0.760359,158.345,0.0840728,0.0615564,19258,0.948697,189.534,0.43091,0.334626,19258,0.924914,178.703,3.49656,2.73321,19258,0.903624,177.53,-63.0205,95.8408,19258,0.214404,-91.2508
[*:2]c1nnn(C)c1[*:1],azole_ring,linker,2,6,18808,2985,-22.169,35.6823,18808,0.250532,-85.205,-136.454,117.032,18808,0.104424,-159.902,-22.6322,13.5097,18808,0,-229.748,-0.0605175,0.0605954,18808,0.155997,-136.966,-0.570476,0.331657,18808,0.073054,-235.895,-4.68877,2.74859,18808,0.0788494,-233.949,50.2111,114.795,18808,0.695608,59.9855
[*:2]c1nnn([*:1])c1O,azole_ring,linker,2,6,15712,2647,-35.168,36.9451,15712,0.141739,-119.318,-4.93799,116.331,15712,0.482561,-5.32072,3.28431,13.1882,15712,0.500255,31.2158,-0.0205227,0.0632667,15712,0.361634,-40.6607,0.0683469,0.329831,15712,0.598142,25.9743,0.721999,2.6982,15712,0.626718,33.5412,-8.18961,99.5815,15712,0.473905,-10.3086
[*:2]c1nnn([*:1])c1[N+](=O)[O-],nitro,linker,2,8,15398,2548,11.9224,37.2526,15398,0.745811,39.7135,179.387,125.868,15398,0.962852,176.851,16.3431,13.3986,15398,0.838745,151.358,0.073292,0.0640714,15398,0.893558,141.947,0.441154,0.328942,15398,0.933758,166.419,3.66593,2.68473,15398,0.927004,169.44,-37.9651,95.2366,15398,0.309131,-49.4667
[*:2]c1nncn1[*:1],azole_ring,linker,2,5,15144,2764,-3.60422,35.9219,15144,0.518489,-12.3473,-8.41717,117.835,15144,0.499472,-8.79049,-7.08432,13.2431,15144,0.205692,-65.8309,0.0035925,0.0636121,15144,0.511688,6.94987,-0.135842,0.328456,15144,0.305732,-50.8952,-1.24649,2.6689,15144,0.280375,-57.4747,35.5788,106.714,15144,0.652866,41.0288
[*:2]c1nnn([*:1])c1N=[N+]=[N-],azide,linker,2,8,14937,2583,86.3357,36.6689,14937,0.971614,287.756,111.927,114.884,14937,0.831492,119.072,5.12655,13.2223,14937,0.567249,47.386,0.0694843,0.065393,14937,0.874473,129.864,0.177701,0.333069,14937,0.706434,65.2059,1.13022,2.6823,14937,0.682466,51.4974,12.4729,99.3297,14937,0.576287,15.3469
[*:2]c1nnn([*:1])c1N,azole_ring,linker,2,6,14897,2653,2.18562,36.0803,14897,0.617238,7.39355,-50.786,115.533,14897,0.3592,-53.6522,-5.9987,13.2673,14897,0.254279,-55.1853,0.0144955,0.0637376,14897,0.574075,27.7579,-0.00143154,0.328649,14897,0.501913,-0.531645,-0.0976911,2.67416,14897,0.493455,-4.4588,13.7553,99.8877,14897,0.575351,16.8076
[*:2]c1nnc([N+](=O)[O-])n1[*:1],nitro,linker,2,8,14772,2744,3.79036,36.9856,14772,0.648998,12.4557,149.126,123.754,14772,0.919171,146.459,16.1622,13.4399,14772,0.838411,146.159,0.0527878,0.0630765,14772,0.80612,101.715,0.407841,0.330743,14772,0.897306,149.872,3.44659,2.70217,14772,0.896832,155.023,-30.8396,93.706,14772,0.332859,-40.0001
[*:2]c1nnn([*:1])c1N[N+](=O)[O-],nitramine,linker,2,9,14597,2500,17.8059,36.8791,14597,0.803795,58.3334,136.814,121.197,14597,0.890457,136.387,15.6834,13.5171,14597,0.761732,140.18,0.0787434,0.0613744,14597,0.924779,155.01,0.444715,0.328801,14597,0.93944,163.41,3.66533,2.68452,14597,0.928273,164.96,-51.6302,98.6531,14597,0.271837,-63.2302
[*:2]c1nnn([*:1])c1C,azole_ring,linker,2,6,14495,2613,-7.03438,35.8431,14495,0.46554,-23.6281,-78.5841,118.732,14495,0.277613,-79.6847,-22.2861,13.6929,14495,0,-195.951,-0.0138834,0.0638161,14495,0.39724,-26.1923,-0.489536,0.334542,14495,0.119007,-176.175,-4.21261,2.75763,14495,0.117765,-183.918,38.4137,111.38,14495,0.658848,41.5228
[*:2]c1nnc(O)n1[*:1],azole_ring,linker,2,6,14411,2806,-45.6638,36.8445,14411,0.0650198,-148.78,-43.4101,113.102,14411,0.363195,-46.0751,3.38113,13.0234,14411,0.506211,31.1663,-0.0495552,0.0624141,14411,0.207342,-95.3132,0.0157941,0.330268,14411,0.530706,5.74084,0.389486,2.69084,14411,0.574908,17.376,7.75701,100.609,14411,0.542502,9.25563
[*:2]c1nnc(N)n1[*:1],azole_ring,linker,2,6,13745,2832,-5.4564,35.7519,13745,0.493925,-17.8929,-81.7919,118.023,13745,0.262204,-81.2488,-5.76398,13.1895,13745,0.258712,-51.2348,-0.0117527,0.0640335,13745,0.42379,-21.5181,-0.0430795,0.331374,13745,0.44307,-15.2414,-0.335663,2.69765,13745,0.451801,-14.5878,40.2926,106.472,13745,0.671735,44.3672
[*:2]c1nnc(N=[N+]=[N-])n1[*:1],azide,linker,2,8,13640,2755,75.1361,36.1778,13640,0.933504,242.557,71.1182,113.379,13640,0.711217,73.2582,5.09918,13.0744,13640,0.571261,45.5497,0.0384376,0.0620538,13640,0.715029,72.3427,0.12716,0.331053,13640,0.651173,44.8602,0.821884,2.69908,13640,0.633724,35.5633,33.6389,99.199,13640,0.662097,39.6043
[*:2]c1nnc(N[N+](=O)[O-])n1[*:1],nitramine,linker,2,9,13494,2669,8.65515,36.9461,13494,0.723359,27.213,108.553,118.402,13494,0.814881,106.501,15.7415,13.3851,13494,0.768638,136.614,0.0578126,0.0601036,13494,0.841633,111.736,0.41246,0.326868,13494,0.896843,146.582,3.46457,2.6874,13494,0.893879,149.757,-36.0164,94.9118,13494,0.329628,-44.081
[*:2]c1nn[nH]c1[*:1],azole_ring,linker,2,5,13329,2987,-14.5752,35.841,13329,0.349989,-46.9499,-53.0282,114.027,13329,0.345787,-53.6904,-7.17707,13.263,13329,0.199265,-62.4747,-0.0289506,0.0599433,13329,0.302948,-55.759,-0.118508,0.327698,13329,0.326206,-41.7514,-0.874433,2.66995,13329,0.349239,-37.8113,-8.8773,97.6707,13329,0.470253,-10.4934
[*:2]c1nnc(C)n1[*:1],azole_ring,linker,2,6,13233,2828,-15.7705,35.8269,13233,0.337112,-50.6367,-110.639,119.222,13233,0.178493,-106.753,-21.9138,13.3093,13233,0,-189.406,-0.0417578,0.0640624,13233,0.250057,-74.983,-0.5248,0.332178,13233,0.096879,-181.741,-4.38205,2.74141,13233,0.0998262,-183.879,52.5218,123.465,13233,0.687372,48.9354
[*:2]c1nn([*:1])nc1[N+](=O)[O-],nitro,linker,2,8,12477,2766,6.70277,37.0302,12477,0.686944,20.2187,158.163,123.943,12477,0.941011,142.54,16.2249,13.4281,12477,0.842751,134.965,0.0602962,0.0642591,12477,0.845476,104.812,0.407938,0.331188,12477,0.89677,137.586,3.39192,2.6895,12477,0.888034,140.874,-25.4944,92.7159,12477,0.362828,-30.7147
[*:2]c1nn([*:1])nc1O,azole_ring,linker,2,6,12058,2769,-39.1595,36.8093,12058,0.112374,-116.82,-18.4882,112.399,12058,0.423951,-18.0621,3.25588,12.885,12058,0.50199,27.7473,-0.0307802,0.0618556,12058,0.284044,-54.6425,0.0340765,0.325613,12058,0.550174,11.4919,0.444927,2.66285,12058,0.583347,18.3476,-16.5391,92.6906,12058,0.424863,-19.5936
[*:2]c1nn([*:1])nc1N=[N+]=[N-],azide,linker,2,8,11405,2779,81.2974,36.4388,11405,0.957212,238.265,95.4357,113.243,11405,0.790618,90.0007,5.38762,13.0023,11405,0.577992,44.2511,0.0566809,0.0644532,11405,0.820254,93.9161,0.146742,0.329493,11405,0.673564,47.5617,0.885313,2.66507,11405,0.646032,35.4761,13.7568,97.7562,11405,0.576589,15.0287
[*:2]c1nn([*:1])nc1N[N+](=O)[O-],nitramine,linker,2,9,11181,2615,13.2699,36.9152,11181,0.77417,38.0103,123.519,120.219,11181,0.862177,108.643,15.756,13.39,11181,0.769788,124.424,0.0691295,0.0608491,11181,0.897862,120.129,0.4276,0.3271,11181,0.92049,138.228,3.54728,2.67985,11181,0.90931,139.967,-36.8304,93.8317,11181,0.310258,-41.5047
[*:2]c1nn([*:1])nc1N,azole_ring,linker,2,6,11021,2804,0.996046,35.5528,11021,0.587515,2.94114,-54.9172,113.676,11021,0.33291,-50.7168,-5.48661,13.1093,11021,0.26631,-43.9373,0.00821675,0.0639512,11021,0.524,13.4885,-0.0275067,0.330617,11021,0.460757,-8.73421,-0.324824,2.69753,11021,0.455766,-12.6414,11.1787,90.1012,11021,0.573269,13.0249
[*:2]c1nn([*:1])nc1C,azole_ring,linker,2,6,10678,2792,-8.8945,35.9071,10678,0.435756,-25.5968,-84.0562,118.727,10678,0.262034,-73.1587,-21.8457,13.3923,10678,0,-168.561,-0.0189039,0.0648563,10678,0.367578,-30.1192,-0.50584,0.329713,10678,0.1062,-158.534,-4.34311,2.72799,10678,0.100955,-164.514,31.1638,108.728,10678,0.64263,29.6178
[*:2]c1ncnn1[*:1],azole_ring,linker,2,5,10215,2711,-10.7539,36.2157,10215,0.402252,-30.0114,-37.033,120.631,10215,0.392658,-31.0277,-7.01896,13.3329,10215,0.205091,-53.2067,-0.018951,0.0660433,10215,0.36838,-29.0016,-0.191495,0.333946,10215,0.227215,-57.9563,-1.642,2.68526,10215,0.212922,-61.8022,11.819,96.3216,10215,0.567792,12.4016
[*:2]c1ncn([*:1])n1,azole_ring,linker,2,5,9632,2654,-12.9343,36.9365,9632,0.378634,-34.3672,-45.4396,121.696,9632,0.370536,-36.6452,-7.37786,13.4085,9632,0.215947,-54.0018,-0.0236671,0.06621,9632,0.343439,-35.0816,-0.199335,0.33202,9632,0.210133,-58.9222,-1.68248,2.66861,9632,0.193418,-61.8762,21.4284,105.289,9632,0.606312,19.9741
[*:2]c1nc([N+](=O)[O-])nn1[*:1],nitro,linker,2,8,9339,2747,-6.34935,37.8626,9339,0.486348,-16.2058,118.056,125.951,9339,0.833494,90.5813,16.3136,13.4681,9339,0.84463,117.056,0.0298432,0.0650752,9339,0.646429,44.318,0.364265,0.331036,9339,0.838527,106.339,3.12872,2.68788,9339,0.847949,112.488,-20.491,94.2427,9339,0.403362,-21.012
[*:2]c1nc(O)nn1[*:1],azole_ring,linker,2,6,9056,2794,-54.3843,37.4958,9056,0.0310292,-138.025,-72.7658,116.617,9056,0.281471,-59.379,3.79738,12.8911,9056,0.511263,28.0326,-0.0736397,0.0672673,9056,0.153379,-104.178,-0.0480127,0.333224,9056,0.424801,-13.7116,-0.0908407,2.68074,9056,0.481007,-3.22474,-17.7198,92.1419,9056,0.403269,-18.3008
[*:2]c1nc([N+](=O)[O-])n([*:1])n1,nitro,linker,2,8,8839,2626,-2.36918,38.1,8839,0.542708,-5.84622,134.194,126.524,8839,0.883132,99.7155,16.7523,13.4211,8839,0.870008,117.351,0.0405141,0.0662331,8839,0.71456,57.5086,0.379706,0.33364,8839,0.850209,106.997,3.20549,2.70471,8839,0.851114,111.423,-32.8696,93.9115,8839,0.315873,-32.9062
[*:2]c1nc(O)n([*:1])n1,azole_ring,linker,2,6,8448,2678,-58.1038,36.9118,8448,0.0125473,-144.682,-78.163,116.71,8448,0.270478,-61.556,4.1836,13.1452,8448,0.538826,29.2523,-0.0798663,0.0652043,8448,0.126065,-112.581,-0.035503,0.338513,8448,0.438802,-9.63977,0.0684718,2.73672,8448,0.509115,2.29963,-16.2379,97.963,8448,0.439394,-15.2351
[*:1]NN[*:2],hydrazo,linker,2,2,8004,7509,-18.5677,7.23495,8004,0.00562219,-229.602,-115.554,66.5539,8004,0.00262369,-155.334,-10.1793,5.27065,8004,0,-172.785,0.000415942,0.0344065,8004,0.521739,1.08155,-0.179129,0.152889,8004,0.122189,-104.82,-1.66233,1.2777,8004,0.0810845,-116.397,-9.46213,83.6354,8004,0.46027,-10.1217
[*:1]N=[N+]([*:2])[O-],azoxy,linker,2,3,7907,7233,6.29562,11.9396,7907,0.61591,46.8874,126.463,64.7441,7907,0.99785,173.687,11.8926,4.4387,7907,0.999874,238.246,0.0332932,0.0281301,7907,0.889844,105.242,0.289094,0.0803933,7907,0.999241,319.761,2.50868,0.656195,7907,0.999368,339.953,0.121962,74.5353,7907,0.474896,0.145502
[*:1]N=N[*:2],azo,linker,2,2,7881,7386,12.5411,10.4423,7881,0.885421,106.618,-9.52239,89.8009,7881,0.505646,-9.4136,-1.59367,7.67637,7881,0.506281,-18.4303,-0.0338254,0.0254098,7881,0.0855221,-118.177,-0.108124,0.170404,7881,0.382819,-56.3289,-0.82869,1.49029,7881,0.424439,-49.3643,9.48744,74.4402,7881,0.565537,11.3144
[*:2]c1nc(N[N+](=O)[O-])nn1[*:1],nitramine,linker,2,9,7801,2615,-2.7965,36.4239,7801,0.572875,-6.78114,84.3949,123.293,7801,0.712857,60.458,16.9104,13.7216,7801,0.78554,108.849,0.0365053,0.0619292,7801,0.705038,52.0637,0.389952,0.336064,7801,0.847584,102.486,3.31624,2.7381,7801,0.853224,106.973,-33.1641,94.5647,7801,0.339187,-30.9752
[*:2]c1nc(N[N+](=O)[O-])n([*:1])n1,nitramine,linker,2,9,7450,2541,-3.37947,37.3127,7450,0.571946,-7.81755,88.144,124.505,7450,0.72255,61.1061,17.4417,13.4724,7450,0.813826,111.743,0.0379004,0.0626027,7450,0.712081,52.2551,0.409806,0.33455,7450,0.871007,105.729,3.50245,2.71831,7450,0.878389,111.212,-37.833,95.6291,7450,0.327517,-34.1475
[*:2]c1nc(N=[N+]=[N-])nn1[*:1],azide,linker,2,8,7312,2671,61.7347,36.4633,7312,0.874179,144.774,45.5462,118.036,7312,0.603392,32.9955,7.3435,12.9593,7312,0.625274,48.455,0.0128124,0.0635651,7312,0.524754,17.2358,0.113599,0.335461,7312,0.627188,28.9567,0.784849,2.71038,7312,0.622402,24.7613,-21.1087,94.8036,7312,0.406729,-19.0395
[*:2]c1nc(N=[N+]=[N-])n([*:1])n1,azide,linker,2,8,6983,2641,65.8917,34.6858,6983,0.894172,158.745,49.345,120.596,6983,0.613633,34.1926,7.62212,13.2796,6983,0.656738,47.9638,0.0158483,0.0651865,6983,0.545468,20.3163,0.121539,0.343145,6983,0.631104,29.5977,0.833662,2.76901,6983,0.623228,25.1586,27.5127,105.618,6983,0.630388,21.7679
[*:2]c1nc(N)nn1[*:1],azole_ring,linker,2,6,6726,2660,-14.6253,34.0289,6726,0.363515,-35.2481,-106.915,121.395,6726,0.215284,-72.2293,-3.06084,13.0108,6726,0.313708,-19.2936,-0.040406,0.0665773,6726,0.269848,-49.7735,-0.0825754,0.342529,6726,0.346714,-19.7711,-0.596541,2.78676,6726,0.365001,-17.5558,11.0482,90.1047,6726,0.563782,10.0559
[*:1]n1ncnn1,azole_ring,scaffold,1,5,6362,1852,-7.75835,35.4606,6362,0.47045,-17.451,-20.3749,120.779,6362,0.459132,-13.4555,-7.44548,13.7324,6362,0.207325,-43.2456,-0.00350547,0.0592619,6362,0.458975,-4.7181,-0.181719,0.339085,6362,0.224143,-42.7452,-1.66583,2.77128,6362,0.186105,-47.9455,18.6302,99.1711,6362,0.605156,14.984
[*:2]c1nc(N)n([*:1])n1,azole_ring,linker,2,6,6356,2634,-18.0138,34.9624,6356,0.326935,-41.0768,-125.87,123.397,6356,0.170233,-81.3224,-3.87682,13.5997,6356,0.320642,-22.7267,-0.0508219,0.068841,6356,0.224827,-58.8567,-0.0857484,0.355475,6356,0.344714,-19.2313,-0.552465,2.87355,6356,0.382945,-15.3277,17.0404,104.348,6356,0.59613,13.0192
[*:1]n1cnnn1,azole_ring,scaffold,1,5,6305,1855,-5.78183,36.2282,6305,0.524822,-12.6725,-11.2927,117.386,6305,0.504203,-7.63879,-7.49039,13.204,6305,0.200159,-45.0446,0.00315745,0.0594662,6305,0.510864,4.21608,-0.161789,0.328438,6305,0.269786,-39.1146,-1.51317,2.67857,6305,0.220777,-44.8568,28.45,99.6713,6305,0.639175,22.6649
[*:1]n1nnc(N)n1,azole_ring,scaffold,1,6,6258,1807,-12.2207,37.3869,6258,0.417066,-25.8579,-107.238,119.452,6258,0.209332,-71.0186,-6.772,13.5558,6258,0.233301,-39.5193,-0.0257866,0.057578,6258,0.340045,-35.4288,-0.120257,0.339666,6258,0.294823,-28.0075,-1.01257,2.78756,6258,0.290348,-28.7356,1.70063,94.7491,6258,0.564877,1.41988
[*:1]n1nnnc1C,azole_ring,scaffold,1,6,6248,1815,-19.6841,36.8063,6248,0.31226,-42.2731,-130.493,123.534,6248,0.138444,-83.4969,-23.9372,13.3721,6248,0,-141.496,-0.0496894,0.0595643,6248,0.21911,-65.9398,-0.59887,0.333162,6248,0.0981114,-142.085,-5.02736,2.74914,6248,0.0901088,-144.549,63.0847,116.324,6248,0.729033,42.8672
[*:1]n1nnnc1N,azole_ring,scaffold,1,6,6248,1826,-11.4214,36.5279,6248,0.416453,-24.7152,-104.283,118.624,6248,0.21943,-69.4882,-6.69474,13.6199,6248,0.242157,-38.8534,-0.0247642,0.0584702,6248,0.347151,-33.4781,-0.0877599,0.34501,6248,0.358675,-20.1064,-0.692645,2.83976,6248,0.356434,-19.2797,44.907,102.009,6248,0.697823,34.7974
[*:1]n1nnnc1O,azole_ring,scaffold,1,6,6234,1808,-48.0523,35.5679,6234,0.0343279,-106.669,-55.3596,117.443,6234,0.37889,-37.2177,3.0609,13.607,6234,0.492942,17.7612,-0.0575339,0.0580426,6234,0.19137,-78.2638,-0.00941762,0.343945,6234,0.471447,-2.1619,0.189859,2.82419,6234,0.513795,5.30788,-5.77375,101.911,6234,0.483478,-4.47324
[*:1]n1nnc(C)n1,azole_ring,scaffold,1,6,6221,1820,-21.3194,36.2002,6221,0.277126,-46.4508,-135.761,123.46,6221,0.105128,-86.7321,-23.7051,13.3574,6221,0,-139.975,-0.0546378,0.0583989,6221,0.175534,-73.7936,-0.612858,0.327718,6221,0.0814982,-147.499,-5.14637,2.71098,6221,0.0749076,-149.729,53.4855,114.038,6221,0.703424,36.9928
[*:1]n1nnc(O)n1,azole_ring,scaffold,1,6,6143,1810,-50.8864,35.8903,6143,0.0120462,-111.126,-63.1169,116.145,6143,0.337457,-42.5926,3.00081,13.4815,6143,0.49064,17.4457,-0.0643041,0.0565135,6143,0.140811,-89.182,-0.0432027,0.337421,6143,0.42113,-10.0353,-0.111148,2.76572,6143,0.463292,-3.14981,-42.1046,92.0647,6143,0.333388,-35.8448
[*:1]n1nnc([N+](=O)[O-])n1,nitro,scaffold,1,8,6109,1778,-0.774952,37.1967,6109,0.600589,-1.62838,138.357,125.589,6109,0.888034,86.1063,16.7729,13.5932,6109,0.858897,96.4429,0.0422421,0.0582929,6109,0.698641,56.6389,0.375174,0.335197,6109,0.84351,87.4819,3.18851,2.75106,6109,0.854804,90.5885,-46.8126,95.3516,6109,0.271894,-38.3725
[*:1]n1nnnc1N=[N+]=[N-],azide,scaffold,1,8,6089,1763,75.67,34.8391,6089,0.920677,169.484,64.8401,117.754,6089,0.635901,42.9674,4.54612,13.7098,6089,0.554442,25.8751,0.0348106,0.0588097,6089,0.670061,46.1888,0.0828606,0.346392,6089,0.559369,18.6661,0.404336,2.83323,6089,0.535227,11.1361,35.3547,95.1039,6089,0.676137,29.0082
[*:1]n1nnc(N=[N+]=[N-])n1,azide,scaffold,1,8,6061,1773,72.1875,34.8335,6061,0.885497,161.338,52.6482,117.283,6061,0.584227,34.9478,4.4142,13.5681,6061,0.550734,25.3283,0.0260473,0.0584778,6061,0.594126,34.6772,0.0661421,0.3415,6061,0.543805,15.0785,0.294755,2.79664,6061,0.521861,8.20536,-4.26888,102.338,6061,0.510642,-3.24751
[*:1]n1nnnc1[N+](=O)[O-],nitro,scaffold,1,8,5991,1762,5.41361,37.2756,5991,0.708897,11.2412,160.217,124.512,5991,0.969788,99.5974,16.9216,13.738,5991,0.855951,95.3381,0.0580261,0.0578575,5991,0.868136,77.6271,0.394174,0.340253,5991,0.875647,89.6676,3.28411,2.80135,5991,0.863295,90.7405,-64.9035,93.2191,5991,0.168252,-53.8906
[*:2]c1nc(C)nn1[*:1],azole_ring,linker,2,6,5985,2664,-24.8686,35.0347,5985,0.250459,-54.9143,-140.898,123.448,5985,0.13066,-88.2984,-19.8006,13.5989,5985,0,-112.643,-0.06976,0.0690537,5985,0.165246,-78.1541,-0.558229,0.352191,5985,0.0875522,-122.621,-4.57031,2.9034,5985,0.0810359,-121.779,34.3726,105.526,5985,0.652799,25.1992
[*:2]c1nc([*:1])n([N+](=O)[O-])n1,nitro,linker,2,8,5957,2856,-10.1351,35.4721,5957,0.393655,-22.0524,102.069,120.951,5957,0.801578,65.1321,17.4536,12.9156,5957,0.879805,104.3,0.017453,0.0629577,5957,0.54138,21.3961,0.363133,0.321504,5957,0.836663,87.1751,3.16793,2.61298,5957,0.851435,93.5736,-18.3966,90.7157,5957,0.414806,-15.6519
[*:1]n1nnc(N[N+](=O)[O-])n1,nitramine,scaffold,1,9,5840,1690,7.15132,36.1291,5840,0.718151,15.1264,95.6047,121.353,5840,0.708048,60.2052,15.6636,13.5895,5840,0.759932,88.0833,0.049551,0.0557937,5840,0.766438,67.8694,0.368773,0.333773,5840,0.817295,84.4334,3.08481,2.75445,5840,0.825856,85.5853,-61.9084,92.2227,5840,0.218322,-51.3001
[*:1]n1nnnc1N[N+](=O)[O-],nitramine,scaffold,1,9,5800,1682,8.8165,36.522,5800,0.774655,18.3847,101.163,120.769,5800,0.758621,63.7936,15.1315,13.6085,5800,0.746552,84.6808,0.0544204,0.0552168,5800,0.854138,75.0593,0.394157,0.329347,5800,0.913448,91.1443,3.35258,2.71703,5800,0.910517,93.9722,-34.5172,95.3629,5800,0.349483,-27.5658
[*:2]c1nc([*:1])n(O)n1,azole_ring,linker,2,6,5738,2771,-38.2879,36.3008,5738,0.148135,-79.8962,-5.44026,110.735,5738,0.424712,-3.72147,4.84779,12.0581,5738,0.589404,30.4539,-0.025602,0.061732,5738,0.282328,-31.4154,0.0938693,0.316527,5738,0.643604,22.4643,0.973892,2.56968,5738,0.679157,28.7086,-18.5921,95.5256,5738,0.432032,-14.7431
[*:2]c1nc(C)n([*:1])n1,azole_ring,linker,2,6,5698,2640,-27.3168,35.2446,5698,0.224465,-58.5057,-157.733,123.064,5698,0.0958231,-96.7508,-21.3815,13.4969,5698,0,-119.582,-0.0783204,0.0679247,5698,0.13145,-87.038,-0.594459,0.343646,5698,0.0728326,-130.579,-4.79856,2.79703,5698,0.0696736,-129.502,43.7235,125.648,5698,0.661636,26.2675
[*:1]NNn1nnc([*:2])n1,hydrazo,linker,2,7,5239,2327,1.03218,26.8309,5239,0.366864,2.78447,-49.0829,80.0898,5239,0.271044,-44.3585,-4.61253,6.19122,5239,0.13514,-53.9247,0.029766,0.0577758,5239,0.627982,37.2905,-0.0457828,0.209687,5239,0.372018,-15.8035,-0.653882,1.61924,5239,0.333651,-29.2289,-28.5209,87.2025,5239,0.380225,-23.6733
[*:1]NNn1nnnc1[*:2],hydrazo,linker,2,7,5224,2351,4.29855,26.587,5224,0.433384,11.6857,-35.1681,79.69,5224,0.367152,-31.8968,-4.57321,6.16642,5224,0.129977,-53.6031,0.0395746,0.057755,5224,0.741003,49.5254,-0.001334,0.208348,5224,0.515314,-0.462771,-0.263099,1.60877,5224,0.476838,-11.8202,3.41031,85.4332,5224,0.522971,2.88516
[*:1]N=Nn1nnc([*:2])n1,azo,linker,2,7,5217,2357,19.2014,25.889,5217,0.68641,53.5709,6.99997,78.9872,5217,0.570826,6.40103,1.19506,6.30451,5217,0.558367,13.6914,-0.00716498,0.0558359,5217,0.346176,-9.26854,-0.00802782,0.197226,5217,0.496837,-2.93998,-0.0998727,1.51735,5217,0.529423,-4.75415,-3.42181,77.53,5217,0.512555,-3.18784
[*:1]c1nnn[nH]1,azole_ring,scaffold,1,5,5209,1817,-25.1708,34.7323,5209,0.220772,-52.3046,-93.5273,115.108,5209,0.237474,-58.6423,-7.01633,13.3282,5209,0.207141,-37.994,-0.0616984,0.0562967,5209,0.154924,-79.0984,-0.168395,0.329647,5209,0.228835,-36.8687,-1.18016,2.7126,5209,0.288923,-31.4003,11.1664,104.696,5209,0.54713,7.69765
[*:1]N=Nn1nnnc1[*:2],azo,linker,2,7,5154,2319,22.7231,25.9318,5154,0.821304,62.9082,21.5884,80.0664,5154,0.662786,19.3572,1.38488,6.33492,5154,0.560341,15.6944,0.00315118,0.0577505,5154,0.443539,3.91733,0.0318573,0.201902,5154,0.619907,11.3276,0.225637,1.5428,5154,0.641832,10.4996,19.4582,83.5368,5154,0.591191,16.7223
[*:2]c1nc([*:1])n(N[N+](=O)[O-])n1,nitramine,linker,2,9,5092,2555,-1.7872,36.8789,5092,0.548704,-3.45811,88.7045,125.749,5092,0.707188,50.337,18.1609,13.3226,5092,0.827769,97.2727,0.0371136,0.0657647,5092,0.670267,40.2703,0.399863,0.332937,5092,0.849961,85.7026,3.37319,2.66621,5092,0.855263,90.28,-49.4287,99.8689,5092,0.274548,-35.3178
[*:1]c1nnnn1N=[N+]=[N-],azide,scaffold,1,8,5080,1739,85.2993,35.579,5080,0.994685,170.877,104.439,114.319,5080,0.811614,65.1139,4.23854,13.4443,5080,0.53189,22.4704,0.0644509,0.0574822,5080,0.89685,79.9149,0.157235,0.336799,5080,0.683465,33.2745,1.00168,2.76128,5080,0.656102,25.8553,46.6913,100.713,5080,0.712205,33.0432
[*:1]c1nnnn1C,azole_ring,scaffold,1,6,5080,1767,-31.4913,35.7073,5080,0.150984,-62.8586,-171.853,120.829,5080,0.0452756,-101.372,-23.3053,13.6603,5080,0,-121.598,-0.0859215,0.0574761,5080,0.0614173,-106.548,-0.628079,0.335013,5080,0.0602362,-133.624,-5.09806,2.78635,5080,0.0675197,-130.407,64.9574,121.838,5080,0.730512,37.9994
[*:1]c1nnnn1N,azole_ring,scaffold,1,6,5057,1787,-1.43521,36.5763,5057,0.593435,-2.79036,-63.5796,117.768,5057,0.369982,-38.3917,-6.93037,13.4149,5057,0.216136,-36.738,0.00887649,0.0553704,5057,0.543405,11.4001,-0.028204,0.330395,5057,0.463516,-6.07048,-0.317836,2.70578,5057,0.450267,-8.35328,31.2448,100.311,5057,0.648804,22.1501
[*:1]c1nn[nH]n1,azole_ring,scaffold,1,5,5044,1701,-25.2921,35.4151,5044,0.217486,-50.7205,-95.7566,117.991,5044,0.23751,-57.6376,-6.71806,13.7683,5044,0.218279,-34.6539,-0.0636226,0.0587391,5044,0.162569,-76.9257,-0.173594,0.33932,5044,0.235726,-36.3339,-1.22438,2.75607,5044,0.289651,-31.551,-35.5574,96.9881,5044,0.37728,-26.0375
[*:1]c1nnnn1O,azole_ring,scaffold,1,6,5040,1750,-23.7793,35.2161,5040,0.244246,-47.9373,37.6194,114.956,5040,0.577183,23.2324,2.80231,13.5487,5040,0.464881,14.6837,0.0107851,0.0560763,5040,0.530357,13.654,0.136283,0.337327,5040,0.658929,28.6817,1.21931,2.77907,5040,0.672619,31.1481,-3.11837,100.08,5040,0.498214,-2.21206
[*:1]c1nnnn1[N+](=O)[O-],nitro,scaffold,1,8,5012,1729,4.06944,35.621,5012,0.67518,8.08787,147.29,123.671,5012,0.933958,84.3161,16.2292,13.8703,5012,0.82921,82.8358,0.0514243,0.0572394,5012,0.799681,63.6032,0.396128,0.341924,5012,0.890263,82.0182,3.36401,2.82441,5012,0.888867,84.3207,-35.6801,93.3263,5012,0.365323,-27.0663
[*:1]c1nnn(N)n1,azole_ring,scaffold,1,6,5001,1677,-1.40919,34.7644,5001,0.55129,-2.86658,-70.1568,119.541,5001,0.331534,-41.503,-6.59548,13.6835,5001,0.231154,-34.0861,0.00214727,0.0575394,5001,0.484103,2.63907,-0.0496336,0.342499,5001,0.421516,-10.2481,-0.498931,2.8093,5001,0.39932,-12.5595,-16.8604,99.2477,5001,0.468106,-12.0137
[*:1]c1nnn(C)n1,azole_ring,scaffold,1,6,4999,1699,-34.5382,35.0995,4999,0.0928186,-69.573,-186.316,123.662,4999,0.00620124,-106.526,-22.9338,13.9121,4999,0,-116.553,-0.0981868,0.0587476,4999,0.0142028,-118.169,-0.651542,0.335067,4999,0.0122024,-137.484,-5.22467,2.7775,4999,0.0230046,-132.998,77.571,123.401,4999,0.745749,44.4451
[*:1]c1nnn(O)n1,azole_ring,scaffold,1,6,4939,1694,-29.7677,37.3071,4939,0.177566,-56.0755,26.3211,116.02,4939,0.537153,15.9438,3.33847,13.2189,4939,0.48856,17.7489,-0.000914942,0.0555758,4939,0.438348,-1.15698,0.103968,0.326865,4939,0.617736,22.3538,0.955868,2.678,4939,0.641223,25.0846,-50.515,94.6719,4939,0.299858,-37.4989
[*:1]c1nnn(N=[N+]=[N-])n1,azide,scaffold,1,8,4937,1650,81.8453,34.7972,4937,0.954223,165.265,85.7623,114.403,4937,0.71663,52.6735,3.84489,13.368,4937,0.529876,20.2092,0.0522236,0.0568653,4937,0.797245,64.5285,0.124628,0.334181,4937,0.624671,26.2038,0.750734,2.7446,4937,0.602998,19.2193,55.75,107.641,4937,0.719465,36.3913
[*:1]c1nnn([N+](=O)[O-])n1,nitro,scaffold,1,8,4931,1647,-2.92949,37.2685,4931,0.568445,-5.51973,132.689,125.871,4931,0.879132,74.0245,16.2151,13.8041,4931,0.840195,82.4857,0.0391367,0.0571237,4931,0.675117,48.11,0.368387,0.338736,4931,0.840397,76.3678,3.15317,2.80489,4931,0.855202,78.9403,-30.5516,100.829,4931,0.380856,-21.2773
[*:2]c1nc([*:1])n(N=[N+]=[N-])n1,azide,linker,2,8,4803,2500,73.1017,34.5985,4803,0.911514,146.429,79.224,118.308,4803,0.715178,46.4087,8.65567,12.2713,4803,0.712263,48.8842,0.0362703,0.0682837,4803,0.644805,36.8121,0.190267,0.329028,4803,0.750573,40.0762,1.37117,2.61959,4803,0.74745,36.2757,25.1766,106.589,4803,0.631897,16.3697
[*:1]c1nnnn1N[N+](=O)[O-],nitramine,scaffold,1,9,4781,1668,13.654,35.8193,4781,0.823677,26.3573,118.825,118.297,4781,0.844593,69.4534,15.3529,13.7465,4781,0.743987,77.2245,0.0658138,0.0545661,4781,0.933487,83.3976,0.392948,0.333224,4781,0.871993,81.5376,3.23951,2.7539,4781,0.861535,81.3374,-55.6526,90.2657,4781,0.24451,-42.6306
[*:1]N=Nc1nnn([*:2])n1,azo,linker,2,7,4767,2042,24.664,25.8565,4767,0.826096,65.8593,27.8374,76.7261,4767,0.660373,25.05,1.52424,6.19999,4767,0.569121,16.974,0.00764812,0.0561908,4767,0.454374,9.39749,0.0260911,0.195111,4767,0.585274,9.23277,0.150305,1.49545,4767,0.60772,6.93945,9.02768,80.0895,4767,0.547514,7.78258
[*:1]Nn1nnnc1[*:2],azole_ring,linker,2,6,4757,2397,14.9175,27.6254,4757,0.82489,37.2439,59.1628,95.0789,4757,0.700862,42.9172,7.16856,11.2059,4757,0.451545,44.1216,0.0554675,0.061508,4757,0.864831,62.1976,0.220488,0.307624,4757,0.750053,49.4346,1.71929,2.55126,4757,0.734917,46.4796,-15.0199,81.6246,4757,0.413706,-12.6915
[*:1]NNc1nnnn1[*:2],hydrazo,linker,2,7,4710,2034,1.88208,26.5188,4710,0.420382,4.87073,-46.229,77.2618,4710,0.312739,-41.0638,-4.40058,6.03247,4710,0.13758,-50.064,0.0312093,0.0563356,4710,0.693631,38.0199,-0.00726098,0.199548,4710,0.507856,-2.49723,-0.269701,1.54852,4710,0.465393,-11.953,-0.418989,86.3148,4710,0.525053,-0.333141
[*:1]N=Nc1nnnn1[*:2],azo,linker,2,7,4646,2068,28.1423,25.9207,4646,0.924882,74.0037,38.9156,78.0555,4646,0.741498,33.9829,1.48391,6.27399,4646,0.568661,16.1214,0.0167818,0.0562904,4646,0.566509,20.321,0.0443208,0.198065,4646,0.659277,15.2524,0.273233,1.5183,4646,0.661429,12.2663,19.433,80.6583,4646,0.620103,16.4221
[*:1]c1nnn(N[N+](=O)[O-])n1,nitramine,scaffold,1,9,4563,1535,10.1713,36.1159,4563,0.766382,19.0241,101.893,118.335,4563,0.737453,58.1645,14.5685,13.5469,4563,0.724962,72.6444,0.0560015,0.0545744,4563,0.854482,69.3164,0.362309,0.330728,4563,0.845277,74.0003,3.01337,2.74413,4563,0.836511,74.1776,-64.8995,92.8026,4563,0.216086,-47.2396
[*:1]NNc1nnn([*:2])n1,hydrazo,linker,2,7,4558,2023,-0.639829,26.6086,4558,0.369241,-1.62341,-55.5044,78.8745,4558,0.245283,-47.5092,-4.52044,6.12794,4558,0.131856,-49.8028,0.0233628,0.0570657,4558,0.613646,27.6399,-0.0454584,0.199641,4558,0.378236,-15.3728,-0.595327,1.54899,4558,0.335015,-25.9474,-11.0115,86.5145,4558,0.450197,-8.593
[*:1]Nn1nnc([*:2])n1,azole_ring,linker,2,6,4474,2365,19.3174,23.0079,4474,0.750782,56.1591,54.8575,98.4545,4474,0.581359,37.2691,7.65349,11.8675,4474,0.440098,43.137,0.052784,0.06842,4474,0.726419,51.6021,0.212373,0.335031,4474,0.658695,42.3997,1.60551,2.71145,4474,0.640367,39.606,-32.8565,80.1805,4474,0.326106,-27.4094
[*:2]c1nc([*:1])n(N)n1,azole_ring,linker,2,6,4392,2388,-10.2168,33.3552,4392,0.350182,-20.2993,-93.5704,119.895,4392,0.236794,-51.7211,-2.49458,12.5112,4392,0.367031,-13.2138,-0.0281877,0.0690437,4392,0.291211,-27.0562,-0.0274182,0.337122,4392,0.451275,-5.38993,-0.166663,2.70872,4392,0.496812,-4.07763,15.3292,96.1684,4392,0.586976,10.5637
[*:1]Nc1nn(O)nc1[*:2],azole_ring,linker,2,7,4264,710,-14.0367,31.886,4264,0.319653,-28.7458,71.0492,100.618,4264,0.747889,46.1097,6.08148,9.85888,4264,0.645169,40.2801,0.0274799,0.0583713,4264,0.632974,30.7414,0.181132,0.270694,4264,0.792683,43.6943,1.54097,2.24826,4264,0.790807,44.7566,-46.1262,81.3593,4264,0.270403,-37.0211
[*:2]c1nc([*:1])n(C)n1,azole_ring,linker,2,6,3926,2297,-41.2974,33.0547,3926,0.0532348,-78.2825,-207.488,117.309,3926,0.0282731,-110.825,-19.3742,12.3226,3926,0,-98.5135,-0.122029,0.0677667,3926,0.0359144,-112.829,-0.625654,0.32323,3926,0.0295466,-121.282,-4.83748,2.64046,3926,0.0326032,-114.793,53.632,120.193,3926,0.695874,27.9589
[*:1]N=[N+]([O-])n1nnnc1[*:2],azoxy,linker,2,8,3827,1734,20.7192,25.4908,3827,0.76901,50.2827,118.322,82.6001,3827,0.932323,88.6167,10.2514,6.4512,3827,0.834335,98.3041,0.0530206,0.0560655,3827,0.852103,58.503,0.289881,0.190817,3827,0.922132,93.9793,2.39909,1.42935,3827,0.917951,103.833,-4.68372,77.4229,3827,0.455448,-3.7424
[*:1]N=[N+]([O-])n1nnc([*:2])n1,azoxy,linker,2,8,3696,1684,18.7122,25.937,3696,0.678842,43.8602,108.916,86.0725,3696,0.877976,76.9295,10.1101,6.59336,3696,0.821699,93.2213,0.0488539,0.0575545,3696,0.791126,51.6042,0.276622,0.194427,3696,0.891234,86.4962,2.28099,1.43375,3696,0.890422,96.72,-14.5132,73.5817,3696,0.414502,-11.9911
[*:1]Nc1nnc([*:2])n1N,azole_ring,linker,2,7,3669,702,4.04995,35.4999,3669,0.613519,6.91028,-62.0203,107.836,3669,0.304443,-34.8372,-5.8635,11.3745,3669,0.185337,-31.2247,0.0014121,0.0574773,3669,0.525484,1.48814,-0.0272799,0.305651,3669,0.412646,-5.40618,-0.271332,2.56894,3669,0.406378,-6.39766,41.8184,95.0881,3669,0.702916,26.6388
[*:2]c1n[nH]c([*:1])n1,azole_ring,linker,2,5,3490,2092,-41.0403,31.6502,3490,0.0719198,-76.6031,-159.538,98.9392,3490,0.0415473,-95.2598,-5.32865,11.7779,3490,0.155874,-26.7277,-0.114497,0.0559401,3490,0.0338109,-120.917,-0.246787,0.294444,3490,0.145845,-49.5146,-1.59719,2.42139,3490,0.199427,-38.9676,-1.5258,94.8821,3490,0.501146,-0.950004
[*:1]Nn1nc(C)nc1[*:2],azole_ring,linker,2,7,3442,696,-17.129,35.0907,3442,0.358512,-28.6382,-112.468,97.6704,3442,0.110401,-67.5571,-18.2945,10.0674,3442,0,-106.612,-0.057781,0.0613192,3442,0.178966,-55.2833,-0.52647,0.28373,3442,0.070308,-108.861,-4.43184,2.39782,3442,0.0630447,-108.436,18.0461,92.7394,3442,0.609529,11.4163
[*:1]Nc1nnnn1[*:2],azole_ring,linker,2,6,3270,2292,6.67779,14.1465,3270,0.731804,26.9934,-4.19813,45.7781,3270,0.453823,-5.24411,1.25646,5.01887,3270,0.183486,14.3158,0.0136761,0.0345219,3270,0.684098,22.6538,0.0631778,0.135661,3270,0.700306,26.6308,0.531889,1.15859,3270,0.692355,26.2522,8.16658,73.1394,3270,0.564526,6.38503
[*:1]Nn1nc([*:2])c(C)n1,azole_ring,linker,2,7,2972,683,-3.36903,34.5309,2972,0.59354,-5.3189,-41.4382,90.781,2972,0.376178,-24.8846,-15.1195,10.5589,2972,0,-78.0624,-0.00599176,0.0551859,2972,0.460969,-5.91903,-0.374437,0.284905,2972,0.167227,-71.6478,-3.33036,2.39736,2972,0.144347,-75.7324,9.33131,96.201,2972,0.570323,5.28795
[*:2]c1cnnn1[*:1],azole_ring,linker,2,5,2955,1859,-4.06983,32.6886,2955,0.543147,-6.76797,-6.25087,98.5278,2955,0.526565,-3.44874,-6.21381,12.4372,2955,0.179695,-27.1589,0.00418318,0.0493317,2955,0.553976,4.60956,-0.126358,0.292759,2955,0.313367,-23.4624,-1.177,2.46577,2955,0.297462,-25.948,12.7293,84.0658,2955,0.567851,8.23119
[*:1]Nc1nnn([*:2])n1,azole_ring,linker,2,6,2950,2126,0.488726,9.1475,2950,0.501017,2.90184,-23.9725,42.055,2950,0.21322,-30.9604,-0.0645692,3.48941,2950,0.0976271,-1.00504,-0.00199475,0.0259362,2950,0.424407,-4.17727,-0.0183993,0.0847055,2950,0.328136,-11.7978,-0.18873,0.757456,2950,0.342034,-13.533,-8.77582,65.1288,2950,0.456949,-7.31857
[*:1]N=[N+]([O-])c1nnnn1[*:2],azoxy,linker,2,8,2912,1237,20.5602,25.9605,2912,0.768201,42.7375,116.036,82.2122,2912,0.948832,76.1645,10.15,6.57877,2912,0.826236,83.256,0.0527038,0.0559063,2912,0.882555,50.8718,0.294737,0.190772,2912,0.928915,83.3712,2.44886,1.41603,2912,0.926511,93.3228,-2.32767,75.537,2912,0.485234,-1.66286
[*:1]Nc1nc([*:2])n(C)n1,azole_ring,linker,2,7,2887,699,-31.3432,26.6403,2887,0.0976793,-63.2161,-159.443,90.2543,2887,0.0155871,-94.9209,-15.983,10.4204,2887,0,-82.4133,-0.105287,0.057973,2887,0.0180118,-97.5827,-0.544938,0.291234,2887,0.0193973,-100.538,-4.30733,2.42918,2887,0.031867,-95.2735,60.043,107.998,2887,0.752338,29.8723
[*:2]n1nnc(N=[N+]([*:1])[O-])n1,azoxy,linker,2,8,2782,1404,10.8992,22.3748,2782,0.60532,25.6929,93.8184,75.4821,2782,0.895758,65.5575,9.89954,5.94585,2782,0.847951,87.8173,0.0313716,0.0458597,2782,0.775701,36.0815,0.264415,0.156383,2782,0.924155,89.1816,2.31177,1.20828,2782,0.93422,100.915,16.8136,79.2682,2782,0.601725,11.1877
[*:1]Nn1ncc([*:2])n1,azole_ring,linker,2,6,2650,668,2.94583,36.3453,2650,0.641132,4.17237,31.2875,102.422,2650,0.622642,15.7254,-3.22996,12.5853,2650,0.32717,-13.2116,0.026958,0.0581433,2650,0.646038,23.8677,-0.0606811,0.33392,2650,0.318491,-9.3548,-0.767931,2.7961,2650,0.295472,-14.1381,-14.2976,86.8399,2650,0.424906,-8.47554
[*:1]Nn1nc([*:2])c(N=[N+]=[N-])n1,azide,linker,2,9,2645,660,75.6242,40.8705,2645,0.88431,95.1621,80.7554,90.5594,2645,0.769376,45.8618,4.30889,9.9317,2645,0.561815,22.3128,0.045909,0.0534458,2645,0.806427,44.1771,0.0986052,0.262161,2645,0.644612,19.3439,0.551229,2.184,2645,0.608696,12.9805,-8.53407,88.6703,2645,0.468809,-4.94984
[*:1]Nc1nnc([*:2])n1O,azole_ring,linker,2,7,2638,683,-16.316,24.117,2638,0.221759,-34.7479,54.5462,87.7491,2638,0.679682,31.9271,7.08615,9.60752,2638,0.611448,37.8824,0.00948343,0.0501953,2638,0.535633,9.70376,0.21122,0.257462,2638,0.813116,42.1367,1.93133,2.15326,2638,0.835861,46.0677,16.952,94.224,2638,0.605383,9.24054
[*:1]Nn1nc([N+](=O)[O-])nc1[*:2],nitro,linker,2,9,2633,663,-3.13919,39.1855,2633,0.513483,-4.11072,108.036,104.196,2633,0.816179,53.2039,15.4706,10.0872,2633,0.842005,78.6975,0.0247667,0.0563092,2633,0.626662,22.5691,0.320904,0.247127,2633,0.884163,66.6315,2.83895,2.08414,2633,0.892898,69.8967,-30.8505,83.8083,2633,0.321686,-18.8887
[*:1]Nn1nnc([*:2])c1O,azole_ring,linker,2,7,2546,678,-31.1792,39.7725,2546,0.1685,-39.5559,31.917,104.476,2546,0.688531,15.4146,8.34274,11.1748,2546,0.665357,37.6703,-0.00566359,0.0568033,2546,0.495679,-5.03092,0.17713,0.304333,2546,0.719953,29.3678,1.63253,2.57891,2546,0.750589,31.9414,-28.8545,88.6865,2546,0.358602,-16.4167
[*:1]Nc1n[nH]c([*:2])n1,azole_ring,linker,2,6,2509,671,-37.6274,41.5218,2509,0.0992427,-45.3918,-127.406,90.6471,2509,0.0514149,-70.4021,-4.85135,9.95878,2509,0.188521,-24.401,-0.0885606,0.0510882,2509,0.0179354,-86.8301,-0.215249,0.256913,2509,0.131527,-41.9669,-1.49184,2.12995,2509,0.147071,-35.0836,-11.5149,89.9819,2509,0.453169,-6.40997
[*:2]c1cnn([*:1])n1,azole_ring,linker,2,5,2506,1693,-11.0937,34.3512,2506,0.397047,-16.1668,-31.7898,101.371,2506,0.426576,-15.6987,-6.96106,13.0677,2506,0.20431,-26.6665,-0.0139538,0.0515531,2506,0.409018,-13.5497,-0.18074,0.311179,2506,0.230646,-29.076,-1.59305,2.61841,2506,0.224661,-30.4566,13.8676,89.8961,2506,0.580607,7.72236
[*:1]Nc1c([*:2])nnn1C,azole_ring,linker,2,7,2430,661,-24.1511,36.3978,2430,0.260082,-32.7088,-105.002,109.07,2430,0.157202,-47.4566,-18.2285,11.5578,2430,0,-77.7463,-0.0536153,0.0630842,2430,0.202881,-41.8959,-0.480507,0.32008,2430,0.138272,-74.0022,-4.03407,2.65658,2430,0.14321,-74.8555,51.2255,99.6936,2430,0.728395,25.3292
[*:1]Nn1c([*:2])nnc1N=[N+]=[N-],azide,linker,2,9,2415,656,76.4569,36.175,2415,0.8853,103.865,79.6452,107.188,2415,0.725052,36.5152,7.4622,11.1155,2415,0.695238,32.991,0.0381351,0.0579646,2415,0.69441,32.3311,0.180703,0.304539,2415,0.715942,29.1596,1.35947,2.53106,2415,0.7147,26.3952,30.3845,87.0509,2415,0.679503,17.1529
[*:1]Nc1nnn(N)c1[*:2],azole_ring,linker,2,7,2342,650,8.61275,36.4474,2342,0.757472,11.4359,-18.8244,99.2605,2342,0.415457,-9.17779,-3.59258,12.5951,2342,0.300598,-13.8038,0.0329071,0.0561248,2342,0.733134,28.3745,0.0688998,0.327427,2342,0.515371,10.1835,0.448232,2.73756,2342,0.492741,7.9238,2.66286,91.8758,2342,0.554227,1.40262
[*:1]Nn1nc([*:2])nc1O,azole_ring,linker,2,7,2259,675,-49.9177,33.0699,2259,0,-71.743,-63.9559,95.7093,2259,0.270474,-31.7603,6.73871,10.6255,2259,0.601594,30.1429,-0.0723557,0.0540226,2259,0.125277,-63.6583,0.00275978,0.287371,2259,0.451527,0.456446,0.33412,2.43692,2259,0.499336,6.51659,-38.5357,86.4442,2259,0.320496,-21.1878
[*:1]Nc1nn(N)nc1[*:2],azole_ring,linker,2,7,2204,669,10.6738,39.7825,2204,0.806715,12.5961,-2.98902,93.0183,2204,0.512704,-1.50857,-1.6558,9.92317,2204,0.275408,-7.83362,0.0385805,0.0548822,2204,0.759528,33.0022,0.0763482,0.27064,2204,0.569419,13.2438,0.457648,2.22006,2204,0.543557,9.67768,0.965832,85.2673,2204,0.517241,0.531771
[*:1]Nc1nc([*:2])n(O)n1,azole_ring,linker,2,7,2186,649,-31.3127,28.6908,2186,0.0782251,-51.0274,7.72089,99.1291,2186,0.575023,3.64159,5.74776,12.0559,2186,0.603385,22.2906,-0.0166119,0.0456039,2186,0.376487,-17.0311,0.100385,0.302469,2186,0.639982,15.5172,0.983885,2.61181,2186,0.659652,17.6128,-23.3307,88.4219,2186,0.379689,-12.3365
[*:1]Nn1nnc(O)c1[*:2],azole_ring,linker,2,7,2183,657,-34.6563,41.3696,2183,0.147503,-39.1406,21.9881,113.438,2183,0.569858,9.05639,7.20726,12.8148,2183,0.589556,26.2775,-0.00524352,0.0570799,2183,0.453504,-4.29206,0.148223,0.338421,2183,0.595511,20.4638,1.33506,2.83935,2183,0.622996,21.9688,-37.6249,94.2649,2183,0.313788,-18.6488
[*:1]Nn1c([*:2])nnc1N,azole_ring,linker,2,7,2173,673,9.62009,31.7674,2173,0.675564,14.1165,-70.7066,101.749,2173,0.276116,-32.3938,-6.99482,10.797,2173,0.16613,-30.1998,0.00293787,0.0548027,2173,0.488725,2.49897,-0.0649925,0.276437,2173,0.352968,-10.9597,-0.640462,2.33676,2173,0.349287,-12.7764,46.1113,101.932,2173,0.700874,21.0875
[*:1]Nc1nc([*:2])nn1N,azole_ring,linker,2,7,2144,658,-0.669299,27.6145,2144,0.595149,-1.12226,-60.1349,100.739,2144,0.325093,-27.6401,0.307709,11.4769,2144,0.39459,1.24144,-0.013796,0.0592008,2144,0.413246,-10.7904,0.0434726,0.322606,2144,0.483209,6.23958,0.402834,2.66553,2144,0.497201,6.99771,4.89402,87.5484,2144,0.54291,2.58839
[*:1]Nn1c([*:2])nnc1C,azole_ring,linker,2,7,2128,655,-4.03477,32.6278,2128,0.475094,-5.70448,-73.9054,77.596,2128,0.140038,-43.9362,-18.147,9.72717,2128,0,-86.0605,-0.0240617,0.0475704,2128,0.263158,-23.3333,-0.42834,0.237568,2128,0.0958647,-83.1737,-3.68589,2.0735,2128,0.103383,-82.002,65.5673,108.439,2128,0.756579,27.8925
[*:2]c1cn([*:1])nn1,azole_ring,linker,2,5,2110,1485,-9.77318,36.2188,2110,0.432701,-12.3949,-25.8664,108.694,2110,0.440284,-10.9313,-8.28407,13.6847,2110,0.225118,-27.8067,-0.00629754,0.0530915,2110,0.450711,-5.44863,-0.183341,0.323354,2110,0.213744,-26.0449,-1.64564,2.71484,2110,0.203318,-27.844,21.8229,91.5947,2110,0.612322,10.9442
[*:1]Nc1c([*:2])nnn1N,azole_ring,linker,2,7,2110,664,9.7757,34.1205,2110,0.808057,13.1605,-0.77215,96.442,2110,0.538863,-0.36777,-1.68449,10.9411,2110,0.297156,-7.07211,0.0367606,0.0559833,2110,0.740284,30.1624,0.0995083,0.303107,2110,0.624171,15.0801,0.707017,2.51926,2110,0.60237,12.8914,0.705862,95.6549,2110,0.529858,0.338964
[*:1]Nc1nnn(O)c1[*:2],azole_ring,linker,2,7,2106,658,1.89983,29.217,2106,0.631054,2.98407,105.722,111.437,2106,0.84188,43.5378,7.2177,10.9904,2106,0.606838,30.1381,0.0613048,0.060905,2106,0.838557,46.1924,0.288228,0.31152,2106,0.852802,42.4601,2.35707,2.59034,2106,0.845679,41.7584,-22.8454,89.0427,2106,0.421652,-11.7741
[*:1]Nc1nnc([*:2])[nH]1,azole_ring,linker,2,6,2105,658,-31.3759,31.1904,2105,0.103088,-46.1532,-81.6831,88.5093,2105,0.181473,-42.3418,0.833094,11.2108,2105,0.409501,3.40944,-0.0715493,0.0509266,2105,0.0831354,-64.4594,-0.0337199,0.301532,2105,0.390974,-5.13071,0.0665598,2.54819,2105,0.449406,1.19841,15.407,91.1715,2105,0.577672,7.75328
[*:1]Nn1nc([*:2])c(O)n1,azole_ring,linker,2,7,2094,645,-23.0954,28.837,2094,0.168577,-36.6491,42.1115,87.2408,2094,0.702006,22.0886,9.98687,9.86243,2094,0.711079,46.3377,-0.00120177,0.0547489,2094,0.495702,-1.00446,0.186144,0.270441,2094,0.763133,31.4967,1.64864,2.25117,2094,0.759312,33.5124,-48.9575,90.1343,2094,0.274117,-24.8553
[*:1]Nn1nc([*:2])nc1N,azole_ring,linker,2,7,2074,665,-14.025,40.1273,2074,0.478303,-15.9173,-105.051,119.544,2074,0.224687,-40.0202,-3.11097,13.4442,2074,0.304243,-10.5382,-0.037862,0.0663296,2074,0.27001,-25.9956,-0.0652854,0.375807,2074,0.307136,-7.91145,-0.466128,3.09623,2074,0.311475,-6.85608,-3.62378,96.1821,2074,0.505786,-1.71582
[*:1]Nc1nnn(C)c1[*:2],azole_ring,linker,2,7,1997,642,-19.5577,32.0167,1997,0.314472,-27.2979,-101.035,87.6835,1997,0.118177,-51.4924,-15.0308,10.9131,1997,0,-61.5495,-0.0541808,0.0481106,1997,0.121182,-50.3261,-0.419398,0.288587,1997,0.117176,-64.9438,-3.45712,2.45474,1997,0.140711,-62.9359,52.7341,108.661,1997,0.707061,21.6874
[*:1]Nc1[nH]nnc1[*:2],azole_ring,linker,2,6,1969,642,-24.9057,45.27,1969,0.394109,-24.4124,-48.8938,93.9118,1969,0.315896,-23.1024,-3.52391,10.0367,1969,0.216353,-15.5796,-0.0296309,0.0555281,1969,0.287456,-23.6786,-0.0403801,0.262229,1969,0.364652,-6.83296,-0.167281,2.185,1969,0.410361,-3.39718,8.32651,89.8233,1969,0.552565,4.11336
[*:1]Nn1cc([*:2])nn1,azole_ring,linker,2,6,1959,635,10.3624,31.6885,1959,0.794283,14.4735,58.7485,104.496,1959,0.698826,24.8837,-1.56002,13.3662,1959,0.371618,-5.16582,0.0487064,0.0557241,1959,0.828484,38.6866,0.0273203,0.34527,1959,0.488515,3.50222,-0.0640231,2.91566,1959,0.419602,-0.971889,-16.7583,86.2844,1959,0.433384,-8.59634
[*:2]c1c([N+](=O)[O-])nnn1[*:1],nitro,linker,2,8,1915,1435,-3.27137,39.8279,1915,0.577546,-3.59441,137.154,111.519,1915,0.925326,53.8199,16.6303,14.0386,1915,0.883029,51.8393,0.0379152,0.0536204,1915,0.757702,30.9434,0.388547,0.329441,1915,0.873107,51.612,3.35551,2.75813,1915,0.87154,53.2387,-28.8072,85.4751,1915,0.330548,-14.7485
[*:1]Nc1nc([*:2])nn1O,azole_ring,linker,2,7,1908,656,-33.3533,30.4016,1908,0.091195,-47.9217,-21.89,64.7917,1908,0.383124,-14.7576,1.85063,7.92925,1908,0.481656,10.1947,-0.0308673,0.0328646,1908,0.151468,-41.0261,0.00923982,0.167831,1908,0.584906,2.40481,0.281074,1.49646,1908,0.628407,8.20439,-16.7809,83.595,1908,0.42086,-8.76847
[*:1]Nn1nnc([*:2])c1N,azole_ring,linker,2,7,1901,647,18.5396,18.0913,1901,0.854287,44.6809,8.4888,77.2881,1901,0.632299,4.78878,0.94052,11.4907,1901,0.353498,3.56871,0.0347964,0.0454472,1901,0.802209,33.3824,0.139502,0.297636,1901,0.647554,20.4355,1.06517,2.54935,1901,0.614413,18.2171,-14.5312,93.2079,1901,0.434508,-6.79734
[*:1]Nc1nnc([*:2])n1C,azole_ring,linker,2,7,1879,639,-44.1276,37.6825,1879,0.053752,-50.7614,-184.472,97.8175,1879,0.000532198,-81.7481,-22.0684,9.6152,1879,0,-99.4893,-0.107496,0.0506892,1879,0,-91.9268,-0.643275,0.238518,1879,0.00159659,-116.907,-5.19943,2.03879,1879,0.00532198,-110.547,60.7745,103.658,1879,0.751996,25.4146
[*:1]Nn1cnnc1[*:2],azole_ring,linker,2,6,1866,642,6.41094,28.2629,1866,0.69507,9.79853,8.66579,101.573,1866,0.468917,3.68542,-3.08392,10.8846,1866,0.200965,-12.239,0.0164385,0.0563312,1866,0.49089,12.6057,-0.027903,0.302763,1866,0.411576,-3.98112,-0.372567,2.52016,1866,0.41104,-6.38603,34.2871,96.2782,1866,0.666667,15.3836
[*:1]Nc1nc([*:2])nn1N=[N+]=[N-],azide,linker,2,9,1789,625,71.9741,39.9046,1789,0.883734,76.2884,75.0827,112.354,1789,0.712689,28.2655,8.05279,13.0709,1789,0.621576,26.0582,0.035629,0.0559925,1789,0.699832,26.9141,0.183175,0.344264,1789,0.64673,22.5051,1.38129,2.92067,1789,0.632197,20.0036,11.0717,90.9285,1789,0.567915,5.15016
[*:1]Nn1cnc([*:2])n1,azole_ring,linker,2,6,1779,644,-10.412,36.4264,1779,0.480045,-12.056,-26.6407,91.934,1779,0.462057,-12.2224,-5.30491,8.21279,1779,0.221473,-27.2443,-0.0199802,0.0518326,1779,0.345138,-16.2586,-0.188844,0.219562,1779,0.134345,-36.2773,-1.6756,1.79305,1779,0.0955593,-39.4154,10.5363,83.2747,1779,0.586847,5.3366
[*:1]Nn1nc([*:2])nc1C,azole_ring,linker,2,7,1778,638,-15.8346,18.5023,1778,0.222722,-36.0866,-109.419,94.7579,1778,0.0922385,-48.6903,-16.9007,10.5131,1778,0,-67.7861,-0.0652269,0.0575466,1778,0.116423,-47.7939,-0.51129,0.297685,1778,0.0708661,-72.4229,-4.23954,2.51023,1778,0.0725534,-71.2149,42.0224,104.481,1778,0.686164,16.9594
[*:1]Nn1c([*:2])nnc1O,azole_ring,linker,2,7,1778,642,-38.609,29.624,1778,0.00843645,-54.9554,-56.928,90.3208,1778,0.231159,-26.5769,2.34696,10.7725,1778,0.372891,9.18661,-0.0572399,0.045822,1778,0.0809899,-52.6733,-0.0212019,0.276549,1778,0.413386,-3.23272,0.0838071,2.38346,1778,0.491001,1.48265,17.3491,93.3959,1778,0.571991,7.83275
[*:1]Nc1nc([*:2])n[nH]1,azole_ring,linker,2,6,1758,624,-24.5085,28.7645,1758,0.163254,-35.7247,-119.036,78.4975,1758,0.00967008,-63.5818,-4.63227,9.91005,1758,0.186007,-19.5987,-0.0844183,0.0451795,1758,0.0176337,-78.3438,-0.181073,0.239834,1758,0.166098,-31.6557,-1.1863,2.05659,1758,0.2281,-24.1855,-2.40435,90.9314,1758,0.496587,-1.10865
[*:1]Nn1nc(N)nc1[*:2],azole_ring,linker,2,7,1703,641,-3.72228,34.5943,1703,0.594245,-4.44029,-71.1426,101.915,1703,0.258955,-28.807,-1.55273,11.1611,1703,0.307692,-5.74113,-0.0138382,0.0550667,1703,0.319436,-10.3705,-0.036242,0.316243,1703,0.33118,-4.72933,-0.363936,2.61786,1703,0.325895,-5.73702,-7.36495,86.29,1703,0.487375,-3.52222
[*:1]Nc1nn[nH]c1[*:2],azole_ring,linker,2,6,1670,628,-16.7945,38.5501,1670,0.353892,-17.8032,-38.079,96.2323,1670,0.48024,-16.1705,-3.81807,11.3594,1670,0.31497,-13.7355,-0.0310915,0.0553522,1670,0.330539,-22.9544,-0.0754562,0.286077,1670,0.309581,-10.7788,-0.517431,2.41853,1670,0.326347,-8.74299,-2.63103,81.0316,1670,0.497605,-1.32687
[*:1]Nc1nn(C)nc1[*:2],azole_ring,linker,2,7,1668,634,-34.6423,31.5989,1668,0.121703,-44.7747,-171.909,116.036,1668,0.0809353,-60.5066,-22.4917,12.5659,1668,0,-73.1019,-0.0909186,0.0572941,1668,0.0821343,-64.8098,-0.652519,0.332857,1668,0.0947242,-80.0632,-5.45349,2.83453,1668,0.0935252,-78.5763,74.7974,108.479,1668,0.782974,28.1603
[*:2]c1c(O)nnn1[*:1],azole_ring,linker,2,6,1564,1253,-51.8481,37.8517,1564,0.0421995,-54.1709,-29.8818,97.9445,1564,0.43798,-12.0655,4.63981,13.7609,1564,0.51023,13.3343,-0.0506428,0.0504882,1564,0.153453,-39.6686,0.0281695,0.336649,1564,0.509591,3.30917,0.499204,2.8155,1564,0.555627,7.01198,-9.38971,85.8399,1564,0.438619,-4.32595
[*:1]Nn1nc([*:2])c(N)n1,azole_ring,linker,2,7,1563,624,-8.18846,39.2095,1563,0.49904,-8.25639,-48.0977,95.96,1563,0.328215,-19.8159,-2.68371,9.98069,1563,0.289187,-10.6305,0.00337607,0.0585977,1563,0.449136,2.27777,-0.00733891,0.279757,1563,0.462572,-1.03712,-0.134882,2.29381,1563,0.448496,-2.32474,-9.01219,84.4904,1563,0.470889,-4.21699
[*:1]Nn1nnc(C)c1[*:2],azole_ring,linker,2,7,1557,624,10.0509,29.6076,1557,0.763006,13.3952,4.88312,79.8438,1557,0.598587,2.41324,-14.7397,9.17536,1557,0,-63.3886,0.0287076,0.0554558,1557,0.752087,20.4265,-0.299618,0.266053,1557,0.202954,-44.437,-2.82069,2.22203,1557,0.179833,-50.0898,9.60838,91.5027,1557,0.537572,4.14344
[*:1]Nc1nc([*:2])n(N)n1,azole_ring,linker,2,7,1530,613,-14.2419,25.2289,1530,0.273856,-22.0808,-85.3734,88.558,1530,0.102614,-37.7086,-2.91678,8.90982,1530,0.130719,-12.805,-0.0397258,0.0400831,1530,0.168627,-38.7665,-0.107157,0.228727,1530,0.258824,-18.3253,-0.819334,1.97611,1530,0.271242,-16.2179,14.0274,81.1449,1530,0.596732,6.76178
[*:1]Nc1nc([*:2])nn1C,azole_ring,linker,2,7,1492,612,-27.3038,15.113,1492,0.0375335,-69.7844,-142.669,103.713,1492,0.0375335,-53.1353,-12.8388,12.5112,1492,0,-39.638,-0.0957585,0.057299,1492,0.0375335,-64.5528,-0.456744,0.346239,1492,0.0489276,-50.9543,-3.58991,2.92886,1492,0.0757373,-47.3444,45.7741,103.621,1492,0.698391,17.0631
[*:1]Nn1ncnc1[*:2],azole_ring,linker,2,6,1455,597,-6.03621,28.7587,1455,0.43299,-8.0062,-11.7932,106.444,1455,0.483849,-4.22611,-1.87785,12.8361,1455,0.363574,-5.58032,-0.0104353,0.0591538,1455,0.385567,-6.72907,-0.0880608,0.350596,1455,0.345704,-9.58091,-0.839594,2.93866,1455,0.338144,-10.8981,-15.4877,93.0292,1455,0.433677,-6.35036
[*:1]Nc1nnn(N=[N+]=[N-])c1[*:2],azide,linker,2,9,1454,587,73.4754,45.2175,1454,0.99381,61.9609,102.455,78.906,1454,0.97249,49.5114,3.24361,9.22805,1454,0.451169,13.403,0.0662825,0.0435277,1454,0.991747,58.0651,0.153905,0.226812,1454,0.830124,25.8743,1.05546,1.91816,1454,0.787483,20.9816,32.6798,90.4442,1454,0.700825,13.7778
[*:1]Nn1nnc(N)c1[*:2],azole_ring,linker,2,7,1445,609,23.0841,30.7029,1445,0.820069,28.5803,-6.72931,98.2218,1445,0.510727,-2.60433,-4.19801,11.6246,1445,0.244983,-13.7278,0.0454029,0.0564526,1445,0.817993,30.5727,0.0346383,0.316868,1445,0.447751,4.1554,0.0277023,2.64384,1445,0.402076,0.398305,2.9779,90.8348,1445,0.519031,1.24621
[*:1]Nn1nnc([*:2])c1N=[N+]=[N-],azide,linker,2,9,1441,598,81.3715,41.9379,1441,0.931992,73.6542,82.1889,95.0856,1441,0.790423,32.8118,1.76027,10.441,1441,0.460097,6.39983,0.0584431,0.0503594,1441,0.905621,44.054,0.0729433,0.264739,1441,0.59542,10.4592,0.279555,2.24089,1441,0.564192,4.73563,6.06098,82.6055,1441,0.573213,2.78526
[*:1]Nn1nc(O)nc1[*:2],azole_ring,linker,2,7,1361,591,-39.1285,22.1025,1361,0,-65.3101,-43.4831,100.958,1361,0.365907,-15.8894,5.50953,10.8273,1361,0.541514,18.7726,-0.0607272,0.0669954,1361,0.213079,-33.4401,-0.013711,0.303563,1361,0.444526,-1.66629,0.108446,2.46906,1361,0.482733,1.62036,-28.6914,90.9979,1361,0.373255,-11.6318
[*:1]Nc1c([*:2])nnn1O,azole_ring,linker,2,7,1354,593,1.00509,33.4343,1354,0.613737,1.10617,99.0682,87.4546,1354,0.868538,41.6832,5.60927,10.0755,1354,0.491137,20.4856,0.0586538,0.053821,1354,0.878139,40.1008,0.248952,0.249685,1354,0.890694,36.6888,2.021,2.08259,1354,0.878139,35.7084,-17.1541,91.4718,1354,0.435007,-6.90067
[*:1]Nn1nncc1[*:2],azole_ring,linker,2,6,1303,598,7.16906,41.2416,1303,0.710668,6.27478,52.5188,84.9593,1303,0.725249,22.3139,-2.91428,9.51002,1303,0.206447,-11.0617,0.0430342,0.057212,1303,0.788181,27.1518,-0.0116291,0.255704,1303,0.402149,-1.64165,-0.350417,2.1028,1303,0.346124,-6.01533,-7.87463,88.1237,1303,0.439754,-3.22559
[*:2]n1nnnc1N=[N+]([*:1])[O-],azoxy,linker,2,8,1288,702,19.0414,23.4157,1288,0.762422,29.1843,134.448,68.165,1288,0.996894,70.7864,11.6806,4.80549,1288,0.998447,87.2339,0.0535758,0.049525,1288,0.913043,38.8241,0.322843,0.133685,1288,0.998447,86.6696,2.74008,0.907298,1288,1,108.386,14.7289,81.9899,1288,0.556677,6.44716
[*:1]Nn1nc([*:2])nc1N=[N+]=[N-],azide,linker,2,9,1273,576,43.9234,45.5342,1273,0.657502,34.417,5.16035,102.426,1273,0.454831,1.79756,4.869,11.3655,1273,0.465829,15.285,-0.00600275,0.0517776,1273,0.362137,-4.1364,0.0363004,0.294493,1273,0.451689,4.39796,0.217775,2.46263,1273,0.461901,3.15517,14.9444,88.0379,1273,0.616654,6.05653
[*:2]c1c(N[N+](=O)[O-])nnn1[*:1],nitramine,linker,2,9,1211,1018,-6.74828,38.3128,1211,0.629232,-6.12945,117.898,109.688,1211,0.847234,37.4042,20.1473,14.0312,1211,0.851363,49.9684,0.043879,0.0479973,1211,0.8109,31.8135,0.478586,0.330224,1211,0.926507,50.4339,4.15432,2.75129,1211,0.930636,52.5456,-47.318,95.8934,1211,0.268373,-17.1716
[*:1]Nn1nnc([*:2])c1C,azole_ring,linker,2,7,1157,552,6.571,33.5603,1157,0.717373,6.65997,-16.2139,68.7734,1157,0.489196,-8.01924,-14.0149,9.93842,1157,0,-47.9668,0.0174105,0.0458722,1157,0.657736,12.91,-0.294619,0.245746,1157,0.232498,-40.7794,-2.7213,2.14254,1157,0.202247,-43.203,27.9569,96.7718,1157,0.631806,9.82667
[*:1]Nn1c([*:2])nnc1[N+](=O)[O-],nitro,linker,2,9,1154,557,0.207721,38.3319,1154,0.65078,0.184087,151.863,126.085,1154,0.916811,40.9158,18.8204,13.3719,1154,0.818891,47.8121,0.0526499,0.0602657,1154,0.815425,29.6777,0.48367,0.368074,1154,0.925477,44.6393,4.23669,3.09148,1154,0.921144,46.5546,-45.5241,91.6555,1154,0.269497,-16.8727
[*:1]Nc1n[nH]nc1[*:2],azole_ring,linker,2,6,1150,578,-3.50243,31.9316,1150,0.50087,-3.71962,-27.4707,80.9181,1150,0.34,-11.5126,-1.28207,10.736,1150,0.312174,-4.04964,-0.0182335,0.0535584,1150,0.358261,-11.5449,-0.0119378,0.280373,1150,0.36087,-1.4439,-0.0118202,2.36542,1150,0.347826,-0.16946,-17.3688,87.8249,1150,0.431304,-6.70658
[*:1]Nn1nc([*:2])nc1[N+](=O)[O-],nitro,linker,2,9,1150,546,-4.8339,32.7659,1150,0.477391,-5.00294,67.3789,96.4122,1150,0.634783,23.6996,11.5222,11.0053,1150,0.784348,35.5045,0.00860696,0.0470498,1150,0.533913,6.20356,0.215067,0.287842,1150,0.668696,25.3378,1.92046,2.49218,1150,0.687826,26.1322,-35.1456,85.5268,1150,0.293043,-13.9353
[*:1]Nc1nn([N+](=O)[O-])nc1[*:2],nitro,linker,2,9,1042,548,4.48592,40.2295,1042,0.738964,3.59949,181.138,110.767,1042,1,52.7878,19.2426,11.3382,1042,0.899232,54.784,0.0685463,0.0542394,1042,0.954894,40.7946,0.470704,0.291114,1042,0.971209,52.1938,4.01146,2.4358,1042,0.96737,53.1611,-53.1764,95.309,1042,0.263916,-18.0102
[*:1]Nc1c([*:2])nnn1[N+](=O)[O-],nitro,linker,2,9,1041,539,23.4404,17.95,1041,0.931796,42.1334,165.314,122.512,1041,0.938521,43.5367,16.098,13.3222,1041,0.705091,38.9872,0.0701585,0.0536731,1041,0.926033,42.1744,0.443815,0.347512,1041,0.928915,41.2057,3.79931,3.00182,1041,0.923151,40.8362,-40.9946,86.082,1041,0.290106,-15.3653
[*:1]Nc1nc([*:2])n(N=[N+]=[N-])n1,azide,linker,2,9,1037,533,75.0533,30.6753,1037,0.997107,78.7899,71.2403,106.981,1037,0.718419,21.4442,8.58233,14.9806,1037,0.572806,18.4487,0.0326549,0.0615162,1037,0.70974,17.0942,0.191796,0.38732,1037,0.648023,15.9462,1.42047,3.27893,1037,0.632594,13.9504,15.458,94.8788,1037,0.603664,5.24654
[*:1]Nn1nnc([N+](=O)[O-])c1[*:2],nitro,linker,2,9,1033,528,19.942,32.5877,1033,0.804453,19.6682,181.11,86.0036,1033,1,67.6825,15.0811,6.44118,1033,0.999032,75.2518,0.0711742,0.0491652,1033,0.906099,46.5281,0.394362,0.155693,1033,0.996128,81.4096,3.35914,1.24278,1033,0.996128,86.8729,-39.8452,77.9985,1033,0.236205,-16.4187
[*:1]Nc1nc([*:2])n([N+](=O)[O-])n1,nitro,linker,2,9,1022,522,-20.2599,32.6429,1022,0.188845,-19.8415,53.7847,89.6005,1022,0.604697,19.19,13.264,11.7549,1022,0.876712,36.0731,-0.0175254,0.0464769,1022,0.313112,-12.0547,0.230192,0.27991,1022,0.728963,26.2903,2.20309,2.42594,1022,0.779843,29.032,-18.755,79.0921,1022,0.394325,-7.5807
[*:1]Nc1c([*:2])nnn1N=[N+]=[N-],azide,linker,2,9,949,523,93.7046,41.2951,949,1,69.903,153.163,99.7019,949,0.940991,47.3241,6.74237,11.7258,949,0.592202,17.7134,0.0957634,0.0571346,949,0.997893,51.6337,0.266565,0.309204,949,0.874605,26.5577,1.91142,2.57346,949,0.8451,22.8808,16.9739,85.8032,949,0.59431,6.09413
[*:1]Nc1nnc([*:2])n1[N+](=O)[O-],nitro,linker,2,9,934,521,-32.1752,51.5565,934,0.400428,-19.0726,103.992,124.045,934,0.847966,25.6211,15.7905,12.2647,934,0.883298,39.3469,0.0197604,0.0675777,934,0.520343,8.93646,0.398244,0.345923,934,0.970021,35.1838,3.66906,2.85593,934,0.977516,39.2627,-31.8363,91.6031,934,0.360814,-10.6215
[*:2]c1c(N=[N+]=[N-])nnn1[*:1],azide,linker,2,8,873,782,67.2994,36.4798,873,0.894616,54.5088,124.277,88.7773,873,0.894616,41.3614,14.7748,11.3321,873,0.788087,38.523,0.0446852,0.0479266,873,0.837342,27.5483,0.311645,0.284538,873,0.886598,32.3614,2.43756,2.26975,873,0.885452,31.731,-26.7896,88.2279,873,0.356243,-8.97156
[*:1]Nc1nc(O)n([*:2])n1,azole_ring,linker,2,7,837,466,-60.8817,31.2122,837,0,-56.4321,-71.0678,107.463,837,0.271207,-19.1326,6.37864,13.1952,837,0.684588,13.9854,-0.0838075,0.0525226,837,0.0657109,-46.1635,-0.0153915,0.351788,837,0.413381,-1.26579,0.240885,2.97136,837,0.477897,2.3454,-27.7344,88.9917,837,0.388292,-9.01638
[*:1]Nc1ncn([*:2])n1,azole_ring,linker,2,6,836,467,-27.8047,44.0881,836,0.261962,-18.2348,-32.8419,89.4351,836,0.405502,-10.6175,-0.41324,9.96625,836,0.382775,-1.19887,-0.0329227,0.0509762,836,0.236842,-18.6737,-0.0796518,0.266518,836,0.261962,-8.64116,-0.566045,2.17309,836,0.266746,-7.5314,8.71099,84.9935,836,0.55622,2.96336
[*:1]Nc1nnc([*:2])n1N=[N+]=[N-],azide,linker,2,9,833,484,83.0628,30.8426,833,0.9988,77.7282,104.713,70.0002,833,0.986795,43.1742,8.86712,8.35014,833,0.815126,30.6486,0.0491514,0.0365425,833,0.967587,38.8204,0.221868,0.222281,833,0.884754,28.8081,1.71164,1.85722,833,0.845138,26.5994,23.7295,87.3674,833,0.630252,7.83902
[*:1]Nc1nncn1[*:2],azole_ring,linker,2,6,829,467,-12.9389,31.2741,829,0.334138,-11.9121,-43.2758,93.9629,829,0.260555,-13.2607,-7.52166,11.7278,829,0.200241,-18.466,-0.021835,0.0470202,829,0.27503,-13.3704,-0.192411,0.302834,829,0.160434,-18.2937,-1.69033,2.59992,829,0.173703,-18.7193,43.9932,94.9651,829,0.72497,13.3383
[*:1]Nn1nnc(N=[N+]=[N-])c1[*:2],azide,linker,2,9,813,482,66.8212,40.3859,813,0.872079,47.177,78.5583,89.3403,813,0.735547,25.0721,2.96986,8.20107,813,0.504305,10.3255,0.0368822,0.0510509,813,0.731857,20.5996,0.053121,0.218484,813,0.587946,6.93251,0.212645,1.81829,813,0.573186,3.33456,-37.0248,80.3297,813,0.303813,-13.142
[*:1]Nc1nnn([N+](=O)[O-])c1[*:2],nitro,linker,2,9,731,471,18.8207,35.4281,731,0.861833,14.363,217.949,92.1059,731,1,63.9774,19.7125,9.31613,731,1,57.2091,0.0870588,0.0401138,731,0.991792,58.6783,0.509491,0.232118,731,1,59.3454,4.31642,1.93768,731,1,60.2283,-60.5179,96.0702,731,0.216142,-17.0315
[*:1]Nn1nc([*:2])c([N+](=O)[O-])n1,nitro,linker,2,9,722,447,9.56506,38.0821,722,0.644044,6.74893,163,89.6222,722,0.99723,48.8698,17.0973,10.0864,722,1,45.5469,0.0583834,0.0573971,722,0.81856,27.3318,0.412263,0.261246,722,0.981994,42.4026,3.53795,2.14083,722,0.99169,44.4056,-55.0304,80.9589,722,0.192521,-18.2645
[*:1]Nn1nc(N=[N+]=[N-])nc1[*:2],azide,linker,2,9,720,478,43.3604,58.7202,720,0.575,19.814,23.848,100.081,720,0.575,6.39389,4.86492,5.88642,720,0.5375,22.1764,0.00700306,0.0651431,720,0.570833,2.8846,0.0378391,0.180493,720,0.501389,5.6253,0.175017,1.30875,720,0.495833,3.5883,-38.1,80.8301,720,0.275,-12.6479
[*:1]n1nnc(N=[N+]([*:2])[O-])n1,azoxy,linker,2,8,701,605,37.1081,30.1922,701,0.74893,32.5412,108.978,107.205,701,0.746077,26.9142,9.66596,8.5234,701,0.686163,30.0255,0.0754295,0.0701856,701,0.74893,28.4546,0.346444,0.274952,701,0.813124,33.3607,2.78075,2.0597,701,0.838802,35.7452,15.6773,74.769,701,0.603424,5.55147
[*:1]Nc1nc([*:2])nn1[N+](=O)[O-],nitro,linker,2,9,629,422,-8.65948,10.103,629,0.225755,-21.4965,117.247,75.1856,629,0.968203,39.1104,23.6656,7.44857,629,1,79.6836,0.0065221,0.0363923,629,0.561208,4.49473,0.478585,0.194974,629,1,61.5614,4.38957,1.71813,629,1,64.0754,-33.5912,76.7741,629,0.302067,-10.9733
[*:1]Nc1nn(N=[N+]=[N-])nc1[*:2],azide,linker,2,9,625,438,84.0304,38.9605,625,0.9984,53.9203,115.482,86.6529,625,0.952,33.3173,3.88938,7.83685,625,0.6352,12.4073,0.0624931,0.0558177,625,0.9472,27.9899,0.117938,0.198263,625,0.8272,14.8714,0.693118,1.56696,625,0.8128,11.0583,28.8701,103.917,625,0.664,6.94549
[*:1]Nn1nnc([*:2])c1[N+](=O)[O-],nitro,linker,2,9,624,416,10.4587,30.5691,624,0.820513,8.54648,185.927,85.6036,624,1,54.2554,20.5318,9.39223,624,1,54.6073,0.0697425,0.0376412,624,0.983974,46.2835,0.545254,0.228532,624,0.998397,59.5998,4.77486,1.91494,624,0.998397,62.287,-51.3426,84.9475,624,0.185897,-15.098
[*:1]Nc1nnn([*:2])c1O,azole_ring,linker,2,7,611,407,-24.0329,26.4752,611,0.186579,-22.4382,7.53162,108.755,611,0.628478,1.71183,3.85843,12.0137,611,0.497545,7.93877,-0.0179727,0.0685071,611,0.466448,-6.48481,0.086179,0.335766,611,0.639935,6.34433,0.87531,2.81226,611,0.654664,7.69355,-3.302,82.7814,611,0.490998,-0.985974
[*:1]Nc1nn([*:2])nc1N=[N+]=[N-],azide,linker,2,9,532,368,82.8396,45.2563,532,0.934211,42.2197,93.4618,62.424,532,0.934211,34.5333,4.3274,5.18164,532,0.640977,19.2626,0.0536188,0.0463525,532,0.930451,26.6809,0.103622,0.129117,532,0.770677,18.5107,0.58352,0.98984,532,0.697368,13.5971,-4.82422,85.0634,532,0.486842,-1.3081
[*:2]c1c(N)nnn1[*:1],azole_ring,linker,2,6,530,505,5.03415,11.5173,530,0.679245,10.0627,11.822,46.637,530,0.581132,5.83575,10.347,7.76364,530,0.654717,30.6823,0.0146902,0.0392005,530,0.664151,8.62729,0.304473,0.236442,530,0.822642,29.6457,2.59225,1.97536,530,0.837736,30.2111,-12.6979,79.6645,530,0.392453,-3.6695
[*:1]Nc1nc(C)nn1[*:2],azole_ring,linker,2,7,521,364,-0.746795,22.9211,521,0.410749,-0.743677,-91.8844,58.413,521,0.0230326,-35.9047,-15.3565,9.20775,521,0,-38.0678,-0.0369451,0.041669,521,0.190019,-20.2378,-0.405288,0.202158,521,0.0441459,-45.7606,-3.42987,1.85293,521,0.0537428,-42.2512,20.0518,104.377,521,0.59501,4.38496
[*:1]Nc1c(C)nnn1[*:2],azole_ring,linker,2,7,516,369,8.30184,12.3713,516,0.666667,15.2435,-20.5236,94.1727,516,0.52907,-4.95054,-15.8485,11.5616,516,0,-31.1382,0.0145971,0.0448442,516,0.612403,7.3941,-0.337547,0.271535,516,0.164729,-28.238,-3.11528,2.428,516,0.158915,-29.1456,17.358,79.5973,516,0.612403,4.95365
[*:1]Nc1cn([*:2])nn1,azole_ring,linker,2,6,515,362,16.1112,14.2825,515,0.83301,25.5993,15.0709,107.409,515,0.551456,3.1842,-2.16734,14.4374,515,0.394175,-3.40676,0.0245206,0.0498788,515,0.68932,11.1562,-0.0252281,0.396592,515,0.394175,-1.44359,-0.444465,3.4702,515,0.394175,-2.90661,4.03192,88.6734,515,0.506796,1.03186
[*:1]Nn1nnc(N[N+](=O)[O-])c1[*:2],nitramine,linker,2,10,504,353,27.7123,10.7618,504,1,57.8102,123.757,109.911,504,0.968254,25.278,14.6118,14.5037,504,0.650794,22.6174,0.0715909,0.0401319,504,0.996032,40.0482,0.412819,0.340654,504,0.964286,27.2058,3.48828,2.94278,504,0.928571,26.6115,-64.5608,93.1271,504,0.22619,-15.5635
[*:1]Nc1cnnn1[*:2],azole_ring,linker,2,6,436,331,-16.0669,41.2188,436,0.493119,-8.13919,-23.4718,57.0792,436,0.364679,-8.5864,-8.75735,6.42679,436,0,-28.4526,-0.00805482,0.0408054,436,0.440367,-4.12175,-0.169919,0.177577,436,0.247706,-19.9802,-1.48251,1.45563,436,0.224771,-21.2662,9.23663,78.9807,436,0.516055,2.44195
[*:1]Nc1nnn([*:2])c1N,azole_ring,linker,2,7,418,323,35.5913,25.2589,418,0.925837,28.8083,-5.59542,88.3684,418,0.700957,-1.29457,-9.67288,7.5152,418,0,-26.315,0.057439,0.0548878,418,0.827751,21.3954,-0.036416,0.202618,418,0.576555,-3.67454,-0.624634,1.67381,418,0.504785,-7.6297,23.2496,72.4834,418,0.660287,6.5579
[*:1]Nc1nnc(O)n1[*:2],azole_ring,linker,2,7,414,320,-29.5799,11.1472,414,0,-53.9923,-39.0013,108.084,414,0.362319,-7.34209,5.40451,13.6084,414,0.507246,8.08072,-0.0399355,0.0497818,414,0.231884,-16.3226,0.061075,0.345518,414,0.509662,3.59661,0.698339,2.91897,414,0.531401,4.86784,19.0292,88.8451,414,0.618357,4.35799
[*:1]Nc1c([N+](=O)[O-])nnn1[*:2],nitro,linker,2,9,412,327,30.644,24.2595,412,0.949029,25.6397,165.661,69.2851,412,0.997573,48.5321,16.5647,6.06558,412,1,55.4318,0.0719808,0.0484644,412,0.951456,30.1469,0.462438,0.120138,412,1,78.1306,4.00298,1.04654,412,1,77.6386,-44.4871,80.96,412,0.225728,-11.1535
[*:1]Nc1c(N)nnn1[*:2],azole_ring,linker,2,7,412,307,3.10779,46.7969,412,0.737864,1.34798,-14.2845,82.0766,412,0.402913,-3.5326,-1.22878,10.105,412,0.368932,-2.46822,0.0360534,0.04966,412,0.783981,14.7363,0.121757,0.270791,412,0.57767,9.12661,0.950478,2.30024,412,0.550971,8.3872,-5.0427,79.3183,412,0.466019,-1.29044
[*:1]Nc1nn([*:2])nc1[N+](=O)[O-],nitro,linker,2,9,412,318,-2.34396,48.6183,412,0.504854,-0.978584,144.141,101.816,412,0.992718,28.7357,16.1826,12.2446,412,1,26.8258,0.0500362,0.0651779,412,0.725728,15.5823,0.43497,0.309045,412,0.990291,28.5685,3.85003,2.59281,412,0.997573,30.1399,-47.1933,84.8637,412,0.274272,-11.2878
[*:1]Nc1nnc(N)n1[*:2],azole_ring,linker,2,7,411,324,-14.8164,35.3173,411,0.498783,-8.50506,-84.7292,116.009,411,0.240876,-14.8069,-4.25258,13.8863,411,0.36253,-6.2085,-0.00712311,0.0511969,411,0.486618,-2.82064,-0.00981563,0.357602,411,0.440389,-0.556466,-0.0841297,3.01546,411,0.447689,-0.565609,55.109,96.4018,411,0.756691,11.5893
[*:1]Nc1nc(O)nn1[*:2],azole_ring,linker,2,7,411,312,-45.8803,18.0829,411,0,-51.4374,-79.2604,52.9653,411,0.0364964,-30.3379,4.51118,4.54441,411,0.506083,20.1249,-0.0945971,0.0394263,411,0,-48.6421,-0.12178,0.11376,411,0.158151,-21.7025,-0.66676,0.925768,411,0.240876,-14.6012,-22.2424,66.0173,411,0.3309,-6.83037
[*:1]Nc1nnc([N+](=O)[O-])n1[*:2],nitro,linker,2,9,411,319,-16.4753,34.3265,411,0.445255,-9.73027,79.0777,72.6908,411,0.956204,22.0544,9.39522,8.30282,411,0.751825,22.9405,0.0130509,0.0438551,411,0.664234,6.03309,0.242195,0.220831,411,0.888078,22.2344,2.25968,1.92541,411,0.895377,23.7927,-34.1454,66.024,411,0.245742,-10.4846
[*:1]Nc1nnn([*:2])c1C,azole_ring,linker,2,7,408,310,0.507475,11.034,408,0.411765,0.928993,-54.2355,96.2467,408,0.291667,-11.3822,-12.7654,15.1675,408,0,-17,-0.00928897,0.0428872,408,0.316176,-4.37492,-0.295549,0.367676,408,0.276961,-16.2366,-2.63077,3.20306,408,0.267157,-16.5901,28.6557,92.625,408,0.632353,6.24904
[*:1]Nc1cnn([*:2])n1,azole_ring,linker,2,6,408,319,-5.68348,11.4909,408,0.392157,-9.99054,12.5117,56.9703,408,0.651961,4.43606,-0.24981,10.7404,408,0.379902,-0.469805,-0.0112836,0.0378977,408,0.443627,-6.014,-0.0436937,0.281693,408,0.389706,-3.13309,-0.357468,2.41897,408,0.370098,-2.98494,-17.5736,78.4582,408,0.394608,-4.5243
[*:1]Nc1nc([N+](=O)[O-])nn1[*:2],nitro,linker,2,9,407,314,18.8373,21.7896,407,0.742015,17.4409,136.67,68.0356,407,1,40.5261,20.0296,10.9313,407,1,36.9655,0.0475334,0.0384255,407,0.914005,24.9561,0.4962,0.223893,407,1,44.711,4.34781,2.01489,407,1,43.5328,-38.1626,89.1655,407,0.307125,-8.63452
[*:1]Nc1nnn([*:2])c1[N+](=O)[O-],nitro,linker,2,9,402,305,21.0952,18.7749,402,0.873134,22.5278,158.633,134.438,402,0.890547,23.6583,16.9762,13.508,402,0.748756,25.1978,0.0611965,0.0632432,402,0.863184,19.4011,0.435426,0.375307,402,0.858209,23.2616,3.75408,3.17811,402,0.853234,23.6836,-27.5076,80.006,402,0.348259,-6.89355
[*:1]n1nnnc1N=[N+]([*:2])[O-],azoxy,linker,2,8,391,336,41.9837,26.4043,391,0.982097,31.4408,125.785,95.5677,391,0.982097,26.0259,10.2286,8.86691,391,0.69821,22.8103,0.0873161,0.0618445,391,0.982097,27.9178,0.369918,0.275517,391,0.877238,26.5488,2.90649,2.06878,391,0.84399,27.7806,24.9722,72.0275,391,0.690537,6.85562
[*:1]c1nnnn1N=[N+]([*:2])[O-],azoxy,linker,2,8,328,279,44.0291,25.4691,328,0.887195,31.3085,128.334,89.4145,328,0.887195,25.994,9.55378,8.19896,328,0.689024,21.1035,0.0906613,0.0578717,328,0.887195,28.3722,0.369552,0.265827,328,0.875,25.1775,2.92223,2.03783,328,0.859756,25.9707,18.5184,79.4307,328,0.588415,4.22232
[*:1]Nc1nnc(C)n1[*:2],azole_ring,linker,2,7,321,271,-0.114984,16.4552,321,0.641745,-0.125195,-105.994,122.945,321,0.327103,-15.4462,-19.4782,15.2422,321,0,-22.8958,-0.0335293,0.0549232,321,0.373832,-10.9376,-0.464063,0.403471,321,0.267913,-20.6071,-4.07451,3.48392,321,0.252336,-20.9537,72.5181,108.594,321,0.781931,11.9644
[*:1]Nc1nn([*:2])nc1N,azole_ring,linker,2,7,320,273,-31.877,38.7141,320,0.2875,-14.7293,-127.852,77.0521,320,0.003125,-29.6824,-9.69344,8.79273,320,0.128125,-19.721,-0.0318306,0.0298647,320,0.1375,-19.0661,-0.180467,0.219333,320,0.259375,-14.7187,-1.52072,1.97279,320,0.259375,-13.7893,7.74927,82.9496,320,0.565625,1.67117
[*:1]Nc1c(O)nnn1[*:2],azole_ring,linker,2,7,313,256,-2.74518,18.5896,313,0.626198,-2.6126,44.7287,42.0573,313,0.916933,18.8156,7.77564,11.2538,313,0.329073,12.2239,0.014285,0.0291678,313,0.753994,8.66459,0.203635,0.240635,313,0.830671,14.9716,1.78305,2.25945,313,0.773163,13.9615,-19.5049,80.4261,313,0.405751,-4.2906
[*:2]c1nnn(N=[N+]([*:1])[O-])n1,azoxy,linker,2,8,312,269,7.7283,9.73784,312,0.814103,14.0184,122.418,49.7718,312,1,43.4451,10.1927,3.49099,312,1,51.5726,0.04615,0.0258242,312,0.948718,31.5661,0.275563,0.0711833,312,1,68.3786,2.35255,0.614366,312,1,67.6378,-4.39264,70.016,312,0.419872,-1.10817
[*:1]Nc1nn(N[N+](=O)[O-])nc1[*:2],nitramine,linker,2,10,309,266,44.6878,8.98599,309,1,87.4183,197.194,67.731,309,1,51.1782,18.9299,4.97223,309,1,66.923,0.122577,0.0331479,309,1,65.0027,0.520981,0.107218,309,1,85.4149,4.25799,0.76003,309,1,98.4812,-56.4267,80.7313,309,0.165049,-12.2863
[*:1]Nc1nnn(N[N+](=O)[O-])c1[*:2],nitramine,linker,2,10,303,263,28.8581,13.6436,303,0.9967,36.8179,146.471,113.94,303,0.976898,22.3766,17.6701,15.0571,303,0.726073,20.4277,0.0782997,0.0451168,303,1,30.2095,0.487113,0.379476,303,0.976898,22.3443,4.13971,3.28168,303,0.943894,21.9581,-60.3901,82.3082,303,0.20462,-12.7716
[*:1]Nc1nnn(N[*:2])n1,azole_ring,linker,2,7,242,229,-2.92926,3.8866,242,0.202479,-11.7245,-9.68394,12.9096,242,0.202479,-11.6693,0,0,242,0,,-0.00735455,0.00977266,242,0.198347,-11.7071,-0.0436318,0.0563289,242,0.214876,-12.0498,-0.414685,0.594282,242,0.239669,-10.8551,-21.1653,66.2629,242,0.400826,-4.96891
[*:1]Nc1nc([N+](=O)[O-])n([*:2])n1,nitro,linker,2,9,226,201,13.4738,8.79959,226,0.880531,23.0187,142.397,95.1088,226,0.982301,22.5079,16.6171,5.7087,226,1,43.7595,0.0376681,0.0387209,226,0.876106,14.6246,0.348722,0.156845,226,1,33.4243,3.04403,1.33745,226,1,34.2159,-15.3164,65.4056,226,0.261062,-3.52044
[*:1]Nc1nc(N)n([*:2])n1,azole_ring,linker,2,7,215,199,-30.3551,15.9857,215,0,-27.8433,-144.204,80.6222,215,0,-26.2267,-0.0946376,15.3129,215,0.502326,-0.0906205,-0.09674,0.0557855,215,0,-25.4275,-0.0619311,0.385124,215,0.502326,-2.35791,-0.129583,3.27032,215,0.502326,-0.581002,28.6353,86.9959,215,0.623256,4.82639
[*:1]Nc1nn([*:2])nc1O,azole_ring,linker,2,7,215,197,-25.3859,20.2759,215,0.0186047,-18.3582,-6.65705,31.9098,215,0.306977,-3.05898,4.4257,4.60931,215,0.488372,14.0788,-0.037854,0.0307329,215,0.0186047,-18.0604,0.00478627,0.0863744,215,0.474419,0.812514,0.23226,0.843196,215,0.567442,4.03892,-10.6464,76.2279,215,0.427907,-2.04789
[*:1]c1ncn[nH]1,azole_ring,scaffold,1,5,207,143,-9.87671,4.55535,207,0.0241546,-31.1943,-54.5355,27.5983,207,0.0241546,-28.4303,0,0,207,0,,-0.044457,0.0244764,207,0.0241546,-26.1323,-0.106568,0.0485254,207,0.0144928,-31.5968,-0.682545,0.324402,207,0.0289855,-30.2715,-26.787,91.3057,207,0.396135,-4.22096
[*:1]Nc1nc([*:2])n(N[N+](=O)[O-])n1,nitramine,linker,2,10,203,188,2.34335,4.75828,203,0.669951,7.01674,64.3258,78.0251,203,0.753695,11.7462,9.73186,10.194,203,0.502463,13.6019,0.0161936,0.0223648,203,0.724138,10.3163,0.164486,0.18983,203,0.679803,12.3456,1.41932,1.68603,203,0.684729,11.994,-43.7435,81.8353,203,0.300493,-7.61588
[*:1]Nc1nnc([*:2])n1N[N+](=O)[O-],nitramine,linker,2,10,201,186,-29.3231,49.6198,201,0.497512,-8.37824,-1.80735,23.8558,201,0.427861,-1.0741,4.35731,5.53738,201,0.572139,11.1561,0.0119736,0.03061,201,0.646766,5.54576,0.138719,0.10341,201,0.915423,19.0184,1.29961,1.1052,201,0.860697,16.6712,-38.6943,84.6619,201,0.348259,-6.47974
[*:2]c1c(C)nnn1[*:1],azole_ring,linker,2,6,173,173,-0.183699,8.88133,173,0.468208,-0.272052,-0.447084,36.3841,173,0.468208,-0.161622,0,0,173,0,,-0.000513873,0.0296093,173,0.468208,-0.228271,-0.00434722,0.0592689,173,0.491329,-0.964734,-0.0329678,0.431386,173,0.491329,-1.00519,0.0991318,72.814,173,0.49711,0.0179069
[*:2]Nc1nnnn1N[*:1],azole_ring,linker,2,7,123,123,3.07081,3.80559,123,0.821138,8.94919,10.2029,12.8746,123,0.821138,8.78906,0,0,123,0,,0.0077439,0.00974244,123,0.821138,8.81546,0.0479665,0.0566486,123,0.829268,9.39078,0.453321,0.596829,123,0.796748,8.42381,22.3559,67.9417,123,0.593496,3.64928
[*:1]Nc1nnnn1N[*:2],azole_ring,linker,2,7,119,119,2.78294,3.97937,119,0.764706,7.62892,9.14755,12.9782,119,0.764706,7.68886,0,0,119,0,,0.0069521,0.00982868,119,0.756303,7.71604,0.0391513,0.0558808,119,0.739496,7.64288,0.37475,0.591494,119,0.722689,6.91138,19.9347,64.746,119,0.605042,3.35869
[*:1]Nc1nnn([*:2])c1N=[N+]=[N-],azide,linker,2,9,110,110,81.6513,3.84009,110,1,223.007,70.6956,45.2736,110,0.990909,16.3774,10.2669,4.65579,110,1,23.1283,0.0283782,0.027198,110,0.945455,10.9432,0.208992,0.110846,110,1,19.7745,1.66489,0.72252,110,1,24.1675,0.870545,63.3755,110,0.563636,0.144067
[*:1]c1cn[nH]n1,azole_ring,scaffold,1,5,107,107,13.4525,2.48865,107,1,55.9155,74.5089,19.1503,107,1,40.2461,0,0,107,0,,0.0609626,0.0194751,107,1,32.3798,0.122512,0.0476564,107,1,26.5919,0.716605,0.313885,107,0.981308,23.6157,-0.186936,78.2529,107,0.476636,-0.0247107
[*:1]Nn1nc(N[N+](=O)[O-])nc1[*:2],nitramine,linker,2,10,105,105,-80.3975,3.79361,105,0,-217.163,-16.5113,25.4905,105,0.219048,-6.6374,9.69332,1.64984,105,1,60.2042,-0.0166495,0.0180444,105,0.0857143,-9.45483,0.230076,0.0541727,105,1,43.5196,2.34732,0.525226,105,1,45.7953,-32.5248,78.1331,105,0.304762,-4.26555
[*:1]Nn1nc([*:2])nc1N[N+](=O)[O-],nitramine,linker,2,10,102,102,-80.2943,3.63827,102,0,-222.889,-11.8592,26.877,102,0.303922,-4.45631,9.91919,1.69337,102,1,59.1594,-0.0192275,0.0181336,102,0.0980392,-10.7087,0.228583,0.0565939,102,1,40.7919,2.34659,0.544278,102,1,43.5428,-42.0827,72.7995,102,0.196078,-5.83815
[*:1]Nc1nc(N=[N+]=[N-])n([*:2])n1,azide,linker,2,9,101,101,57.4979,7.61266,101,1,75.906,57.4163,35.816,101,0.980198,16.1108,10.1275,2.99352,101,1,34.0001,-0.022097,0.0226746,101,0.108911,-9.79387,0.051848,0.0760215,101,0.752475,6.85419,0.453187,0.629606,101,0.752475,7.23385,22.7941,92.6006,101,0.683168,2.47383
[*:1]Nc1nc(N=[N+]=[N-])nn1[*:2],azide,linker,2,9,101,101,72.2294,4.65498,101,1,155.94,115.747,38.8539,101,1,29.939,10.4039,2.80098,101,1,37.3291,0.0209149,0.0242975,101,0.841584,8.65075,0.119603,0.0789952,101,0.960396,15.216,0.868193,0.590219,101,0.940594,14.783,-84.2705,88.6367,101,0.138614,-9.55483
[*:1]Nc1nc(C)n([*:2])n1,azole_ring,linker,2,7,101,101,-6.1102,6.92893,101,0.138614,-8.86237,-23.9619,28.3647,101,0.138614,-8.48991,0,0,101,0,,-0.0205822,0.0259303,101,0.138614,-7.97708,-0.0548832,0.0657062,101,0.168317,-8.39449,-0.371957,0.477441,101,0.207921,-7.82948,-8.42671,74.4048,101,0.49505,-1.1382
[*:1]Nc1nc([*:2])nn1N[N+](=O)[O-],nitramine,linker,2,10,101,101,-0.196535,3.75405,101,0.49505,-0.526139,-0.50903,11.7326,101,0.49505,-0.436021,0,0,101,0,,-0.000331683,0.00870032,101,0.49505,-0.383132,0.0146947,0.0497081,101,0.643564,2.97095,0.163109,0.528852,101,0.633663,3.09959,-0.253724,58.2933,101,0.485149,-0.0437424
[*:1]Nc1nnc(N=[N+]=[N-])n1[*:2],azide,linker,2,9,101,101,60.9556,7.81129,101,1,78.4245,-106.342,47.5059,101,0,-22.4967,-10.9505,1.36762,101,0,-80.4691,-0.0417644,0.0262631,101,0.0594059,-15.9816,-0.337175,0.087341,101,0,-38.797,-3.10716,0.829598,101,0,-37.6406,64.3139,83.1961,101,0.851485,7.76896
[*:2]c1nnnn1N=[N+]([*:1])[O-],azoxy,linker,2,8,101,101,19.0658,5.11786,101,1,37.4394,156.079,52.5773,101,1,29.8337,13.7412,2.96268,101,1,46.6122,0.0209059,0.023693,101,0.782178,8.86769,0.286524,0.0795884,101,1,36.1803,2.59237,0.716918,101,1,36.3403,8.96646,84.6739,101,0.534653,1.06422
[*:1]Nn1c([*:2])nnc1N[N+](=O)[O-],nitramine,linker,2,10,100,100,-77.8519,4.42432,100,0,-175.963,-9.70092,25.4664,100,0.25,-3.8093,9.74677,1.73319,100,1,56.2359,-0.011605,0.0184196,100,0.32,-6.30037,0.252276,0.0736504,100,1,34.2532,2.56806,0.735244,100,1,34.928,-47.0308,66.3268,100,0.18,-7.09077
[*:1]Nn1nnc([*:2])c1N[N+](=O)[O-],nitramine,linker,2,10,100,100,-53.5739,4.59091,100,0,-116.696,68.2698,37.208,100,1,18.3481,9.79583,1.82537,100,1,53.6651,0.04594,0.014879,100,1,30.8757,0.322329,0.0587385,100,1,54.8753,2.94427,0.584559,100,1,50.3673,-79.9993,80.7129,100,0.11,-9.91159
[*:1]c1nnc[nH]1,azole_ring,scaffold,1,5,100,100,6.0506,2.81805,100,0.95,21.4709,33.1641,17.3117,100,0.95,19.157,0,0,100,0,,0.026796,0.0151982,100,0.95,17.631,0.0895081,0.0435804,100,0.97,20.5386,0.646102,0.333004,100,0.96,19.4022,55.6491,95.7227,100,0.74,5.81357
